dataset,task,representation,model,split_seed,identity_mean,identity_sd,action_mean,action_sd,displacement_mean,displacement_sd,decision_flip_fraction,z_identity_mean,z_identity_sd,z_action_mean,z_action_sd,z_displacement_mean,z_displacement_sd,z_decision_flip_fraction
EPPVR,arousal,all,gpu_mlp,20260813,0.45509164690377646,0.16941801876426474,0.3452600000035101,0.11315225831974149,-0.10983164690026644,0.05654995353637356,0.25,0.9165601334980041,1.3834636871511905,0.9018412126442712,1.3533097456497116,-0.9443492936214136,1.3098138480404198,0.4951925042128867
EPPVR,arousal,all,gpu_mlp,20260829,0.5990600503066568,0.16840593565091475,0.44762476156521736,0.12384960553111948,-0.1514352887414394,0.04582824476908622,0.25,1.733982780424951,1.3605360057603886,1.765880606874841,1.7194706608784016,-1.6641044507349994,0.6569882298902066,0.4951925042128867
EPPVR,arousal,all,gpu_mlp,20260911,0.4956956888588932,0.13968077781715194,0.3696410234742933,0.09199224026881389,-0.1260546653845999,0.04770150362350328,0.5,1.1471014374673465,0.7097976839509804,1.1076362970954547,0.6290206838211589,-1.2250122524706628,0.7710476019672923,1.7731086441171104
EPPVR,arousal,all,gpu_mlp,20260923,0.6122301857482487,0.16080926359887598,0.45621431526233536,0.11770129114710749,-0.15601587048591348,0.04403250863292736,0.25,1.80876006987593,1.188441368331809,1.8383832206644002,1.5090191931005739,-1.7433498529945388,0.547649077095891,0.4951925042128867
EPPVR,arousal,all,gpu_mlp,20261007,0.6788039611321841,0.16909517933715312,0.5142440421203106,0.1367930475162659,-0.16455991901187345,0.03634384241064273,0.25,2.1867521181587115,1.376150098546097,2.328199923959363,2.1625134517536684,-1.8911643883822185,0.07949997994562749,0.4951925042128867
EPPVR,arousal,all,linear_logistic,20260813,0.3563324271935038,0.16038961327585166,0.2794963829323422,0.10185226852479022,-0.07683604426116161,0.058569786734214924,0.25,0.3558258273870848,1.1789346304217163,0.346744370824056,0.9665208975703174,-0.37351572928514376,1.4327978690170244,0.4951925042128867
EPPVR,arousal,all,linear_logistic,20260829,0.49822399467599227,0.17378499199851685,0.37394477211956106,0.11664719524217845,-0.12427922255643119,0.0575264283713126,0.25,1.1614566319711745,1.482392885392312,1.1439633330367847,1.4729384046900507,-1.194296572900753,1.369269649495517,0.4951925042128867
EPPVR,arousal,all,linear_logistic,20260911,0.39025791106039703,0.1323567602703572,0.3000234924609907,0.08259627803804602,-0.09023441859940641,0.04976210398620288,0.5,0.5484476677720878,0.54387974835997,0.5200093793274588,0.30740504754333237,-0.605311519271642,0.896513862498846,1.7731086441171104
EPPVR,arousal,all,linear_logistic,20260923,0.5108590475622001,0.16595184322451292,0.3816211020418777,0.11066994168855317,-0.12923794552032236,0.05554473283972475,0.25,1.233195833977907,1.3049411158606068,1.2087576172690027,1.2683422007431993,-1.280083928718871,1.2486077626196554,0.4951925042128867
EPPVR,arousal,all,linear_logistic,20261007,0.5859478018985255,0.1846440431279512,0.4393888068227514,0.1335287337742433,-0.1465589950757742,0.052754041107283746,0.25,1.6595341615085875,1.7283932990124944,1.6963626473932383,2.0507788241161484,-1.579743145855448,1.0786875479561095,0.4951925042128867
EPPVR,arousal,baseline_delta,gpu_mlp,20260813,0.4476926826021238,0.1676860894727585,0.3401228772318382,0.11133495026136314,-0.10756980537028564,0.056597334854384264,0.25,0.8745503532891482,1.3442286456182722,0.8584798412113126,1.291104867303749,-0.9052187744233023,1.312698811518768,0.4951925042128867
EPPVR,arousal,baseline_delta,gpu_mlp,20260829,0.5704627543544173,0.16502249835195285,0.42518442688094504,0.1173590721076104,-0.14527832747347225,0.048483246656771825,0.5,1.5716132826760778,1.2838877825333619,1.576466467759774,1.4973053322493848,-1.557587222226837,0.8186465332575402,1.7731086441171104
EPPVR,arousal,baseline_delta,gpu_mlp,20260911,0.482300860327083,0.1368090691756435,0.3603965925361404,0.08919169096971719,-0.12190426779094261,0.0476302220584058,0.5,1.0710483873896528,0.64474213672247,1.0296060024320624,0.5331603107550573,-1.1532091616857043,0.7667073953073746,1.7731086441171104
EPPVR,arousal,baseline_delta,gpu_mlp,20260923,0.5881299137382863,0.15781550992494284,0.4370681589973946,0.11222127545473244,-0.15106175474089167,0.046216570500764186,0.25,1.6719237386226462,1.120621018902912,1.6767745478299423,1.3214430097966057,-1.6576422034087224,0.6806326872550413,0.4951925042128867
EPPVR,arousal,baseline_delta,gpu_mlp,20261007,0.6548651232753829,0.1688749400826137,0.49295838357850685,0.13174901355907495,-0.16190673969687608,0.04000114948772647,0.25,2.050832376446344,1.3711608092365326,2.1485321629870278,1.989860545036274,-1.8452636111856757,0.30218684872600543,0.4951925042128867
EPPVR,arousal,baseline_delta,linear_logistic,20260813,0.3492564275890829,0.15771047455252116,0.2748335909981227,0.09988188951086831,-0.07442283659096016,0.05785216742858602,0.25,0.3156497735475932,1.118241552708997,0.3073867260955277,0.8990765332032647,-0.3317665316441186,1.3891033165010036,0.4951925042128867
EPPVR,arousal,baseline_delta,linear_logistic,20260829,0.4678313307043669,0.16614151561653734,0.35240164433658716,0.10900689166232534,-0.11542968636777974,0.057346451200386256,0.5,0.988893408071796,1.309237944960514,0.9621223284229888,1.2114174410208085,-1.041197011709415,1.3583111623352053,1.7731086441171104
EPPVR,arousal,baseline_delta,linear_logistic,20260911,0.37719666765633575,0.12804492025186626,0.2915929628724019,0.07962389625226253,-0.08560370478393384,0.04842244188410839,0.25,0.47428864465902526,0.44619953529442213,0.4488490545473726,0.20566299752050518,-0.5251988175392414,0.8149442396994832,0.4951925042128867
EPPVR,arousal,baseline_delta,linear_logistic,20260923,0.484899517647218,0.1594118172974036,0.3631525320104465,0.1042756832693734,-0.1217469856367716,0.055287461616841366,0.5,1.0858030230935471,1.1567836881094204,1.0528683071313223,1.0494722819949962,-1.1504881344732623,1.2329429792575535,1.7731086441171104
EPPVR,arousal,baseline_delta,linear_logistic,20261007,0.5588286979036968,0.18066382741683004,0.4180714838532478,0.12694868169628112,-0.140757214050449,0.05480849865709332,0.5,1.5055575302077193,1.6382256868001042,1.5164276136552466,1.8255493496015311,-1.4793706393002906,1.2037797836275268,1.7731086441171104
EPPVR,arousal,normalized_asymmetry,gpu_mlp,20260813,0.33981238750593046,0.13417283420309292,0.26839187063876,0.0840295451447311,-0.07142051686717044,0.0501507623379212,0.25,0.26202847845792226,0.5850209984832753,0.25301352117430836,0.3564645372636236,-0.27982552338452615,0.9201785725014057,0.4951925042128867
EPPVR,arousal,normalized_asymmetry,gpu_mlp,20260829,0.46780994398082254,0.1437533563947283,0.35097420050332423,0.09336761141851009,-0.1168357434774983,0.05050944077693219,0.5,0.9887719787042716,0.8020576800264079,0.9500735756473847,0.6760984451577495,-1.0655222104451325,0.9420178593862466,1.7731086441171104
EPPVR,arousal,normalized_asymmetry,gpu_mlp,20260911,0.3881141515490199,0.11235334729562552,0.29829196682247516,0.06989592601234272,-0.08982218472654474,0.04246174384047547,0.25,0.53627584720073,0.09072340836807606,0.505393936073622,-0.12731698489773888,-0.5981797528493222,0.45200802594836575,0.4951925042128867
EPPVR,arousal,normalized_asymmetry,gpu_mlp,20260923,0.478234969359998,0.13476823149033834,0.35716285292969985,0.08698078555695195,-0.12107211643029818,0.04785747519657143,0.5,1.0479631042450561,0.5985090995323341,1.0023106874425969,0.4574829364092824,-1.1388127000583912,0.7805444313265023,1.7731086441171104
EPPVR,arousal,normalized_asymmetry,gpu_mlp,20261007,0.569088426557803,0.16018589738835542,0.42310304442077584,0.1123732047941823,-0.1459853821370272,0.04863341388374103,0.5,1.563810135327767,1.1743196606616755,1.558897956754523,1.3266434192891459,-1.5698194744512384,0.8277899463925045,1.7731086441171104
EPPVR,arousal,normalized_asymmetry,linear_logistic,20260813,0.25093013867824343,0.1143923493022351,0.21139532161706476,0.07192122394677793,-0.0395348170611787,0.04248629662539123,0.0,-0.24262644154026594,0.13691486018274926,-0.22808234559280596,-0.05799279352300253,0.2718063977139265,0.4535030009880577,-0.7827236356913372
EPPVR,arousal,normalized_asymmetry,linear_logistic,20260829,0.3643856639823587,0.13234720594400712,0.28339798871767174,0.08281777576012707,-0.08098767526468693,0.0495380332407197,0.25,0.40155043067975127,0.5436633051177413,0.3796770035762991,0.3149867224236244,-0.44534015842112334,0.8828705966627378,0.4951925042128867
EPPVR,arousal,normalized_asymmetry,linear_logistic,20260911,0.2897182149991856,0.09669366780644566,0.2363080815915385,0.060080954362779736,-0.053410133407647074,0.0366164355247318,0.0,-0.022395812693584958,-0.26403020551406015,-0.017798985298161468,-0.4632749500954189,0.03175937166079865,0.09609768578442493,-0.7827236356913372
EPPVR,arousal,normalized_asymmetry,linear_logistic,20260923,0.372998656650692,0.12353491975380167,0.2885828554825635,0.07695601982501168,-0.08441580116812848,0.046581833774199125,0.25,0.45045321141844846,0.3440302044084271,0.4234413720010985,0.11434390176560726,-0.5046477379752492,0.7028729128984827,0.4951925042128867
EPPVR,arousal,normalized_asymmetry,linear_logistic,20261007,0.4655338420002011,0.15926284327330664,0.35011052607881593,0.10374378099869715,-0.1154233159213851,0.05571738808240107,0.5,0.9758487451217699,1.1534088378476715,0.9427834817207288,1.0312657286884077,-1.041086801125852,1.259120430700227,1.7731086441171104
EPPVR,arousal,relative_power,gpu_mlp,20260813,0.3045856658718682,0.12032416339040167,0.24587240957420994,0.07488550874061026,-0.05871325629765824,0.045438678565570614,0.0,0.06201848070797274,0.27129388665695375,0.06293149294740426,0.043472103489377134,-0.05998620348534635,0.6332682424198836,-0.7827236356913372
EPPVR,arousal,relative_power,gpu_mlp,20260829,0.444975066849536,0.13738513286829168,0.33554201075804513,0.08799274554493867,-0.10943305609149087,0.04946360488502304,0.5,0.859120296350931,0.6577922554643276,0.8198137120406671,0.4921214489352587,-0.9374535561931971,0.8783387875668012,1.7731086441171104
EPPVR,arousal,relative_power,gpu_mlp,20260911,0.33264667780033136,0.09556352458126516,0.2633095756303249,0.05899743457538247,-0.06933710217000646,0.036567276738602945,0.0,0.22134306932499206,-0.28963241490884467,0.21011493934405462,-0.5003628924779744,-0.24378184051621574,0.09310449546013629,-0.7827236356913372
EPPVR,arousal,relative_power,gpu_mlp,20260923,0.4728330621453789,0.1333069928860844,0.3534880255810652,0.0857494410994068,-0.11934503656431371,0.04761857672975108,0.5,1.0172921987584473,0.5654062716001694,0.9712922437147505,0.41533508380364303,-1.1089337138620636,0.7659983321307311,1.7731086441171104
EPPVR,arousal,relative_power,gpu_mlp,20261007,0.5420441112508514,0.15525626732768294,0.4028151940071989,0.10606455563084029,-0.1392289172436525,0.049721674295309555,0.5,1.4102581386394917,1.0626440621710471,1.3876524840532523,1.1107038311032955,-1.452930658096448,0.8940521711283824,1.7731086441171104
EPPVR,arousal,relative_power,linear_logistic,20260813,0.22083968631518647,0.09927497052760065,0.19212071413198,0.06314980010514468,-0.028718972183206508,0.036154346489759015,0.0,-0.41347377079075576,-0.20555349981352194,-0.3907752481245556,-0.35823102252010136,0.45892367362886516,0.06796191317167298,-0.7827236356913372
EPPVR,arousal,relative_power,linear_logistic,20260829,0.34260359916676286,0.12397970897971163,0.2694789758116123,0.07730754198491196,-0.0731246233551506,0.0466770354358791,0.25,0.277876397654096,0.35410643779598916,0.2621895469930171,0.12637620035785535,-0.30930706343039305,0.7086695713401654,0.4951925042128867
EPPVR,arousal,relative_power,linear_logistic,20260911,0.24170490503756353,0.0784667689255627,0.20618059152100346,0.049668341633302034,-0.03552431351656009,0.028812055096892396,0.0,-0.295005399164611,-0.6769414820395631,-0.27209878410676264,-0.8196896510123135,0.34118928058464826,-0.37909704181613924,-0.7827236356913372
EPPVR,arousal,relative_power,linear_logistic,20260923,0.3677759587208195,0.12161874258525233,0.2852499821488639,0.07569739657670313,-0.08252597657195558,0.045923805841901866,0.25,0.4207998189724025,0.30062122047289974,0.39530929009749244,0.07126231981615112,-0.4719532204056499,0.6628067722313593,0.4951925042128867
EPPVR,arousal,relative_power,linear_logistic,20261007,0.43742231279292904,0.15082403460906804,0.33095003507381715,0.09670637512602745,-0.10647227771911184,0.054216360020664316,0.5,0.816237329904028,0.9622364787603072,0.7810538123643505,0.7903814305297284,-0.8862312254480748,1.1677255240176387,1.7731086441171104
EPPVR,valence,all,gpu_mlp,20260813,0.20586561594147174,0.12145278305496145,0.18100396753655595,0.07823884684364693,-0.02486164840491578,0.043291727286371914,0.0,-0.4984934275407131,0.2968615813838907,-0.4846093649395955,0.1582539577768738,0.525656501795221,0.5025442294474726,-0.7827236356913372
EPPVR,valence,all,gpu_mlp,20260829,0.26878914508953267,0.12394475555291272,0.2222030524489198,0.07804437556448064,-0.04658609264061282,0.045902939757247185,0.0,-0.1412267180790742,0.35331460457340985,-0.13685656575905145,0.15159737459244804,0.14981727037017217,0.6615362737587066,-0.7827236356913372
EPPVR,valence,all,gpu_mlp,20260911,0.23041200915422533,0.12223973963876378,0.19617679600944252,0.08032059332370108,-0.034235213144782776,0.04209370967620261,0.0,-0.3591241128979054,0.31468925737592585,-0.3565387152114236,0.22951033389972927,0.36349109358856485,0.4295990857312163,-0.7827236356913372
EPPVR,valence,all,gpu_mlp,20260923,0.1871859079091257,0.11120543105314466,0.16848961854664823,0.0729948207358259,-0.018696289362477442,0.038453015728393894,0.0,-0.6045529240879768,0.0647185699079108,-0.5902403492301378,-0.021244506765864472,0.6323190142548938,0.20792376059782391,-0.7827236356913372
EPPVR,valence,all,gpu_mlp,20261007,0.16486073558434675,0.07159660885635505,0.15490925322323681,0.04970493807180111,-0.009951482361109942,0.02203486128992787,0.0,-0.7313106085762381,-0.8325777525126701,-0.7048693528877763,-0.8184369866694491,0.783606729912716,-0.7917482182642754,-0.7827236356913372
EPPVR,valence,all,linear_logistic,20260813,0.14463700070359783,0.09314647716131957,0.13919492796238891,0.06372171158921132,-0.005442072741208909,0.029605126930332692,0.0,-0.8461367683879115,-0.34438808904270246,-0.8375106629634143,-0.33865498854665943,0.8616208336263316,-0.3308083202009023,-0.7827236356913372
EPPVR,valence,all,linear_logistic,20260829,0.19261551238531355,0.0969421375160437,0.1726305489175649,0.06424211254895518,-0.019984963467748633,0.032722930322369406,0.0,-0.5737247593116278,-0.258401384855179,-0.5552876280529291,-0.32084211513604177,0.6100245757860541,-0.14097086323813818,-0.7827236356913372
EPPVR,valence,all,linear_logistic,20260911,0.16292525786273085,0.0920609166411831,0.15147613445007585,0.06481287441809429,-0.011449123412654978,0.027563000711372007,0.0,-0.7422998484710784,-0.3689803240161115,-0.7338475854340948,-0.30130543148429245,0.7576971022298871,-0.45514972325237346,-0.7827236356913372
EPPVR,valence,all,linear_logistic,20260923,0.13014502302625902,0.08378527032682773,0.12900050516909156,0.05890629649492628,-0.0011445178571674371,0.025262014361556475,0.0,-0.9284192030903826,-0.5564564112027278,-0.9235596388069336,-0.5034824699108291,0.9359697885225434,-0.5952526554227255,-0.7827236356913372
EPPVR,valence,all,linear_logistic,20261007,0.11180906680238123,0.0510191859115843,0.11755510386029627,0.03914425123415622,0.005746037057915038,0.012096026068513541,0.0,-1.0325269483747133,-1.2987376863147972,-1.0201678608425588,-1.1799201358564437,1.0551784014232728,-1.396906070239256,-0.7827236356913372
EPPVR,valence,baseline_delta,gpu_mlp,20260813,0.2007244974489581,0.1183472047776253,0.17762781605575798,0.07646746895540257,-0.023096681393200095,0.041963216900681534,0.0,-0.5276836289111861,0.22650796285420782,-0.5131067485684415,0.09762122931074162,0.5561909466802967,0.42165361466007517,-0.7827236356913372
EPPVR,valence,baseline_delta,gpu_mlp,20260829,0.24444001025981277,0.11180120023377474,0.20670082449035465,0.07109153175987476,-0.037739185769458075,0.04071480479279974,0.0,-0.2794760406557289,0.07821509581153183,-0.2677076071740053,-0.08639243733295812,0.302871343600741,0.3456400403573719,-0.7827236356913372
EPPVR,valence,baseline_delta,gpu_mlp,20260911,0.22096905604595685,0.1168662148728467,0.19012764555453354,0.07728805774306712,-0.030841410491423298,0.03976273975587891,0.0,-0.41273923637029253,0.19295768992517448,-0.40759832024472775,0.12570927166184565,0.4222048708897586,0.28767050772621294,-0.7827236356913372
EPPVR,valence,baseline_delta,gpu_mlp,20260923,0.17072795614242822,0.10083758602412972,0.15757821897586236,0.0671256783076011,-0.01314973716656588,0.03397150069662193,0.0,-0.6979977507176283,-0.1701540847178973,-0.6823411750564768,-0.22214016067532513,0.7282759875037164,-0.06494765237996157,-0.7827236356913372
EPPVR,valence,baseline_delta,gpu_mlp,20261007,0.14851696232260525,0.06295447548236052,0.14394450397535236,0.04480317384988229,-0.004572458347252898,0.018294696453381342,0.0,-0.8241071534055969,-1.0283562196386624,-0.797420492103014,-0.9862201237657198,0.876665416673641,-1.01948014741832,-0.7827236356913372
EPPVR,valence,baseline_delta,linear_logistic,20260813,0.1405959683043069,0.09029840121804289,0.13642297022648786,0.06213407286158891,-0.004172998077819023,0.028347914799373233,0.0,-0.8690809097555295,-0.4089082622803664,-0.8609081744353371,-0.39299848493615813,0.8835761960252331,-0.4073577121265336,-0.7827236356913372
EPPVR,valence,baseline_delta,linear_logistic,20260829,0.17286874005502406,0.08558486366970924,0.1596949257454357,0.05795777623050794,-0.013173814309588375,0.027651565017693645,0.0,-0.6858428249771813,-0.5156885115565973,-0.6644744989948773,-0.5359494957322373,0.727859445896009,-0.44975720147479337,-0.7827236356913372
EPPVR,valence,baseline_delta,linear_logistic,20260911,0.15541279614045822,0.08730897178122403,0.14647449447785993,0.06213970043513534,-0.008938301662598295,0.025488317687403148,0.0,-0.7849540434250429,-0.47663065065299537,-0.7760653750896463,-0.3928058579755146,0.8011350519674456,-0.5814734517722723,-0.7827236356913372
EPPVR,valence,baseline_delta,linear_logistic,20260923,0.11754563470248655,0.07472593120513131,0.1201454034146112,0.05376816937070462,0.0025997687121246515,0.021341457703793417,0.0,-0.9999559091303727,-0.7616862369489211,-0.9983036878240263,-0.6793561041110233,1.0007470399527787,-0.8339683190496027,-0.7827236356913372
EPPVR,valence,baseline_delta,linear_logistic,20261007,0.099879027471024,0.044260666234814484,0.10882003074052068,0.03505677926989605,0.008941003269496694,0.009420913388421328,0.0,-1.1002632300704336,-1.4518448607933208,-1.093898773432248,-1.3198307553615498,1.1104522501975829,-1.5597888836888252,-0.7827236356913372
EPPVR,valence,normalized_asymmetry,gpu_mlp,20260813,0.1346721234128194,0.07636039764047453,0.13329424367302464,0.052982536637427774,-0.0013778797397947379,0.023516423104168876,0.0,-0.9027152688005053,-0.7246591141966516,-0.887317096360465,-0.7062476310443825,0.9319325597833875,-0.7015385764802499,-0.7827236356913372
EPPVR,valence,normalized_asymmetry,gpu_mlp,20260829,0.172332280917446,0.0743151227189904,0.1601647376697682,0.05022490918404536,-0.012167543247677798,0.02409983578652097,0.0,-0.6888887283687752,-0.7709926723183445,-0.660508915484405,-0.8006388265658557,0.7452682292190962,-0.6660156245646718,-0.7827236356913372
EPPVR,valence,normalized_asymmetry,gpu_mlp,20260911,0.16152682104189317,0.08225315123243278,0.15147166260970416,0.05791204305085812,-0.010055158432189003,0.02456303868432181,0.0,-0.7502398818438898,-0.5911649622947207,-0.7338853312968986,-0.5375149027986813,0.7818131035971808,-0.6378120308419605,-0.7827236356913372
EPPVR,valence,normalized_asymmetry,gpu_mlp,20260923,0.11226700289172445,0.06247312931759007,0.11732552156030843,0.0454277115885786,0.005058518668583974,0.017315120094761154,0.0,-1.029926882517021,-1.039260612132686,-1.0221057166865153,-0.9648427387489312,1.0432841324498838,-1.07912479508798,-0.7827236356913372
EPPVR,valence,normalized_asymmetry,gpu_mlp,20261007,0.1042845565106526,0.03989164336515502,0.11276450419093567,0.031204686989584215,0.008479947680283057,0.008815010970364837,0.0,-1.075249552599765,-1.5508204913747978,-1.060604303746988,-1.4516845324740777,1.102475853820568,-1.5966811952775604,-0.7827236356913372
EPPVR,valence,normalized_asymmetry,linear_logistic,20260813,0.09071765965643337,0.05451563581683389,0.10067777763724867,0.041753816186513595,0.009960117980815295,0.012969261949404499,0.0,-1.1522795708192968,-1.2195292810276908,-1.162625817111065,-1.090596991302664,1.1280832324073173,-1.3437363035437726,-0.7827236356913372
EPPVR,valence,normalized_asymmetry,linear_logistic,20260829,0.1172845391740929,0.053459095060062904,0.12172484238773443,0.039793545669168866,0.004440303213641538,0.013684937775355238,0.0,-1.0014383552287924,-1.2434641036999718,-0.9849719760831761,-1.1576953506008758,1.0325888244862,-1.3001600860198503,-0.7827236356913372
EPPVR,valence,normalized_asymmetry,linear_logistic,20260911,0.10988942486566144,0.058455259739069836,0.11504410199626702,0.04550342621835234,0.005154677130605554,0.013277478117267375,0.0,-1.043426275976995,-1.1302812332170449,-1.0413626987575555,-0.9622510926532836,1.0449477019326794,-1.324969573848327,-0.7827236356913372
EPPVR,valence,normalized_asymmetry,linear_logistic,20260923,0.0746799132943009,0.04364614192790858,0.08811397853951244,0.03540413198331222,0.01343406524521154,0.008611529330875212,0.0,-1.2433385585708763,-1.4657662644110587,-1.26867419934755,-1.3079411733055095,1.1881835348913015,-1.6090708273749486,-0.7827236356913372
EPPVR,valence,normalized_asymmetry,linear_logistic,20261007,0.06859431271038194,0.027063860183840112,0.08434982222408996,0.023978312463563762,0.015755509513708015,0.0033069046865178376,0.0,-1.2778913327898593,-1.841420464689212,-1.3004466500712908,-1.6990370637089773,1.2283451988768936,-1.9320599084693066,-0.7827236356913372
EPPVR,valence,relative_power,gpu_mlp,20260813,0.11632157268481963,0.06424843173051738,0.12037329668307481,0.04615392511576763,0.004051723998255194,0.018241215294393626,0.0,-1.006905878643364,-0.9990429980266756,-0.9963800887394545,-0.9399850796945294,1.0258662905482052,-1.022736519274089,-0.7827236356913372
EPPVR,valence,relative_power,gpu_mlp,20260829,0.15900973092260282,0.06728529143758052,0.15130187005473456,0.04630318677857034,-0.007707860867868253,0.02099158422709071,0.0,-0.7645313959485939,-0.9302461266297809,-0.7353185144949307,-0.9348759824594441,0.822422037152801,-0.8552714875706215,-0.7827236356913372
EPPVR,valence,relative_power,gpu_mlp,20260911,0.13142831005239455,0.06452090345790192,0.1310792172540416,0.04780747599245645,-0.00034909279835297277,0.01693507982657109,0.0,-0.9211329662989998,-0.992870436829803,-0.9060136678765243,-0.8833854676204638,0.9497308743997058,-1.1022647654404785,-0.7827236356913372
EPPVR,valence,relative_power,gpu_mlp,20260923,0.10995413674790967,0.06092851544841569,0.1156555886276961,0.04453467448127325,0.005701451879786422,0.016662368930254037,0.0,-1.043058855370635,-1.0742522192419306,-1.036201268881303,-0.9954106242333164,1.0544070648174197,-1.1188696428279028,-0.7827236356913372
EPPVR,valence,relative_power,gpu_mlp,20261007,0.09374892778470352,0.03455868466963701,0.10486532367905418,0.027876443853397735,0.011116395894350657,0.006804337455043863,0.0,-1.1350686609363696,-1.6716330770491334,-1.1272796228731863,-1.5656074078158664,1.1480871780835347,-1.719107499612795,-0.7827236356913372
EPPVR,valence,relative_power,linear_logistic,20260813,0.07752527858351503,0.045031219382331185,0.0904858864956676,0.03605016344567024,0.012960607912152589,0.00919544872867981,0.0,-1.2271831663375208,-1.4343887874452883,-1.2486534238156153,-1.2858280767733208,1.1799925847229635,-1.573517022464229,-0.7827236356913372
EPPVR,valence,relative_power,linear_logistic,20260829,0.10747244041667917,0.047863166802993004,0.11463679621326384,0.03649001387002368,0.007164355796584683,0.011390681030788245,0.0,-1.0571494109091757,-1.3702339889707642,-1.0448006810929173,-1.270772378312521,1.079715729921713,-1.43985326459573,-0.7827236356913372
EPPVR,valence,relative_power,linear_logistic,20260911,0.08796104448005142,0.04473634263203896,0.09882636221238866,0.03711881507346818,0.010865317732337256,0.00794582600913466,0.0,-1.16793105837335,-1.4410689109362107,-1.1782532248025375,-1.249249058595905,1.143743452535717,-1.6496043087399603,-0.7827236356913372
EPPVR,valence,relative_power,linear_logistic,20260923,0.07304371771141345,0.04246836724868714,0.0868064080010083,0.03466886965263221,0.013762690289594854,0.008169079328955935,0.0,-1.2526285367372056,-1.4924475144380067,-1.2797111268875199,-1.3331085650536822,1.1938688441571237,-1.6360108144864054,-0.7827236356913372
EPPVR,valence,relative_power,linear_logistic,20261007,0.06134999989727795,0.02325256244916615,0.07823525165343384,0.02132432471401896,0.016885251756155892,0.002171125544479016,0.0,-1.319023034016573,-1.927761417317943,-1.3520584525240809,-1.7898807620742538,1.2478900696916935,-2.001215463481757,-0.7827236356913372
SEED-IV,arousal,all,gpu_mlp,20260813,0.10977890643958682,0.02061026355389714,0.10977890643958682,0.02061026355389714,0.0,0.0,0.0,1.9399549773218046,1.9329575408936805,1.9399549773218046,1.9329575408936805,0.0,0.0,0.0
SEED-IV,arousal,all,gpu_mlp,20260829,0.11038821717484933,0.020795069801520426,0.11038821717484933,0.020795069801520426,0.0,0.0,0.0,1.9665971565386837,1.9702702664767051,1.9665971565386837,1.9702702664767051,0.0,0.0,0.0
SEED-IV,arousal,all,gpu_mlp,20260911,0.11010895111653066,0.0203317601801095,0.11010895111653066,0.0203317601801095,0.0,0.0,0.0,1.9543862172849842,1.8767271910341483,1.9543862172849842,1.8767271910341483,0.0,0.0,0.0
SEED-IV,arousal,all,gpu_mlp,20260923,0.10920624325576289,0.02118349330760716,0.10920624325576289,0.02118349330760716,0.0,0.0,0.0,1.9149152163404513,2.0486936957654907,1.9149152163404513,2.0486936957654907,0.0,0.0,0.0
SEED-IV,arousal,all,gpu_mlp,20261007,0.11059916909856868,0.02102813595770869,0.11059916909856868,0.02102813595770869,0.0,0.0,0.0,1.9758210527095843,2.017326757479487,1.9758210527095843,2.017326757479487,0.0,0.0,0.0
SEED-IV,arousal,all,linear_logistic,20260813,0.0720343493772584,0.014104909829974595,0.0720343493772584,0.014104909829974595,0.0,0.0,0.0,0.2895700496985538,0.6195145082965283,0.2895700496985538,0.6195145082965283,0.0,0.0,0.0
SEED-IV,arousal,all,linear_logistic,20260829,0.0724526589436533,0.01423007324175175,0.0724526589436533,0.01423007324175175,0.0,0.0,0.0,0.30786068170461306,0.6447852342418758,0.30786068170461306,0.6447852342418758,0.0,0.0,0.0
SEED-IV,arousal,all,linear_logistic,20260911,0.07225676936517225,0.01391119893482115,0.07225676936517225,0.01391119893482115,0.0,0.0,0.0,0.299295388243367,0.5804039177929214,0.299295388243367,0.5804039177929214,0.0,0.0,0.0
SEED-IV,arousal,all,linear_logistic,20260923,0.07164953546702596,0.014486266030206717,0.07164953546702596,0.014486266030206717,0.0,0.0,0.0,0.2727440189588461,0.6965110353709366,0.2727440189588461,0.6965110353709366,0.0,0.0,0.0
SEED-IV,arousal,all,linear_logistic,20261007,0.07259947506449729,0.014396909422093651,0.07259947506449729,0.014396909422093651,0.0,0.0,0.0,0.3142802328089729,0.6784697697728758,0.3142802328089729,0.6784697697728758,0.0,0.0,0.0
SEED-IV,arousal,normalized_asymmetry,gpu_mlp,20260813,0.05811428469590097,0.008136975222699508,0.05811428469590097,0.008136975222699508,0.0,0.0,0.0,-0.3190863164025628,-0.5854226037463914,-0.3190863164025628,-0.5854226037463914,0.0,0.0,0.0
SEED-IV,arousal,normalized_asymmetry,gpu_mlp,20260829,0.0597225896350422,0.008516788709113907,0.0597225896350422,0.008516788709113907,0.0,0.0,0.0,-0.2487630052507702,-0.508737553464971,-0.2487630052507702,-0.508737553464971,0.0,0.0,0.0
SEED-IV,arousal,normalized_asymmetry,gpu_mlp,20260911,0.05832460526457707,0.008045852502946503,0.05832460526457707,0.008045852502946503,0.0,0.0,0.0,-0.3098900263006815,-0.6038204505738074,-0.3098900263006815,-0.6038204505738074,0.0,0.0,0.0
SEED-IV,arousal,normalized_asymmetry,gpu_mlp,20260923,0.05951987324201843,0.008755930374655373,0.05951987324201843,0.008755930374655373,0.0,0.0,0.0,-0.2576268019321332,-0.4604544058085936,-0.2576268019321332,-0.4604544058085936,0.0,0.0,0.0
SEED-IV,arousal,normalized_asymmetry,gpu_mlp,20261007,0.05804907489260268,0.00820998027295233,0.05804907489260268,0.00820998027295233,0.0,0.0,0.0,-0.3219376222562535,-0.5706827481338735,-0.3219376222562535,-0.5706827481338735,0.0,0.0,0.0
SEED-IV,arousal,normalized_asymmetry,linear_logistic,20260813,0.03734309992395965,0.005345076301157857,0.03734309992395965,0.005345076301157857,0.0,0.0,0.0,-1.2273086653860594,-1.1491121957096224,-1.2273086653860594,-1.1491121957096224,0.0,0.0,0.0
SEED-IV,arousal,normalized_asymmetry,linear_logistic,20260829,0.03840115975221503,0.005600326399246558,0.03840115975221503,0.005600326399246558,0.0,0.0,0.0,-1.1810448824996216,-1.0975767255212014,-1.1810448824996216,-1.0975767255212014,0.0,0.0,0.0
SEED-IV,arousal,normalized_asymmetry,linear_logistic,20260911,0.03748081366467458,0.005285139818678091,0.03748081366467458,0.005285139818678091,0.0,0.0,0.0,-1.221287116858487,-1.1612134831495253,-1.221287116858487,-1.1612134831495253,0.0,0.0,0.0
SEED-IV,arousal,normalized_asymmetry,linear_logistic,20260923,0.0382689592989461,0.005757256517709643,0.0382689592989461,0.005757256517709643,0.0,0.0,0.0,-1.1868253619245017,-1.0658922423328374,-1.1868253619245017,-1.0658922423328374,0.0,0.0,0.0
SEED-IV,arousal,normalized_asymmetry,linear_logistic,20261007,0.03730058739987367,0.005392235681285706,0.03730058739987367,0.005392235681285706,0.0,0.0,0.0,-1.2291675301985636,-1.1395906290309736,-1.2291675301985636,-1.1395906290309736,0.0,0.0,0.0
SEED-IV,arousal,relative_power,gpu_mlp,20260813,0.07957022162608404,0.013112809565506513,0.07957022162608404,0.013112809565506513,0.0,0.0,0.0,0.6190768963524576,0.4192076171875108,0.6190768963524576,0.4192076171875108,0.0,0.0,0.0
SEED-IV,arousal,relative_power,gpu_mlp,20260829,0.07797217376491015,0.012754778670617107,0.07797217376491015,0.012754778670617107,0.0,0.0,0.0,0.5492020770680036,0.3469205127034422,0.5492020770680036,0.3469205127034422,0.0,0.0,0.0
SEED-IV,arousal,relative_power,gpu_mlp,20260911,0.0788568813879684,0.012718511881764975,0.0788568813879684,0.012718511881764975,0.0,0.0,0.0,0.5878860156299957,0.3395981804900016,0.5878860156299957,0.3395981804900016,0.0,0.0,0.0
SEED-IV,arousal,relative_power,gpu_mlp,20260923,0.07868479438406277,0.013360262594490479,0.07868479438406277,0.013360262594490479,0.0,0.0,0.0,0.5803614923718025,0.4691688446022249,0.5803614923718025,0.4691688446022249,0.0,0.0,0.0
SEED-IV,arousal,relative_power,gpu_mlp,20261007,0.08069567782869952,0.013522443120756825,0.08069567782869952,0.013522443120756825,0.0,0.0,0.0,0.6682875931538389,0.5019133949045611,0.6682875931538389,0.5019133949045611,0.0,0.0,0.0
SEED-IV,arousal,relative_power,linear_logistic,20260813,0.05157149911075905,0.008760220013502696,0.05157149911075905,0.008760220013502696,0.0,0.0,0.0,-0.6051703389692533,-0.4595883197361859,-0.6051703389692533,-0.4595883197361859,0.0,0.0,0.0
SEED-IV,arousal,relative_power,linear_logistic,20260829,0.05050330849588545,0.008507298181792943,0.05050330849588545,0.008507298181792943,0.0,0.0,0.0,-0.6518770916198366,-0.5106537086064744,-0.6518770916198366,-0.5106537086064744,0.0,0.0,0.0
SEED-IV,arousal,relative_power,linear_logistic,20260911,0.05109296328451263,0.008489508097120707,0.05109296328451263,0.008489508097120707,0.0,0.0,0.0,-0.6260943708412042,-0.5142455598345077,-0.6260943708412042,-0.5142455598345077,0.0,0.0,0.0
SEED-IV,arousal,relative_power,linear_logistic,20260923,0.050982471219732324,0.008917600537457649,0.050982471219732324,0.008917600537457649,0.0,0.0,0.0,-0.6309256485810453,-0.42781289884016716,-0.6309256485810453,-0.42781289884016716,0.0,0.0,0.0
SEED-IV,arousal,relative_power,linear_logistic,20261007,0.05232568799231875,0.009040520025232736,0.05232568799231875,0.009040520025232736,0.0,0.0,0.0,-0.5721933467991831,-0.40299522532997867,-0.5721933467991831,-0.40299522532997867,0.0,0.0,0.0
SEED-IV,valence,all,gpu_mlp,20260813,0.10583742128459961,0.019321227986233154,0.10583742128459961,0.019321227986233154,0.0,0.0,0.0,1.767613103459041,1.6726988590495053,1.767613103459041,1.6726988590495053,0.0,0.0,0.0
SEED-IV,valence,all,gpu_mlp,20260829,0.10596841579604471,0.020080692760572463,0.10596841579604471,0.020080692760572463,0.0,0.0,0.0,1.77334085294444,1.8260362114352358,1.77334085294444,1.8260362114352358,0.0,0.0,0.0
SEED-IV,valence,all,gpu_mlp,20260911,0.10070970242010233,0.01724629677893871,0.10070970242010233,0.01724629677893871,0.0,0.0,0.0,1.5434030295911434,1.2537663838917974,1.5434030295911434,1.2537663838917974,0.0,0.0,0.0
SEED-IV,valence,all,gpu_mlp,20260923,0.10437027105887156,0.019549386054482826,0.10437027105887156,0.019549386054482826,0.0,0.0,0.0,1.7034617977462154,1.718764397956537,1.7034617977462154,1.718764397956537,0.0,0.0,0.0
SEED-IV,valence,all,gpu_mlp,20261007,0.10384667353037906,0.01911237599107805,0.10384667353037906,0.01911237599107805,0.0,0.0,0.0,1.6805674379650728,1.6305312522563915,1.6805674379650728,1.6305312522563915,0.0,0.0,0.0
SEED-IV,valence,all,linear_logistic,20260813,0.0693323035429255,0.013186073454706047,0.0693323035429255,0.013186073454706047,0.0,0.0,0.0,0.17142279706643812,0.43399973286543814,0.17142279706643812,0.43399973286543814,0.0,0.0,0.0
SEED-IV,valence,all,linear_logistic,20260829,0.06942929946581892,0.01369005215815037,0.06942929946581892,0.01369005215815037,0.0,0.0,0.0,0.17566395451120242,0.5357539717136769,0.17566395451120242,0.5357539717136769,0.0,0.0,0.0
SEED-IV,valence,all,linear_logistic,20260911,0.06582704740268722,0.011715348912085012,0.06582704740268722,0.011715348912085012,0.0,0.0,0.0,0.018155085068780524,0.13705770859524016,0.018155085068780524,0.13705770859524016,0.0,0.0,0.0
SEED-IV,valence,all,linear_logistic,20260923,0.06833588391818478,0.013309632543762348,0.06833588391818478,0.013309632543762348,0.0,0.0,0.0,0.12785423888877734,0.4589465430655136,0.12785423888877734,0.4589465430655136,0.0,0.0,0.0
SEED-IV,valence,all,linear_logistic,20261007,0.06797534337262995,0.013009767715492839,0.06797534337262995,0.013009767715492839,0.0,0.0,0.0,0.11208956370135446,0.39840327576197265,0.11208956370135446,0.39840327576197265,0.0,0.0,0.0
SEED-IV,valence,normalized_asymmetry,gpu_mlp,20260813,0.05552635153442617,0.007448173765966757,0.05552635153442617,0.007448173765966757,0.0,0.0,0.0,-0.4322439798066255,-0.7244929007021873,-0.4322439798066255,-0.7244929007021873,0.0,0.0,0.0
SEED-IV,valence,normalized_asymmetry,gpu_mlp,20260829,0.05309150726596025,0.007210570759251004,0.05309150726596025,0.007210570759251004,0.0,0.0,0.0,-0.538707814450394,-0.7724653902760156,-0.538707814450394,-0.7724653902760156,0.0,0.0,0.0
SEED-IV,valence,normalized_asymmetry,gpu_mlp,20260911,0.0534739771051424,0.006701343620932119,0.0534739771051424,0.006701343620932119,0.0,0.0,0.0,-0.5219842784763367,-0.8752792979002475,-0.5219842784763367,-0.8752792979002475,0.0,0.0,0.0
SEED-IV,valence,normalized_asymmetry,gpu_mlp,20260923,0.054288133364657376,0.007430565305085777,0.054288133364657376,0.007430565305085777,0.0,0.0,0.0,-0.48638520607989005,-0.7280480817485051,-0.48638520607989005,-0.7280480817485051,0.0,0.0,0.0
SEED-IV,valence,normalized_asymmetry,gpu_mlp,20261007,0.05210342099907965,0.006838515432411087,0.05210342099907965,0.006838515432411087,0.0,0.0,0.0,-0.5819119956349399,-0.8475840536903533,-0.5819119956349399,-0.8475840536903533,0.0,0.0,0.0
SEED-IV,valence,normalized_asymmetry,linear_logistic,20260813,0.0356431451388054,0.004883414292770153,0.0356431451388054,0.004883414292770153,0.0,0.0,0.0,-1.3016393761803782,-1.2423226150142341,-1.3016393761803782,-1.2423226150142341,0.0,0.0,0.0
SEED-IV,valence,normalized_asymmetry,linear_logistic,20260829,0.0340484400970681,0.004716787829849131,0.0340484400970681,0.004716787829849131,0.0,0.0,0.0,-1.3713680303156477,-1.2759648082073756,-1.3713680303156477,-1.2759648082073756,0.0,0.0,0.0
SEED-IV,valence,normalized_asymmetry,linear_logistic,20260911,0.03429685257922777,0.004385907732363369,0.03429685257922777,0.004385907732363369,0.0,0.0,0.0,-1.360506167088248,-1.3427701161293086,-1.360506167088248,-1.3427701161293086,0.0,0.0,0.0
SEED-IV,valence,normalized_asymmetry,linear_logistic,20260923,0.0348321752448035,0.0048650197285273,0.0348321752448035,0.0048650197285273,0.0,0.0,0.0,-1.3370991243927315,-1.2460365117933732,-1.3370991243927315,-1.2460365117933732,0.0,0.0,0.0
SEED-IV,valence,normalized_asymmetry,linear_logistic,20261007,0.03340119006625685,0.004470204182008763,0.03340119006625685,0.004470204182008763,0.0,0.0,0.0,-1.3996691094219837,-1.3257505059500394,-1.3996691094219837,-1.3257505059500394,0.0,0.0,0.0
SEED-IV,valence,relative_power,gpu_mlp,20260813,0.06849171981075247,0.010332167981711557,0.06849171981075247,0.010332167981711557,0.0,0.0,0.0,0.13466818050827323,-0.14220909731870854,0.13466818050827323,-0.14220909731870854,0.0,0.0,0.0
SEED-IV,valence,relative_power,gpu_mlp,20260829,0.07100862912947423,0.01133879670925672,0.07100862912947423,0.01133879670925672,0.0,0.0,0.0,0.2447203185411428,0.06103111754375263,0.2447203185411428,0.06103111754375263,0.0,0.0,0.0
SEED-IV,valence,relative_power,gpu_mlp,20260911,0.0707745382834433,0.010377202348839001,0.0707745382834433,0.010377202348839001,0.0,0.0,0.0,0.234484670435747,-0.1331165747225202,0.234484670435747,-0.1331165747225202,0.0,0.0,0.0
SEED-IV,valence,relative_power,gpu_mlp,20260923,0.07023167929616164,0.011086266391059918,0.07023167929616164,0.011086266391059918,0.0,0.0,0.0,0.2107481012410152,0.010044775980893803,0.2107481012410152,0.010044775980893803,0.0,0.0,0.0
SEED-IV,valence,relative_power,gpu_mlp,20261007,0.06982204427382241,0.010813694391973093,0.06982204427382241,0.010813694391973093,0.0,0.0,0.0,0.1928367646321659,-0.04498801827979992,0.1928367646321659,-0.04498801827979992,0.0,0.0,0.0
SEED-IV,valence,relative_power,linear_logistic,20260813,0.04419299193220218,0.006843848930453235,0.04419299193220218,0.006843848930453235,0.0,0.0,0.0,-0.9277963805397358,-0.8465072105024004,-0.9277963805397358,-0.8465072105024004,0.0,0.0,0.0
SEED-IV,valence,relative_power,linear_logistic,20260829,0.04586555751934668,0.007520879292053874,0.04586555751934668,0.007520879292053874,0.0,0.0,0.0,-0.8546632654543913,-0.7098135195765666,-0.8546632654543913,-0.7098135195765666,0.0,0.0,0.0
SEED-IV,valence,relative_power,linear_logistic,20260911,0.0457050967676243,0.006884093970999095,0.0457050967676243,0.006884093970999095,0.0,0.0,0.0,-0.861679429551387,-0.838381661862798,-0.861679429551387,-0.838381661862798,0.0,0.0,0.0
SEED-IV,valence,relative_power,linear_logistic,20260923,0.0453491690947733,0.007348548371601442,0.0453491690947733,0.007348548371601442,0.0,0.0,0.0,-0.8772424063701979,-0.7446074533694272,-0.8772424063701979,-0.7446074533694272,0.0,0.0,0.0
SEED-IV,valence,relative_power,linear_logistic,20261007,0.0450762854724764,0.007166486272448938,0.0450762854724764,0.007166486272448938,0.0,0.0,0.0,-0.889174272903705,-0.7813661302654287,-0.889174272903705,-0.7813661302654287,0.0,0.0,0.0
DREAMER,arousal,all,gpu_mlp,20260813,0.2923234474652868,0.12345213367955715,0.2923234474652868,0.12345213367955715,0.0,0.0,0.0,1.3263626044453463,1.5751432409756396,1.3263626044453463,1.5751432409756396,0.0,0.0,0.0
DREAMER,arousal,all,gpu_mlp,20260829,0.34752092797398487,0.11856669700204923,0.34752092797398487,0.11856669700204923,0.0,0.0,0.0,2.304183346088557,1.3662419366897887,2.304183346088557,1.3662419366897887,0.0,0.0,0.0
DREAMER,arousal,all,gpu_mlp,20260911,0.29115248889962575,0.12217314513080228,0.29115248889962575,0.12217314513080228,0.0,0.0,0.0,1.3056191291534305,1.520453682265025,1.3056191291534305,1.520453682265025,0.0,0.0,0.0
DREAMER,arousal,all,gpu_mlp,20260923,0.2680322254385944,0.11938889982869054,0.2680322254385944,0.11938889982869054,0.0,0.0,0.0,0.8960447616985681,1.4013993349349947,0.8960447616985681,1.4013993349349947,0.0,0.0,0.0
DREAMER,arousal,all,gpu_mlp,20261007,0.27803601026901464,0.09700382865003065,0.27803601026901464,0.09700382865003065,0.0,0.0,0.0,1.0732613341212747,0.44421354491487963,1.0732613341212747,0.44421354491487963,0.0,0.0,0.0
DREAMER,arousal,all,linear_logistic,20260813,0.21113296494896117,0.0981406418384373,0.21113296494896117,0.0981406418384373,0.0,0.0,0.0,-0.11192293135865473,0.4928236842870364,-0.11192293135865473,0.4928236842870364,0.0,0.0,0.0
DREAMER,arousal,all,linear_logistic,20260829,0.2558636989755471,0.1007073665739893,0.2558636989755471,0.1007073665739893,0.0,0.0,0.0,0.6804798942237396,0.6025768507681707,0.6804798942237396,0.6025768507681707,0.0,0.0,0.0
DREAMER,arousal,all,linear_logistic,20260911,0.21012157340427223,0.09743995139466394,0.21012157340427223,0.09743995139466394,0.0,0.0,0.0,-0.12983968446414412,0.4628621563280751,-0.12983968446414412,0.4628621563280751,0.0,0.0,0.0
DREAMER,arousal,all,linear_logistic,20260923,0.1915696235058272,0.09143247401678618,0.1915696235058272,0.09143247401678618,0.0,0.0,0.0,-0.4584865944579184,0.20598238435514826,-0.4584865944579184,0.20598238435514826,0.0,0.0,0.0
DREAMER,arousal,all,linear_logistic,20261007,0.19793229516113833,0.07658158293651712,0.19793229516113833,0.07658158293651712,0.0,0.0,0.0,-0.345772168736111,-0.4290418153767476,-0.345772168736111,-0.4290418153767476,0.0,0.0,0.0
DREAMER,arousal,normalized_asymmetry,gpu_mlp,20260813,0.2923234474652868,0.12345213367955715,0.2923234474652868,0.12345213367955715,0.0,0.0,0.0,1.3263626044453463,1.5751432409756396,1.3263626044453463,1.5751432409756396,0.0,0.0,0.0
DREAMER,arousal,normalized_asymmetry,gpu_mlp,20260829,0.34752092797398487,0.11856669700204923,0.34752092797398487,0.11856669700204923,0.0,0.0,0.0,2.304183346088557,1.3662419366897887,2.304183346088557,1.3662419366897887,0.0,0.0,0.0
DREAMER,arousal,normalized_asymmetry,gpu_mlp,20260911,0.29115248889962575,0.12217314513080228,0.29115248889962575,0.12217314513080228,0.0,0.0,0.0,1.3056191291534305,1.520453682265025,1.3056191291534305,1.520453682265025,0.0,0.0,0.0
DREAMER,arousal,normalized_asymmetry,gpu_mlp,20260923,0.2680322254385944,0.11938889982869054,0.2680322254385944,0.11938889982869054,0.0,0.0,0.0,0.8960447616985681,1.4013993349349947,0.8960447616985681,1.4013993349349947,0.0,0.0,0.0
DREAMER,arousal,normalized_asymmetry,gpu_mlp,20261007,0.27803601026901464,0.09700382865003065,0.27803601026901464,0.09700382865003065,0.0,0.0,0.0,1.0732613341212747,0.44421354491487963,1.0732613341212747,0.44421354491487963,0.0,0.0,0.0
DREAMER,arousal,normalized_asymmetry,linear_logistic,20260813,0.21113296494896117,0.0981406418384373,0.21113296494896117,0.0981406418384373,0.0,0.0,0.0,-0.11192293135865473,0.4928236842870364,-0.11192293135865473,0.4928236842870364,0.0,0.0,0.0
DREAMER,arousal,normalized_asymmetry,linear_logistic,20260829,0.2558636989755471,0.1007073665739893,0.2558636989755471,0.1007073665739893,0.0,0.0,0.0,0.6804798942237396,0.6025768507681707,0.6804798942237396,0.6025768507681707,0.0,0.0,0.0
DREAMER,arousal,normalized_asymmetry,linear_logistic,20260911,0.21012157340427223,0.09743995139466394,0.21012157340427223,0.09743995139466394,0.0,0.0,0.0,-0.12983968446414412,0.4628621563280751,-0.12983968446414412,0.4628621563280751,0.0,0.0,0.0
DREAMER,arousal,normalized_asymmetry,linear_logistic,20260923,0.1915696235058272,0.09143247401678618,0.1915696235058272,0.09143247401678618,0.0,0.0,0.0,-0.4584865944579184,0.20598238435514826,-0.4584865944579184,0.20598238435514826,0.0,0.0,0.0
DREAMER,arousal,normalized_asymmetry,linear_logistic,20261007,0.19793229516113833,0.07658158293651712,0.19793229516113833,0.07658158293651712,0.0,0.0,0.0,-0.345772168736111,-0.4290418153767476,-0.345772168736111,-0.4290418153767476,0.0,0.0,0.0
DREAMER,arousal,relative_power,gpu_mlp,20260813,0.2923234474652868,0.12345213367955715,0.2923234474652868,0.12345213367955715,0.0,0.0,0.0,1.3263626044453463,1.5751432409756396,1.3263626044453463,1.5751432409756396,0.0,0.0,0.0
DREAMER,arousal,relative_power,gpu_mlp,20260829,0.34752092797398487,0.11856669700204923,0.34752092797398487,0.11856669700204923,0.0,0.0,0.0,2.304183346088557,1.3662419366897887,2.304183346088557,1.3662419366897887,0.0,0.0,0.0
DREAMER,arousal,relative_power,gpu_mlp,20260911,0.29115248889962575,0.12217314513080228,0.29115248889962575,0.12217314513080228,0.0,0.0,0.0,1.3056191291534305,1.520453682265025,1.3056191291534305,1.520453682265025,0.0,0.0,0.0
DREAMER,arousal,relative_power,gpu_mlp,20260923,0.2680322254385944,0.11938889982869054,0.2680322254385944,0.11938889982869054,0.0,0.0,0.0,0.8960447616985681,1.4013993349349947,0.8960447616985681,1.4013993349349947,0.0,0.0,0.0
DREAMER,arousal,relative_power,gpu_mlp,20261007,0.27803601026901464,0.09700382865003065,0.27803601026901464,0.09700382865003065,0.0,0.0,0.0,1.0732613341212747,0.44421354491487963,1.0732613341212747,0.44421354491487963,0.0,0.0,0.0
DREAMER,arousal,relative_power,linear_logistic,20260813,0.21113296494896117,0.0981406418384373,0.21113296494896117,0.0981406418384373,0.0,0.0,0.0,-0.11192293135865473,0.4928236842870364,-0.11192293135865473,0.4928236842870364,0.0,0.0,0.0
DREAMER,arousal,relative_power,linear_logistic,20260829,0.2558636989755471,0.1007073665739893,0.2558636989755471,0.1007073665739893,0.0,0.0,0.0,0.6804798942237396,0.6025768507681707,0.6804798942237396,0.6025768507681707,0.0,0.0,0.0
DREAMER,arousal,relative_power,linear_logistic,20260911,0.21012157340427223,0.09743995139466394,0.21012157340427223,0.09743995139466394,0.0,0.0,0.0,-0.12983968446414412,0.4628621563280751,-0.12983968446414412,0.4628621563280751,0.0,0.0,0.0
DREAMER,arousal,relative_power,linear_logistic,20260923,0.1915696235058272,0.09143247401678618,0.1915696235058272,0.09143247401678618,0.0,0.0,0.0,-0.4584865944579184,0.20598238435514826,-0.4584865944579184,0.20598238435514826,0.0,0.0,0.0
DREAMER,arousal,relative_power,linear_logistic,20261007,0.19793229516113833,0.07658158293651712,0.19793229516113833,0.07658158293651712,0.0,0.0,0.0,-0.345772168736111,-0.4290418153767476,-0.345772168736111,-0.4290418153767476,0.0,0.0,0.0
DREAMER,valence,all,gpu_mlp,20260813,0.21708412555836515,0.1008505255444804,0.21708412555836515,0.1008505255444804,0.0,0.0,0.0,-0.006498404240822334,0.6086983292827725,-0.006498404240822334,0.6086983292827725,0.0,0.0,0.0
DREAMER,valence,all,gpu_mlp,20260829,0.20957588985274472,0.07397926033340325,0.20957588985274472,0.07397926033340325,0.0,0.0,0.0,-0.13950644262302508,-0.5403171469076734,-0.13950644262302508,-0.5403171469076734,0.0,0.0,0.0
DREAMER,valence,all,gpu_mlp,20260911,0.21929227270373014,0.07037745855937358,0.21929227270373014,0.07037745855937358,0.0,0.0,0.0,0.03261881740479047,-0.6943302143245466,0.03261881740479047,-0.6943302143245466,0.0,0.0,0.0
DREAMER,valence,all,gpu_mlp,20260923,0.2379366080333627,0.08439504290490062,0.2379366080333627,0.08439504290490062,0.0,0.0,0.0,0.3629023309175711,-0.09493821602087395,0.3629023309175711,-0.09493821602087395,0.0,0.0,0.0
DREAMER,valence,all,gpu_mlp,20261007,0.1830898801955821,0.06335631799806424,0.1830898801955821,0.06335631799806424,0.0,0.0,0.0,-0.6087048438445246,-0.9945542306513729,-0.6087048438445246,-0.9945542306513729,0.0,0.0,0.0
DREAMER,valence,all,linear_logistic,20260813,0.15150780206060854,0.07650945720583616,0.15150780206060854,0.07650945720583616,0.0,0.0,0.0,-1.168179855746695,-0.4321259120924398,-1.168179855746695,-0.4321259120924398,0.0,0.0,0.0
DREAMER,valence,all,linear_logistic,20260829,0.14446354696248026,0.05496147619614888,0.14446354696248026,0.05496147619614888,0.0,0.0,0.0,-1.2929684997372544,-1.3535177210118845,-1.2929684997372544,-1.3535177210118845,0.0,0.0,0.0
DREAMER,valence,all,linear_logistic,20260911,0.15153508385753783,0.05272813162791855,0.15153508385753783,0.05272813162791855,0.0,0.0,0.0,-1.1676965600118008,-1.4490155493577068,-1.1676965600118008,-1.4490155493577068,0.0,0.0,0.0
DREAMER,valence,all,linear_logistic,20260923,0.16620608949566001,0.0633417910818526,0.16620608949566001,0.0633417910818526,0.0,0.0,0.0,-0.9078003929854858,-0.995175401683603,-0.9078003929854858,-0.995175401683603,0.0,0.0,0.0
DREAMER,valence,all,linear_logistic,20261007,0.12464258828737501,0.04691982129057392,0.12464258828737501,0.04691982129057392,0.0,0.0,0.0,-1.6440958398468581,-1.6973789373746868,-1.6440958398468581,-1.6973789373746868,0.0,0.0,0.0
DREAMER,valence,normalized_asymmetry,gpu_mlp,20260813,0.21708412555836515,0.1008505255444804,0.21708412555836515,0.1008505255444804,0.0,0.0,0.0,-0.006498404240822334,0.6086983292827725,-0.006498404240822334,0.6086983292827725,0.0,0.0,0.0
DREAMER,valence,normalized_asymmetry,gpu_mlp,20260829,0.20957588985274472,0.07397926033340325,0.20957588985274472,0.07397926033340325,0.0,0.0,0.0,-0.13950644262302508,-0.5403171469076734,-0.13950644262302508,-0.5403171469076734,0.0,0.0,0.0
DREAMER,valence,normalized_asymmetry,gpu_mlp,20260911,0.21929227270373014,0.07037745855937358,0.21929227270373014,0.07037745855937358,0.0,0.0,0.0,0.03261881740479047,-0.6943302143245466,0.03261881740479047,-0.6943302143245466,0.0,0.0,0.0
DREAMER,valence,normalized_asymmetry,gpu_mlp,20260923,0.2379366080333627,0.08439504290490062,0.2379366080333627,0.08439504290490062,0.0,0.0,0.0,0.3629023309175711,-0.09493821602087395,0.3629023309175711,-0.09493821602087395,0.0,0.0,0.0
DREAMER,valence,normalized_asymmetry,gpu_mlp,20261007,0.1830898801955821,0.06335631799806424,0.1830898801955821,0.06335631799806424,0.0,0.0,0.0,-0.6087048438445246,-0.9945542306513729,-0.6087048438445246,-0.9945542306513729,0.0,0.0,0.0
DREAMER,valence,normalized_asymmetry,linear_logistic,20260813,0.15150780206060854,0.07650945720583616,0.15150780206060854,0.07650945720583616,0.0,0.0,0.0,-1.168179855746695,-0.4321259120924398,-1.168179855746695,-0.4321259120924398,0.0,0.0,0.0
DREAMER,valence,normalized_asymmetry,linear_logistic,20260829,0.14446354696248026,0.05496147619614888,0.14446354696248026,0.05496147619614888,0.0,0.0,0.0,-1.2929684997372544,-1.3535177210118845,-1.2929684997372544,-1.3535177210118845,0.0,0.0,0.0
DREAMER,valence,normalized_asymmetry,linear_logistic,20260911,0.15153508385753783,0.05272813162791855,0.15153508385753783,0.05272813162791855,0.0,0.0,0.0,-1.1676965600118008,-1.4490155493577068,-1.1676965600118008,-1.4490155493577068,0.0,0.0,0.0
DREAMER,valence,normalized_asymmetry,linear_logistic,20260923,0.16620608949566001,0.0633417910818526,0.16620608949566001,0.0633417910818526,0.0,0.0,0.0,-0.9078003929854858,-0.995175401683603,-0.9078003929854858,-0.995175401683603,0.0,0.0,0.0
DREAMER,valence,normalized_asymmetry,linear_logistic,20261007,0.12464258828737501,0.04691982129057392,0.12464258828737501,0.04691982129057392,0.0,0.0,0.0,-1.6440958398468581,-1.6973789373746868,-1.6440958398468581,-1.6973789373746868,0.0,0.0,0.0
DREAMER,valence,relative_power,gpu_mlp,20260813,0.21708412555836515,0.1008505255444804,0.21708412555836515,0.1008505255444804,0.0,0.0,0.0,-0.006498404240822334,0.6086983292827725,-0.006498404240822334,0.6086983292827725,0.0,0.0,0.0
DREAMER,valence,relative_power,gpu_mlp,20260829,0.20957588985274472,0.07397926033340325,0.20957588985274472,0.07397926033340325,0.0,0.0,0.0,-0.13950644262302508,-0.5403171469076734,-0.13950644262302508,-0.5403171469076734,0.0,0.0,0.0
DREAMER,valence,relative_power,gpu_mlp,20260911,0.21929227270373014,0.07037745855937358,0.21929227270373014,0.07037745855937358,0.0,0.0,0.0,0.03261881740479047,-0.6943302143245466,0.03261881740479047,-0.6943302143245466,0.0,0.0,0.0
DREAMER,valence,relative_power,gpu_mlp,20260923,0.2379366080333627,0.08439504290490062,0.2379366080333627,0.08439504290490062,0.0,0.0,0.0,0.3629023309175711,-0.09493821602087395,0.3629023309175711,-0.09493821602087395,0.0,0.0,0.0
DREAMER,valence,relative_power,gpu_mlp,20261007,0.1830898801955821,0.06335631799806424,0.1830898801955821,0.06335631799806424,0.0,0.0,0.0,-0.6087048438445246,-0.9945542306513729,-0.6087048438445246,-0.9945542306513729,0.0,0.0,0.0
DREAMER,valence,relative_power,linear_logistic,20260813,0.15150780206060854,0.07650945720583616,0.15150780206060854,0.07650945720583616,0.0,0.0,0.0,-1.168179855746695,-0.4321259120924398,-1.168179855746695,-0.4321259120924398,0.0,0.0,0.0
DREAMER,valence,relative_power,linear_logistic,20260829,0.14446354696248026,0.05496147619614888,0.14446354696248026,0.05496147619614888,0.0,0.0,0.0,-1.2929684997372544,-1.3535177210118845,-1.2929684997372544,-1.3535177210118845,0.0,0.0,0.0
DREAMER,valence,relative_power,linear_logistic,20260911,0.15153508385753783,0.05272813162791855,0.15153508385753783,0.05272813162791855,0.0,0.0,0.0,-1.1676965600118008,-1.4490155493577068,-1.1676965600118008,-1.4490155493577068,0.0,0.0,0.0
DREAMER,valence,relative_power,linear_logistic,20260923,0.16620608949566001,0.0633417910818526,0.16620608949566001,0.0633417910818526,0.0,0.0,0.0,-0.9078003929854858,-0.995175401683603,-0.9078003929854858,-0.995175401683603,0.0,0.0,0.0
DREAMER,valence,relative_power,linear_logistic,20261007,0.12464258828737501,0.04691982129057392,0.12464258828737501,0.04691982129057392,0.0,0.0,0.0,-1.6440958398468581,-1.6973789373746868,-1.6440958398468581,-1.6973789373746868,0.0,0.0,0.0
CASE,arousal,all,gpu_mlp,20260813,0.6610790422835826,0.23634623787178613,0.5041007036506836,0.18320728681050996,-0.15697833863289903,0.057274329422757654,0.25,2.245054344741408,1.5417603051264028,2.4836123993658856,2.196005610812012,-1.7662282884881377,0.4492102682956892,0.6106741432949508
CASE,arousal,all,gpu_mlp,20260829,0.6094782762393447,0.13231854606255933,0.440306851783854,0.0928384386034485,-0.16917142445549072,0.03980865474333817,0.25,1.9250164339136642,-0.01990811273953051,1.8864380192614032,0.1208562847293948,-1.9890212832891523,-0.27112125865401454,0.6106741432949508
CASE,arousal,all,gpu_mlp,20260911,0.5418003212536774,0.22260571421515957,0.40250265262549023,0.15169653127221486,-0.13929766862818715,0.07158849807600239,0.0,1.505264694101544,1.3354869420795241,1.532552832255149,1.472420831134167,-1.4431657366655548,1.0395651874307152,-0.709702382748186
CASE,arousal,all,gpu_mlp,20260923,0.5461925602429817,0.22002668028220046,0.4085473134354999,0.15843978255175462,-0.1376452468074818,0.06406825690185229,0.25,1.532506208089689,1.2967703679475817,1.5891369146788705,1.6272668165148818,-1.4129725590347229,0.7294101600736146,0.6106741432949508
CASE,arousal,all,gpu_mlp,20261007,0.6069787067830454,0.24973308889588552,0.4531198587486217,0.1726383061196512,-0.15385884803442373,0.07882318989664616,0.25,1.9095136216864768,1.7427243186061097,2.006380604127299,1.9533090002746878,-1.7092287181742634,1.337943389351288,0.6106741432949508
CASE,arousal,all,linear_logistic,20260813,0.579704450400246,0.24962162213698394,0.43544140941525034,0.1761116787640799,-0.14426304098499565,0.07479773343042263,0.0,1.740353419207155,1.7410509745763516,1.840892603122082,2.0330684200894114,-1.5338933993566388,1.1719227084324373,-0.709702382748186
CASE,arousal,all,linear_logistic,20260829,0.5037999296766678,0.13624999812413902,0.36661235939461384,0.08651632394181383,-0.13718757028205403,0.04980725789253576,0.5,1.2695789308220589,0.03911102355143115,1.1965837226196647,-0.024319096386982677,-1.4046098586294449,0.14124810044737718,1.9310506693380876
CASE,arousal,all,linear_logistic,20260911,0.44877883983423505,0.2173651425643961,0.33544896869968516,0.13872431864343174,-0.1133298711345499,0.07877753532579468,0.5,0.9283275116175163,1.2568152432633157,0.9048631574616558,1.1745385539058486,-0.9686801588412527,1.3360604717235807,1.9310506693380876
CASE,arousal,all,linear_logistic,20260923,0.4534405555099982,0.22288227479343967,0.34177363400530336,0.1484112671615016,-0.11166692150469482,0.07525372959668933,0.25,0.9572403720286413,1.339638681998149,0.9640683625515641,1.3969809672805378,-0.9382946162780902,1.1907292201051383,0.6106741432949508
CASE,arousal,all,linear_logistic,20261007,0.5213475694644364,0.24110177622333756,0.38467080808636955,0.1578936510969041,-0.13667676137806684,0.08370840299401454,0.5,1.3784127797773376,1.6131506621016152,1.3656288984096396,1.6147259427185394,-1.3952763193477422,1.5394227524158368,1.9310506693380876
CASE,arousal,baseline_delta,gpu_mlp,20260813,0.43483236248307355,0.19534200500221288,0.32386208983687526,0.12208090718111235,-0.11097027264619834,0.07327584192614707,0.5,0.8418287671793883,0.9262029053845666,0.7963983603102228,0.7923541533631736,-0.9255653951631561,1.1091557984075773,1.9310506693380876
CASE,arousal,baseline_delta,gpu_mlp,20260829,0.35059048563307543,0.07318530594182283,0.2695592071691626,0.04354725062180814,-0.08103127846391284,0.029638226152685774,0.0,0.31934438684736277,-0.9076189898777864,0.28806896263296405,-1.01102242736334,-0.3785178083379399,-0.6905771623569605,-0.709702382748186
CASE,arousal,baseline_delta,gpu_mlp,20260911,0.3335045166541648,0.15440175332503717,0.2585971963428101,0.0940986776740041,-0.07490732031135475,0.06032507418971204,0.25,0.21337390935890296,0.3116059941988726,0.18545355647139508,0.14979528649662197,-0.26662037755659057,0.5750312100371227,0.6106741432949508
CASE,arousal,baseline_delta,gpu_mlp,20260923,0.31898924397869055,0.15697982720023776,0.2505757838431236,0.09617497568174009,-0.06841346013556697,0.06081624931013628,0.25,0.12334738653226063,0.3503081559002909,0.11036509736624224,0.19747353510755597,-0.14796406877361165,0.5952885966533871,0.6106741432949508
CASE,arousal,baseline_delta,gpu_mlp,20261007,0.38642349983634927,0.1794671913665048,0.29041279111749413,0.1123787549139111,-0.09601070871885518,0.06709819827186105,0.25,0.5415876573144145,0.6878894845710336,0.4832794053774769,0.5695626147048289,-0.6522231012776538,0.8543731136203382,0.6106741432949508
CASE,arousal,baseline_delta,linear_logistic,20260813,0.34074961468835124,0.17149554999477865,0.26237967255567374,0.10582947214526997,-0.07836994213267752,0.06571549590065939,0.25,0.25830940579349787,0.5682188434920395,0.22086132417277277,0.41917074855500513,-0.3298896677642002,0.7973467388225587,0.6106741432949508
CASE,arousal,baseline_delta,linear_logistic,20260829,0.25520647434479676,0.06033196094469457,0.2122173008625201,0.03678374697548581,-0.042989173482276655,0.02355538360888729,0.0,-0.27224566189144705,-1.1005739867334405,-0.24870874165367232,-1.1663334699635974,0.31659043749181154,-0.9414499936786199,-0.709702382748186
CASE,arousal,baseline_delta,linear_logistic,20260911,0.24747748904056707,0.12601856048124174,0.20465997031965621,0.07900747267777004,-0.04281751872091086,0.047097959728531064,0.0,-0.32018232057328494,-0.11448378143164115,-0.31945292859507934,-0.19674563439632162,0.3197269263932249,0.029509337458783678,-0.709702382748186
CASE,arousal,baseline_delta,linear_logistic,20260923,0.23611006093075404,0.13152478148400942,0.1980369164792053,0.08167155161741899,-0.038073144451548774,0.04994393643975128,0.0,-0.3906853038164063,-0.03182414251951744,-0.3814513493806159,-0.13557011068513852,0.4064164951625671,0.14688509234285962,-0.709702382748186
CASE,arousal,baseline_delta,linear_logistic,20261007,0.2950688447133951,0.14818674850742622,0.23267575558292602,0.09467961892001585,-0.06239308913046908,0.05363872465863078,0.0,-0.025011546753100994,0.2183060605778636,-0.05719710443418432,0.16313550117317338,-0.037959390257057475,0.2992681229621903,-0.709702382748186
CASE,arousal,facial_emg,gpu_mlp,20260813,0.5521359136208139,0.22811086317686016,0.4096182059053345,0.15453537741184772,-0.14251770771547934,0.07415333778211988,0.0,1.5693680329068198,1.4181304874626268,1.5991615413179239,1.537609552362674,-1.5020025366415648,1.1453460940260882,-0.709702382748186
CASE,arousal,facial_emg,gpu_mlp,20260829,0.472105912644439,0.10623560082911893,0.3445828403740202,0.06569502975066434,-0.12752307227041879,0.04056043495849883,0.5,1.0730065197063505,-0.41146646713125823,0.9903653492161415,-0.5024406555987503,-1.2280194133074585,-0.24011581510505373,1.9310506693380876
CASE,arousal,facial_emg,gpu_mlp,20260911,0.4231070346188489,0.19080801530808406,0.3166765415501014,0.11886102169083512,-0.10643049306874759,0.071981317414591,0.5,0.7691060205786947,0.8581384468821567,0.7291344278418938,0.7184155856179905,-0.8426141962203315,1.055766116348413,1.9310506693380876
CASE,arousal,facial_emg,gpu_mlp,20260923,0.42088735084510875,0.1952457287464595,0.3172982306394172,0.1251960251105043,-0.10358912020569153,0.07032279612089086,0.0,0.7553391133774136,0.9247576018756111,0.7349540607009488,0.8638869326350072,-0.7906964143956778,0.9873642253308638,-0.709702382748186
CASE,arousal,facial_emg,gpu_mlp,20261007,0.5032745938854633,0.22240725988212218,0.370119666210161,0.14322520957195872,-0.13315492767530218,0.07957181823316732,0.5,1.2663206968463074,1.332507736649671,1.2294156290200315,1.2778929836945676,-1.3309251051230149,1.3688188409248556,1.9310506693380876
CASE,arousal,facial_emg,linear_logistic,20260813,0.4600069829067571,0.22051446766419555,0.3422199583246872,0.14063605175054103,-0.11778702458206988,0.0799177985316894,0.5,0.997966622174989,1.3040930542039701,0.9682464054342858,1.2184378814681278,-1.0501216068314525,1.3830880015100229,1.9310506693380876
CASE,arousal,facial_emg,linear_logistic,20260829,0.3644337125885665,0.09681033697703427,0.2779185651980446,0.05786916573207187,-0.08651514739052196,0.038941239704548034,0.0,0.4052027524024685,-0.552958954678199,0.36632093054030845,-0.6821467906928498,-0.47871947992723907,-0.30689579418496044,-0.709702382748186
CASE,arousal,facial_emg,linear_logistic,20260911,0.32963132779629134,0.16822693405540062,0.255902759788873,0.10326786043695274,-0.07372856800741838,0.06499760854871489,0.25,0.1893516444713541,0.5191502330683764,0.1602309302818503,0.3603481906087098,-0.24508212548950567,0.7677391283582803,0.6106741432949508
CASE,arousal,facial_emg,linear_logistic,20260923,0.32888403807498334,0.1788913807504402,0.25692353159445014,0.11089097815345277,-0.0719605064805332,0.06802406808297921,0.25,0.18471680938023508,0.6792453895407501,0.16978637727846937,0.5353986411334004,-0.21277597032102877,0.8925584816087422,0.6106741432949508
CASE,arousal,facial_emg,linear_logistic,20261007,0.40919228106979333,0.19889981931530634,0.30502193300329805,0.1255056356157871,-0.10417034806649528,0.07341857210859468,0.5,0.6828040332844584,0.9796129748839327,0.6200356129776272,0.8709965510946072,-0.8013166542311365,1.1150423760606836,1.9310506693380876
CASE,arousal,wearable_core,gpu_mlp,20260813,0.5767132731630997,0.23218607375874462,0.4294906306513843,0.1613031687451744,-0.14722264251171538,0.0718279483191684,0.0,1.7218015606345305,1.4793077331670974,1.785187350727715,1.693019053568679,-1.5879714643476872,1.0494407612321384,-0.709702382748186
CASE,arousal,wearable_core,gpu_mlp,20260829,0.49039468179901136,0.11061245810816255,0.35646343938424685,0.06919640463647359,-0.13393124241476453,0.04144708833242291,0.5,1.18643699604506,-0.3457608875561206,1.101579661278885,-0.42203821738241476,-1.3451099872955432,-0.20354783874932628,1.9310506693380876
CASE,arousal,wearable_core,gpu_mlp,20260911,0.4395304102333867,0.19648091604419282,0.3278411147370199,0.12342943385537344,-0.11168929549636682,0.07311014154981493,0.5,0.8709669661295779,0.9433002894953337,0.8336460206823297,0.8233205126210166,-0.9387034355616405,1.1023218680103672,1.9310506693380876
CASE,arousal,wearable_core,gpu_mlp,20260923,0.4582720315229205,0.20542421719516263,0.3432533370898584,0.13551533101435267,-0.1150186944330621,0.07051294318582638,0.25,0.9872061188174467,1.0775575311588927,0.9779198662059045,1.1008502348887372,-0.9995384670529542,0.9952064030963412,0.6106741432949508
CASE,arousal,wearable_core,gpu_mlp,20261007,0.5084855527378481,0.22408719817903172,0.37395550700352576,0.14465962494376425,-0.13453004573432242,0.07985346201613672,0.5,1.2986400694520717,1.357727046399024,1.2653229426705517,1.3108316141096026,-1.3560513672548236,1.3804345900995094,1.9310506693380876
CASE,arousal,wearable_core,linear_logistic,20260813,0.48636355358271605,0.22902393792538253,0.3613774807797966,0.14848559973944933,-0.12498607280291946,0.08065878377325866,0.25,1.161435160771609,1.4318376069143708,1.1475800130106018,1.3986878740531101,-1.1816631653980498,1.4136482312351148,0.6106741432949508
CASE,arousal,wearable_core,linear_logistic,20260829,0.3819894065617902,0.10240377310882787,0.2886244343161877,0.06137202678578759,-0.09336497224560253,0.04103191631930087,0.0,0.5140865549705338,-0.4689900383016704,0.4665385936382015,-0.6017102254472254,-0.6038800024996496,-0.22067065224770063,-0.709702382748186
CASE,arousal,wearable_core,linear_logistic,20260911,0.3454454341777553,0.1757105038979976,0.26599250316075035,0.10795037668240723,-0.07945293101700501,0.06779127493420622,0.25,0.2874337846394375,0.6314939222613444,0.2546810389865594,0.467873301572407,-0.34967812331894393,0.8829574643336024,0.6106741432949508
CASE,arousal,wearable_core,linear_logistic,20260923,0.3649161085273199,0.19416088274221208,0.28055824041916383,0.12198584995720915,-0.08435786810815613,0.07225574731762376,0.25,0.4081946651251998,0.9084718445583367,0.39103093577936643,0.7901713443749476,-0.4393015082231484,1.06708434565937,0.6106741432949508
CASE,arousal,wearable_core,linear_logistic,20261007,0.4145894110933024,0.20114593491394334,0.30860505945344757,0.12700797838812328,-0.10598435163985485,0.07416790563750625,0.5,0.7162780754277225,1.013331763912724,0.6535772671353158,0.9054950055223455,-0.8344622659793707,1.145946911670265,1.9310506693380876
CASE,valence,all,gpu_mlp,20260813,0.2774463824062417,0.1318604171788003,0.22372318750912185,0.08202445301509594,-0.053723194897119866,0.04993284606916231,0.0,-0.1343094594156171,-0.02678556427801797,-0.14100211280673938,-0.1274663989294573,0.12045757891386483,0.146427695550155,-0.709702382748186
CASE,valence,all,gpu_mlp,20260829,0.19007492849323443,0.06006960181476899,0.17092904114066643,0.04044509938852412,-0.01914588735256801,0.019637299120502192,0.0,-0.6762040807537781,-1.1045125338665918,-0.6352082268464012,-1.0822574510343916,0.7522567815187553,-1.1030423646599734,-0.709702382748186
CASE,valence,all,gpu_mlp,20260911,0.26896684684563443,0.2079883716851046,0.21821118839327347,0.13146495341916362,-0.050755658452361,0.07657279754282549,0.25,-0.186901175656414,1.1160507344187993,-0.1925999480027472,1.0078409899575849,0.17468063133296563,1.2451311395975637,0.6106741432949508
CASE,valence,all,gpu_mlp,20260923,0.3147789598235633,0.14760874247229616,0.24808625166059345,0.09068809354552931,-0.06669270816296988,0.05693138852092118,0.25,0.09723439154604485,0.20962900781720187,0.08706058142392091,0.07147768594984999,-0.11652235739204012,0.43506646062678406,0.6106741432949508
CASE,valence,all,gpu_mlp,20261007,0.30861513575670024,0.14871101015905888,0.24270904922663128,0.09135705174783884,-0.06590608653006894,0.05740635537564013,0.0,0.05900516496096978,0.22617630022092317,0.036724578247612646,0.08683904321224764,-0.10214914687591713,0.45465537465329736,-0.709702382748186
CASE,valence,all,linear_logistic,20260813,0.20006709486780733,0.10396131071870979,0.17501666142199768,0.0677251514992296,-0.02505043344580966,0.03655738260287094,0.0,-0.6142307362414123,-0.44560821320598715,-0.5969440048849783,-0.4558227572633848,0.6443684646321014,-0.4052124900813041,-0.709702382748186
CASE,valence,all,linear_logistic,20260829,0.12954966684659522,0.04264660951949769,0.13086023646506714,0.0319901547993327,0.0013105696184719275,0.010680062517587494,0.0,-1.051593435886346,-1.3660672827900253,-1.0102923908129964,-1.2764092291573694,1.1260387246550623,-1.4724629589316731,-0.709702382748186
CASE,valence,all,linear_logistic,20260911,0.2027963204391286,0.17495535474961524,0.17310760910322315,0.1115829921996558,-0.029688711335905456,0.06365970280700972,0.0,-0.5973035524613404,0.6201575890668161,-0.6148146476144853,0.5512894321538586,0.5596174970026351,0.7125602873729464,-0.709702382748186
CASE,valence,all,linear_logistic,20260923,0.2317137398315795,0.1240884037360586,0.195697149743677,0.07707115667138024,-0.036016590087902506,0.047175704526140526,0.0,-0.4179521358378829,-0.14345938185168297,-0.4033539106618343,-0.24120946164944795,0.4439940134638742,0.03271574258210875,-0.709702382748186
CASE,valence,all,linear_logistic,20261007,0.22645517382125002,0.11850200815340248,0.19118325869317346,0.07587669989103685,-0.03527191512807658,0.042771446173817736,0.0,-0.45056677722620697,-0.22732260518589562,-0.4456084541807094,-0.2686378977968806,0.4576007711679448,-0.14892774971011735,-0.709702382748186
CASE,valence,baseline_delta,gpu_mlp,20260813,0.10939213721962665,0.044423030490626826,0.11606007007621108,0.03367096975337215,0.00666793285658443,0.011021747612870062,0.0,-1.1766143253772636,-1.3393995707683595,-1.1488367791838119,-1.2378124993290478,1.2239288746484662,-1.4583709441118353,-0.709702382748186
CASE,valence,baseline_delta,gpu_mlp,20260829,0.07732171591866752,0.023657357795530607,0.0925879948521979,0.019728591991671908,0.015266278933530372,0.004008525343347963,0.0,-1.3755212684200337,-1.651134789147937,-1.3685589242100495,-1.5579727801139556,1.3810385104445966,-1.7476151444630141,-0.709702382748186
CASE,valence,baseline_delta,gpu_mlp,20260911,0.1329547316756602,0.10909526150151784,0.12758833438002473,0.07396190437372814,-0.005366397295635435,0.035609117217028335,0.0,-1.0304745665813297,-0.3685371116853216,-1.040920673041142,-0.3126075478053078,1.0040366755736858,-0.44432151196995967,-0.709702382748186
CASE,valence,baseline_delta,gpu_mlp,20260923,0.14466458171033958,0.06558802028518797,0.1405406571657065,0.044024177842944705,-0.0041239245446331035,0.02171788324585523,0.0,-0.9578478164669589,-1.0216697860180137,-0.9196739524857012,-1.0000706976338174,1.0267392325130928,-1.0172334642039917,-0.709702382748186
CASE,valence,baseline_delta,gpu_mlp,20261007,0.1357720529940173,0.06321874142808644,0.13394380714347043,0.04461237696282048,-0.001828245850546882,0.018801912455288446,0.0,-1.013000995974171,-1.0572375074574005,-0.9814270792743884,-0.9865638196395793,1.068686048831625,-1.1374959636873223,-0.709702382748186
CASE,valence,baseline_delta,linear_logistic,20260813,0.07217912171114278,0.0303144178666961,0.08748364346058368,0.026076314799371125,0.01530452174944091,0.00467709225645477,0.0,-1.4074166303028417,-1.5511987020525835,-1.4163407682110327,-1.4122093564574507,1.3817372860958388,-1.7200416419086721,-0.709702382748186
CASE,valence,baseline_delta,linear_logistic,20260829,0.05017069660777925,0.015725821550217907,0.06922123600234673,0.01508608898155215,0.019050539394567467,0.0008801462623777958,0.0,-1.543917130792521,-1.7702033702540034,-1.5872952024385536,-1.6645790629639095,1.4501848064264875,-1.876637934686406,-0.709702382748186
CASE,valence,baseline_delta,linear_logistic,20260911,0.09126817864297052,0.07913444629704273,0.0974394336760168,0.05879279816465615,0.006171255033046278,0.020962291105002754,0.0,-1.2890226147005053,-0.818310225599556,-1.323144595282605,-0.6609373224075658,1.2148535395472986,-1.0483961218488638,-0.709702382748186
CASE,valence,baseline_delta,linear_logistic,20260923,0.0972821511105703,0.04686134075745079,0.10680391325665918,0.03488256234672812,0.009521762146088875,0.012202214159126956,0.0,-1.2517227966579565,-1.3027955466817698,-1.2354836824371942,-1.2099905717127029,1.2760742612479352,-1.4096853201444857,-0.709702382748186
CASE,valence,baseline_delta,linear_logistic,20261007,0.09094920343826979,0.04420011728958089,0.10162833325750345,0.0349746049945911,0.010679129819233649,0.00951613786147542,0.0,-1.2910009604876735,-1.3427459538317963,-1.283932297581627,-1.2078769867498174,1.2972217717089907,-1.5204663507376337,-0.709702382748186
CASE,valence,facial_emg,gpu_mlp,20260813,0.1764019129363944,0.08018891293114971,0.1608442363818607,0.053538438976463085,-0.015557676554533707,0.026906282450554448,0.0,-0.7610067623607687,-0.8024805247618392,-0.7296121051838677,-0.7815937227568494,0.8178208430945542,-0.8032498884106382,-0.709702382748186
CASE,valence,facial_emg,gpu_mlp,20260829,0.11887797426978511,0.03632730658361254,0.12375121380683209,0.02726687951405738,0.00487323953704699,0.009113473706444953,0.0,-1.1177813330650475,-1.4609329444832326,-1.0768399667132948,-1.3848702942213353,1.1911361013319464,-1.5370733064358746,-0.709702382748186
CASE,valence,facial_emg,gpu_mlp,20260911,0.18450251355653347,0.15064672510789173,0.1619081798972588,0.0965779870172223,-0.02259433365927465,0.05439613155130083,0.0,-0.7107652737616139,0.25523534064572584,-0.719652527721758,0.20672792661328068,0.6892465073961733,0.3305056258662225,-0.709702382748186
CASE,valence,facial_emg,gpu_mlp,20260923,0.21024426870543345,0.10014578086524324,0.1828069097268038,0.0626160071912435,-0.02743735897862966,0.03765919360209444,0.0,-0.5511099397336182,-0.5028871200619676,-0.5240194742892403,-0.5731445731095199,0.600754379111711,-0.3597708329997227,-0.709702382748186
CASE,valence,facial_emg,gpu_mlp,20261007,0.2115127334177569,0.10170388046668856,0.18269286143348895,0.06542060634466876,-0.028819871984267963,0.036409271440239144,0.0,-0.5432426767526253,-0.47949685832349803,-0.5250870806003383,-0.5087422690121269,0.5754929959508698,-0.4113209938691695,-0.709702382748186
CASE,valence,facial_emg,linear_logistic,20260813,0.12047801632514585,0.05793611241040029,0.12308814719082034,0.042570036088841794,0.002610130865674496,0.015778559578542954,0.0,-1.1078575634024967,-1.1365405733694223,-1.0830469346858729,-1.033462307031573,1.149784406954382,-1.2621871900033643,-0.709702382748186
CASE,valence,facial_emg,linear_logistic,20260829,0.0785078662536314,0.024740694822146483,0.09338169826316939,0.02112952725400429,0.01487383200953798,0.003700761569867848,0.0,-1.3681645350954932,-1.634871684671166,-1.361129064927949,-1.5258029569592635,1.3738676902954667,-1.7603081524893205,-0.709702382748186
CASE,valence,facial_emg,linear_logistic,20260911,0.13143452282322315,0.11578515536105358,0.12545044558498186,0.078718039822134,-0.005984077238241278,0.03759112754449363,0.0,-1.0399031953101878,-0.26810812227285485,-1.060933454501292,-0.2033919113737941,0.9927503805172943,-0.362578060782501,-0.709702382748186
CASE,valence,facial_emg,linear_logistic,20260923,0.14639563701304667,0.07625101477816691,0.14094775209888888,0.051000941432019054,-0.005447884914157781,0.025491795448647894,0.0,-0.9471114773565916,-0.8615964300687028,-0.9158631359688626,-0.8398625446325482,1.002547727588414,-0.8615871470986445,-0.709702382748186
CASE,valence,facial_emg,linear_logistic,20261007,0.14734131097723774,0.07520418185246215,0.14092693593679817,0.0526106373256637,-0.006414375040439565,0.022805038068653118,0.0,-0.9412462248995945,-0.877311533330374,-0.9160579961055201,-0.8028989292366664,0.9848879462325765,-0.9723962673644382,-0.709702382748186
CASE,valence,wearable_core,gpu_mlp,20260813,0.1951694394239149,0.09015234778572459,0.17272865868709297,0.05892370428478147,-0.022440780736821934,0.03146425614034052,0.0,-0.6446069406348447,-0.6529089897672102,-0.6183620032486188,-0.6579313114607878,0.6920522381153242,-0.6152667610465996,-0.709702382748186
CASE,valence,wearable_core,gpu_mlp,20260829,0.12651394937762583,0.03876038078940907,0.12909905800402272,0.02866516554664894,0.0025851086263968606,0.010142483905393357,0.0,-1.0704215415737564,-1.4244075243817775,-1.0267787860525106,-1.352761305606646,1.1493271986884515,-1.4946341506940846,-0.709702382748186
CASE,valence,wearable_core,gpu_mlp,20260911,0.19499862036734666,0.158566106387958,0.168834223998948,0.10104158396650005,-0.02616439636839866,0.05781627901883682,0.0,-0.6456663933946506,0.3741214508633636,-0.6548178144701327,0.30922597085054665,0.6240140490861161,0.47156173122162387,-0.709702382748186
CASE,valence,wearable_core,gpu_mlp,20260923,0.23838467268132396,0.11404123810623833,0.20041549343198137,0.07033523241465346,-0.03796917924934259,0.0438063118044775,0.0,-0.3765777227007976,-0.2942878870340574,-0.35918548557496244,-0.395887195837919,0.4083161552725364,-0.10624710017303961,-0.709702382748186
CASE,valence,wearable_core,gpu_mlp,20261007,0.21560376818019733,0.10375663182140137,0.18523995526072476,0.06652147000497582,-0.030363812919472544,0.03735780335283604,0.0,-0.5178692895170046,-0.4486808620764087,-0.50124372998212,-0.4834630214824839,0.5472819893398301,-0.37220097969837107,-0.709702382748186
CASE,valence,wearable_core,linear_logistic,20260813,0.1346292489266621,0.06620011883790544,0.13272633578097703,0.0471851395653887,-0.0019029131456850326,0.01942144814724207,0.0,-1.020088887380439,-1.012480934840259,-0.9928238312327067,-0.927485202540719,1.0673217223157976,-1.1119446409256168,-0.709702382748186
CASE,valence,wearable_core,linear_logistic,20260829,0.08382722157034034,0.02651330302067249,0.09757452383613939,0.022263542550922936,0.013747302265799073,0.004328174468458671,0.0,-1.3351728666956384,-1.6082612101643887,-1.321880016012524,-1.4997624449260003,1.353283652834254,-1.7344319524818619,-0.709702382748186
CASE,valence,wearable_core,linear_logistic,20260911,0.1399417510388538,0.12329517421532676,0.13119951707456035,0.08277171091710976,-0.008742233964293468,0.041025399397959725,0.0,-0.9871397238777847,-0.1553673793194877,-1.0071163843213595,-0.1103070374620979,0.9423531302995382,-0.22093942765929186,-0.709702382748186
CASE,valence,wearable_core,linear_logistic,20260923,0.16851158314168818,0.08922042686501329,0.15547272277598548,0.05795090176104175,-0.013038860365702707,0.03150327534394256,0.0,-0.80994411071476,-0.6668990288088561,-0.7798948552286136,-0.6802698776990616,0.8638448447482763,-0.6136575038591783,-0.709702382748186
CASE,valence,wearable_core,linear_logistic,20261007,0.15051541289368203,0.07695814657942249,0.1430171055785489,0.05356807441782416,-0.0074983073151331184,0.02359841329340836,0.0,-0.9215598321584038,-0.8509809354625681,-0.8964919137386592,-0.7809132010130325,0.9650822529770589,-0.9396753334422336,-0.709702382748186
CEAP,arousal,cardiovascular,gpu_mlp,20260813,0.4201663550711865,0.2247602699382237,0.4056154464871707,0.1534546203228219,-0.01455090858401581,0.07138898121201231,0.0,1.5891210698032447,1.9594473075187664,1.494749665137415,2.0232753856068477,-1.8602292183466638,2.045637079548246,-0.4048685289117948
CEAP,arousal,cardiovascular,gpu_mlp,20260829,0.34001917279758925,0.12948092972901418,0.35271475775315586,0.08772830160497908,0.012695584955566573,0.04177036765802174,0.0,1.0098120914681576,0.5256148329806716,1.0256513834839451,0.32476045105194723,-0.8720278872708326,0.688597289944998,-0.4048685289117948
CEAP,arousal,cardiovascular,gpu_mlp,20260911,0.4043453867227076,0.15190067333324678,0.3963168499322903,0.10066266903222876,-0.008028536790417262,0.05124645685695848,0.25,1.4747660949902581,0.8630033621201636,1.412294109830466,0.6590134059225206,-1.6236697330374092,1.122764475702893,2.086630110545404
CEAP,arousal,cardiovascular,gpu_mlp,20260923,0.3828954684365441,0.15936631653548955,0.38001214822865886,0.11022443117390436,-0.0028833202078852524,0.0493613186838663,0.0,1.3197247086903683,0.9753517646509315,1.2677117284837374,0.9061107044646455,-1.43705820197397,1.0363928599240917,-0.4048685289117948
CEAP,arousal,cardiovascular,gpu_mlp,20261007,0.4365057914124505,0.20508074520923844,0.4189896831892803,0.14048936203797768,-0.017516108223170235,0.0646477336562685,0.0,1.7072235645499263,1.6632955753810668,1.6133460691829518,1.6882241419535,-1.9677738543586742,1.7367724816819676,-0.4048685289117948
CEAP,arousal,cardiovascular,linear_logistic,20260813,0.33296091269109096,0.20302546293166376,0.34157860235365883,0.1428224770726361,0.008617689662567866,0.060470135229988106,0.0,0.9587945343298347,1.6323662000573245,0.9269012256476994,1.748517047561282,-1.0199288107667281,1.5453669225016804,-0.4048685289117948
CEAP,arousal,cardiovascular,linear_logistic,20260829,0.2504937277116689,0.107454433303675,0.28901633523658077,0.07882613612803371,0.03852260752491189,0.02870166697369472,0.0,0.36271642750988053,0.1941441720209951,0.46080390679412114,0.09470860412923236,0.06469074199700427,0.08982696618494071,-0.4048685289117948
CEAP,arousal,cardiovascular,linear_logistic,20260911,0.30784937132593204,0.1328159392421373,0.32932198231171117,0.09260537814920086,0.021472610985779107,0.04024441792756632,0.0,0.7772867013656084,0.5758024700099551,0.8182153174269962,0.4507950062944166,-0.5536944916967249,0.6186826567908289,-0.4048685289117948
CEAP,arousal,cardiovascular,linear_logistic,20260923,0.2898557133752456,0.1352844140237574,0.31486817017405794,0.09951891353479639,0.025012456798812296,0.03664316130940377,0.0,0.6472273866371219,0.6129498652028021,0.6900457491401558,0.6294562082615969,-0.4253080503676503,0.4536834236393443,-0.4048685289117948
CEAP,arousal,cardiovascular,linear_logistic,20261007,0.34482700816911227,0.1919151681411449,0.35306170155061684,0.13293477621041724,0.008234693381504572,0.05936958320054092,0.0,1.0445634341613097,1.4651704424318157,1.0287279169490873,1.4929967642028457,-1.0338196783821887,1.4949427899957477,-0.4048685289117948
CEAP,arousal,electrodermal_thermal,gpu_mlp,20260813,0.31078568226212555,0.1762103305999029,0.3274956674345455,0.12443919706567512,0.016709985172419978,0.051986151346850314,0.25,0.7985105453020505,1.2288326799690021,0.8020204210818052,1.2734520165807588,-0.726429862629514,1.1566551523580888,2.086630110545404
CEAP,arousal,electrodermal_thermal,gpu_mlp,20260829,0.234569869607049,0.08879141596368512,0.27875736511028715,0.0658486087369582,0.04418749550323813,0.023097255949763647,0.0,0.24761775893473884,-0.08671042118029719,0.36983221298544994,-0.24065970064322295,0.27015020166820525,-0.16695104750911535,-0.4048685289117948
CEAP,arousal,electrodermal_thermal,gpu_mlp,20260911,0.29582337471875697,0.1103749505387063,0.3223876591663164,0.07720838064673678,0.02656428444755944,0.03317328713394329,0.0,0.6903620259081299,0.23809422924054877,0.7567250202346462,0.052902187779689504,-0.36902491265437404,0.29470375659877784,-0.4048685289117948
CEAP,arousal,electrodermal_thermal,gpu_mlp,20260923,0.2855406622964539,0.11792766581971159,0.3134317647784865,0.08674846982245213,0.027891102482032595,0.03176991512303469,0.0,0.6160379204449706,0.35175295543519924,0.6773083856209721,0.2994394084553265,-0.3209026342460719,0.23040528243330136,-0.4048685289117948
CEAP,arousal,electrodermal_thermal,gpu_mlp,20261007,0.3285033520119386,0.16775754901655035,0.342746025673786,0.11565422799296939,0.014242673661847428,0.05244423243584081,0.0,0.9265749995982051,1.1016291045897413,0.9372533833707747,1.0464287866072404,-0.8159166259586894,1.1776431119562563,-0.4048685289117948
CEAP,arousal,electrodermal_thermal,linear_logistic,20260813,0.2314794703591781,0.1443173785680861,0.2685145368163122,0.11057959978632975,0.037035066457134155,0.034334725486755584,0.0,0.22528015479015254,0.7488844537145496,0.27900365730946936,0.9152890549984614,0.010739210176133718,0.3479175255371684,-0.4048685289117948
CEAP,arousal,electrodermal_thermal,linear_logistic,20260829,0.16393031003160274,0.06767431503476985,0.22317014705505356,0.05680176793164734,0.0592398370234508,0.011233550042666985,0.0,-0.2629695122184382,-0.4044958404904387,-0.12308893975637034,-0.4744502813134546,0.8160826132819367,-0.7105119720856186,-0.4048685289117948
CEAP,arousal,electrodermal_thermal,linear_logistic,20260911,0.21290357118735748,0.08772866260199802,0.26157663488108296,0.06803828710097871,0.04867306369372551,0.01970461692886987,0.0,0.09101236313969005,-0.10270350298654798,0.21748162510190633,-0.1840735190996198,0.43283698740199167,-0.3223920216357777,-0.4048685289117948
CEAP,arousal,electrodermal_thermal,linear_logistic,20260923,0.20525940135838427,0.09229855441556634,0.2540702220262405,0.07542891946130119,0.04881082066785627,0.018256511977975794,0.0,0.03575981291620973,-0.0339324632938666,0.1509183070080161,0.006916934719980009,0.4378332862836525,-0.38874003061001794,-0.4048685289117948
CEAP,arousal,electrodermal_thermal,linear_logistic,20261007,0.24528958214577984,0.14312501650300186,0.2815887442103759,0.10467219685088673,0.036299162064596074,0.03937687626088152,0.0,0.3251005292916418,0.7309409263289576,0.39493954338788295,0.7626285636455578,-0.01595125915689111,0.5789343897531448,-0.4048685289117948
CEAP,arousal,minimal_pair,gpu_mlp,20260813,0.3806419759220656,0.20933151321292418,0.3770967061413935,0.14353663949305226,-0.003545269780672107,0.06589807105955836,0.25,1.3034363201380192,1.7272642090012118,1.2418589672791935,1.7669726002293402,-1.461066408680743,1.7940593497387927,2.086630110545404
CEAP,arousal,minimal_pair,gpu_mlp,20260829,0.2931973713577112,0.1119658229309147,0.32050177748976233,0.07826446081727254,0.02730440613205113,0.03375701420822549,0.0,0.6713811050443269,0.2620348284699925,0.7400019136920948,0.08019365909185515,-0.34218148662928766,0.3214484543080636,-0.4048685289117948
CEAP,arousal,minimal_pair,gpu_mlp,20260911,0.35751184939323366,0.13509492869268858,0.3645514617137565,0.09086315243016652,0.007039612320522803,0.04424187318806616,0.25,1.1362502808030703,0.6100983527916276,1.130613674547432,0.4057720008854411,-1.0771639969268862,0.8018345736004603,2.086630110545404
CEAP,arousal,minimal_pair,gpu_mlp,20260923,0.3431998285110843,0.14330549265092504,0.35301056121063845,0.10093793703783231,0.009810732699554188,0.04273898657165079,0.25,1.0328020751400788,0.7336568620313207,1.0282744286074204,0.6661269462461451,-0.9766584091839378,0.7329766260797171,2.086630110545404
CEAP,arousal,minimal_pair,gpu_mlp,20261007,0.38835537691702027,0.19063227812356465,0.3848307730383256,0.13004483878462042,-0.0035246038786947292,0.060717252060019225,0.0,1.3591892776733467,1.4458645848930425,1.3104410137206988,1.4183143238441025,-1.4603168784040392,1.5566891057774628,-0.4048685289117948
CEAP,arousal,minimal_pair,linear_logistic,20260813,0.29513339185564597,0.18256750984456135,0.31449777739976587,0.13135809665213052,0.01936438554411994,0.05159178646112264,0.25,0.6853747854817221,1.3245001145611843,0.6867612812416206,1.4522518414839287,-0.6301575853652343,1.138586486160083,2.086630110545404
CEAP,arousal,minimal_pair,linear_logistic,20260829,0.21095476110133582,0.08942292539066095,0.25995893466200104,0.06907309435558504,0.04900417356066525,0.020506989159836037,0.0,0.07692623873860512,-0.077207010237414,0.2031366248540395,-0.1573317874672738,0.44484598998307046,-0.28562963093477506,-0.4048685289117948
CEAP,arousal,minimal_pair,linear_logistic,20260911,0.2656453862640508,0.11329127778041823,0.29982511502561005,0.08204879325643362,0.03417972876155924,0.03127152836629795,0.0,0.4722335881518962,0.2819812324079205,0.5566510525902432,0.17798926503213924,-0.0928208500326772,0.2075706329224384,-0.4048685289117948
CEAP,arousal,minimal_pair,linear_logistic,20260923,0.25437271251811705,0.11771471278032411,0.28989784783447964,0.0897534083750025,0.03552513531636257,0.02904603879171289,0.0,0.3907539786932747,0.34854828396334697,0.46862074348994204,0.3770937348878977,-0.04402438576973205,0.10560509363229051,-0.4048685289117948
CEAP,arousal,minimal_pair,linear_logistic,20261007,0.2993698264538154,0.17142341215117932,0.32063653464612873,0.12064790059947758,0.021266708192313355,0.05141549829689392,0.0,0.7159960067053337,1.156795666386891,0.7411968764043919,1.1754764446214307,-0.5611623669401757,1.1305094688865227,-0.4048685289117948
CEAP,arousal,wearable_all,gpu_mlp,20260813,0.45905707901712955,0.23716032156884495,0.4342541311165059,0.16250412951684112,-0.024802947900623665,0.07477677452665839,0.0,1.8702257189838827,2.146052259598559,1.7487039721594817,2.257134923403551,-2.2320597764401557,2.20085603733458,-0.4048685289117948
CEAP,arousal,wearable_all,gpu_mlp,20260829,0.38365811060957417,0.14459176884731761,0.38237397059943196,0.09620079101442194,-0.0012841400101421888,0.04839454050164083,0.5,1.325237135273066,0.753013677239774,1.2886552519465613,0.5437085083221971,-1.3790576376905694,0.9920978608145371,4.578128750002603
CEAP,arousal,wearable_all,gpu_mlp,20260911,0.45266527270015455,0.1668655761339444,0.4293557826678187,0.11024174432678639,-0.023309490032335872,0.05663071261049731,0.0,1.8240253326176816,1.0882060510434053,1.7052677354070171,0.9065581150196258,-2.177893648560117,1.3694556073331232,-0.4048685289117948
CEAP,arousal,wearable_all,gpu_mlp,20260923,0.43718026163995016,0.17900853056878568,0.4171678919870047,0.12231801828185995,-0.020012369652945408,0.05674952257286138,0.25,1.7120986786503378,1.2709420184344653,1.5971912866466444,1.218636017245123,-2.0583106004553207,1.3748991385110902,2.086630110545404
CEAP,arousal,wearable_all,gpu_mlp,20261007,0.46595835804295205,0.2120827377811248,0.4401645762400378,0.14634728495139418,-0.02579378180291425,0.06583281542851388,0.25,1.9201086067940465,1.7686666276364724,1.801115003425946,1.8396059589790774,-2.267996267853121,1.7910695241798884,2.086630110545404
CEAP,arousal,wearable_all,linear_logistic,20260813,0.3713266008685019,0.2216443361334037,0.36923240097490995,0.15381621913626636,-0.0020941998935919554,0.06800557620983196,0.25,1.2361041912720752,1.9125564803147581,1.1721220294758894,2.032619906902638,-1.4084376477793268,1.890619181633075,2.086630110545404
CEAP,arousal,wearable_all,linear_logistic,20260829,0.2889852887322606,0.12449112939821524,0.31629435515398946,0.08789991539798114,0.027309066421728874,0.03662102467537205,0.0,0.6409359014427451,0.45052470599143274,0.7026924828484769,0.32919533491697794,-0.3420124628811105,0.45266918665846184,-0.4048685289117948
CEAP,arousal,wearable_all,linear_logistic,20260911,0.353348677244952,0.15243168008032923,0.3606267990838453,0.10341779704602252,0.007278121838893287,0.049044803626378586,0.25,1.1061586052701597,0.8709943359922944,1.0958116230085992,0.7302120698569561,-1.0685135104639012,1.0218910492219662,2.086630110545404
CEAP,arousal,wearable_all,linear_logistic,20260923,0.3406012616331002,0.15881347308047744,0.34993262727354124,0.11277641632613707,0.009331365640441024,0.04661041050207415,0.25,1.0140194669370668,0.9670321761924928,1.0009807665495423,0.9720597029539355,-0.9940445423831089,0.9103541493871463,2.086630110545404
CEAP,arousal,wearable_all,linear_logistic,20261007,0.3734381444842035,0.20313171787564996,0.3734853899187224,0.14015525793506572,4.7245434518880525e-05,0.06322518936994882,0.0,1.2513665640719862,1.633965201361627,1.209835523443139,1.679590145412051,-1.3307697041743647,1.6715955889320888,-0.4048685289117948
CEAP,valence,cardiovascular,gpu_mlp,20260813,0.10456372479262852,0.06300475836249013,0.1660032429740727,0.06254415933696886,0.06143951818144418,0.004902774661248501,0.0,-0.6920750012252874,-0.4747667091143121,-0.6300180008631636,-0.3260540566006518,0.8958627084752353,-1.0005699140606932,-0.4048685289117948
CEAP,valence,cardiovascular,gpu_mlp,20260829,0.09502659580174261,0.04951790374559954,0.1578597717028528,0.053605975659760295,0.06283317590111023,0.004638028544659267,0.0,-0.7610099817851732,-0.677726659158158,-0.7022304516165194,-0.557036694297234,0.9464091911496886,-1.0126998206040778,-0.4048685289117948
CEAP,valence,cardiovascular,gpu_mlp,20260911,0.10458551424816406,0.04924727140539913,0.16761073829227197,0.05462155597957424,0.0630252240441079,0.0073088304008603385,0.0,-0.6919175056419531,-0.6817993304968506,-0.6157634928486317,-0.5307918296205859,0.9533745729616723,-0.8903313517895495,-0.4048685289117948
CEAP,valence,cardiovascular,gpu_mlp,20260923,0.04913381150892758,0.020689701502283542,0.10702073119498084,0.03059876100217504,0.057886919686053286,0.010106505082987365,0.0,-1.0927259726339424,-1.111554312333102,-1.1530470121165994,-1.1515945283694227,0.7670137409255898,-0.7621499345503054,-0.4048685289117948
CEAP,valence,cardiovascular,gpu_mlp,20261007,0.1403741660469112,0.05969647118945811,0.20227540696441598,0.05579596934738231,0.061901240917504825,0.005032741994271701,0.0,-0.4332348330715375,-0.5245522090283076,-0.30837361008262887,-0.5004423640872089,0.9126089008504212,-0.9946151842101688,-0.4048685289117948
CEAP,valence,cardiovascular,linear_logistic,20260813,0.0694248592727908,0.04344103701028673,0.12906850395558123,0.05082478910344474,0.05964364468279044,0.008339085771870411,0.0,-0.9460609768602304,-0.7691757482198557,-0.9575377935450534,-0.6289087691956398,0.8307282874446811,-0.843128010236624,-0.4048685289117948
CEAP,valence,cardiovascular,linear_logistic,20260829,0.06254045294041877,0.0334224584409946,0.12226966797638092,0.04304008654576152,0.05972921503596215,0.009753695872078935,0.0,-0.995821907759031,-0.9199425699654787,-1.017826654643301,-0.8300828774254861,0.8338318331094496,-0.7783146391023441,-0.4048685289117948
CEAP,valence,cardiovascular,linear_logistic,20260911,0.06901511891550274,0.03327373515947852,0.13015138217351768,0.04373476505343364,0.061136263258014946,0.011141680581241776,0.0,-0.9490226064650356,-0.9221806655514619,-0.9479353417919567,-0.8121308325975883,0.8848639750583019,-0.7147211669007699,-0.4048685289117948
CEAP,valence,cardiovascular,linear_logistic,20260923,0.03155650478469237,0.013448829677751184,0.08153551786263555,0.023811758960197958,0.04997901307794317,0.01045924885095869,0.0,-1.219775873970943,-1.2205201924828353,-1.3790378275081623,-1.3269858260114005,0.4802023820692621,-0.7459882284056514,-0.4048685289117948
CEAP,valence,cardiovascular,linear_logistic,20261007,0.09404192661552321,0.04156437054323299,0.15847920334281912,0.04574082587381564,0.06443727672729593,0.004884228799890611,0.0,-0.76812723387171,-0.797417183544974,-0.6967376248714652,-0.7602897386566418,1.004588221391275,-1.0014196321526372,-0.4048685289117948
CEAP,valence,electrodermal_thermal,gpu_mlp,20260813,0.06462290024171478,0.035496101555504346,0.12506587227419874,0.04275445909667189,0.06044297203248396,0.007757450473107242,0.0,-0.9807698449874136,-0.888736887477986,-0.993031237747056,-0.8374641289159314,0.8597190399532536,-0.8697768688005336,-0.4048685289117948
CEAP,valence,electrodermal_thermal,gpu_mlp,20260829,0.05879370777409365,0.02783716317942679,0.11892160290366463,0.0364504435970635,0.06012789512957097,0.00868583652462739,0.0,-1.0229036223348005,-1.0039941356914301,-1.047515711819325,-1.0003739751179772,0.8482915359187423,-0.8272408868333512,-0.4048685289117948
CEAP,valence,electrodermal_thermal,gpu_mlp,20260911,0.06707448837081383,0.029312677661140877,0.1288170939694604,0.039027639337520056,0.061742605598646555,0.010056477617874558,0.0,-0.9630496086163007,-0.9817895257950195,-0.959767178365973,-0.9337734786984447,0.9068553666195434,-0.7644420492911698,-0.4048685289117948
CEAP,valence,electrodermal_thermal,gpu_mlp,20260923,0.03309343564504143,0.013172835404556247,0.08423827798564261,0.023012031435170242,0.05114484234060118,0.009928219302122409,0.0,-1.2086668390526465,-1.22467355407019,-1.355071029347954,-1.34765257216929,0.5224857690119572,-0.7703184768797162,-0.4048685289117948
CEAP,valence,electrodermal_thermal,gpu_mlp,20261007,0.09089008723263285,0.03497057980541633,0.15640579861711662,0.03867192752682961,0.06551571138448375,0.004200500326221035,0.0,-0.7909089312562231,-0.8966453191453104,-0.7151235971012337,-0.9429658666891519,1.0437018989792957,-1.0327461067144184,-0.4048685289117948
CEAP,valence,electrodermal_thermal,linear_logistic,20260813,0.0419285688181016,0.023582249976690495,0.09590929035504167,0.03390358220552525,0.05398072153694007,0.010518199239150662,0.0,-1.1448059293269899,-1.0680251492671782,-1.2515780129305478,-1.0661905641823917,0.6253400901568461,-0.7432872909615932,-0.4048685289117948
CEAP,valence,electrodermal_thermal,linear_logistic,20260829,0.037965985459292396,0.018276539643232538,0.09095647884196784,0.028664233982597084,0.05299049338267544,0.010418166392501201,0.0,-1.1734477362132643,-1.1478693186317037,-1.2954972023728313,-1.2015870290624688,0.5894255685802811,-0.7478705086373006,-0.4048685289117948
CEAP,valence,electrodermal_thermal,linear_logistic,20260911,0.04344388684832887,0.01925709665232954,0.09880589260704559,0.030646380983965153,0.055362005758716706,0.011545506168045463,0.0,-1.133853113332199,-1.133113187032848,-1.225892314472431,-1.1503639216378791,0.6754377992279502,-0.6962190385565938,-0.4048685289117948
CEAP,valence,electrodermal_thermal,linear_logistic,20260923,0.0210976568615922,0.008464609319353465,0.06374342269031488,0.017699684783600757,0.04264576582872268,0.009281527611734392,0.0,-1.2953730981404719,-1.2955263480086034,-1.5368097104852556,-1.484935479553147,0.21423330673631427,-0.7999480324246644,-0.4048685289117948
CEAP,valence,electrodermal_thermal,linear_logistic,20261007,0.0594298680719421,0.023475376899776197,0.12079902201921826,0.030957665021442964,0.061369153947276156,0.0076290131103546825,0.0,-1.0183054148651247,-1.069633452683187,-1.030867647264292,-1.1423196465764025,0.8933106725677907,-0.8756614998083022,-0.4048685289117948
CEAP,valence,minimal_pair,gpu_mlp,20260813,0.08822239967534112,0.051679228401496635,0.15018600465830367,0.05487151018939891,0.061963604982962536,0.005145889504693754,0.0,-0.8101911481663115,-0.645201481372076,-0.7702777874934985,-0.5243324543410327,0.9148707791507273,-0.9894310903140321,-0.4048685289117948
CEAP,valence,minimal_pair,gpu_mlp,20260829,0.07781035091152352,0.03907368213583218,0.14032006719178633,0.04579450574812919,0.0625097162802628,0.006919399198825225,0.0,-0.8854501050083828,-0.8348988654567644,-0.8577642536095442,-0.758902530762069,0.9346776548547027,-0.9081739707734306,-0.4048685289117948
CEAP,valence,minimal_pair,gpu_mlp,20260911,0.08693910690487106,0.039702728699307376,0.15024337224623777,0.04753601865949963,0.06330426534136674,0.008718752162375953,0.0,-0.8194668706892569,-0.8254325174664563,-0.769769078862921,-0.7138979458958263,0.9634951039201134,-0.8257327868662968,-0.4048685289117948
CEAP,valence,minimal_pair,gpu_mlp,20260923,0.0419995019838582,0.017256510904051264,0.09735748886013593,0.02728408175416228,0.05535798687627773,0.010171531933825037,0.0,-1.1442932198515123,-1.1632194493944572,-1.2387360736951514,-1.2372532464573487,0.6752920386378815,-0.7591705910432752,-0.4048685289117948
CEAP,valence,minimal_pair,gpu_mlp,20261007,0.11617591603257682,0.04745831720342174,0.18082859856226716,0.04770779056528012,0.06465268252969034,0.002603557900674913,0.0,-0.6081413375253948,-0.7087208081710697,-0.4985537610251679,-0.709458976043314,1.012400760657598,-1.1059134212216037,-0.4048685289117948
CEAP,valence,minimal_pair,linear_logistic,20260813,0.05801694346016098,0.03509096499823804,0.11614540847988514,0.0441689619774064,0.05812846501972414,0.009596333860761929,0.0,-1.02851812465848,-0.894833675629074,-1.0721336906187868,-0.8009102139125299,0.7757743331794861,-0.7855245144174026,-0.4048685289117948
CEAP,valence,minimal_pair,linear_logistic,20260829,0.05074303615231348,0.02602488959315813,0.108063658536376,0.03642308158361067,0.057320622384062526,0.010466349675810427,0.0,-1.0810943936111244,-1.0312665403390062,-1.1437988258368748,-1.001081070683281,0.7464747403089073,-0.7456628890090168,-0.4048685289117948
CEAP,valence,minimal_pair,linear_logistic,20260911,0.05686212610856035,0.026464733867575217,0.11601998135228446,0.037725784422021236,0.05915785524372411,0.011623329153540385,0.0,-1.0368652186066574,-1.02464744533883,-1.0732459190498012,-0.9674163185795436,0.8131092213578645,-0.6926534129181819,-0.4048685289117948
CEAP,valence,minimal_pair,linear_logistic,20260923,0.02688471813742655,0.011159376936733472,0.07395814589751074,0.021125952129562427,0.04707342776008419,0.01003915039393506,0.0,-1.2535438477518335,-1.2549735344327637,-1.4462303774229932,-1.3963930756817764,0.37481989406245325,-0.7652359329173025,-0.4048685289117948
CEAP,valence,minimal_pair,linear_logistic,20261007,0.07689987518418187,0.03245160288432887,0.14072331259305623,0.038673962613760896,0.06382343740887435,0.006536215680382786,0.0,-0.8920310820114752,-0.9345527070862492,-0.8541884641567551,-0.9429132754956493,0.9823249224221926,-0.9257303388424045,-0.4048685289117948
CEAP,valence,wearable_all,gpu_mlp,20260813,0.12331656838676718,0.07598750729123437,0.18303755677178424,0.07078853667213378,0.059720988385017056,0.007766565885120901,0.0,-0.5565282439317755,-0.2793929063367731,-0.478965764628015,-0.1130009250233605,0.8335334612326271,-0.8693592268073116,-0.4048685289117948
CEAP,valence,wearable_all,gpu_mlp,20260829,0.11305460470811708,0.06061697896368109,0.17489663195553307,0.061268250583544175,0.061842027247416,0.0028696923887355967,0.0,-0.6307023761438939,-0.510699741779399,-0.5511556346233746,-0.35902638967965067,0.9104612840382008,-1.0937199034856806,-0.4048685289117948
CEAP,valence,wearable_all,gpu_mlp,20260911,0.12574010564291993,0.060920853421064104,0.18694559253707563,0.06263785700249931,0.06120548689415568,0.006488864184450952,0.0,-0.5390107610709789,-0.5061268190007387,-0.4443111522588622,-0.323632699565282,0.8873746426888653,-0.9278998483624772,-0.4048685289117948
CEAP,valence,wearable_all,gpu_mlp,20260923,0.06065595182793178,0.02646895332051844,0.12143384496210971,0.035756883909324896,0.06077789313417794,0.009594306760954829,0.0,-1.0094432027712426,-1.0245839479569057,-1.0252383377261518,-1.0182971071389015,0.871866271963808,-0.7856173903074478,-0.4048685289117948
CEAP,valence,wearable_all,gpu_mlp,20261007,0.15721744901500778,0.06830055235792883,0.21638492465562953,0.061159145524066476,0.05916747564062175,0.007990219110387473,0.0,-0.31149050256285044,-0.3950717679817339,-0.1832570820694181,-0.3618459082008981,0.8134581429174739,-0.8591120784994886,-0.4048685289117948
CEAP,valence,wearable_all,linear_logistic,20260813,0.08279458302153894,0.053328161291220984,0.143144835650749,0.05811654232979262,0.06035025262921006,0.006741520943187453,0.0,-0.8494237553660304,-0.6203871457518952,-0.8327155432452823,-0.44047357313347946,0.8563562058476938,-0.9163238414676026,-0.4048685289117948
CEAP,valence,wearable_all,linear_logistic,20260829,0.07513757974880597,0.041498462594407405,0.13623016284926556,0.04965011874377784,0.0610925831004596,0.008424616741337702,0.0,-0.9047690665448194,-0.7984090140629941,-0.8940315904839303,-0.6592648759728716,0.8832797422183921,-0.8392092269148159,-0.4048685289117948
CEAP,valence,wearable_all,linear_logistic,20260911,0.0838849092572613,0.04185558920624795,0.14607557516144615,0.05066066239796738,0.062190665904184865,0.010134655083253397,0.0,-0.8415428073432782,-0.7930347143202128,-0.8067271317265875,-0.6331501699898836,0.923106037176177,-0.7608601824027678,-0.4048685289117948
CEAP,valence,wearable_all,linear_logistic,20260923,0.039171311297269924,0.017351395060727998,0.09292354024878954,0.02803863054027487,0.05375222895151962,0.010827187728041322,0.0,-1.1647355636832804,-1.1617915639277492,-1.2780542323864386,-1.2177540198603998,0.6170529071941863,-0.7291303260115065,-0.4048685289117948
CEAP,valence,wearable_all,linear_logistic,20261007,0.10622754377898666,0.048167954780804566,0.17029544463788154,0.05051316132991822,0.06406790085889488,0.003745804498071928,0.0,-0.6800488107869096,-0.6980416682718025,-0.5919567870455779,-0.6369619271646589,0.9911913516512869,-1.053578963385449,-0.4048685289117948
