scheme,held_out,row_index,observed_effect,predicted_effect
leave_dataset_out,DEAP,15,0.014170305897066,0.017904690457969975
leave_dataset_out,DEAP,16,-0.0109202126050165,0.0196837919309309
leave_dataset_out,DEAP,17,-0.0002647477080412,0.021055478045336487
leave_dataset_out,DEAP,18,-0.0038678379441457,0.020432715106622062
leave_dataset_out,DEAP,19,0.0021003318171273,0.021034232003092703
leave_dataset_out,DEAP,20,0.0211772952365584,0.018508534998152797
leave_dataset_out,DEAP,21,0.0162479450535042,0.020076273828045568
leave_dataset_out,DEAP,22,0.0014372018436527,0.021327100319102767
leave_dataset_out,DEAP,23,0.0077155046343455,0.021155869297685925
leave_dataset_out,DEAP,24,0.0206477998204758,0.02149872664007424
leave_dataset_out,DEAP,25,-0.0036030902361046,0.018454731120530296
leave_dataset_out,DEAP,26,-0.0115833425784914,0.02033221654261075
leave_dataset_out,DEAP,27,0.001149761474922,0.02011167690246545
leave_dataset_out,DEAP,28,-0.0028290183659267,0.021476752415671246
leave_dataset_out,DEAP,29,-0.0059908624219624,0.0214458745087542
leave_dataset_out,DEAP,30,0.0235196821010378,0.019191385307923383
leave_dataset_out,DEAP,31,0.0086862462304969,0.020206627095197383
leave_dataset_out,DEAP,32,0.0179045092838195,0.020446453745804595
leave_dataset_out,DEAP,33,0.0259074542868957,0.02092278773196572
leave_dataset_out,DEAP,34,0.0141022279149983,0.021494151109660242
leave_dataset_out,DEAP,35,-0.0010816834928544,0.019063395829628134
leave_dataset_out,DEAP,36,-0.0067195489707617,0.02002764997287825
leave_dataset_out,DEAP,37,-0.0131289649121038,0.020498875689962573
leave_dataset_out,DEAP,38,0.0099923349235004,0.02031702396520651
leave_dataset_out,DEAP,39,-0.0007059938881101,0.021108181560842886
leave_dataset_out,DEAP,46,0.0026752125545884,0.018361511229639468
leave_dataset_out,DEAP,47,0.0021885810531411,0.020140612702600397
leave_dataset_out,DEAP,48,-0.003426591764077,0.021512298817005983
leave_dataset_out,DEAP,49,0.00778106120967,0.02088953587829156
leave_dataset_out,DEAP,50,0.0129322951861302,0.0214910527747622
leave_dataset_out,DEAP,52,0.0203149741303668,0.01896535576982229
leave_dataset_out,DEAP,53,0.02011578299765,0.020533094599715064
leave_dataset_out,DEAP,54,0.0101461407348387,0.021783921090772262
leave_dataset_out,DEAP,55,0.013373541366199,0.021612690069355414
leave_dataset_out,DEAP,56,0.0177507034724814,0.021955547411743728
leave_dataset_out,DEAP,58,0.010743714132989,0.018911551892199792
leave_dataset_out,DEAP,59,-0.0055697874958396,0.020789037314280244
leave_dataset_out,DEAP,60,0.0043998547669715,0.020568497674134944
leave_dataset_out,DEAP,61,0.0017246422123831,0.021933573187340738
leave_dataset_out,DEAP,62,-0.0075591774162641,0.021902695280423694
leave_dataset_out,DEAP,64,0.0146115520771349,0.01964820607959288
leave_dataset_out,DEAP,65,0.0081567508144144,0.02066344786686688
leave_dataset_out,DEAP,66,0.0065657431594235,0.02090327451747409
leave_dataset_out,DEAP,67,0.0078920031063731,0.021379608503635215
leave_dataset_out,DEAP,68,0.0110084618410303,0.021950971881329738
leave_dataset_out,DEAP,70,0.0126877187320348,0.01952021660129763
leave_dataset_out,DEAP,71,0.001502758418977,0.020484470744547748
leave_dataset_out,DEAP,72,0.0063438593660174,0.020955696461632065
leave_dataset_out,DEAP,73,0.0057689786285564,0.020773844736876004
leave_dataset_out,DEAP,74,0.0027407691299129,0.02156500233251238
leave_dataset_out,DEAP,80,0.0110311545017195,0.010053308631466968
leave_dataset_out,DEAP,81,0.003426591764077,0.011769610312339805
leave_dataset_out,DEAP,82,0.0028517110266159,0.013078634761432213
leave_dataset_out,DEAP,83,0.0004866315014472,0.012393471530652001
leave_dataset_out,DEAP,84,0.0056151728172181,0.012931915528492747
leave_dataset_out,DEAP,85,-0.0020120825811136,0.010698708119887294
leave_dataset_out,DEAP,86,-0.0116942844751943,0.012190580845875064
leave_dataset_out,DEAP,87,0.001502758418977,0.013365488621954386
leave_dataset_out,DEAP,88,-0.007317122368912,0.013120042531574247
leave_dataset_out,DEAP,89,-0.0057034220532319,0.013385803660222908
leave_dataset_out,DEAP,90,-0.0122010872305876,0.010668023839235432
leave_dataset_out,DEAP,91,-0.0152746820506096,0.012466691374487394
leave_dataset_out,DEAP,92,-0.0084214985224556,0.01216712184645548
leave_dataset_out,DEAP,93,-0.0168203043842219,0.013455570716652288
leave_dataset_out,DEAP,94,-0.0139257294429708,0.01334355223884022
leave_dataset_out,DEAP,95,-0.0051285413157708,0.011184809485801347
leave_dataset_out,DEAP,96,-0.0160487539207874,0.01216196819872869
leave_dataset_out,DEAP,97,-0.0059026131859486,0.01236363669835264
leave_dataset_out,DEAP,98,-0.0025642706578854,0.012801978667433862
leave_dataset_out,DEAP,99,-0.0062783027906929,0.013335072382775027
leave_dataset_out,DEAP,100,-0.0166236346582485,0.011216679887741611
leave_dataset_out,DEAP,101,-0.0135727324989157,0.012113086705192618
leave_dataset_out,DEAP,102,-0.0200275337616363,0.01251655461775671
leave_dataset_out,DEAP,103,-0.0125339129206967,0.01226668396465163
leave_dataset_out,DEAP,104,-0.0112959022097608,0.012989860402254295
leave_dataset_out,DEAP,106,0.0124229710239937,0.01051012940313646
leave_dataset_out,DEAP,107,0.0005521880767718,0.012226431084009297
leave_dataset_out,DEAP,108,0.0130861009974685,0.013535455533101707
leave_dataset_out,DEAP,109,0.001038819578219,0.012850292302321497
leave_dataset_out,DEAP,110,0.0091073211566197,0.013388736300162242
leave_dataset_out,DEAP,112,0.0115833425784914,0.011155528891556786
leave_dataset_out,DEAP,113,-0.0021003318171274,0.01264740161754456
leave_dataset_out,DEAP,114,-0.0075163135016288,0.01382230939362388
leave_dataset_out,DEAP,115,0.0086433823158617,0.013576863303243739
leave_dataset_out,DEAP,116,0.0065430504987342,0.0138426244318924
leave_dataset_out,DEAP,118,0.0086660749765509,0.011124844610904927
leave_dataset_out,DEAP,119,0.0002218837934059,0.012923512146156889
leave_dataset_out,DEAP,120,0.0009077064275699,0.012623942618124976
leave_dataset_out,DEAP,121,0.0050629847404464,0.013912391488321782
leave_dataset_out,DEAP,122,0.0035375336607799,0.013800373010509714
leave_dataset_out,DEAP,124,0.0168883823662898,0.011641630257470842
leave_dataset_out,DEAP,125,0.0122464725519662,0.012618788970398183
leave_dataset_out,DEAP,126,0.0179498946051981,0.012820457470022134
leave_dataset_out,DEAP,127,0.0174632631037508,0.013258799439103356
leave_dataset_out,DEAP,128,0.0087316315518753,0.013791893154444523
leave_dataset_out,DEAP,130,-0.0026096559792639,0.011673500659411107
leave_dataset_out,DEAP,131,0.0123120291272907,0.012569907476862114
leave_dataset_out,DEAP,132,0.0022541376284657,0.012973375389426204
leave_dataset_out,DEAP,133,0.0086433823158617,0.012723504736321124
leave_dataset_out,DEAP,134,0.0061446682333007,0.013446681173923787
leave_dataset_out,DEAP,140,0.0106983288116105,0.016051788890190648
leave_dataset_out,DEAP,141,0.0178818166231303,0.017804200451514138
leave_dataset_out,DEAP,142,-0.0028088471119807,0.019149255358161622
leave_dataset_out,DEAP,143,0.0182146423132394,0.018499972295319238
leave_dataset_out,DEAP,144,0.0076474266522778,0.01907468320987217
leave_dataset_out,DEAP,145,0.0078693104456838,0.01657146695604227
leave_dataset_out,DEAP,146,0.0125112202600073,0.01812571847857415
leave_dataset_out,DEAP,147,0.0103453318675554,0.01936304830919084
leave_dataset_out,DEAP,148,0.0032047079706709,0.019178623497736073
leave_dataset_out,DEAP,149,0.0096595092333914,0.019507774846570673
leave_dataset_out,DEAP,150,0.0220169236820606,0.01657131551241206
leave_dataset_out,DEAP,151,0.0220396163427498,0.018425812384167538
leave_dataset_out,DEAP,152,0.0141476132363768,0.01818222236005531
leave_dataset_out,DEAP,153,0.0112303456344362,0.019524948435716817
leave_dataset_out,DEAP,154,0.0163135016288287,0.019470404528955387
leave_dataset_out,DEAP,155,0.0084240199291988,0.017378301922000725
leave_dataset_out,DEAP,156,0.0050856774011356,0.01835863422445695
leave_dataset_out,DEAP,157,0.0082248287964821,0.018563482569996174
leave_dataset_out,DEAP,158,0.0047099877963913,0.01900499054050072
leave_dataset_out,DEAP,159,0.0136408104809835,0.01954127339437134
leave_dataset_out,DEAP,160,0.0100805841595142,0.01709883495358145
leave_dataset_out,DEAP,161,0.0093292049500257,0.018054815032709726
leave_dataset_out,DEAP,162,0.0087543242125647,0.018517777602901332
leave_dataset_out,DEAP,163,-0.0001764984720274,0.018327630886883196
leave_dataset_out,DEAP,164,0.0175086484251294,0.01911049809739351
leave_dataset_out,DEAP,166,0.0013262599469496,0.016508609661860144
leave_dataset_out,DEAP,167,0.0024533287611824,0.01826102122318363
leave_dataset_out,DEAP,168,-0.000574880737461,0.019606076129831115
leave_dataset_out,DEAP,169,0.006742241631451,0.01895679306698873
leave_dataset_out,DEAP,170,0.0120472814192493,0.019531503981541666
leave_dataset_out,DEAP,172,0.0004639388407581,0.017028287727711762
leave_dataset_out,DEAP,173,0.0043544694455931,0.018582539250243647
leave_dataset_out,DEAP,174,-0.0042662202095792,0.019819869080860333
leave_dataset_out,DEAP,175,0.0018128914483969,0.01963544426940557
leave_dataset_out,DEAP,176,-0.00161370031568,0.01996459561824017
leave_dataset_out,DEAP,178,0.0008396284455023,0.01702813628408155
leave_dataset_out,DEAP,179,-0.0003983822654334,0.018882633155837034
leave_dataset_out,DEAP,180,-0.0043771621062822,0.0186390431317248
leave_dataset_out,DEAP,181,-0.001149761474922,0.01998176920738631
leave_dataset_out,DEAP,182,0.0036913394721183,0.01992722530062488
leave_dataset_out,DEAP,184,0.0013035672862603,0.01783512269367022
leave_dataset_out,DEAP,185,0.0053050397877985,0.018815454996126448
leave_dataset_out,DEAP,186,0.0006631299734748,0.01902030334166567
leave_dataset_out,DEAP,187,-0.0013262599469495,0.019461811312170216
leave_dataset_out,DEAP,188,0.0069414327641678,0.019998094166040828
leave_dataset_out,DEAP,190,0.0178389527084951,0.017555655725250946
leave_dataset_out,DEAP,191,0.0132852921301852,0.01851163580437922
leave_dataset_out,DEAP,192,0.0186130245786729,0.018974598374570828
leave_dataset_out,DEAP,193,0.0146115520771349,0.01878445165855269
leave_dataset_out,DEAP,194,0.0188122157113898,0.019567318869063002
leave_dataset_out,DEAP,215,0.0390162479450534,0.012496135734294273
leave_dataset_out,DEAP,216,0.0337994573932688,0.01623118534402949
leave_dataset_out,DEAP,217,0.0600599086242196,0.019301279210715033
leave_dataset_out,DEAP,218,0.0464216195499793,0.022218876088116343
leave_dataset_out,DEAP,219,0.0514392189690471,0.025672199500281035
leave_dataset_out,DEAP,220,0.0273471775372916,0.011786599597942694
leave_dataset_out,DEAP,221,0.0569888352109408,0.016935745772940252
leave_dataset_out,DEAP,222,0.0452516868211112,0.020705253484956984
leave_dataset_out,DEAP,223,0.0786300692882573,0.024079308298105517
leave_dataset_out,DEAP,224,0.0677552420046192,0.028085433509036296
leave_dataset_out,DEAP,225,0.0363864207118435,0.012877786189332146
leave_dataset_out,DEAP,226,0.062735121178808,0.01608252643959549
leave_dataset_out,DEAP,227,0.039989510947948,0.02051026323158413
leave_dataset_out,DEAP,228,0.0632217526802553,0.02409152759343593
leave_dataset_out,DEAP,229,0.0786956258635818,0.02740849193465815
leave_dataset_out,DEAP,230,0.0685696563826889,0.012683930319950382
leave_dataset_out,DEAP,231,0.0760632772236286,0.015795621258050795
leave_dataset_out,DEAP,232,0.0661818841968311,0.019182312369779516
leave_dataset_out,DEAP,233,0.0925986626458633,0.023048073777784076
leave_dataset_out,DEAP,234,0.0846411029641658,0.02552663086765522
leave_dataset_out,DEAP,235,0.0179272019445088,0.011869691287720786
leave_dataset_out,DEAP,236,0.0429496424645237,0.017244905684876317
leave_dataset_out,DEAP,237,0.0583806517332149,0.020415107231873775
leave_dataset_out,DEAP,238,0.0412048289981946,0.023951383078730168
leave_dataset_out,DEAP,239,0.0417570170749663,0.027457193129180664
leave_dataset_out,DEAP,246,0.032803501729685,0.012952956505963767
leave_dataset_out,DEAP,247,0.0400979314379078,0.016688006115698983
leave_dataset_out,DEAP,248,0.0588420691672296,0.019758099982384526
leave_dataset_out,DEAP,249,0.0530957831993625,0.02267569685978584
leave_dataset_out,DEAP,250,0.048917812225797,0.02612902027195053
leave_dataset_out,DEAP,252,0.0302644451392321,0.012243420369612188
leave_dataset_out,DEAP,253,0.0440363687708645,0.017392566544609748
leave_dataset_out,DEAP,254,0.0356804268237335,0.021162074256626476
leave_dataset_out,DEAP,255,0.052657058426037,0.024536129069775012
leave_dataset_out,DEAP,256,0.0485900293491744,0.02854225428070579
leave_dataset_out,DEAP,258,0.0370949360066967,0.013334606961001642
leave_dataset_out,DEAP,259,0.0446768060836502,0.016539347211264988
leave_dataset_out,DEAP,260,0.0458265675585722,0.020967084003253623
leave_dataset_out,DEAP,261,0.0570115278716301,0.024548348365105426
leave_dataset_out,DEAP,262,0.0395482647678793,0.027865312706327645
leave_dataset_out,DEAP,264,0.0411594436768162,0.013140751091619876
leave_dataset_out,DEAP,265,0.0478134360722534,0.016252442029720288
leave_dataset_out,DEAP,266,0.0415578259422497,0.01963913314144901
leave_dataset_out,DEAP,267,0.0573191394943067,0.02350489454945357
leave_dataset_out,DEAP,268,0.0579822694677815,0.025983451639324716
leave_dataset_out,DEAP,270,0.029467680608365,0.01232651205939028
leave_dataset_out,DEAP,271,0.0287818579742009,0.017701726456545813
leave_dataset_out,DEAP,272,0.0423545904731167,0.02087192800354327
leave_dataset_out,DEAP,273,0.0511089146856813,0.024408203850399664
leave_dataset_out,DEAP,274,0.0324731974463192,0.027914013900850156
leave_dataset_out,DEAP,280,0.0417570170749664,0.01118615148395119
leave_dataset_out,DEAP,281,0.0380001210275237,0.013937547019449832
leave_dataset_out,DEAP,282,0.0602817924176256,0.01601855314632261
leave_dataset_out,DEAP,283,0.0314116852074108,0.017964594082874114
leave_dataset_out,DEAP,284,0.0611441135238172,0.020425188407158328
leave_dataset_out,DEAP,285,0.0372512632247783,0.010474483755925548
leave_dataset_out,DEAP,286,0.0410081592722211,0.014580593162307096
leave_dataset_out,DEAP,287,0.0455845125112203,0.01730583248672339
leave_dataset_out,DEAP,288,0.0478840354610644,0.019645200126191364
leave_dataset_out,DEAP,289,0.0343339956228379,0.022601847639831238
leave_dataset_out,DEAP,290,0.0190114068441064,0.011682821114898045
leave_dataset_out,DEAP,291,0.0364746699478574,0.013833798297580715
leave_dataset_out,DEAP,292,0.0305947494225978,0.017208836443174412
leave_dataset_out,DEAP,293,0.0299316194491231,0.019743746872455132
leave_dataset_out,DEAP,294,0.0250022692660689,0.022002530916298585
leave_dataset_out,DEAP,295,0.0479697632903349,0.011414788689429353
leave_dataset_out,DEAP,296,0.0406526409214228,0.013538131328509638
leave_dataset_out,DEAP,297,0.0486328932638097,0.01593900564249993
leave_dataset_out,DEAP,298,0.058955532470676,0.018832834505247985
leave_dataset_out,DEAP,299,0.0660961563675606,0.020309687262538952
leave_dataset_out,DEAP,300,0.0167572692156406,0.010806719162580813
leave_dataset_out,DEAP,301,0.0115177860031668,0.015106109064842343
leave_dataset_out,DEAP,302,0.010965597926395,0.017203426662444534
leave_dataset_out,DEAP,303,0.01940978910954,0.019661476229841747
leave_dataset_out,DEAP,304,0.0246492723220138,0.022097070557815283
leave_dataset_out,DEAP,306,0.0112530382951255,0.011642972255620682
leave_dataset_out,DEAP,307,0.0258645903722605,0.014394367791119324
leave_dataset_out,DEAP,308,0.0377807586408609,0.0164753739179921
leave_dataset_out,DEAP,309,0.0375815675081441,0.018421414854543607
leave_dataset_out,DEAP,310,0.048302588980444,0.02088200917882782
leave_dataset_out,DEAP,312,0.0289835705136609,0.01093130452759504
leave_dataset_out,DEAP,313,0.0301988885639076,0.015037413933976587
leave_dataset_out,DEAP,314,0.0442582525642707,0.01776265325839288
leave_dataset_out,DEAP,315,0.0291600689856885,0.020102020897860853
leave_dataset_out,DEAP,316,0.0352618733043539,0.023058668411500727
leave_dataset_out,DEAP,318,0.0196316729029459,0.012139641886567534
leave_dataset_out,DEAP,319,0.0118506116932758,0.014290619069250207
leave_dataset_out,DEAP,320,0.0178414741152383,0.0176656572148439
leave_dataset_out,DEAP,321,0.0261091668263557,0.020200567644124624
leave_dataset_out,DEAP,322,0.0271479864045748,0.022459351687968077
leave_dataset_out,DEAP,324,0.0103024679529203,0.011871609461098845
leave_dataset_out,DEAP,325,0.0148561285312301,0.013994952100179127
leave_dataset_out,DEAP,326,0.0167572692156408,0.01639582641416942
leave_dataset_out,DEAP,327,0.0191450414014987,0.019289655276917478
leave_dataset_out,DEAP,328,0.0348181057175419,0.020766508034208445
leave_dataset_out,DEAP,330,0.023189377817672,0.011263539934250303
leave_dataset_out,DEAP,331,0.0234995108470918,0.015562929836511832
leave_dataset_out,DEAP,332,0.0405870843460983,0.017660247434114023
leave_dataset_out,DEAP,333,0.0326723885790359,0.02011829700151124
leave_dataset_out,DEAP,334,0.0376471240834687,0.022553891329484776
leave_dataset_out,DEAP,340,0.020579721838408,0.01754077078680889
leave_dataset_out,DEAP,341,0.006762412885397,0.020271786748946273
leave_dataset_out,DEAP,342,0.0328917509656987,0.02233230072651354
leave_dataset_out,DEAP,343,0.0334212463817813,0.0242582127416386
leave_dataset_out,DEAP,344,0.0269235812044255,0.02669823947432308
leave_dataset_out,DEAP,345,0.0204914726023942,0.01653214411246752
leave_dataset_out,DEAP,346,0.0432824681546327,0.02066146435097404
leave_dataset_out,DEAP,347,0.0299971760244475,0.023409941914891874
leave_dataset_out,DEAP,348,0.0321630644168994,0.025772334581868735
leave_dataset_out,DEAP,349,0.034175146998013,0.028752336258452495
leave_dataset_out,DEAP,350,0.020690663735111,0.017741070013683528
leave_dataset_out,DEAP,351,0.0506878397595585,0.01991501750846605
leave_dataset_out,DEAP,352,0.0354787142842734,0.02331300276351795
leave_dataset_out,DEAP,353,0.0411594436768161,0.02587072199786834
leave_dataset_out,DEAP,354,0.0442103458361489,0.028152572642199617
leave_dataset_out,DEAP,355,0.0450071103670159,0.01745287640184576
leave_dataset_out,DEAP,356,0.0542455446742846,0.019600859303228486
leave_dataset_out,DEAP,357,0.0608112878337081,0.0220263107673009
leave_dataset_out,DEAP,358,0.0498255186533671,0.024944370635332357
leave_dataset_out,DEAP,359,0.0511517786003166,0.026446196630831698
leave_dataset_out,DEAP,360,0.0080685015784006,0.016614017220041025
leave_dataset_out,DEAP,361,0.0190769634194309,0.02097413915024012
leave_dataset_out,DEAP,362,0.0096166453187562,0.02313202277724366
leave_dataset_out,DEAP,363,0.029134854918256,0.025650939957190987
leave_dataset_out,DEAP,364,0.0167547478088976,0.028146949688852736
leave_dataset_out,DEAP,366,0.0198938992042441,0.01799759155847838
leave_dataset_out,DEAP,367,0.0174405704430615,0.020728607520615765
leave_dataset_out,DEAP,368,0.0255090720214622,0.022789121498183032
leave_dataset_out,DEAP,369,0.0199165918649333,0.02471503351330809
leave_dataset_out,DEAP,370,0.0274984619418866,0.02715506024599257
leave_dataset_out,DEAP,372,0.010057891498825,0.016988964884137012
leave_dataset_out,DEAP,373,0.0247576928119737,0.02111828512264353
leave_dataset_out,DEAP,374,0.0041779709735655,0.023866762686561366
leave_dataset_out,DEAP,375,0.012798660628738,0.026229155353538224
leave_dataset_out,DEAP,376,0.0236306239977408,0.029209157030121984
leave_dataset_out,DEAP,378,0.0010615122389083,0.01819789078535302
leave_dataset_out,DEAP,379,0.0178616453691844,0.020371838280135543
leave_dataset_out,DEAP,380,0.0169993242629927,0.02376982353518744
leave_dataset_out,DEAP,381,0.0224153059474943,0.02632754276953783
leave_dataset_out,DEAP,382,0.0263058365523293,0.028609393413869106
leave_dataset_out,DEAP,384,0.01394842210366,0.01790969717351525
leave_dataset_out,DEAP,385,0.0107437141329891,0.020057680074897978
leave_dataset_out,DEAP,386,0.011981724843925,0.022483131538970393
leave_dataset_out,DEAP,387,0.0183482768706316,0.02540119140700185
leave_dataset_out,DEAP,388,0.0079802523423868,0.026903017402501186
leave_dataset_out,DEAP,390,0.0169337676876683,0.017070837991710514
leave_dataset_out,DEAP,391,0.0128440459501165,0.02143095992190961
leave_dataset_out,DEAP,392,0.0300198686851368,0.02358884354891315
leave_dataset_out,DEAP,393,0.0326723885790359,0.02610776072886048
leave_dataset_out,DEAP,394,0.0295105445230002,0.028603770460522232
leave_dataset_out,DEAP,415,-0.017553360626416,0.022221078142110086
leave_dataset_out,DEAP,416,0.0024096744703683,0.023004148493588242
leave_dataset_out,DEAP,417,-0.0153523589967804,0.023355099748907475
leave_dataset_out,DEAP,418,-0.0007551969474144,0.023776947259960067
leave_dataset_out,DEAP,419,-0.0125253388449461,0.023840134768237615
leave_dataset_out,DEAP,420,-0.0007402917445049,0.022056542805554632
leave_dataset_out,DEAP,421,0.0188550816805119,0.02240574535184434
leave_dataset_out,DEAP,422,0.026064231487738,0.02285696904238898
leave_dataset_out,DEAP,423,0.0060217019754361,0.023222606357323018
leave_dataset_out,DEAP,424,0.0036617115147661,0.023381200620298657
leave_dataset_out,DEAP,425,0.0100510751619699,0.019785086895610305
leave_dataset_out,DEAP,426,0.0074824118605667,0.021066077824585437
leave_dataset_out,DEAP,427,0.0067272149131523,0.021379335863165372
leave_dataset_out,DEAP,428,0.0042380460272665,0.021613256876767413
leave_dataset_out,DEAP,429,-0.0147114352716721,0.021536307449508848
leave_dataset_out,DEAP,430,0.000208672840733,0.021201567106975697
leave_dataset_out,DEAP,431,-0.0082227036050717,0.021857821225734746
leave_dataset_out,DEAP,432,-0.0185023252116538,0.022024799940227432
leave_dataset_out,DEAP,433,-0.0057335347191859,0.022988099750694067
leave_dataset_out,DEAP,434,-0.0014308994793115,0.023507360725545615
leave_dataset_out,DEAP,435,0.0091368893835208,0.022058190044878606
leave_dataset_out,DEAP,436,0.0066974045073333,0.022820555617820357
leave_dataset_out,DEAP,437,0.0187408084582058,0.023229645008674856
leave_dataset_out,DEAP,438,0.0117701418975317,0.023255573183083612
leave_dataset_out,DEAP,439,0.0120284987479629,0.02362074943642107
leave_dataset_out,DEAP,446,0.0201717079375173,0.022677898913779578
leave_dataset_out,DEAP,447,0.0180998847330974,0.023460969265257734
leave_dataset_out,DEAP,448,-0.0056689455065782,0.023811920520576964
leave_dataset_out,DEAP,449,0.0047696649310385,0.02423376803162956
leave_dataset_out,DEAP,450,0.0244594379744823,0.02429695553990711
leave_dataset_out,DEAP,452,0.0144679836241504,0.022513363577224124
leave_dataset_out,DEAP,453,0.0056043562939703,0.022862566123513832
leave_dataset_out,DEAP,454,0.0121079931634803,0.02331378981405847
leave_dataset_out,DEAP,455,0.005201915815414,0.023679427128992514
leave_dataset_out,DEAP,456,0.0036766167176756,0.02383802139196815
leave_dataset_out,DEAP,458,-0.0004322508843754,0.0202419076672798
leave_dataset_out,DEAP,459,0.0159634723160697,0.02152289859625493
leave_dataset_out,DEAP,460,0.007532095870265,0.02183615663483486
leave_dataset_out,DEAP,461,0.0015898883103461,0.022070077648436905
leave_dataset_out,DEAP,462,0.0096685082872928,0.021993128221178344
leave_dataset_out,DEAP,464,0.0024394848761874,0.02165838787864519
leave_dataset_out,DEAP,465,0.0021016336102388,0.02231464199740424
leave_dataset_out,DEAP,466,0.0042380460272665,0.022481620711896924
leave_dataset_out,DEAP,467,0.0073383282324416,0.023444920522363563
leave_dataset_out,DEAP,468,-0.0053658730474184,0.023964181497215103
leave_dataset_out,DEAP,470,-0.0095244246591676,0.0225150108165481
leave_dataset_out,DEAP,471,0.0004819348940736,0.023277376389489852
leave_dataset_out,DEAP,472,0.0084313764458046,0.02368646578034435
leave_dataset_out,DEAP,473,-0.0107118724909575,0.023712393954753105
leave_dataset_out,DEAP,474,-0.0009638697881474,0.024077570208090565
leave_dataset_out,DEAP,480,0.0155759370404229,0.01419483476902376
leave_dataset_out,DEAP,481,0.0114024802257641,0.014884725315723749
leave_dataset_out,DEAP,482,-0.0017836559481696,0.0151424965473472
leave_dataset_out,DEAP,483,0.0060217019754362,0.015471009004041901
leave_dataset_out,DEAP,484,0.0153672641996899,0.01544118205214375
leave_dataset_out,DEAP,485,0.0067918041257601,0.014056892953525394
leave_dataset_out,DEAP,486,0.0077059899042092,0.014304969387764972
leave_dataset_out,DEAP,487,0.0048640645494653,0.014655152166884955
leave_dataset_out,DEAP,488,-0.0010284590007552,0.014919660262086321
leave_dataset_out,DEAP,489,-0.0054602726658452,0.014977150993391435
leave_dataset_out,DEAP,490,-0.0095244246591677,0.011892746499294662
leave_dataset_out,DEAP,491,-0.0088189117214516,0.01306963913198388
leave_dataset_out,DEAP,492,-0.0228546444612266,0.013279316940993963
leave_dataset_out,DEAP,493,-0.0141500059620811,0.013408613636829665
leave_dataset_out,DEAP,494,-0.0292936921181287,0.01322880075166888
leave_dataset_out,DEAP,495,-0.0014607098851305,0.013111492518163135
leave_dataset_out,DEAP,496,-0.0101007591716681,0.013713491585715491
leave_dataset_out,DEAP,497,-0.0083816924361063,0.013825799471543753
leave_dataset_out,DEAP,498,-0.0082376088079812,0.014735272479118319
leave_dataset_out,DEAP,499,-0.0089928057553956,0.015199693408541428
leave_dataset_out,DEAP,500,-0.0044964028776978,0.014036469767025713
leave_dataset_out,DEAP,501,0.0053310942406295,0.014704097023533657
leave_dataset_out,DEAP,502,0.0071296553917087,0.015018315860307295
leave_dataset_out,DEAP,503,0.0063744584442942,0.014948944754168712
leave_dataset_out,DEAP,504,0.0043672244524822,0.015219576264028678
leave_dataset_out,DEAP,506,0.0184228307961365,0.014651655540693252
leave_dataset_out,DEAP,507,0.0128979689176835,0.015341546087393241
leave_dataset_out,DEAP,508,0.0046752653126118,0.015599317319016693
leave_dataset_out,DEAP,509,-0.0002881672562503,0.015927829775711395
leave_dataset_out,DEAP,510,0.0070501609761914,0.015898002823813248
leave_dataset_out,DEAP,512,0.021806311856592,0.014513713725194888
leave_dataset_out,DEAP,513,0.0092809730116458,0.014761790159434466
leave_dataset_out,DEAP,514,0.0183383679796493,0.015111972938554449
leave_dataset_out,DEAP,515,0.0080438411701577,0.015376481033755815
leave_dataset_out,DEAP,516,0.010518104853134,0.015433971765060929
leave_dataset_out,DEAP,518,0.016604396041178,0.012349567270964156
leave_dataset_out,DEAP,519,0.0268343336380619,0.013526459903653374
leave_dataset_out,DEAP,520,0.0118347311101394,0.013736137712663457
leave_dataset_out,DEAP,521,0.0189643865018482,0.013865434408499161
leave_dataset_out,DEAP,522,0.016813068881911,0.013685621523338375
leave_dataset_out,DEAP,524,-0.0053012838348105,0.013568313289832629
leave_dataset_out,DEAP,525,-0.0073582018363209,0.014170312357384985
leave_dataset_out,DEAP,526,-0.0070849397829801,0.014282620243213247
leave_dataset_out,DEAP,527,0.0017488771413808,0.015192093250787813
leave_dataset_out,DEAP,528,-0.0079196311459119,0.015656514180210922
leave_dataset_out,DEAP,530,0.0114670694383718,0.014493290538695207
leave_dataset_out,DEAP,531,0.0056689455065781,0.015160917795203151
leave_dataset_out,DEAP,532,0.0062154696132596,0.015475136631976789
leave_dataset_out,DEAP,533,0.0110646289598155,0.015405765525838206
leave_dataset_out,DEAP,534,0.0043374140466632,0.01567639703569817
leave_dataset_out,DEAP,540,-0.0067619937199411,0.02029386041703285
leave_dataset_out,DEAP,541,0.0111441233753329,0.021037329351480283
leave_dataset_out,DEAP,542,0.0067123097102428,0.021348679096728808
leave_dataset_out,DEAP,543,0.0065036368695099,0.021730859209679296
leave_dataset_out,DEAP,544,0.0074029174450495,0.02175451557238217
leave_dataset_out,DEAP,545,0.0057981239317939,0.02008572845699722
leave_dataset_out,DEAP,546,0.0078699471362136,0.020416953027811345
leave_dataset_out,DEAP,547,0.0040144679836241,0.02085021388965827
leave_dataset_out,DEAP,548,-0.0021513176199371,0.021197872676639834
leave_dataset_out,DEAP,549,0.0055894510910609,0.021338492978429602
leave_dataset_out,DEAP,550,-0.0086251440836281,0.017870861628944343
leave_dataset_out,DEAP,551,-0.0049485273659525,0.01912149055483608
leave_dataset_out,DEAP,552,-0.0163659127946261,0.019404537693124807
leave_dataset_out,DEAP,553,-0.000531618903772,0.019607943280711672
leave_dataset_out,DEAP,554,-0.0031648714177829,0.019500992011564956
leave_dataset_out,DEAP,555,-0.0157895782821256,0.019311943184920057
leave_dataset_out,DEAP,556,-0.0079196311459119,0.019918463506739634
leave_dataset_out,DEAP,557,2.9810405818953e-05,0.0200353272949566
leave_dataset_out,DEAP,558,-0.018646408839779,0.02094928586943884
leave_dataset_out,DEAP,559,-0.0123663500139115,0.02141827680264765
leave_dataset_out,DEAP,560,0.0055397670813626,0.020072287176640898
leave_dataset_out,DEAP,561,0.0161721451568027,0.02082309929635902
leave_dataset_out,DEAP,562,0.0149350133153146,0.021220619107447557
leave_dataset_out,DEAP,563,0.0075320958702651,0.021234925418374927
leave_dataset_out,DEAP,564,0.0035325330895504,0.02158857182494684
leave_dataset_out,DEAP,566,-0.0191432489367622,0.020750681188702342
leave_dataset_out,DEAP,567,0.0,0.021494150123149775
leave_dataset_out,DEAP,568,-0.0202512023530347,0.0218054998683983
leave_dataset_out,DEAP,569,-0.0157547994753369,0.02218767998134879
leave_dataset_out,DEAP,570,-0.0038703843554991,0.022211336344051667
leave_dataset_out,DEAP,572,0.0092660678087364,0.02054254922866671
leave_dataset_out,DEAP,573,0.0075320958702651,0.02087377379948084
leave_dataset_out,DEAP,574,0.0062303748161691,0.021307034661327762
leave_dataset_out,DEAP,575,0.0065036368695099,0.02165469344830933
leave_dataset_out,DEAP,576,0.0113378910131562,0.021795313750099094
leave_dataset_out,DEAP,578,0.0238831034619818,0.018327682400613835
leave_dataset_out,DEAP,579,0.0236893358241583,0.019578311326505574
leave_dataset_out,DEAP,580,0.0119490043324456,0.0198613584647943
leave_dataset_out,DEAP,581,0.0256319806033626,0.02006476405238116
leave_dataset_out,DEAP,582,0.0185669144242616,0.019957812783234448
leave_dataset_out,DEAP,584,-0.0062154696132595,0.01976876395658955
leave_dataset_out,DEAP,585,-0.0040641519933224,0.02037528427840913
leave_dataset_out,DEAP,586,-0.0089779005524861,0.020492148066626092
leave_dataset_out,DEAP,587,-0.0028916093644421,0.02140610664110833
leave_dataset_out,DEAP,588,-0.014920108112405,0.021875097574317142
leave_dataset_out,DEAP,590,-0.0019277395762947,0.020529107948310393
leave_dataset_out,DEAP,591,0.008481060455503,0.02127992006802851
leave_dataset_out,DEAP,592,0.0039995627807146,0.02167743987911705
leave_dataset_out,DEAP,593,-0.0019277395762947,0.021691746190044423
leave_dataset_out,DEAP,594,-0.003870384355499,0.022045392596616333
leave_dataset_out,DEAP,615,0.0094896458523788,0.0061316346427910985
leave_dataset_out,DEAP,616,0.0322300170912992,0.009778889802279853
leave_dataset_out,DEAP,617,0.0205393696092849,0.012005100809658676
leave_dataset_out,DEAP,618,0.0026332525140109,0.014445995570280435
leave_dataset_out,DEAP,619,0.012172582376088,0.01673183697819462
leave_dataset_out,DEAP,620,-0.0137823442903135,0.00655684834370622
leave_dataset_out,DEAP,621,-0.006940856154855,0.009317687213451869
leave_dataset_out,DEAP,622,0.0093753726300728,0.010648780298901754
leave_dataset_out,DEAP,623,0.0023898008664891,0.01324064900183142
leave_dataset_out,DEAP,624,-0.004193330418538,0.015627364092922452
leave_dataset_out,DEAP,625,0.0275249413728685,0.006273131002449899
leave_dataset_out,DEAP,626,0.0084760920545331,0.009152701935980253
leave_dataset_out,DEAP,627,0.0283596327358003,0.011210456532722794
leave_dataset_out,DEAP,628,0.0194463213959218,0.0129969360406784
leave_dataset_out,DEAP,629,0.042459954688183,0.01561328253771465
leave_dataset_out,DEAP,630,0.0009638697881473,0.0065075270737911355
leave_dataset_out,DEAP,631,0.0174241822012003,0.009052461584959457
leave_dataset_out,DEAP,632,0.0241364919114432,0.012414768625065336
leave_dataset_out,DEAP,633,0.0124309392265193,0.014104542293352949
leave_dataset_out,DEAP,634,0.0268194284351525,0.016322410399714844
leave_dataset_out,DEAP,635,0.0145325728367582,0.006671018715778614
leave_dataset_out,DEAP,636,0.016460312413053,0.009541808137690486
leave_dataset_out,DEAP,637,0.0085903652768393,0.011667960140327787
leave_dataset_out,DEAP,638,0.0524166302317262,0.014314146579849973
leave_dataset_out,DEAP,639,0.0349924480305259,0.016483610106393945
leave_dataset_out,DEAP,646,0.0092809730116459,0.006588455414460591
leave_dataset_out,DEAP,647,0.0226260980166143,0.010235710573949348
leave_dataset_out,DEAP,648,0.0148853293056163,0.01246192158132817
leave_dataset_out,DEAP,649,0.0126694224730711,0.01490281634194993
leave_dataset_out,DEAP,650,0.02068345323741,0.017188657749864115
leave_dataset_out,DEAP,652,0.0065334472753288,0.007013669115375716
leave_dataset_out,DEAP,653,0.0080587463730673,0.009774507985121365
leave_dataset_out,DEAP,654,0.0096486346834134,0.01110560107057125
leave_dataset_out,DEAP,655,0.0201667395365476,0.013697469773500915
leave_dataset_out,DEAP,656,0.0133749354107874,0.016084184864591945
leave_dataset_out,DEAP,658,-0.003870384355499,0.006729951774119395
leave_dataset_out,DEAP,659,0.0054453674629356,0.009609522707649747
leave_dataset_out,DEAP,660,0.0109851345442981,0.011667277304392288
leave_dataset_out,DEAP,661,0.0076612742954806,0.013453756812347895
leave_dataset_out,DEAP,662,0.0136034818553996,0.016070103309384142
leave_dataset_out,DEAP,664,0.0291148296832147,0.006964347845460631
leave_dataset_out,DEAP,665,0.0279422870543344,0.009509282356628951
leave_dataset_out,DEAP,666,0.0367761039786954,0.012871589396734832
leave_dataset_out,DEAP,667,0.041754441750467,0.014561363065022443
leave_dataset_out,DEAP,668,0.0445168726896935,0.016779231171384336
leave_dataset_out,DEAP,670,-0.0002235780436424,0.007127839487448107
leave_dataset_out,DEAP,671,0.0109702293413887,0.009998628909359982
leave_dataset_out,DEAP,672,0.0185023252116538,0.012124780911997281
leave_dataset_out,DEAP,673,0.0155312214316943,0.014770967351519467
leave_dataset_out,DEAP,674,0.0157398942724273,0.016940430878063437
leave_dataset_out,DEAP,680,0.0196698994395643,0.00522959529361583
leave_dataset_out,DEAP,681,0.0287769784172662,0.008157300831100115
leave_dataset_out,DEAP,682,0.0318424818156524,0.00966433425773199
leave_dataset_out,DEAP,683,0.0350719424460431,0.011413388242707151
leave_dataset_out,DEAP,684,0.0216622282284669,0.012950544014930544
leave_dataset_out,DEAP,685,-0.0030207877896578,0.005618272054528648
leave_dataset_out,DEAP,686,-0.0053161890377201,0.007732890007798332
leave_dataset_out,DEAP,687,-0.0195605946182281,0.008416632984520151
leave_dataset_out,DEAP,688,-0.0026829365237092,0.010411795656592412
leave_dataset_out,DEAP,689,0.0148704241027067,0.012105085917507516
leave_dataset_out,DEAP,690,0.0002384832465519,0.005474207301166861
leave_dataset_out,DEAP,691,-0.0028916093644422,0.007661970399966857
leave_dataset_out,DEAP,692,-0.0036120275050678,0.009027715852548182
leave_dataset_out,DEAP,693,-0.0054453674629357,0.010147361683237273
leave_dataset_out,DEAP,694,0.0080786199769465,0.012044436032842136
leave_dataset_out,DEAP,695,-0.0121576771731785,0.005585247316037455
leave_dataset_out,DEAP,696,0.0021364124170277,0.00741252111504407
leave_dataset_out,DEAP,697,-0.0073383282324416,0.010054593493257866
leave_dataset_out,DEAP,698,0.0043374140466632,0.011060071672815884
leave_dataset_out,DEAP,699,0.0236247466115505,0.012528237966215628
leave_dataset_out,DEAP,700,0.0034828490798521,0.005937754830611552
leave_dataset_out,DEAP,701,0.0151436861560474,0.008104907941508022
leave_dataset_out,DEAP,702,0.0169422473071266,0.009526107157658397
leave_dataset_out,DEAP,703,0.0294377757462537,0.011479355821118848
leave_dataset_out,DEAP,704,0.0136183870583091,0.012935218644562905
leave_dataset_out,DEAP,706,0.0152082753686553,0.005686416065285322
leave_dataset_out,DEAP,707,0.0146468460590643,0.008614121602769607
leave_dataset_out,DEAP,708,0.0133451250049683,0.010121155029401481
leave_dataset_out,DEAP,709,0.0040641519933224,0.011870209014376642
leave_dataset_out,DEAP,710,0.0050429269843793,0.013407364786600037
leave_dataset_out,DEAP,712,0.0005614293095909,0.006075092826198138
leave_dataset_out,DEAP,713,0.0058627131444015,0.008189710779467823
leave_dataset_out,DEAP,714,0.0199779402996939,0.008873453756189642
leave_dataset_out,DEAP,715,0.0260791366906474,0.010868616428261903
leave_dataset_out,DEAP,716,0.025085456496681,0.012561906689177007
leave_dataset_out,DEAP,718,-0.0034828490798521,0.005931028072836353
leave_dataset_out,DEAP,719,0.0007899757542033,0.008118791171636348
leave_dataset_out,DEAP,720,-0.0066129416908461,0.009484536624217672
leave_dataset_out,DEAP,721,0.0033437338526968,0.010604182454906763
leave_dataset_out,DEAP,722,-0.0077208951071187,0.012501256804511626
leave_dataset_out,DEAP,724,0.0028568305576532,0.006042068087706947
leave_dataset_out,DEAP,725,0.0147412456774911,0.007869341886713562
leave_dataset_out,DEAP,726,0.0203952859811598,0.010511414264927356
leave_dataset_out,DEAP,727,0.0136332922612186,0.011516892444485373
leave_dataset_out,DEAP,728,0.0092163837990381,0.012985058737885118
leave_dataset_out,DEAP,730,0.0211157041217854,0.006394575602281044
leave_dataset_out,DEAP,731,0.0182737787670416,0.008561728713177515
leave_dataset_out,DEAP,732,0.0168776580945188,0.009982927929327888
leave_dataset_out,DEAP,733,0.0293880917365554,0.011936176592788339
leave_dataset_out,DEAP,734,0.0176328550419332,0.013392039416232395
leave_dataset_out,DEAP,740,0.0198636670773877,0.01159266649359717
leave_dataset_out,DEAP,741,0.0099218967367543,0.014505464235045451
leave_dataset_out,DEAP,742,0.0304463611431296,0.015997597573678426
leave_dataset_out,DEAP,743,0.0058428395405222,0.0177323178409261
leave_dataset_out,DEAP,744,0.0120086251440836,0.019253962170421097
leave_dataset_out,DEAP,745,0.0061310067967725,0.011667619987085315
leave_dataset_out,DEAP,746,-0.0104733892444055,0.013796618377995635
leave_dataset_out,DEAP,747,0.0049435589649827,0.014494766920419329
leave_dataset_out,DEAP,748,-4.968400969751485e-06,0.016503208168977986
leave_dataset_out,DEAP,749,0.0041088676020509,0.01821192930233094
leave_dataset_out,DEAP,750,-0.0158044834850352,0.011523823145496737
leave_dataset_out,DEAP,751,-0.0146319408561548,0.013726666524072872
leave_dataset_out,DEAP,752,-0.0071644341984976,0.015107496644646811
leave_dataset_out,DEAP,753,-0.0067470885170317,0.016241678359309016
leave_dataset_out,DEAP,754,-0.0030058825867483,0.018154431665806117
leave_dataset_out,DEAP,755,0.0017339719384713,0.011614687502539994
leave_dataset_out,DEAP,756,0.018258873564132,0.01345985311985535
leave_dataset_out,DEAP,757,0.0319418498350491,0.01611988148686978
leave_dataset_out,DEAP,758,0.005877618347311,0.017142419664761776
leave_dataset_out,DEAP,759,0.0041287412059303,0.018629276585077476
leave_dataset_out,DEAP,760,0.0084611868516236,0.01172644032613781
leave_dataset_out,DEAP,761,0.0193668269804045,0.01393331484168838
leave_dataset_out,DEAP,762,0.0209567152907508,0.015394309779656563
leave_dataset_out,DEAP,763,0.0326473627727652,0.017386675898217272
leave_dataset_out,DEAP,764,0.0185321356174729,0.018882822632320197
leave_dataset_out,DEAP,766,-0.0019923287889026,0.01204948726526666
leave_dataset_out,DEAP,767,0.0072091498072259,0.014962285006714942
leave_dataset_out,DEAP,768,-0.0029412933741405,0.016454418345347915
leave_dataset_out,DEAP,769,0.0041088676020508,0.018189138612595593
leave_dataset_out,DEAP,770,0.0023103064509717,0.01971078294209059
leave_dataset_out,DEAP,772,-0.002717715330498,0.012124440758754806
leave_dataset_out,DEAP,773,0.0147561508804006,0.014253439149665125
leave_dataset_out,DEAP,774,0.0082674192138002,0.014951587692088819
leave_dataset_out,DEAP,775,0.0095045510552883,0.01696002894064748
leave_dataset_out,DEAP,776,0.0148853293056162,0.018668750074000432
leave_dataset_out,DEAP,778,0.0228844548670456,0.011980643917166228
leave_dataset_out,DEAP,779,0.0291645136929131,0.014183487295742363
leave_dataset_out,DEAP,780,0.021423744981915,0.015564317416316302
leave_dataset_out,DEAP,781,0.0216821018323463,0.016698499130978504
leave_dataset_out,DEAP,782,0.0339987678365594,0.018611252437475606
leave_dataset_out,DEAP,784,-0.0061508804006518,0.012071508274209485
leave_dataset_out,DEAP,785,0.0009638697881474,0.013916673891524841
leave_dataset_out,DEAP,786,0.0075171906673556,0.016576702258539272
leave_dataset_out,DEAP,787,0.01477602448428,0.017599240436431268
leave_dataset_out,DEAP,788,0.0122222663857864,0.019086097356746965
leave_dataset_out,DEAP,790,0.0054453674629356,0.012183261097807301
leave_dataset_out,DEAP,791,0.0169770261139154,0.01439013561335787
leave_dataset_out,DEAP,792,0.0297607218092927,0.015851130551326056
leave_dataset_out,DEAP,793,0.0117254262888031,0.017843496669886764
leave_dataset_out,DEAP,794,0.0144878572280296,0.01933964340398969
leave_dataset_out,MAHNOB-HCI,815,0.0362155930249316,-0.035466314526615667
leave_dataset_out,MAHNOB-HCI,816,0.0232526300619685,-0.03233544548353751
leave_dataset_out,MAHNOB-HCI,817,0.0402939904885429,-0.034825850675905386
leave_dataset_out,MAHNOB-HCI,818,0.028901859057501,-0.03390784514495561
leave_dataset_out,MAHNOB-HCI,819,0.01779074794639,-0.034751998394860574
leave_dataset_out,MAHNOB-HCI,820,0.0290892059374549,-0.036677170527794796
leave_dataset_out,MAHNOB-HCI,821,-0.011204784551088,-0.03369522844081601
leave_dataset_out,MAHNOB-HCI,822,0.0140870442426862,-0.0335631469292511
leave_dataset_out,MAHNOB-HCI,823,0.0023202190517365,-0.035691646815660595
leave_dataset_out,MAHNOB-HCI,824,0.028808185617524,-0.0358151053194414
leave_dataset_out,MAHNOB-HCI,825,0.0,-0.04159345683866619
leave_dataset_out,MAHNOB-HCI,826,-0.0131503098429168,-0.034373998530526424
leave_dataset_out,MAHNOB-HCI,827,-0.0132439832828938,-0.033815946258267074
leave_dataset_out,MAHNOB-HCI,828,-0.0114858048710189,-0.03509733123457691
leave_dataset_out,MAHNOB-HCI,829,0.0091655858192822,-0.03742645369094562
leave_dataset_out,MAHNOB-HCI,830,-0.017581784118749,-0.04437509097008337
leave_dataset_out,MAHNOB-HCI,831,-0.016010952586828,-0.03727646707154469
leave_dataset_out,MAHNOB-HCI,832,-0.0118388816832396,-0.03454504478687606
leave_dataset_out,MAHNOB-HCI,833,-0.0067516933275688,-0.03682076892725591
leave_dataset_out,MAHNOB-HCI,834,-0.0231373396743046,-0.037872000797109145
leave_dataset_out,MAHNOB-HCI,835,-0.0115794783109957,-0.04108029333624005
leave_dataset_out,MAHNOB-HCI,836,0.0136186770428016,-0.035086372699356404
leave_dataset_out,MAHNOB-HCI,837,-0.0019455252918287,-0.036647787007014467
leave_dataset_out,MAHNOB-HCI,838,0.0175097276264591,-0.037005232136195575
leave_dataset_out,MAHNOB-HCI,839,0.0134313301628476,-0.03841923207762041
leave_dataset_out,MAHNOB-HCI,846,0.0296296296296296,-0.03561927927994309
leave_dataset_out,MAHNOB-HCI,847,-0.0005620406398616,-0.03248841023686493
leave_dataset_out,MAHNOB-HCI,848,0.0199020031704856,-0.03497881542923282
leave_dataset_out,MAHNOB-HCI,849,0.0089782389393284,-0.034060809898283036
leave_dataset_out,MAHNOB-HCI,850,0.0088845654993515,-0.034904963148188
leave_dataset_out,MAHNOB-HCI,852,-0.012869289522986,-0.03683013528112223
leave_dataset_out,MAHNOB-HCI,853,-0.0130566364029399,-0.033848193194143436
leave_dataset_out,MAHNOB-HCI,854,0.0214944516500936,-0.03371611168257853
leave_dataset_out,MAHNOB-HCI,855,0.0039847240236344,-0.03584461156898802
leave_dataset_out,MAHNOB-HCI,856,0.0136186770428015,-0.03596807007276884
leave_dataset_out,MAHNOB-HCI,858,0.020838737570255,-0.04174642159199361
leave_dataset_out,MAHNOB-HCI,859,-0.001570831531921,-0.03452696328385386
leave_dataset_out,MAHNOB-HCI,860,0.0015708315319209,-0.0339689110115945
leave_dataset_out,MAHNOB-HCI,861,-0.0037973771436806,-0.03525029598790435
leave_dataset_out,MAHNOB-HCI,862,0.0150958351347455,-0.037579418444273045
leave_dataset_out,MAHNOB-HCI,864,0.0009367343997693,-0.044528055723410793
leave_dataset_out,MAHNOB-HCI,865,0.0027885862516212,-0.03742943182487211
leave_dataset_out,MAHNOB-HCI,866,0.0145554114425709,-0.034698009540203495
leave_dataset_out,MAHNOB-HCI,867,0.0124225392707881,-0.036973733680583334
leave_dataset_out,MAHNOB-HCI,868,0.003069606571552,-0.038024965550436565
leave_dataset_out,MAHNOB-HCI,870,0.0122351923908344,-0.04123325808956747
leave_dataset_out,MAHNOB-HCI,871,0.0273310275255801,-0.03523933745268383
leave_dataset_out,MAHNOB-HCI,872,0.0177907479463901,-0.03680075176034189
leave_dataset_out,MAHNOB-HCI,873,0.0176970745064131,-0.037158196889523
leave_dataset_out,MAHNOB-HCI,874,0.0155642023346304,-0.038572196830947834
leave_dataset_out,MAHNOB-HCI,880,-0.0078757746072921,-0.03732586691916782
leave_dataset_out,MAHNOB-HCI,881,-0.0099149733390979,-0.034535001513627456
leave_dataset_out,MAHNOB-HCI,882,-0.0078757746072921,-0.03736741388092797
leave_dataset_out,MAHNOB-HCI,883,-0.0039847240236345,-0.03678250994801758
leave_dataset_out,MAHNOB-HCI,884,-0.0152831820146995,-0.03797426198433282
leave_dataset_out,MAHNOB-HCI,885,-0.0168540135466205,-0.03855591888257552
leave_dataset_out,MAHNOB-HCI,886,-0.0263942931258106,-0.035954169147326076
leave_dataset_out,MAHNOB-HCI,887,-0.0112984579910649,-0.03620090704275593
leave_dataset_out,MAHNOB-HCI,888,-0.0052745352356247,-0.038703744355179495
leave_dataset_out,MAHNOB-HCI,889,-0.0091655858192822,-0.039212759227707825
leave_dataset_out,MAHNOB-HCI,890,0.0113921314310418,-0.043432261831033055
leave_dataset_out,MAHNOB-HCI,891,0.0003746937599077,-0.03658482740607417
leave_dataset_out,MAHNOB-HCI,892,0.0024138924917135,-0.03639809577914201
leave_dataset_out,MAHNOB-HCI,893,-0.0072200605274534,-0.038044286437612325
leave_dataset_out,MAHNOB-HCI,894,0.0178844213863669,-0.04075350400610318
leave_dataset_out,MAHNOB-HCI,895,0.0126098861507421,-0.045809621577563756
leave_dataset_out,MAHNOB-HCI,896,0.0145554114425709,-0.03891221197609955
leave_dataset_out,MAHNOB-HCI,897,0.0315030984291684,-0.036382306304829054
leave_dataset_out,MAHNOB-HCI,898,0.0182591151462745,-0.03885225008650275
leave_dataset_out,MAHNOB-HCI,899,0.0167819570543305,-0.040112234339288955
leave_dataset_out,MAHNOB-HCI,900,0.017697074506413,-0.043311766968812046
leave_dataset_out,MAHNOB-HCI,901,0.0006557140798386,-0.03781556150868771
leave_dataset_out,MAHNOB-HCI,902,0.0229716097420377,-0.03987491672315753
leave_dataset_out,MAHNOB-HCI,903,0.0041720709035883,-0.04073889491321166
leave_dataset_out,MAHNOB-HCI,904,0.0272373540856031,-0.04263890204185975
leave_dataset_out,MAHNOB-HCI,906,0.0319498486813661,-0.037478831672495244
leave_dataset_out,MAHNOB-HCI,907,0.0451938319642599,-0.03468796626695488
leave_dataset_out,MAHNOB-HCI,908,0.0358408992650237,-0.037520378634255405
leave_dataset_out,MAHNOB-HCI,909,0.0307537109093528,-0.03693547470134501
leave_dataset_out,MAHNOB-HCI,910,0.0474203775760195,-0.03812722673766025
leave_dataset_out,MAHNOB-HCI,912,-0.0090719123793053,-0.038708883635902955
leave_dataset_out,MAHNOB-HCI,913,-0.0086972186193976,-0.0361071339006535
leave_dataset_out,MAHNOB-HCI,914,-0.0147211413748378,-0.036353871796083355
leave_dataset_out,MAHNOB-HCI,915,-0.0031416630638421,-0.038856709108506915
leave_dataset_out,MAHNOB-HCI,916,0.0004683671998846,-0.03936572398103526
leave_dataset_out,MAHNOB-HCI,918,0.0251981553537974,-0.04358522658436048
leave_dataset_out,MAHNOB-HCI,919,0.0190805591583801,-0.036737792159401594
leave_dataset_out,MAHNOB-HCI,920,0.019174232598357,-0.03655106053246944
leave_dataset_out,MAHNOB-HCI,921,0.0187058653984724,-0.03819725119093975
leave_dataset_out,MAHNOB-HCI,922,0.0150021616947687,-0.04090646875943062
leave_dataset_out,MAHNOB-HCI,924,0.0364029399048855,-0.04596258633089119
leave_dataset_out,MAHNOB-HCI,925,0.019361579478311,-0.03906517672942698
leave_dataset_out,MAHNOB-HCI,926,0.0305663640293991,-0.03653527105815648
leave_dataset_out,MAHNOB-HCI,927,0.0229716097420378,-0.039005214839830174
leave_dataset_out,MAHNOB-HCI,928,0.0325118893212279,-0.04026519909261638
leave_dataset_out,MAHNOB-HCI,930,-0.0017581784118749,-0.04346473172213947
leave_dataset_out,MAHNOB-HCI,931,0.0037973771436805,-0.037968526262015134
leave_dataset_out,MAHNOB-HCI,932,0.0120478455108804,-0.04002788147648496
leave_dataset_out,MAHNOB-HCI,933,0.0058365758754863,-0.04089185966653908
leave_dataset_out,MAHNOB-HCI,934,0.0169476869865974,-0.04279186679518718
leave_dataset_out,MAHNOB-HCI,940,0.025666522553682,-0.03890860345414785
leave_dataset_out,MAHNOB-HCI,941,0.0283398184176394,-0.036422323343003105
leave_dataset_out,MAHNOB-HCI,942,-0.003047989623865,-0.03956111583263596
leave_dataset_out,MAHNOB-HCI,943,0.0196425997982419,-0.039274614143410984
leave_dataset_out,MAHNOB-HCI,944,0.007969448047269,-0.040777755432667845
leave_dataset_out,MAHNOB-HCI,945,-0.0184248450785415,-0.03969571532844954
leave_dataset_out,MAHNOB-HCI,946,-0.0162919729067588,-0.03725328492422753
leave_dataset_out,MAHNOB-HCI,947,-0.0091655858192823,-0.03765876681918314
leave_dataset_out,MAHNOB-HCI,948,-0.0150021616947687,-0.0403184699602322
leave_dataset_out,MAHNOB-HCI,949,-0.0035163568237498,-0.04098905195125417
leave_dataset_out,MAHNOB-HCI,950,-0.020838737570255,-0.044307102482960235
leave_dataset_out,MAHNOB-HCI,951,-0.0129629629629629,-0.037515750229791915
leave_dataset_out,MAHNOB-HCI,952,-0.0203703703703703,-0.03738499476235408
leave_dataset_out,MAHNOB-HCI,953,-0.019174232598357,-0.039086179457127036
leave_dataset_out,MAHNOB-HCI,954,-0.0248234615938895,-0.04185269592587272
leave_dataset_out,MAHNOB-HCI,955,0.0003746937599077,-0.046965356760325275
leave_dataset_out,MAHNOB-HCI,956,0.0001873468799538,-0.04023033275322698
leave_dataset_out,MAHNOB-HCI,957,-0.0201830234904165,-0.037863056654094465
leave_dataset_out,MAHNOB-HCI,958,-0.0240740740740741,-0.04048974114628219
leave_dataset_out,MAHNOB-HCI,959,0.0099149733390978,-0.04191819444063621
leave_dataset_out,MAHNOB-HCI,960,0.0046404381034731,-0.04408155377418216
leave_dataset_out,MAHNOB-HCI,961,0.0157515492145842,-0.038598344764873206
leave_dataset_out,MAHNOB-HCI,962,0.0064922899553249,-0.0406707023244724
leave_dataset_out,MAHNOB-HCI,963,0.0351131286928952,-0.04154790721991828
leave_dataset_out,MAHNOB-HCI,964,0.0121415189508574,-0.043460605077721565
leave_dataset_out,MAHNOB-HCI,966,0.0477950713359274,-0.03906156820747528
leave_dataset_out,MAHNOB-HCI,967,0.0379737714368064,-0.03657528809633053
leave_dataset_out,MAHNOB-HCI,968,0.041864822020464,-0.03971408058596339
leave_dataset_out,MAHNOB-HCI,969,0.030566364029399,-0.039427578896738404
leave_dataset_out,MAHNOB-HCI,970,0.0458495460440986,-0.04093072018599528
leave_dataset_out,MAHNOB-HCI,972,-0.0108300907911802,-0.039848680081776965
leave_dataset_out,MAHNOB-HCI,973,-0.0052745352356247,-0.037406249677554966
leave_dataset_out,MAHNOB-HCI,974,0.011392131431042,-0.037811731572510575
leave_dataset_out,MAHNOB-HCI,975,0.0117668251909497,-0.04047143471355963
leave_dataset_out,MAHNOB-HCI,976,-0.0053682086756016,-0.04114201670458159
leave_dataset_out,MAHNOB-HCI,978,-0.006117596195417,-0.04446006723628766
leave_dataset_out,MAHNOB-HCI,979,-0.0170413604265743,-0.03766871498311934
leave_dataset_out,MAHNOB-HCI,980,-0.0101023202190516,-0.0375379595156815
leave_dataset_out,MAHNOB-HCI,981,-0.0058365758754863,-0.03923914421045446
leave_dataset_out,MAHNOB-HCI,982,-0.0020391987318055,-0.04200566067920015
leave_dataset_out,MAHNOB-HCI,984,0.0028822596915982,-0.0471183215136527
leave_dataset_out,MAHNOB-HCI,985,0.0118604986309266,-0.040383297506554415
leave_dataset_out,MAHNOB-HCI,986,-0.0111111111111111,-0.038016021407421885
leave_dataset_out,MAHNOB-HCI,987,0.0115794783109957,-0.040642705899609624
leave_dataset_out,MAHNOB-HCI,988,0.0065859633953018,-0.04207115919396364
leave_dataset_out,MAHNOB-HCI,990,0.0115794783109958,-0.044234518527509585
leave_dataset_out,MAHNOB-HCI,991,0.0003746937599077,-0.03875130951820064
leave_dataset_out,MAHNOB-HCI,992,0.0077821011673151,-0.04082366707779983
leave_dataset_out,MAHNOB-HCI,993,0.0136186770428015,-0.04170087197324572
leave_dataset_out,MAHNOB-HCI,994,0.0265816400057645,-0.04361356983104899
leave_dataset_out,MAHNOB-HCI,1015,0.0095402795791901,-0.01819867009740428
leave_dataset_out,MAHNOB-HCI,1016,0.0216817985300475,-0.00667427920561485
leave_dataset_out,MAHNOB-HCI,1017,0.0270500072056493,-0.00032037552764051583
leave_dataset_out,MAHNOB-HCI,1018,0.0326055627612048,0.008561928726696172
leave_dataset_out,MAHNOB-HCI,1019,0.0419584954604409,0.015697623836591623
leave_dataset_out,MAHNOB-HCI,1020,0.0524138924917135,-0.012534806756597877
leave_dataset_out,MAHNOB-HCI,1021,0.0316688283614353,-0.003166203675703333
leave_dataset_out,MAHNOB-HCI,1022,0.0444444444444444,0.0032016615489888593
leave_dataset_out,MAHNOB-HCI,1023,0.0904813373684968,0.00854860785014118
leave_dataset_out,MAHNOB-HCI,1024,0.0641807176826632,0.017192682544975753
leave_dataset_out,MAHNOB-HCI,1025,-0.0172287073065284,-0.012909463527069731
leave_dataset_out,MAHNOB-HCI,1026,-0.0110174376711342,-0.0014546743850124624
leave_dataset_out,MAHNOB-HCI,1027,0.0053682086756016,0.006060878626055269
leave_dataset_out,MAHNOB-HCI,1028,-0.0078757746072921,0.011967591787063366
leave_dataset_out,MAHNOB-HCI,1029,0.0038910505836575,0.018507046149973325
leave_dataset_out,MAHNOB-HCI,1030,0.01434644761493,-0.016378989686675262
leave_dataset_out,MAHNOB-HCI,1031,0.0430609597924772,-0.003494754837839221
leave_dataset_out,MAHNOB-HCI,1032,0.0599149733390979,-0.00020438412682357784
leave_dataset_out,MAHNOB-HCI,1033,0.0789018590575011,0.00950278490257812
leave_dataset_out,MAHNOB-HCI,1034,0.0420305519527309,0.014450547815274273
leave_dataset_out,MAHNOB-HCI,1035,-0.0206513906903011,-0.01710726036251488
leave_dataset_out,MAHNOB-HCI,1036,0.019361579478311,-0.005012888226716042
leave_dataset_out,MAHNOB-HCI,1037,0.0214007782101167,0.002372698852711297
leave_dataset_out,MAHNOB-HCI,1038,0.0056492289955325,0.011318349895172383
leave_dataset_out,MAHNOB-HCI,1039,-0.0054618821155785,0.017106078856962928
leave_dataset_out,MAHNOB-HCI,1046,0.0050871883556709,-0.0183516348507317
leave_dataset_out,MAHNOB-HCI,1047,0.0105490704712495,-0.0068272439589422765
leave_dataset_out,MAHNOB-HCI,1048,0.0067516933275688,-0.00047334028096794253
leave_dataset_out,MAHNOB-HCI,1049,0.0372243839169909,0.008408963973368745
leave_dataset_out,MAHNOB-HCI,1050,0.0101743767113416,0.015544659083264196
leave_dataset_out,MAHNOB-HCI,1052,-0.0073137339674305,-0.012687771509925304
leave_dataset_out,MAHNOB-HCI,1053,0.0155642023346302,-0.0033191684290307596
leave_dataset_out,MAHNOB-HCI,1054,0.0037037037037036,0.0030486967956614326
leave_dataset_out,MAHNOB-HCI,1055,0.0455685257241677,0.008395643096813753
leave_dataset_out,MAHNOB-HCI,1056,0.0281524715376855,0.017039717791648326
leave_dataset_out,MAHNOB-HCI,1058,-0.0112047845510881,-0.013062428280397158
leave_dataset_out,MAHNOB-HCI,1059,0.0150958351347455,-0.0016076391383398891
leave_dataset_out,MAHNOB-HCI,1060,0.0203703703703703,0.005907913872727842
leave_dataset_out,MAHNOB-HCI,1061,0.0149084882547917,0.011814627033735939
leave_dataset_out,MAHNOB-HCI,1062,0.0340827208531487,0.018354081396645898
leave_dataset_out,MAHNOB-HCI,1064,-0.0026949128116444,-0.01653195444000269
leave_dataset_out,MAHNOB-HCI,1065,0.0196209828505548,-0.0036477195911666475
leave_dataset_out,MAHNOB-HCI,1066,0.0236993803141662,-0.00035734888015100455
leave_dataset_out,MAHNOB-HCI,1067,0.0312004611615506,0.009349820149250693
leave_dataset_out,MAHNOB-HCI,1068,0.0212854878224527,0.014297583061946846
leave_dataset_out,MAHNOB-HCI,1070,0.0138996973627324,-0.01726022511584231
leave_dataset_out,MAHNOB-HCI,1071,0.0112984579910651,-0.0051658529800434685
leave_dataset_out,MAHNOB-HCI,1072,0.0168540135466206,0.00221973409938387
leave_dataset_out,MAHNOB-HCI,1073,0.0117668251909497,0.011165385141844956
leave_dataset_out,MAHNOB-HCI,1074,0.0099149733390979,0.0169531141036355
leave_dataset_out,MAHNOB-HCI,1080,0.0168540135466204,-0.031213187910839907
leave_dataset_out,MAHNOB-HCI,1081,0.0179564778786567,-0.023891288265796444
leave_dataset_out,MAHNOB-HCI,1082,0.0164793197867128,-0.021735800559088206
leave_dataset_out,MAHNOB-HCI,1083,0.0179564778786567,-0.016857016076210665
leave_dataset_out,MAHNOB-HCI,1084,0.0411154345006483,-0.014109385389374424
leave_dataset_out,MAHNOB-HCI,1085,-0.0116731517509727,-0.026536183936104282
leave_dataset_out,MAHNOB-HCI,1086,0.0088845654993515,-0.02173985875109529
leave_dataset_out,MAHNOB-HCI,1087,0.0173223807465052,-0.019950930059607172
leave_dataset_out,MAHNOB-HCI,1088,0.0074074074074074,-0.019105355966572854
leave_dataset_out,MAHNOB-HCI,1089,0.0280587980977086,-0.01509916455055857
leave_dataset_out,MAHNOB-HCI,1090,-0.0059302493154633,-0.026727334618007324
leave_dataset_out,MAHNOB-HCI,1091,0.0033290099437959,-0.01980053316929875
leave_dataset_out,MAHNOB-HCI,1092,0.0349041648652543,-0.016830442024683378
leave_dataset_out,MAHNOB-HCI,1093,0.0437166738723159,-0.015320308666863111
leave_dataset_out,MAHNOB-HCI,1094,0.0374117307969448,-0.013445638350585085
leave_dataset_out,MAHNOB-HCI,1095,-0.0170413604265745,-0.029003902862221917
leave_dataset_out,MAHNOB-HCI,1096,0.012775616083009,-0.020198033463710754
leave_dataset_out,MAHNOB-HCI,1097,0.0322308690012969,-0.021004809836769674
leave_dataset_out,MAHNOB-HCI,1098,0.0341763942931257,-0.015248744992445686
leave_dataset_out,MAHNOB-HCI,1099,0.0213071047701396,-0.014497649985604565
leave_dataset_out,MAHNOB-HCI,1100,-0.0082504683671998,-0.03105021636616384
leave_dataset_out,MAHNOB-HCI,1101,0.0169476869865975,-0.02346408938877565
leave_dataset_out,MAHNOB-HCI,1102,0.0152831820146995,-0.020568341753211795
leave_dataset_out,MAHNOB-HCI,1103,0.0011024643320363,-0.016111518622921484
leave_dataset_out,MAHNOB-HCI,1104,-0.0151895085747225,-0.01482942464328544
leave_dataset_out,MAHNOB-HCI,1106,0.0140654272949992,-0.031366152664167334
leave_dataset_out,MAHNOB-HCI,1107,0.0312941346015276,-0.02404425301912387
leave_dataset_out,MAHNOB-HCI,1108,0.028973915549791,-0.021888765312415626
leave_dataset_out,MAHNOB-HCI,1109,0.0445381178844213,-0.017009980829538092
leave_dataset_out,MAHNOB-HCI,1110,0.0271220636979392,-0.014262350142701843
leave_dataset_out,MAHNOB-HCI,1112,0.0040783974636113,-0.02668914868943171
leave_dataset_out,MAHNOB-HCI,1113,0.0287145121775471,-0.021892823504422718
leave_dataset_out,MAHNOB-HCI,1114,0.0231589566219916,-0.020103894812934592
leave_dataset_out,MAHNOB-HCI,1115,0.020838737570255,-0.01925832071990028
leave_dataset_out,MAHNOB-HCI,1116,0.0346447614930105,-0.015252129303885996
leave_dataset_out,MAHNOB-HCI,1118,0.0091655858192822,-0.02688029937133475
leave_dataset_out,MAHNOB-HCI,1119,0.0148148148148148,-0.019953497922626177
leave_dataset_out,MAHNOB-HCI,1120,0.0259259259259259,-0.016983406778010805
leave_dataset_out,MAHNOB-HCI,1121,0.0315751549214584,-0.015473273420190538
leave_dataset_out,MAHNOB-HCI,1122,0.0393572560887736,-0.013598603103912511
leave_dataset_out,MAHNOB-HCI,1124,0.0164793197867128,-0.029156867615549344
leave_dataset_out,MAHNOB-HCI,1125,0.0260195993659029,-0.020350998217038188
leave_dataset_out,MAHNOB-HCI,1126,0.0224095691021761,-0.0211577745900971
leave_dataset_out,MAHNOB-HCI,1127,0.0263942931258107,-0.015401709745773113
leave_dataset_out,MAHNOB-HCI,1128,0.0191742325983571,-0.014650614738931991
leave_dataset_out,MAHNOB-HCI,1130,0.0108300907911802,-0.031203181119491268
leave_dataset_out,MAHNOB-HCI,1131,0.0089782389393283,-0.023617054142103078
leave_dataset_out,MAHNOB-HCI,1132,0.0165729932266895,-0.020721306506539222
leave_dataset_out,MAHNOB-HCI,1133,0.0080415045395589,-0.01626448337624891
leave_dataset_out,MAHNOB-HCI,1134,0.0065643464476148,-0.014982389396612866
leave_dataset_out,MAHNOB-HCI,1140,0.011392131431042,-0.03235893207690137
leave_dataset_out,MAHNOB-HCI,1141,0.0321371955613201,-0.02517954873715702
leave_dataset_out,MAHNOB-HCI,1142,0.0191742325983571,-0.02316643913362673
leave_dataset_out,MAHNOB-HCI,1143,0.0103833405389826,-0.018423423368045665
leave_dataset_out,MAHNOB-HCI,1144,0.0172287073065283,-0.01582460220686236
leave_dataset_out,MAHNOB-HCI,1145,-0.0237209972618532,-0.027049466600265415
leave_dataset_out,MAHNOB-HCI,1146,0.0059302493154633,-0.022175551811276673
leave_dataset_out,MAHNOB-HCI,1147,-0.0136186770428016,-0.020308920521576096
leave_dataset_out,MAHNOB-HCI,1148,0.014533794494884,-0.019386960063813685
leave_dataset_out,MAHNOB-HCI,1149,0.0302853437094682,-0.0153020657484783
leave_dataset_out,MAHNOB-HCI,1150,0.0102896670990055,-0.027777333244311544
leave_dataset_out,MAHNOB-HCI,1151,-0.0193399625306239,-0.020960930523858848
leave_dataset_out,MAHNOB-HCI,1152,-0.012775616083009,-0.018101664152492987
leave_dataset_out,MAHNOB-HCI,1153,0.0138060239227555,-0.01669872561317022
leave_dataset_out,MAHNOB-HCI,1154,0.0085314886871307,-0.01493778931323967
leave_dataset_out,MAHNOB-HCI,1155,-0.0037973771436806,-0.030198473691391642
leave_dataset_out,MAHNOB-HCI,1156,0.0247297881539125,-0.02155251588652543
leave_dataset_out,MAHNOB-HCI,1157,0.0327929096411586,-0.022519940275950792
leave_dataset_out,MAHNOB-HCI,1158,0.0381611183167602,-0.016918797145874534
leave_dataset_out,MAHNOB-HCI,1159,0.0228779363020608,-0.016332252339597335
leave_dataset_out,MAHNOB-HCI,1160,0.0381611183167603,-0.03158759458302485
leave_dataset_out,MAHNOB-HCI,1161,0.0308473843493298,-0.023932958843890982
leave_dataset_out,MAHNOB-HCI,1162,0.0533506268914829,-0.02096898214581438
leave_dataset_out,MAHNOB-HCI,1163,0.0519671422395157,-0.016443945324576378
leave_dataset_out,MAHNOB-HCI,1164,0.0457558726041216,-0.015093382248283174
leave_dataset_out,MAHNOB-HCI,1166,0.0090719123793053,-0.03251189683022879
leave_dataset_out,MAHNOB-HCI,1167,0.0148148148148148,-0.02533251349048444
leave_dataset_out,MAHNOB-HCI,1168,0.0183311716385645,-0.02331940388695416
leave_dataset_out,MAHNOB-HCI,1169,0.0033290099437959,-0.01857638812137309
leave_dataset_out,MAHNOB-HCI,1170,0.025644905605995,-0.015977566960189787
leave_dataset_out,MAHNOB-HCI,1172,0.0216817985300475,-0.02720243135359285
leave_dataset_out,MAHNOB-HCI,1173,0.037246000864678,-0.022328516564604106
leave_dataset_out,MAHNOB-HCI,1174,0.0411370514483355,-0.020461885274903516
leave_dataset_out,MAHNOB-HCI,1175,0.0489191526156507,-0.019539924817141112
leave_dataset_out,MAHNOB-HCI,1176,0.0414180717682663,-0.015455030501805727
leave_dataset_out,MAHNOB-HCI,1178,-0.0088845654993513,-0.027930297997638964
leave_dataset_out,MAHNOB-HCI,1179,0.0084378152471539,-0.021113895277186275
leave_dataset_out,MAHNOB-HCI,1180,0.0006557140798386,-0.018254628905820414
leave_dataset_out,MAHNOB-HCI,1181,0.0154705288946535,-0.016851690366497647
leave_dataset_out,MAHNOB-HCI,1182,0.0255728491137052,-0.015090754066567097
leave_dataset_out,MAHNOB-HCI,1184,0.0222222222222222,-0.03035143844471906
leave_dataset_out,MAHNOB-HCI,1185,0.0177691309987029,-0.021705480639852857
leave_dataset_out,MAHNOB-HCI,1186,0.0273094105778929,-0.022672905029278226
leave_dataset_out,MAHNOB-HCI,1187,0.0334270067733102,-0.01707176189920196
leave_dataset_out,MAHNOB-HCI,1188,0.0330523130134024,-0.01648521709292476
leave_dataset_out,MAHNOB-HCI,1190,0.0212134313301628,-0.03174055933635227
leave_dataset_out,MAHNOB-HCI,1191,0.0339890474131718,-0.02408592359721841
leave_dataset_out,MAHNOB-HCI,1192,0.029089205937455,-0.021121946899141805
leave_dataset_out,MAHNOB-HCI,1193,0.0345510880530335,-0.016596910077903804
leave_dataset_out,MAHNOB-HCI,1194,0.0538189940913675,-0.015246347001610601
leave_dataset_out,MAHNOB-HCI,1215,0.0337108013937281,-0.008011517966591733
leave_dataset_out,MAHNOB-HCI,1216,0.036512775842044,-0.0013491873117111447
leave_dataset_out,MAHNOB-HCI,1217,0.0235990127758419,-8.772187952079541e-05
leave_dataset_out,MAHNOB-HCI,1218,0.0462108013937281,-0.0014317132543768644
leave_dataset_out,MAHNOB-HCI,1219,0.0392421602787456,-0.00396476572989346
leave_dataset_out,MAHNOB-HCI,1220,0.0632912311265969,-0.0026315485702483703
leave_dataset_out,MAHNOB-HCI,1221,0.0605255516840882,-0.003488602889420076
leave_dataset_out,MAHNOB-HCI,1222,0.0549578977932636,-0.0018792238837377108
leave_dataset_out,MAHNOB-HCI,1223,0.0489764808362368,-0.0034579068865366255
leave_dataset_out,MAHNOB-HCI,1224,0.0778745644599302,-0.0057477742121413745
leave_dataset_out,MAHNOB-HCI,1225,0.0028019744483158,-0.008082520972021678
leave_dataset_out,MAHNOB-HCI,1226,-0.0048853077816493,-0.007783472568975325
leave_dataset_out,MAHNOB-HCI,1227,0.0240127758420442,-0.004121026883771025
leave_dataset_out,MAHNOB-HCI,1228,0.0093568524970962,-0.007847754321774088
leave_dataset_out,MAHNOB-HCI,1229,0.0101117886178861,-0.007886623490573761
leave_dataset_out,MAHNOB-HCI,1230,0.0466245644599303,-0.013189317608598768
leave_dataset_out,MAHNOB-HCI,1231,0.0274970963995354,-0.007299688407925248
leave_dataset_out,MAHNOB-HCI,1232,0.0452235772357723,-0.00829883110803005
leave_dataset_out,MAHNOB-HCI,1233,0.0351480836236933,-0.01024982586258389
leave_dataset_out,MAHNOB-HCI,1234,0.0514735772357723,-0.012110386641704562
leave_dataset_out,MAHNOB-HCI,1235,0.0218568524970964,-0.00799725217994908
leave_dataset_out,MAHNOB-HCI,1236,0.0190548780487804,-0.00490246412705252
leave_dataset_out,MAHNOB-HCI,1237,0.0315548780487804,-0.004248232746447915
leave_dataset_out,MAHNOB-HCI,1238,0.0392058652729385,-0.006485761123481936
leave_dataset_out,MAHNOB-HCI,1239,0.0375362950058072,-0.009121605909623066
leave_dataset_out,MAHNOB-HCI,1246,-0.0142784552845527,-0.00816448271991916
leave_dataset_out,MAHNOB-HCI,1247,0.0208333333333333,-0.0015021520650385714
leave_dataset_out,MAHNOB-HCI,1248,0.0235627177700348,-0.00024068663284822905
leave_dataset_out,MAHNOB-HCI,1249,0.0093568524970965,-0.0015846780077042912
leave_dataset_out,MAHNOB-HCI,1250,0.0169715447154472,-0.00411773048322088
leave_dataset_out,MAHNOB-HCI,1252,0.0528382694541231,-0.002784513323575797
leave_dataset_out,MAHNOB-HCI,1253,0.0431039488966318,-0.003641567642747496
leave_dataset_out,MAHNOB-HCI,1254,0.0131823461091753,-0.0020321886370651375
leave_dataset_out,MAHNOB-HCI,1255,0.027424506387921,-0.003610871639864059
leave_dataset_out,MAHNOB-HCI,1256,0.0333696283391405,-0.005900738965468801
leave_dataset_out,MAHNOB-HCI,1258,0.0247314169570267,-0.008235485725349097
leave_dataset_out,MAHNOB-HCI,1259,0.0007186411149826,-0.007936437322302752
leave_dataset_out,MAHNOB-HCI,1260,0.0066274680603948,-0.004273991637098459
leave_dataset_out,MAHNOB-HCI,1261,0.0031431475029035,-0.008000719075101508
leave_dataset_out,MAHNOB-HCI,1262,0.0066274680603948,-0.008039588243901195
leave_dataset_out,MAHNOB-HCI,1264,0.0160569105691056,-0.013342282361926194
leave_dataset_out,MAHNOB-HCI,1265,0.0163617886178861,-0.0074526531612526745
leave_dataset_out,MAHNOB-HCI,1266,0.0344657375145179,-0.00845179586135747
leave_dataset_out,MAHNOB-HCI,1267,0.0156794425087107,-0.010402790615911324
leave_dataset_out,MAHNOB-HCI,1268,0.0334059233449477,-0.012263351395031982
leave_dataset_out,MAHNOB-HCI,1270,0.011099012775842,-0.008150216933276506
leave_dataset_out,MAHNOB-HCI,1271,-0.0101117886178861,-0.005055428880379947
leave_dataset_out,MAHNOB-HCI,1272,0.033674506387921,-0.004401197499775342
leave_dataset_out,MAHNOB-HCI,1273,0.0333333333333333,-0.00663872587680937
leave_dataset_out,MAHNOB-HCI,1274,0.0371588269454122,-0.009274570662950492
leave_dataset_out,MAHNOB-HCI,1280,-0.0146196283391405,-0.010651726175324637
leave_dataset_out,MAHNOB-HCI,1281,0.0281794425087107,-0.004365630053987088
leave_dataset_out,MAHNOB-HCI,1282,0.0138646922183507,-0.003526010048369447
leave_dataset_out,MAHNOB-HCI,1283,0.0097343205574912,-0.005241898506225917
leave_dataset_out,MAHNOB-HCI,1284,0.0066274680603948,-0.008178091723169963
leave_dataset_out,MAHNOB-HCI,1285,-0.0031068524970964,-0.005364854216559883
leave_dataset_out,MAHNOB-HCI,1286,3.629500580726308e-05,-0.006681509475197876
leave_dataset_out,MAHNOB-HCI,1287,-0.0006460511033681,-0.005529307303113771
leave_dataset_out,MAHNOB-HCI,1288,-0.0003048780487804,-0.00756239128561622
leave_dataset_out,MAHNOB-HCI,1289,0.0143147502903601,-0.010313344561567125
leave_dataset_out,MAHNOB-HCI,1290,0.0212470963995353,-0.010776145023401636
leave_dataset_out,MAHNOB-HCI,1291,0.035489256678281,-0.010859680134694634
leave_dataset_out,MAHNOB-HCI,1292,0.0341245644599302,-0.00757686461674054
leave_dataset_out,MAHNOB-HCI,1293,0.013937282229965,-0.011660691624891986
leave_dataset_out,MAHNOB-HCI,1294,0.019163763066202,-0.01210481821451492
leave_dataset_out,MAHNOB-HCI,1295,-0.0031794425087108,-0.01494860176109854
leave_dataset_out,MAHNOB-HCI,1296,-0.0052264808362369,-0.009273211066118711
leave_dataset_out,MAHNOB-HCI,1297,0.0148882113821138,-0.010490842783407436
leave_dataset_out,MAHNOB-HCI,1298,0.011099012775842,-0.012657901661658644
leave_dataset_out,MAHNOB-HCI,1299,0.0190548780487804,-0.014734411131182824
leave_dataset_out,MAHNOB-HCI,1300,0.0090882694541231,-0.011255838961049904
leave_dataset_out,MAHNOB-HCI,1301,0.0031794425087107,-0.008782131069296983
leave_dataset_out,MAHNOB-HCI,1302,0.043140243902439,-0.008737780936703715
leave_dataset_out,MAHNOB-HCI,1303,0.0076872822299651,-0.01160503737300058
leave_dataset_out,MAHNOB-HCI,1304,0.0004137630662021,-0.014851470543615103
leave_dataset_out,MAHNOB-HCI,1306,0.0205284552845527,-0.010804690928652064
leave_dataset_out,MAHNOB-HCI,1307,0.0302627758420441,-0.004518594807314515
leave_dataset_out,MAHNOB-HCI,1308,0.0128411730545875,-0.0036789748016968805
leave_dataset_out,MAHNOB-HCI,1309,0.0006823461091753,-0.005394863259553351
leave_dataset_out,MAHNOB-HCI,1310,-0.0069686411149825,-0.008331056476497383
leave_dataset_out,MAHNOB-HCI,1312,-0.0191637630662021,-0.005517818969887303
leave_dataset_out,MAHNOB-HCI,1313,-0.0042029616724739,-0.00683447422852531
leave_dataset_out,MAHNOB-HCI,1314,-0.0108304297328687,-0.0056822720564412045
leave_dataset_out,MAHNOB-HCI,1315,-3.629500580720757e-05,-0.0077153560389436465
leave_dataset_out,MAHNOB-HCI,1316,0.0009872241579558,-0.010466309314894558
leave_dataset_out,MAHNOB-HCI,1318,0.0222706155632984,-0.010929109776729062
leave_dataset_out,MAHNOB-HCI,1319,0.0486716027874564,-0.011012644888022054
leave_dataset_out,MAHNOB-HCI,1320,0.0264372822299651,-0.007729829370067973
leave_dataset_out,MAHNOB-HCI,1321,0.0246951219512194,-0.011813656378219406
leave_dataset_out,MAHNOB-HCI,1322,0.036512775842044,-0.012257782967842346
leave_dataset_out,MAHNOB-HCI,1324,-0.0023882113821138,-0.015101566514425967
leave_dataset_out,MAHNOB-HCI,1325,0.0062499999999999,-0.009426175819446145
leave_dataset_out,MAHNOB-HCI,1326,-0.0034480255516841,-0.010643807536734856
leave_dataset_out,MAHNOB-HCI,1327,0.0246951219512194,-0.012810866414986077
leave_dataset_out,MAHNOB-HCI,1328,0.0243539488966317,-0.014887375884510244
leave_dataset_out,MAHNOB-HCI,1330,-0.0013646922183507,-0.011408803714377327
leave_dataset_out,MAHNOB-HCI,1331,0.0128774680603948,-0.008935095822624417
leave_dataset_out,MAHNOB-HCI,1332,0.0309814169570266,-0.008890745690031135
leave_dataset_out,MAHNOB-HCI,1333,0.0111353077816491,-0.011758002126328
leave_dataset_out,MAHNOB-HCI,1334,0.0024245063879209,-0.01500443529694253
leave_dataset_out,MAHNOB-HCI,1340,0.004471544715447,-0.012933797233061449
leave_dataset_out,MAHNOB-HCI,1341,0.0003411730545876,-0.0069847431121885725
leave_dataset_out,MAHNOB-HCI,1342,0.0086382113821138,-0.006523024691308568
leave_dataset_out,MAHNOB-HCI,1343,0.0190548780487804,-0.008572069533405068
leave_dataset_out,MAHNOB-HCI,1344,0.0017421602787456,-0.011869408126027312
leave_dataset_out,MAHNOB-HCI,1345,0.0435903019744482,-0.0068627522796601
leave_dataset_out,MAHNOB-HCI,1346,0.0237441927990708,-0.008372002980795278
leave_dataset_out,MAHNOB-HCI,1347,0.0275696864111497,-0.007411380431391147
leave_dataset_out,MAHNOB-HCI,1348,0.0279108594657374,-0.009634880816999251
leave_dataset_out,MAHNOB-HCI,1349,0.0293481416957026,-0.01257905182818645
leave_dataset_out,MAHNOB-HCI,1350,0.0174216027874564,-0.011779848663660449
leave_dataset_out,MAHNOB-HCI,1351,-0.0118176538908246,-0.011921057798975683
leave_dataset_out,MAHNOB-HCI,1352,-0.0090519744483159,-0.008695471091372625
leave_dataset_out,MAHNOB-HCI,1353,0.0024970963995354,-0.012833130448318901
leave_dataset_out,MAHNOB-HCI,1354,0.0344294425087107,-0.013338349127244516
leave_dataset_out,MAHNOB-HCI,1355,0.0556039488966318,-0.01636642218430842
leave_dataset_out,MAHNOB-HCI,1356,0.0504137630662021,-0.01086392798619264
leave_dataset_out,MAHNOB-HCI,1357,0.0552264808362369,-0.012257886482610308
leave_dataset_out,MAHNOB-HCI,1358,0.038900987224158,-0.014599315182777128
leave_dataset_out,MAHNOB-HCI,1359,0.05,-0.01685010131630365
leave_dataset_out,MAHNOB-HCI,1360,-0.0028019744483159,-0.012052445976331254
leave_dataset_out,MAHNOB-HCI,1361,0.0076146922183507,-0.0095949558696563
leave_dataset_out,MAHNOB-HCI,1362,-0.0038254936120789,-0.009566531093598486
leave_dataset_out,MAHNOB-HCI,1363,0.0201146922183507,-0.012450231130837097
leave_dataset_out,MAHNOB-HCI,1364,0.0020470383275261,-0.015712608122893695
leave_dataset_out,MAHNOB-HCI,1366,0.0115490708478513,-0.013086761986388876
leave_dataset_out,MAHNOB-HCI,1367,0.0153745644599303,-0.007137707865515999
leave_dataset_out,MAHNOB-HCI,1368,0.0115127758420441,-0.006675989444635988
leave_dataset_out,MAHNOB-HCI,1369,0.0094294425087108,-0.008725034286732488
leave_dataset_out,MAHNOB-HCI,1370,0.005640243902439,-0.012022372879354745
leave_dataset_out,MAHNOB-HCI,1372,0.00806475029036,-0.007015717032987527
leave_dataset_out,MAHNOB-HCI,1373,0.0028019744483159,-0.008524967734122705
leave_dataset_out,MAHNOB-HCI,1374,-0.0107941347270615,-0.007564345184718567
leave_dataset_out,MAHNOB-HCI,1375,0.0024608013937282,-0.009787845570326671
leave_dataset_out,MAHNOB-HCI,1376,-0.0017421602787456,-0.01273201658151387
leave_dataset_out,MAHNOB-HCI,1378,0.0202235772357723,-0.011932813416987882
leave_dataset_out,MAHNOB-HCI,1379,0.0128774680603949,-0.01207402255230311
leave_dataset_out,MAHNOB-HCI,1380,0.0233667247386759,-0.008848435844700051
leave_dataset_out,MAHNOB-HCI,1381,0.021588269454123,-0.012986095201646328
leave_dataset_out,MAHNOB-HCI,1382,0.0274970963995354,-0.013491313880571936
leave_dataset_out,MAHNOB-HCI,1384,0.0469657375145179,-0.016519386937635848
leave_dataset_out,MAHNOB-HCI,1385,0.0372314169570267,-0.011016892739520067
leave_dataset_out,MAHNOB-HCI,1386,0.0236716027874563,-0.012410851235937742
leave_dataset_out,MAHNOB-HCI,1387,0.0201872822299651,-0.014752279936104548
leave_dataset_out,MAHNOB-HCI,1388,0.0420804297328687,-0.017003066069631083
leave_dataset_out,MAHNOB-HCI,1390,0.0365127758420441,-0.012205410729658688
leave_dataset_out,MAHNOB-HCI,1391,0.0403745644599302,-0.00974792062298372
leave_dataset_out,MAHNOB-HCI,1392,0.0420804297328687,-0.00971949584692592
leave_dataset_out,MAHNOB-HCI,1393,0.0438225900116143,-0.01260319588416453
leave_dataset_out,MAHNOB-HCI,1394,0.0559814169570267,-0.01586557287622112
leave_dataset_out,MAHNOB-HCI,1415,-0.0044715447154471,-0.004941934439089329
leave_dataset_out,MAHNOB-HCI,1416,-0.0076146922183507,0.0041489490739667935
leave_dataset_out,MAHNOB-HCI,1417,0.0104529616724737,0.011551473170504811
leave_dataset_out,MAHNOB-HCI,1418,0.002424506387921,0.0141631170295458
leave_dataset_out,MAHNOB-HCI,1419,0.0031431475029035,0.021618438568541953
leave_dataset_out,MAHNOB-HCI,1420,0.0437862950058071,-0.003792187624663778
leave_dataset_out,MAHNOB-HCI,1421,0.0323461091753773,0.004016102895586791
leave_dataset_out,MAHNOB-HCI,1422,0.0521559233449476,0.00881760947421426
leave_dataset_out,MAHNOB-HCI,1423,0.0462470963995353,0.01276316877208956
leave_dataset_out,MAHNOB-HCI,1424,0.0462108013937282,0.01680547900647237
leave_dataset_out,MAHNOB-HCI,1425,-0.0239764808362369,-0.006104799077546522
leave_dataset_out,MAHNOB-HCI,1426,0.0031431475029035,0.0022928911642488004
leave_dataset_out,MAHNOB-HCI,1427,0.008674506387921,0.011243052443110944
leave_dataset_out,MAHNOB-HCI,1428,-0.0003411730545876,0.013597092082485142
leave_dataset_out,MAHNOB-HCI,1429,-0.0125,0.01903964475625397
leave_dataset_out,MAHNOB-HCI,1430,0.0219294425087108,-0.005767317635386741
leave_dataset_out,MAHNOB-HCI,1431,0.0174216027874564,0.00519410721330075
leave_dataset_out,MAHNOB-HCI,1432,0.0278019744483159,0.009170397594287262
leave_dataset_out,MAHNOB-HCI,1433,0.0368539488966318,0.013909773252378067
leave_dataset_out,MAHNOB-HCI,1434,0.0403019744483159,0.01620508484876742
leave_dataset_out,MAHNOB-HCI,1435,0.0197009291521487,-0.004984245081420827
leave_dataset_out,MAHNOB-HCI,1436,-0.0088196864111498,0.0002959280201592987
leave_dataset_out,MAHNOB-HCI,1437,-0.0095020325203252,0.009342683362331869
leave_dataset_out,MAHNOB-HCI,1438,-0.0168118466898954,0.008692445213141085
leave_dataset_out,MAHNOB-HCI,1439,0.0037166085946573,0.01729453365456312
leave_dataset_out,MAHNOB-HCI,1446,0.0128774680603949,-0.005094899192416756
leave_dataset_out,MAHNOB-HCI,1447,0.0058725319396051,0.003995984320639363
leave_dataset_out,MAHNOB-HCI,1448,0.0236353077816493,0.011398508417177383
leave_dataset_out,MAHNOB-HCI,1449,0.0173490127758421,0.01401015227621837
leave_dataset_out,MAHNOB-HCI,1450,0.0114764808362369,0.021465473815214527
leave_dataset_out,MAHNOB-HCI,1452,0.0204921602787456,-0.003945152377991208
leave_dataset_out,MAHNOB-HCI,1453,0.0270833333333333,0.0038631381422593626
leave_dataset_out,MAHNOB-HCI,1454,0.0267421602787456,0.008664644720886832
leave_dataset_out,MAHNOB-HCI,1455,0.017349012775842,0.012610204018762134
leave_dataset_out,MAHNOB-HCI,1456,0.0277293844367014,0.016652514253144943
leave_dataset_out,MAHNOB-HCI,1458,-0.0173853077816492,-0.0062577638308739525
leave_dataset_out,MAHNOB-HCI,1459,0.0149608013937282,0.00213992641092137
leave_dataset_out,MAHNOB-HCI,1460,0.0292029616724739,0.011090087689783515
leave_dataset_out,MAHNOB-HCI,1461,0.0207970383275262,0.013444127329157715
leave_dataset_out,MAHNOB-HCI,1462,0.0184088269454123,0.018886680002926544
leave_dataset_out,MAHNOB-HCI,1464,0.000413763066202,-0.005920282388714171
leave_dataset_out,MAHNOB-HCI,1465,0.0274608013937281,0.005041142459973322
leave_dataset_out,MAHNOB-HCI,1466,0.0253774680603948,0.009017432840959834
leave_dataset_out,MAHNOB-HCI,1467,0.0476480836236933,0.01375680849905064
leave_dataset_out,MAHNOB-HCI,1468,0.0337108013937281,0.016052120095439992
leave_dataset_out,MAHNOB-HCI,1470,0.0114401858304297,-0.005137209834748253
leave_dataset_out,MAHNOB-HCI,1471,0.0194323461091753,0.000142963266831872
leave_dataset_out,MAHNOB-HCI,1472,0.0323098141695702,0.00918971860900444
leave_dataset_out,MAHNOB-HCI,1473,0.0211382113821138,0.008539480459813658
leave_dataset_out,MAHNOB-HCI,1474,0.0152293844367015,0.017141568901235693
leave_dataset_out,MAHNOB-HCI,1480,0.0156794425087107,-0.017075804884479857
leave_dataset_out,MAHNOB-HCI,1481,-0.002424506387921,-0.011089168033902416
leave_dataset_out,MAHNOB-HCI,1482,0.0101480836236933,-0.006782534385488526
leave_dataset_out,MAHNOB-HCI,1483,0.0219657375145179,-0.007165556440645062
leave_dataset_out,MAHNOB-HCI,1484,0.0122314169570266,-0.0029288070584795635
leave_dataset_out,MAHNOB-HCI,1485,0.016325493612079,-0.016626796211505188
leave_dataset_out,MAHNOB-HCI,1486,0.0051538908246225,-0.012147812763441158
leave_dataset_out,MAHNOB-HCI,1487,-0.010111788617886,-0.010692978758566486
leave_dataset_out,MAHNOB-HCI,1488,0.0128411730545877,-0.010104161259358875
leave_dataset_out,MAHNOB-HCI,1489,0.0082970383275261,-0.009350273845559462
leave_dataset_out,MAHNOB-HCI,1490,0.0028019744483158,-0.018486321386810008
leave_dataset_out,MAHNOB-HCI,1491,0.0118539488966317,-0.01332014364522148
leave_dataset_out,MAHNOB-HCI,1492,-0.005226480836237,-0.007582980829799808
leave_dataset_out,MAHNOB-HCI,1493,0.0090519744483158,-0.008132092947117746
leave_dataset_out,MAHNOB-HCI,1494,-0.0097706155632985,-0.006247249352756907
leave_dataset_out,MAHNOB-HCI,1495,-0.0079921602787456,-0.01769299815807178
leave_dataset_out,MAHNOB-HCI,1496,0.0413980836236933,-0.009541532985136807
leave_dataset_out,MAHNOB-HCI,1497,0.0337108013937281,-0.00837047060290174
leave_dataset_out,MAHNOB-HCI,1498,0.0288980836236933,-0.006377331809781339
leave_dataset_out,MAHNOB-HCI,1499,0.0518510452961672,-0.006961702011848123
leave_dataset_out,MAHNOB-HCI,1500,0.0191274680603949,-0.017942210721212395
leave_dataset_out,MAHNOB-HCI,1501,-0.0037891986062717,-0.015807697635163476
leave_dataset_out,MAHNOB-HCI,1502,0.0198098141695703,-0.00991090955955004
leave_dataset_out,MAHNOB-HCI,1503,-0.0013646922183507,-0.013559861314045553
leave_dataset_out,MAHNOB-HCI,1504,-0.0079921602787456,-0.008243722368162554
leave_dataset_out,MAHNOB-HCI,1506,0.0063225900116143,-0.017228769637807284
leave_dataset_out,MAHNOB-HCI,1507,-0.0034480255516841,-0.011242132787229842
leave_dataset_out,MAHNOB-HCI,1508,0.0073461091753774,-0.0069354991388159565
leave_dataset_out,MAHNOB-HCI,1509,0.02681475029036,-0.007318521193972492
leave_dataset_out,MAHNOB-HCI,1510,-0.0009872241579558,-0.00308177181180699
leave_dataset_out,MAHNOB-HCI,1512,-0.002424506387921,-0.016779760964832614
leave_dataset_out,MAHNOB-HCI,1513,-0.0014009872241579,-0.012300777516768585
leave_dataset_out,MAHNOB-HCI,1514,-0.0115127758420441,-0.010845943511893913
leave_dataset_out,MAHNOB-HCI,1515,-0.0090519744483159,-0.010257126012686302
leave_dataset_out,MAHNOB-HCI,1516,0.0031431475029035,-0.009503238598886889
leave_dataset_out,MAHNOB-HCI,1518,0.0031068524970963,-0.018639286140137434
leave_dataset_out,MAHNOB-HCI,1519,0.0212470963995353,-0.013473108398548907
leave_dataset_out,MAHNOB-HCI,1520,0.0166666666666666,-0.007735945583127235
leave_dataset_out,MAHNOB-HCI,1521,0.019773519163763,-0.008285057700445173
leave_dataset_out,MAHNOB-HCI,1522,0.0142784552845527,-0.006400214106084334
leave_dataset_out,MAHNOB-HCI,1524,0.0007186411149825,-0.017845962911399206
leave_dataset_out,MAHNOB-HCI,1525,0.0107941347270615,-0.009694497738464234
leave_dataset_out,MAHNOB-HCI,1526,0.0017421602787456,-0.008523435356229167
leave_dataset_out,MAHNOB-HCI,1527,-0.0118176538908246,-0.006530296563108769
leave_dataset_out,MAHNOB-HCI,1528,0.0097343205574912,-0.00711466676517555
leave_dataset_out,MAHNOB-HCI,1530,-0.0090882694541232,-0.018095175474539822
leave_dataset_out,MAHNOB-HCI,1531,-0.0083696283391405,-0.015960662388490903
leave_dataset_out,MAHNOB-HCI,1532,0.0037891986062716,-0.010063874312877467
leave_dataset_out,MAHNOB-HCI,1533,-3.629500580726308e-05,-0.01371282606737298
leave_dataset_out,MAHNOB-HCI,1534,-0.0010961091753776,-0.008396687121489981
leave_dataset_out,MAHNOB-HCI,1540,0.0209422183507549,-0.01819168423898166
leave_dataset_out,MAHNOB-HCI,1541,0.0275333914053426,-0.012310319651711407
leave_dataset_out,MAHNOB-HCI,1542,0.0236353077816492,-0.008108674887835732
leave_dataset_out,MAHNOB-HCI,1543,0.0246951219512194,-0.00859325306688119
leave_dataset_out,MAHNOB-HCI,1544,0.0184451219512195,-0.004465652992875536
leave_dataset_out,MAHNOB-HCI,1545,0.0243539488966317,-0.017159878440588305
leave_dataset_out,MAHNOB-HCI,1546,0.0118176538908245,-0.012624398072796278
leave_dataset_out,MAHNOB-HCI,1547,0.0334059233449477,-0.011112772463045394
leave_dataset_out,MAHNOB-HCI,1548,0.0195412311265969,-0.010466992488513332
leave_dataset_out,MAHNOB-HCI,1549,0.0045078397212543,-0.009657301943282074
leave_dataset_out,MAHNOB-HCI,1550,0.0302990708478513,-0.019501299803350483
leave_dataset_out,MAHNOB-HCI,1551,0.0376451800232288,-0.014413910895682565
leave_dataset_out,MAHNOB-HCI,1552,0.0358667247386759,-0.008755085515844693
leave_dataset_out,MAHNOB-HCI,1553,0.0289343786295005,-0.009374980568890003
leave_dataset_out,MAHNOB-HCI,1554,0.0313951800232287,-0.007576878941263746
leave_dataset_out,MAHNOB-HCI,1555,0.0570049361207898,-0.018860152266202246
leave_dataset_out,MAHNOB-HCI,1556,0.0521559233449477,-0.01081886484347155
leave_dataset_out,MAHNOB-HCI,1557,0.0566637630662021,-0.009757794683679925
leave_dataset_out,MAHNOB-HCI,1558,0.0605255516840883,-0.007872335086784813
leave_dataset_out,MAHNOB-HCI,1559,0.0580284552845529,-0.008569616824414157
leave_dataset_out,MAHNOB-HCI,1560,0.0405705574912891,-0.018494557172450223
leave_dataset_out,MAHNOB-HCI,1561,0.0100391986062717,-0.016312241612275673
leave_dataset_out,MAHNOB-HCI,1562,0.0356852497096399,-0.010367585608147132
leave_dataset_out,MAHNOB-HCI,1563,0.0218205574912891,-0.013970967934026718
leave_dataset_out,MAHNOB-HCI,1564,0.0461382113821138,-0.008604894629388137
leave_dataset_out,MAHNOB-HCI,1566,-0.0020107433217189,-0.018344648992309087
leave_dataset_out,MAHNOB-HCI,1567,-0.0027656794425087,-0.012463284405038834
leave_dataset_out,MAHNOB-HCI,1568,0.0156794425087107,-0.008261639641163162
leave_dataset_out,MAHNOB-HCI,1569,0.0006823461091753,-0.00874621782020862
leave_dataset_out,MAHNOB-HCI,1570,0.006663763066202,-0.0046186177462029625
leave_dataset_out,MAHNOB-HCI,1572,0.0079921602787456,-0.017312843193915732
leave_dataset_out,MAHNOB-HCI,1573,0.0097706155632984,-0.012777362826123705
leave_dataset_out,MAHNOB-HCI,1574,0.0202235772357723,-0.01126573721637282
leave_dataset_out,MAHNOB-HCI,1575,0.022989256678281,-0.010619957241840759
leave_dataset_out,MAHNOB-HCI,1576,-0.0038254936120789,-0.0098102666966095
leave_dataset_out,MAHNOB-HCI,1578,0.0125,-0.01965426455667791
leave_dataset_out,MAHNOB-HCI,1579,0.0212470963995353,-0.014566875649009992
leave_dataset_out,MAHNOB-HCI,1580,0.0209059233449477,-0.00890805026917212
leave_dataset_out,MAHNOB-HCI,1581,0.0389372822299651,-0.00952794532221743
leave_dataset_out,MAHNOB-HCI,1582,0.0274970963995354,-0.007729843694591176
leave_dataset_out,MAHNOB-HCI,1584,0.0139372822299651,-0.019013117019529673
leave_dataset_out,MAHNOB-HCI,1585,0.0323461091753773,-0.010971829596798977
leave_dataset_out,MAHNOB-HCI,1586,0.0065911730545876,-0.009910759437007356
leave_dataset_out,MAHNOB-HCI,1587,0.027838269454123,-0.00802529984011224
leave_dataset_out,MAHNOB-HCI,1588,0.0459059233449477,-0.008722581577741587
leave_dataset_out,MAHNOB-HCI,1590,0.0420441347270614,-0.01864752192577765
leave_dataset_out,MAHNOB-HCI,1591,0.022575493612079,-0.0164652063656031
leave_dataset_out,MAHNOB-HCI,1592,0.0277656794425087,-0.010520550361474559
leave_dataset_out,MAHNOB-HCI,1593,0.0288254936120788,-0.014123932687354145
leave_dataset_out,MAHNOB-HCI,1594,0.0357578397212543,-0.008757859382715564
leave_task_out,arousal,15,0.014170305897066,-0.0013183078469611986
leave_task_out,arousal,16,-0.0109202126050165,1.1121422119925173e-05
leave_task_out,arousal,17,-0.0002647477080412,0.0010882073893270176
leave_task_out,arousal,18,-0.0038678379441457,0.0009314966910659028
leave_task_out,arousal,19,0.0021003318171273,0.0015340175520154476
leave_task_out,arousal,20,0.0211772952365584,-0.0008697056715795768
leave_task_out,arousal,21,0.0162479450535042,0.00034345224529268824
leave_task_out,arousal,22,0.0014372018436527,0.001360884519937133
leave_task_out,arousal,23,0.0077155046343455,0.0014938108373161296
leave_task_out,arousal,24,0.0206477998204758,0.0019537830870367135
leave_task_out,arousal,25,-0.0036030902361046,-0.0008898751260483281
leave_task_out,arousal,26,-0.0115833425784914,0.000508396311084184
leave_task_out,arousal,27,0.001149761474922,0.0006104424903163857
leave_task_out,arousal,28,-0.0028290183659267,0.0016853657250368477
leave_task_out,arousal,29,-0.0059908624219624,0.0019110148724104051
leave_task_out,arousal,30,0.0235196821010378,-0.0005196768795798518
leave_task_out,arousal,31,0.0086862462304969,0.00034166031064695145
leave_task_out,arousal,32,0.0179045092838195,0.0007241464075525648
leave_task_out,arousal,33,0.0259074542868957,0.0012518063460832968
leave_task_out,arousal,34,0.0141022279149983,0.001839911742007672
leave_task_out,arousal,35,-0.0010816834928544,-0.0006256388015418116
leave_task_out,arousal,36,-0.0067195489707617,0.00021420207760690195
leave_task_out,arousal,37,-0.0131289649121038,0.0007489626835976409
leave_task_out,arousal,38,0.0099923349235004,0.0008809709662299658
leave_task_out,arousal,39,-0.0007059938881101,0.0016142955572650258
leave_task_out,arousal,46,0.0026752125545884,-0.0016943991767246393
leave_task_out,arousal,47,0.0021885810531411,-0.0003649699076435156
leave_task_out,arousal,48,-0.003426591764077,0.0007121160595635768
leave_task_out,arousal,49,0.00778106120967,0.000555405361302462
leave_task_out,arousal,50,0.0129322951861302,0.0011579262222520068
leave_task_out,arousal,52,0.0203149741303668,-0.0012457970013430176
leave_task_out,arousal,53,0.02011578299765,-3.263908447075255e-05
leave_task_out,arousal,54,0.0101461407348387,0.0009847931901736922
leave_task_out,arousal,55,0.013373541366199,0.0011177195075526888
leave_task_out,arousal,56,0.0177507034724814,0.0015776917572732727
leave_task_out,arousal,58,0.010743714132989,-0.0012659664558117689
leave_task_out,arousal,59,-0.0055697874958396,0.00013230498132074317
leave_task_out,arousal,60,0.0043998547669715,0.0002343511605529449
leave_task_out,arousal,61,0.0017246422123831,0.001309274395273407
leave_task_out,arousal,62,-0.0075591774162641,0.0015349235426469644
leave_task_out,arousal,64,0.0146115520771349,-0.0008957682093432926
leave_task_out,arousal,65,0.0081567508144144,-3.443101911648934e-05
leave_task_out,arousal,66,0.0065657431594235,0.000348055077789124
leave_task_out,arousal,67,0.0078920031063731,0.0008757150163198561
leave_task_out,arousal,68,0.0110084618410303,0.0014638204122442312
leave_task_out,arousal,70,0.0126877187320348,-0.0010017301313052524
leave_task_out,arousal,71,0.001502758418977,-0.00016188925215653883
leave_task_out,arousal,72,0.0063438593660174,0.0003728713538342001
leave_task_out,arousal,73,0.0057689786285564,0.0005048796364665251
leave_task_out,arousal,74,0.0027407691299129,0.001238204227501585
leave_task_out,arousal,80,0.0110311545017195,-0.007175676327274153
leave_task_out,arousal,81,0.003426591764077,-0.005869046500686705
leave_task_out,arousal,82,0.0028517110266159,-0.004814709829096099
leave_task_out,arousal,83,0.0004866315014472,-0.0049940749315079015
leave_task_out,arousal,84,0.0056151728172181,-0.0044144526642862555
leave_task_out,arousal,85,-0.0020120825811136,-0.006750267536834541
leave_task_out,arousal,86,-0.0116942844751943,-0.005564652782378722
leave_task_out,arousal,87,0.001502758418977,-0.00457478277058228
leave_task_out,arousal,88,-0.007317122368912,-0.004468800207963164
leave_task_out,arousal,89,-0.0057034220532319,-0.004036817711603103
leave_task_out,arousal,90,-0.0122010872305876,-0.006785011366326929
leave_task_out,arousal,91,-0.0152746820506096,-0.005415354735366048
leave_task_out,arousal,92,-0.0084214985224556,-0.005342000329215281
leave_task_out,arousal,93,-0.0168203043842219,-0.004294896370366249
leave_task_out,arousal,94,-0.0139257294429708,-0.004098705278800107
leave_task_out,arousal,95,-0.0051285413157708,-0.006310892823731545
leave_task_out,arousal,96,-0.0160487539207874,-0.005463381680290551
leave_task_out,arousal,97,-0.0059026131859486,-0.00509474888671734
leave_task_out,arousal,98,-0.0025642706578854,-0.004580881936663653
leave_task_out,arousal,99,-0.0062783027906929,-0.004006670328235486
leave_task_out,arousal,100,-0.0166236346582485,-0.0064889693129463345
leave_task_out,arousal,101,-0.0135727324989157,-0.005673760381634916
leave_task_out,arousal,102,-0.0200275337616363,-0.005163599222812567
leave_task_out,arousal,103,-0.0125339129206967,-0.0050562851882630985
leave_task_out,arousal,104,-0.0112959022097608,-0.004347641132811166
leave_task_out,arousal,106,0.0124229710239937,-0.007551767657037594
leave_task_out,arousal,107,0.0005521880767718,-0.006245137830450146
leave_task_out,arousal,108,0.0130861009974685,-0.00519080115885954
leave_task_out,arousal,109,0.001038819578219,-0.005370166261271342
leave_task_out,arousal,110,0.0091073211566197,-0.004790543994049696
leave_task_out,arousal,112,0.0115833425784914,-0.007126358866597982
leave_task_out,arousal,113,-0.0021003318171274,-0.005940744112142163
leave_task_out,arousal,114,-0.0075163135016288,-0.0049508741003457205
leave_task_out,arousal,115,0.0086433823158617,-0.004844891537726605
leave_task_out,arousal,116,0.0065430504987342,-0.0044129090413665435
leave_task_out,arousal,118,0.0086660749765509,-0.00716110269609037
leave_task_out,arousal,119,0.0002218837934059,-0.005791446065129489
leave_task_out,arousal,120,0.0009077064275699,-0.005718091658978722
leave_task_out,arousal,121,0.0050629847404464,-0.00467098770012969
leave_task_out,arousal,122,0.0035375336607799,-0.004474796608563548
leave_task_out,arousal,124,0.0168883823662898,-0.006686984153494986
leave_task_out,arousal,125,0.0122464725519662,-0.005839473010053992
leave_task_out,arousal,126,0.0179498946051981,-0.005470840216480781
leave_task_out,arousal,127,0.0174632631037508,-0.004956973266427094
leave_task_out,arousal,128,0.0087316315518753,-0.004382761657998927
leave_task_out,arousal,130,-0.0026096559792639,-0.006865060642709775
leave_task_out,arousal,131,0.0123120291272907,-0.006049851711398357
leave_task_out,arousal,132,0.0022541376284657,-0.005539690552576007
leave_task_out,arousal,133,0.0086433823158617,-0.005432376518026539
leave_task_out,arousal,134,0.0061446682333007,-0.004723732462574607
leave_task_out,arousal,140,0.0106983288116105,-0.0006118223993862287
leave_task_out,arousal,141,0.0178818166231303,0.0007079171066350833
leave_task_out,arousal,142,-0.0028088471119807,0.0017753346232051662
leave_task_out,arousal,143,0.0182146423132394,0.0016089958031800123
leave_task_out,arousal,144,0.0076474266522778,0.0022017847617952
leave_task_out,arousal,145,0.0078693104456838,-0.00012487302320600066
leave_task_out,arousal,146,0.0125112202600073,0.0010833883314588979
leave_task_out,arousal,147,0.0103453318675554,0.002095920648263699
leave_task_out,arousal,148,0.0032047079706709,0.0022240569647964947
leave_task_out,arousal,149,0.0096595092333914,0.0026790532583640964
leave_task_out,arousal,150,0.0220169236820606,-0.00017149985352133378
leave_task_out,arousal,151,0.0220396163427498,0.001218425598477785
leave_task_out,arousal,152,0.0141476132363768,0.0013121033438945693
leave_task_out,arousal,153,0.0112303456344362,0.0023789126231525282
leave_task_out,arousal,154,0.0163135016288287,0.002595969837582259
leave_task_out,arousal,155,0.0084240199291988,0.00016298465062763133
leave_task_out,arousal,156,0.0050856774011356,0.0010116479646341096
leave_task_out,arousal,157,0.0082248287964821,0.001381435200151689
leave_task_out,arousal,158,0.0047099877963913,0.0018964515659117935
leave_task_out,arousal,159,0.0136408104809835,0.002471820989964648
leave_task_out,arousal,160,0.0100805841595142,0.00013218051970877165
leave_task_out,arousal,161,0.0093292049500257,0.0009690175027797683
leave_task_out,arousal,162,0.0087543242125647,0.0015007781761889952
leave_task_out,arousal,163,-0.0001764984720274,0.001629774965152677
leave_task_out,arousal,164,0.0175086484251294,0.002360089734775162
leave_task_out,arousal,166,0.0013262599469496,-0.0009879137291496694
leave_task_out,arousal,167,0.0024533287611824,0.00033182577687164254
leave_task_out,arousal,168,-0.000574880737461,0.0013992432934417254
leave_task_out,arousal,169,0.006742241631451,0.0012329044734165715
leave_task_out,arousal,170,0.0120472814192493,0.001825693432031759
leave_task_out,arousal,172,0.0004639388407581,-0.0005009643529694414
leave_task_out,arousal,173,0.0043544694455931,0.0007072970016954571
leave_task_out,arousal,174,-0.0042662202095792,0.0017198293185002583
leave_task_out,arousal,175,0.0018128914483969,0.001847965635033054
leave_task_out,arousal,176,-0.00161370031568,0.0023029619286006556
leave_task_out,arousal,178,0.0008396284455023,-0.0005475911832847746
leave_task_out,arousal,179,-0.0003983822654334,0.0008423342687143443
leave_task_out,arousal,180,-0.0043771621062822,0.0009360120141311285
leave_task_out,arousal,181,-0.001149761474922,0.0020028212933890874
leave_task_out,arousal,182,0.0036913394721183,0.002219878507818818
leave_task_out,arousal,184,0.0013035672862603,-0.00021310667913580945
leave_task_out,arousal,185,0.0053050397877985,0.0006355566348706689
leave_task_out,arousal,186,0.0006631299734748,0.0010053438703882481
leave_task_out,arousal,187,-0.0013262599469495,0.0015203602361483527
leave_task_out,arousal,188,0.0069414327641678,0.0020957296602012072
leave_task_out,arousal,190,0.0178389527084951,-0.00024391081005466914
leave_task_out,arousal,191,0.0132852921301852,0.0005929261730163275
leave_task_out,arousal,192,0.0186130245786729,0.0011246868464255544
leave_task_out,arousal,193,0.0146115520771349,0.0012536836353892362
leave_task_out,arousal,194,0.0188122157113898,0.001983998405011721
leave_task_out,arousal,215,0.0390162479450534,0.011052197432229101
leave_task_out,arousal,216,0.0337994573932688,0.012787934038700807
leave_task_out,arousal,217,0.0600599086242196,0.014109472197038555
leave_task_out,arousal,218,0.0464216195499793,0.015346959708339051
leave_task_out,arousal,219,0.0514392189690471,0.016903264539589298
leave_task_out,arousal,220,0.0273471775372916,0.010498854586266645
leave_task_out,arousal,221,0.0569888352109408,0.013075056645440751
leave_task_out,arousal,222,0.0452516868211112,0.01479773822904549
leave_task_out,arousal,223,0.0786300692882573,0.01628154896523072
leave_task_out,arousal,224,0.0677552420046192,0.01814746239439374
leave_task_out,arousal,225,0.0363864207118435,0.011046895533569433
leave_task_out,arousal,226,0.062735121178808,0.012431505316002879
leave_task_out,arousal,227,0.039989510947948,0.014572695602884177
leave_task_out,arousal,228,0.0632217526802553,0.016194241517339676
leave_task_out,arousal,229,0.0786956258635818,0.01764572120420744
leave_task_out,arousal,230,0.0685696563826889,0.011001045426071806
leave_task_out,arousal,231,0.0760632772236286,0.012354115842849366
leave_task_out,arousal,232,0.0661818841968311,0.013878634684507408
leave_task_out,arousal,233,0.0925986626458633,0.015707296721414694
leave_task_out,arousal,234,0.0846411029641658,0.01666129656047622
leave_task_out,arousal,235,0.0179272019445088,0.010524884288741739
leave_task_out,arousal,236,0.0429496424645237,0.013243889443075222
leave_task_out,arousal,237,0.0583806517332149,0.014601546744546987
leave_task_out,arousal,238,0.0412048289981946,0.01618249033029476
leave_task_out,arousal,239,0.0417570170749663,0.01774909635981501
leave_task_out,arousal,246,0.032803501729685,0.01067610610246566
leave_task_out,arousal,247,0.0400979314379078,0.012411842708937366
leave_task_out,arousal,248,0.0588420691672296,0.013733380867275114
leave_task_out,arousal,249,0.0530957831993625,0.01497086837857561
leave_task_out,arousal,250,0.048917812225797,0.016527173209825857
leave_task_out,arousal,252,0.0302644451392321,0.010122763256503204
leave_task_out,arousal,253,0.0440363687708645,0.01269896531567731
leave_task_out,arousal,254,0.0356804268237335,0.01442164689928205
leave_task_out,arousal,255,0.052657058426037,0.01590545763546728
leave_task_out,arousal,256,0.0485900293491744,0.0177713710646303
leave_task_out,arousal,258,0.0370949360066967,0.010670804203805992
leave_task_out,arousal,259,0.0446768060836502,0.012055413986239438
leave_task_out,arousal,260,0.0458265675585722,0.014196604273120736
leave_task_out,arousal,261,0.0570115278716301,0.015818150187576235
leave_task_out,arousal,262,0.0395482647678793,0.017269629874443998
leave_task_out,arousal,264,0.0411594436768162,0.010624954096308363
leave_task_out,arousal,265,0.0478134360722534,0.011978024513085925
leave_task_out,arousal,266,0.0415578259422497,0.013502543354743967
leave_task_out,arousal,267,0.0573191394943067,0.015331205391651255
leave_task_out,arousal,268,0.0579822694677815,0.01628520523071278
leave_task_out,arousal,270,0.029467680608365,0.010148792958978298
leave_task_out,arousal,271,0.0287818579742009,0.012867798113311782
leave_task_out,arousal,272,0.0423545904731167,0.014225455414783546
leave_task_out,arousal,273,0.0511089146856813,0.01580639900053132
leave_task_out,arousal,274,0.0324731974463192,0.01737300503005157
leave_task_out,arousal,280,0.0417570170749664,0.0023329915040328376
leave_task_out,arousal,281,0.0380001210275237,0.0037116128438206882
leave_task_out,arousal,282,0.0602817924176256,0.004674063045092734
leave_task_out,arousal,283,0.0314116852074108,0.005558827512792622
leave_task_out,arousal,284,0.0611441135238172,0.006754722396838206
leave_task_out,arousal,285,0.0372512632247783,0.0018171546787869673
leave_task_out,arousal,286,0.0410081592722211,0.0040146826049082904
leave_task_out,arousal,287,0.0455845125112203,0.005358242916619882
leave_task_out,arousal,288,0.0478840354610644,0.006466410837265439
leave_task_out,arousal,289,0.0343339956228379,0.007951311756479094
leave_task_out,arousal,290,0.0190114068441064,0.002292887488197058
leave_task_out,arousal,291,0.0364746699478574,0.003294928958500318
leave_task_out,arousal,292,0.0305947494225978,0.0050539373709896146
leave_task_out,arousal,293,0.0299316194491231,0.006295604857181777
leave_task_out,arousal,294,0.0250022692660689,0.007362912558190279
leave_task_out,arousal,295,0.0479697632903349,0.00231197935440894
leave_task_out,arousal,296,0.0406526409214228,0.0033062302678412443
leave_task_out,arousal,297,0.0486328932638097,0.004472848666806554
leave_task_out,arousal,298,0.058955532470676,0.005948650934015458
leave_task_out,arousal,299,0.0660961563675606,0.006538982366431714
leave_task_out,arousal,300,0.0167572692156406,0.0017422364486680293
leave_task_out,arousal,301,0.0115177860031668,0.004070663897422172
leave_task_out,arousal,302,0.010965597926395,0.005038811057326659
leave_task_out,arousal,303,0.01940978910954,0.00622830497045101
leave_task_out,arousal,304,0.0246492723220138,0.007406369557250927
leave_task_out,arousal,306,0.0112530382951255,0.001956900174269397
leave_task_out,arousal,307,0.0258645903722605,0.0033355215140572474
leave_task_out,arousal,308,0.0377807586408609,0.0042979717153292935
leave_task_out,arousal,309,0.0375815675081441,0.0051827361830291815
leave_task_out,arousal,310,0.048302588980444,0.006378631067074765
leave_task_out,arousal,312,0.0289835705136609,0.0014410633490235265
leave_task_out,arousal,313,0.0301988885639076,0.0036385912751448514
leave_task_out,arousal,314,0.0442582525642707,0.004982151586856441
leave_task_out,arousal,315,0.0291600689856885,0.006090319507501998
leave_task_out,arousal,316,0.0352618733043539,0.007575220426715653
leave_task_out,arousal,318,0.0196316729029459,0.001916796158433617
leave_task_out,arousal,319,0.0118506116932758,0.0029188376287368773
leave_task_out,arousal,320,0.0178414741152383,0.004677846041226173
leave_task_out,arousal,321,0.0261091668263557,0.005919513527418336
leave_task_out,arousal,322,0.0271479864045748,0.006986821228426838
leave_task_out,arousal,324,0.0103024679529203,0.0019358880246454994
leave_task_out,arousal,325,0.0148561285312301,0.0029301389380778035
leave_task_out,arousal,326,0.0167572692156408,0.004096757337043113
leave_task_out,arousal,327,0.0191450414014987,0.005572559604252017
leave_task_out,arousal,328,0.0348181057175419,0.006162891036668273
leave_task_out,arousal,330,0.023189377817672,0.0013661451189045885
leave_task_out,arousal,331,0.0234995108470918,0.003694572567658731
leave_task_out,arousal,332,0.0405870843460983,0.004662719727563219
leave_task_out,arousal,333,0.0326723885790359,0.005852213640687569
leave_task_out,arousal,334,0.0376471240834687,0.007030278227487486
leave_task_out,arousal,340,0.020579721838408,0.008735214390115653
leave_task_out,arousal,341,0.006762412885397,0.010106436932941821
leave_task_out,arousal,342,0.0328917509656987,0.011061447466595105
leave_task_out,arousal,343,0.0334212463817813,0.01193890413643034
leave_task_out,arousal,344,0.0269235812044255,0.0131273319635587
leave_task_out,arousal,345,0.0204914726023942,0.00834890206837652
leave_task_out,arousal,346,0.0432824681546327,0.010554856678960771
leave_task_out,arousal,347,0.0299971760244475,0.01190685362537374
leave_task_out,arousal,348,0.0321630644168994,0.013023380774181515
leave_task_out,arousal,349,0.034175146998013,0.014516760414061636
leave_task_out,arousal,350,0.020690663735111,0.00882484854784172
leave_task_out,arousal,351,0.0506878397595585,0.009835229381897135
leave_task_out,arousal,352,0.0354787142842734,0.011602568734427674
leave_task_out,arousal,353,0.0411594436768161,0.012852516949301325
leave_task_out,arousal,354,0.0442103458361489,0.013928198971527469
leave_task_out,arousal,355,0.0450071103670159,0.008851932860143361
leave_task_out,arousal,356,0.0542455446742846,0.00985512941216322
leave_task_out,arousal,357,0.0608112878337081,0.01103067053684663
leave_task_out,arousal,358,0.0498255186533671,0.012515269862025854
leave_task_out,arousal,359,0.0511517786003166,0.013114667819815538
leave_task_out,arousal,360,0.0080685015784006,0.008382145343874856
leave_task_out,arousal,361,0.0190769634194309,0.010732621534072992
leave_task_out,arousal,362,0.0096166453187562,0.011722757169711115
leave_task_out,arousal,363,0.029134854918256,0.012934349048225498
leave_task_out,arousal,364,0.0167547478088976,0.014134347426146724
leave_task_out,arousal,366,0.0198938992042441,0.008359123060352212
leave_task_out,arousal,367,0.0174405704430615,0.00973034560317838
leave_task_out,arousal,368,0.0255090720214622,0.010685356136831664
leave_task_out,arousal,369,0.0199165918649333,0.011562812806666899
leave_task_out,arousal,370,0.0274984619418866,0.01275124063379526
leave_task_out,arousal,372,0.010057891498825,0.007972810738613079
leave_task_out,arousal,373,0.0247576928119737,0.01017876534919733
leave_task_out,arousal,374,0.0041779709735655,0.011530762295610298
leave_task_out,arousal,375,0.012798660628738,0.012647289444418074
leave_task_out,arousal,376,0.0236306239977408,0.014140669084298195
leave_task_out,arousal,378,0.0010615122389083,0.008448757218078277
leave_task_out,arousal,379,0.0178616453691844,0.009459138052133696
leave_task_out,arousal,380,0.0169993242629927,0.011226477404664233
leave_task_out,arousal,381,0.0224153059474943,0.012476425619537884
leave_task_out,arousal,382,0.0263058365523293,0.013552107641764028
leave_task_out,arousal,384,0.01394842210366,0.00847584153037992
leave_task_out,arousal,385,0.0107437141329891,0.009479038082399778
leave_task_out,arousal,386,0.011981724843925,0.01065457920708319
leave_task_out,arousal,387,0.0183482768706316,0.012139178532262413
leave_task_out,arousal,388,0.0079802523423868,0.012738576490052098
leave_task_out,arousal,390,0.0169337676876683,0.008006054014111415
leave_task_out,arousal,391,0.0128440459501165,0.010356530204309551
leave_task_out,arousal,392,0.0300198686851368,0.011346665839947674
leave_task_out,arousal,393,0.0326723885790359,0.012558257718462057
leave_task_out,arousal,394,0.0295105445230002,0.013758256096383283
leave_task_out,arousal,815,0.0362155930249316,0.015771759908247904
leave_task_out,arousal,816,0.0232526300619685,0.017631151127292147
leave_task_out,arousal,817,0.0402939904885429,0.01828801083191234
leave_task_out,arousal,818,0.028901859057501,0.019647194348478787
leave_task_out,arousal,819,0.01779074794639,0.02067777506091519
leave_task_out,arousal,820,0.0290892059374549,0.015406702732150404
leave_task_out,arousal,821,-0.011204784551088,0.017309634583170058
leave_task_out,arousal,822,0.0140870442426862,0.01859481264048858
leave_task_out,arousal,823,0.0023202190517365,0.01937871652646039
leave_task_out,arousal,824,0.028808185617524,0.020631260849889938
leave_task_out,arousal,825,0.0,0.014190291593700022
leave_task_out,arousal,826,-0.0131503098429168,0.016967143250599958
leave_task_out,arousal,827,-0.0132439832828938,0.01830836042199789
leave_task_out,arousal,828,-0.0114858048710189,0.01923236404953327
leave_task_out,arousal,829,0.0091655858192822,0.019981209563009517
leave_task_out,arousal,830,-0.017581784118749,0.01353471156520239
leave_task_out,arousal,831,-0.016010952586828,0.016215459506022812
leave_task_out,arousal,832,-0.0118388816832396,0.017958258029487126
leave_task_out,arousal,833,-0.0067516933275688,0.018581852692795494
leave_task_out,arousal,834,-0.0231373396743046,0.019552219965233368
leave_task_out,arousal,835,-0.0115794783109957,0.014358204462608277
leave_task_out,arousal,836,0.0136186770428016,0.01681204427432858
leave_task_out,arousal,837,-0.0019455252918287,0.01764074533088287
leave_task_out,arousal,838,0.0175097276264591,0.01874859886278512
leave_task_out,arousal,839,0.0134313301628476,0.019581106201089812
leave_task_out,arousal,846,0.0296296296296296,0.015395668578484463
leave_task_out,arousal,847,-0.0005620406398616,0.017255059797528706
leave_task_out,arousal,848,0.0199020031704856,0.0179119195021489
leave_task_out,arousal,849,0.0089782389393284,0.019271103018715346
leave_task_out,arousal,850,0.0088845654993515,0.020301683731151748
leave_task_out,arousal,852,-0.012869289522986,0.015030611402386963
leave_task_out,arousal,853,-0.0130566364029399,0.016933543253406617
leave_task_out,arousal,854,0.0214944516500936,0.01821872131072514
leave_task_out,arousal,855,0.0039847240236344,0.019002625196696953
leave_task_out,arousal,856,0.0136186770428015,0.020255169520126497
leave_task_out,arousal,858,0.020838737570255,0.013814200263936581
leave_task_out,arousal,859,-0.001570831531921,0.016591051920836517
leave_task_out,arousal,860,0.0015708315319209,0.01793226909223445
leave_task_out,arousal,861,-0.0037973771436806,0.01885627271976983
leave_task_out,arousal,862,0.0150958351347455,0.019605118233246076
leave_task_out,arousal,864,0.0009367343997693,0.013158620235438949
leave_task_out,arousal,865,0.0027885862516212,0.01583936817625937
leave_task_out,arousal,866,0.0145554114425709,0.017582166699723685
leave_task_out,arousal,867,0.0124225392707881,0.018205761363032053
leave_task_out,arousal,868,0.003069606571552,0.01917612863546993
leave_task_out,arousal,870,0.0122351923908344,0.013982113132844837
leave_task_out,arousal,871,0.0273310275255801,0.016435952944565135
leave_task_out,arousal,872,0.0177907479463901,0.01726465400111943
leave_task_out,arousal,873,0.0176970745064131,0.01837250753302168
leave_task_out,arousal,874,0.0155642023346304,0.01920501487132637
leave_task_out,arousal,880,-0.0078757746072921,0.00980810819312756
leave_task_out,arousal,881,-0.0099149733390979,0.011590123164526601
leave_task_out,arousal,882,-0.0078757746072921,0.01216915066695137
leave_task_out,arousal,883,-0.0039847240236345,0.01345252866588407
leave_task_out,arousal,884,-0.0152831820146995,0.014404004666461434
leave_task_out,arousal,885,-0.0168540135466205,0.009435495299718075
leave_task_out,arousal,886,-0.0263942931258106,0.011251904965936251
leave_task_out,arousal,887,-0.0112984579910649,0.012450873286027545
leave_task_out,arousal,888,-0.0052745352356247,0.013149587420537031
leave_task_out,arousal,889,-0.0091655858192822,0.014314388844256936
leave_task_out,arousal,890,0.0113921314310418,0.008227591284799444
leave_task_out,arousal,891,0.0003746937599077,0.010919779694201824
leave_task_out,arousal,892,0.0024138924917135,0.012176493657290939
leave_task_out,arousal,893,-0.0072200605274534,0.01301747671772404
leave_task_out,arousal,894,0.0178844213863669,0.013679822175679484
leave_task_out,arousal,895,0.0126098861507421,0.007692395715710527
leave_task_out,arousal,896,0.0145554114425709,0.010327352360317362
leave_task_out,arousal,897,0.0315030984291684,0.012024290788002021
leave_task_out,arousal,898,0.0182591151462745,0.012603685962236853
leave_task_out,arousal,899,0.0167819570543305,0.013526546460349257
leave_task_out,arousal,900,0.017697074506413,0.00827901503815026
leave_task_out,arousal,901,0.0006557140798386,0.010619587435872904
leave_task_out,arousal,902,0.0229716097420377,0.011334969707966071
leave_task_out,arousal,903,0.0041720709035883,0.012327549097972613
leave_task_out,arousal,904,0.0272373540856031,0.013049453465237754
leave_task_out,arousal,906,0.0319498486813661,0.00943201686336412
leave_task_out,arousal,907,0.0451938319642599,0.01121403183476316
leave_task_out,arousal,908,0.0358408992650237,0.011793059337187928
leave_task_out,arousal,909,0.0307537109093528,0.01307643733612063
leave_task_out,arousal,910,0.0474203775760195,0.014027913336697994
leave_task_out,arousal,912,-0.0090719123793053,0.009059403969954635
leave_task_out,arousal,913,-0.0086972186193976,0.01087581363617281
leave_task_out,arousal,914,-0.0147211413748378,0.012074781956264104
leave_task_out,arousal,915,-0.0031416630638421,0.01277349609077359
leave_task_out,arousal,916,0.0004683671998846,0.013938297514493495
leave_task_out,arousal,918,0.0251981553537974,0.007851499955036003
leave_task_out,arousal,919,0.0190805591583801,0.010543688364438381
leave_task_out,arousal,920,0.019174232598357,0.011800402327527498
leave_task_out,arousal,921,0.0187058653984724,0.0126413853879606
leave_task_out,arousal,922,0.0150021616947687,0.013303730845916045
leave_task_out,arousal,924,0.0364029399048855,0.007316304385947086
leave_task_out,arousal,925,0.019361579478311,0.009951261030553922
leave_task_out,arousal,926,0.0305663640293991,0.01164819945823858
leave_task_out,arousal,927,0.0229716097420378,0.012227594632473412
leave_task_out,arousal,928,0.0325118893212279,0.013150455130585817
leave_task_out,arousal,930,-0.0017581784118749,0.007902923708386819
leave_task_out,arousal,931,0.0037973771436805,0.010243496106109463
leave_task_out,arousal,932,0.0120478455108804,0.01095887837820263
leave_task_out,arousal,933,0.0058365758754863,0.011951457768209172
leave_task_out,arousal,934,0.0169476869865974,0.012673362135474313
leave_task_out,arousal,940,0.025666522553682,0.016024075685601016
leave_task_out,arousal,941,0.0283398184176394,0.017736774730444355
leave_task_out,arousal,942,-0.003047989623865,0.018246077848768916
leave_task_out,arousal,943,0.0196425997982419,0.019461547027453424
leave_task_out,arousal,944,0.007969448047269,0.020342158692213244
leave_task_out,arousal,945,-0.0184248450785415,0.01578087671291792
leave_task_out,arousal,946,-0.0162919729067588,0.017561029319942495
leave_task_out,arousal,947,-0.0091655858192823,0.01872387151177103
leave_task_out,arousal,948,-0.0150021616947687,0.019386886942317546
leave_task_out,arousal,949,-0.0035163568237498,0.020514919767141225
leave_task_out,arousal,950,-0.020838737570255,0.014650889685799626
leave_task_out,arousal,951,-0.0129629629629629,0.017330315208180052
leave_task_out,arousal,952,-0.0203703703703703,0.018574290409970537
leave_task_out,arousal,953,-0.019174232598357,0.019402758215558785
leave_task_out,arousal,954,-0.0248234615938895,0.02005206388979891
leave_task_out,arousal,955,0.0003746937599077,0.01403097801540716
leave_task_out,arousal,956,0.0001873468799538,0.01662897979666412
leave_task_out,arousal,957,-0.0201830234904165,0.018288907837814953
leave_task_out,arousal,958,-0.0240740740740741,0.018832632781811524
leave_task_out,arousal,959,0.0099149733390978,0.019717153977511462
leave_task_out,arousal,960,0.0046404381034731,0.014733811260420896
leave_task_out,arousal,961,0.0157515492145842,0.017071425993913585
leave_task_out,arousal,962,0.0064922899553249,0.017783849260379684
leave_task_out,arousal,963,0.0351131286928952,0.01877341858602534
leave_task_out,arousal,964,0.0121415189508574,0.019492434863595268
leave_task_out,arousal,966,0.0477950713359274,0.015647984355837575
leave_task_out,arousal,967,0.0379737714368064,0.017360683400680914
leave_task_out,arousal,968,0.041864822020464,0.017869986519005475
leave_task_out,arousal,969,0.030566364029399,0.019085455697689983
leave_task_out,arousal,970,0.0458495460440986,0.019966067362449803
leave_task_out,arousal,972,-0.0108300907911802,0.01540478538315448
leave_task_out,arousal,973,-0.0052745352356247,0.017184937990179054
leave_task_out,arousal,974,0.011392131431042,0.01834778018200759
leave_task_out,arousal,975,0.0117668251909497,0.019010795612554105
leave_task_out,arousal,976,-0.0053682086756016,0.020138828437377784
leave_task_out,arousal,978,-0.006117596195417,0.014274798356036185
leave_task_out,arousal,979,-0.0170413604265743,0.01695422387841661
leave_task_out,arousal,980,-0.0101023202190516,0.018198199080207096
leave_task_out,arousal,981,-0.0058365758754863,0.019026666885795344
leave_task_out,arousal,982,-0.0020391987318055,0.019675972560035473
leave_task_out,arousal,984,0.0028822596915982,0.013654886685643719
leave_task_out,arousal,985,0.0118604986309266,0.016252888466900678
leave_task_out,arousal,986,-0.0111111111111111,0.017912816508051512
leave_task_out,arousal,987,0.0115794783109957,0.01845654145204808
leave_task_out,arousal,988,0.0065859633953018,0.01934106264774802
leave_task_out,arousal,990,0.0115794783109958,0.014357719930657455
leave_task_out,arousal,991,0.0003746937599077,0.016695334664150144
leave_task_out,arousal,992,0.0077821011673151,0.017407757930616243
leave_task_out,arousal,993,0.0136186770428015,0.0183973272562619
leave_task_out,arousal,994,0.0265816400057645,0.019116343533831827
leave_task_out,arousal,1015,0.0095402795791901,0.023995204196617187
leave_task_out,arousal,1016,0.0216817985300475,0.027580147838816967
leave_task_out,arousal,1017,0.0270500072056493,0.030051495995168917
leave_task_out,arousal,1018,0.0326055627612048,0.033015617131724115
leave_task_out,arousal,1019,0.0419584954604409,0.03570505971908717
leave_task_out,arousal,1020,0.0524138924917135,0.025269452190418908
leave_task_out,arousal,1021,0.0316688283614353,0.028417777955862117
leave_task_out,arousal,1022,0.0444444444444444,0.030922090060383933
leave_task_out,arousal,1023,0.0904813373684968,0.033187521216738805
leave_task_out,arousal,1024,0.0641807176826632,0.03619620133130187
leave_task_out,arousal,1025,-0.0172287073065284,0.025226411907390764
leave_task_out,arousal,1026,-0.0110174376711342,0.028851273381387363
leave_task_out,arousal,1027,0.0053682086756016,0.031633014292288215
leave_task_out,arousal,1028,-0.0078757746072921,0.03403043783787818
leave_task_out,arousal,1029,0.0038910505836575,0.03663272611769472
leave_task_out,arousal,1030,0.01434644761493,0.024295276475695793
leave_task_out,arousal,1031,0.0430609597924772,0.02816254274442087
leave_task_out,arousal,1032,0.0599149733390979,0.02997055855524991
leave_task_out,arousal,1033,0.0789018590575011,0.033120053678408486
leave_task_out,arousal,1034,0.0420305519527309,0.03531140745234626
leave_task_out,arousal,1035,-0.0206513906903011,0.02420181603132892
leave_task_out,arousal,1036,0.019361579478311,0.027905105421576266
leave_task_out,arousal,1037,0.0214007782101167,0.030590719792954947
leave_task_out,arousal,1038,0.0056492289955325,0.033611763066054255
leave_task_out,arousal,1039,-0.0054618821155785,0.03595742687042609
leave_task_out,arousal,1046,0.0050871883556709,0.023619112866853746
leave_task_out,arousal,1047,0.0105490704712495,0.027204056509053526
leave_task_out,arousal,1048,0.0067516933275688,0.029675404665405476
leave_task_out,arousal,1049,0.0372243839169909,0.032639525801960674
leave_task_out,arousal,1050,0.0101743767113416,0.03532896838932373
leave_task_out,arousal,1052,-0.0073137339674305,0.024893360860655467
leave_task_out,arousal,1053,0.0155642023346302,0.028041686626098676
leave_task_out,arousal,1054,0.0037037037037036,0.030545998730620492
leave_task_out,arousal,1055,0.0455685257241677,0.032811429886975364
leave_task_out,arousal,1056,0.0281524715376855,0.03582011000153843
leave_task_out,arousal,1058,-0.0112047845510881,0.024850320577627323
leave_task_out,arousal,1059,0.0150958351347455,0.028475182051623922
leave_task_out,arousal,1060,0.0203703703703703,0.031256922962524775
leave_task_out,arousal,1061,0.0149084882547917,0.03365434650811474
leave_task_out,arousal,1062,0.0340827208531487,0.03625663478793128
leave_task_out,arousal,1064,-0.0026949128116444,0.023919185145932352
leave_task_out,arousal,1065,0.0196209828505548,0.02778645141465743
leave_task_out,arousal,1066,0.0236993803141662,0.02959446722548647
leave_task_out,arousal,1067,0.0312004611615506,0.032743962348645045
leave_task_out,arousal,1068,0.0212854878224527,0.03493531612258282
leave_task_out,arousal,1070,0.0138996973627324,0.02382572470156548
leave_task_out,arousal,1071,0.0112984579910651,0.027529014091812826
leave_task_out,arousal,1072,0.0168540135466206,0.030214628463191506
leave_task_out,arousal,1073,0.0117668251909497,0.033235671736290814
leave_task_out,arousal,1074,0.0099149733390979,0.03558133554066265
leave_task_out,arousal,1080,0.0168540135466204,0.014638562486162137
leave_task_out,arousal,1081,0.0179564778786567,0.01726712517376447
leave_task_out,arousal,1082,0.0164793197867128,0.018783019805375424
leave_task_out,arousal,1083,0.0179564778786567,0.02083604087390726
leave_task_out,arousal,1084,0.0411154345006483,0.022526870734828598
leave_task_out,arousal,1085,-0.0116731517509727,0.015631699057474933
leave_task_out,arousal,1086,0.0088845654993515,0.017739489758832584
leave_task_out,arousal,1087,0.0173223807465052,0.019201751461451082
leave_task_out,arousal,1088,0.0074074074074074,0.02044278389889566
leave_task_out,arousal,1089,0.0280587980977086,0.022395998819820503
leave_task_out,arousal,1090,-0.0059302493154633,0.01566414891173855
leave_task_out,arousal,1091,0.0033290099437959,0.018258554654048985
leave_task_out,arousal,1092,0.0349041648652543,0.020005863152439747
leave_task_out,arousal,1093,0.0437166738723159,0.02140273608596301
leave_task_out,arousal,1094,0.0374117307969448,0.022943437236249368
leave_task_out,arousal,1095,-0.0170413604265745,0.015048499897816522
leave_task_out,arousal,1096,0.012775616083009,0.01798763311079779
leave_task_out,arousal,1097,0.0322308690012969,0.018863241640010853
leave_task_out,arousal,1098,0.0341763942931257,0.02111356515985805
leave_task_out,arousal,1099,0.0213071047701396,0.02234986322462859
leave_task_out,arousal,1100,-0.0082504683671998,0.014564715027674422
leave_task_out,arousal,1101,0.0169476869865975,0.017242041588969154
leave_task_out,arousal,1102,0.0152831820146995,0.018905881807543518
leave_task_out,arousal,1103,0.0011024643320363,0.020905381126924978
leave_task_out,arousal,1104,-0.0151895085747225,0.022225676112590263
leave_task_out,arousal,1106,0.0140654272949992,0.014262471156398697
leave_task_out,arousal,1107,0.0312941346015276,0.01689103384400103
leave_task_out,arousal,1108,0.028973915549791,0.018406928475611983
leave_task_out,arousal,1109,0.0445381178844213,0.02045994954414382
leave_task_out,arousal,1110,0.0271220636979392,0.022150779405065157
leave_task_out,arousal,1112,0.0040783974636113,0.015255607727711493
leave_task_out,arousal,1113,0.0287145121775471,0.017363398429069143
leave_task_out,arousal,1114,0.0231589566219916,0.01882566013168764
leave_task_out,arousal,1115,0.020838737570255,0.020066692569132218
leave_task_out,arousal,1116,0.0346447614930105,0.022019907490057063
leave_task_out,arousal,1118,0.0091655858192822,0.015288057581975108
leave_task_out,arousal,1119,0.0148148148148148,0.017882463324285544
leave_task_out,arousal,1120,0.0259259259259259,0.019629771822676306
leave_task_out,arousal,1121,0.0315751549214584,0.02102664475619957
leave_task_out,arousal,1122,0.0393572560887736,0.022567345906485927
leave_task_out,arousal,1124,0.0164793197867128,0.014672408568053082
leave_task_out,arousal,1125,0.0260195993659029,0.01761154178103435
leave_task_out,arousal,1126,0.0224095691021761,0.018487150310247412
leave_task_out,arousal,1127,0.0263942931258107,0.02073747383009461
leave_task_out,arousal,1128,0.0191742325983571,0.02197377189486515
leave_task_out,arousal,1130,0.0108300907911802,0.014188623697910982
leave_task_out,arousal,1131,0.0089782389393283,0.016865950259205717
leave_task_out,arousal,1132,0.0165729932266895,0.01852979047778008
leave_task_out,arousal,1133,0.0080415045395589,0.020529289797161537
leave_task_out,arousal,1134,0.0065643464476148,0.021849584782826822
leave_task_out,arousal,1140,0.011392131431042,0.020979142422347764
leave_task_out,arousal,1141,0.0321371955613201,0.02357527199537473
leave_task_out,arousal,1142,0.0191742325983571,0.02505876496372546
leave_task_out,arousal,1143,0.0103833405389826,0.027080888498430666
leave_task_out,arousal,1144,0.0172287073065283,0.02873785306663846
leave_task_out,arousal,1145,-0.0237209972618532,0.0221638400825753
leave_task_out,arousal,1146,0.0059302493154633,0.024289288219764248
leave_task_out,arousal,1147,-0.0136186770428016,0.02576923307284991
leave_task_out,arousal,1148,0.014533794494884,0.027027649119236784
leave_task_out,arousal,1149,0.0302853437094682,0.02899877483391773
leave_task_out,arousal,1150,0.0102896670990055,0.022034704154909282
leave_task_out,arousal,1151,-0.0193399625306239,0.024603985932667154
leave_task_out,arousal,1152,-0.012775616083009,0.02632607350941639
leave_task_out,arousal,1153,0.0138060239227555,0.027698551607394917
leave_task_out,arousal,1154,0.0085314886871307,0.02921336976572767
leave_task_out,arousal,1155,-0.0037973771436806,0.021373940565840018
leave_task_out,arousal,1156,0.0247297881539125,0.024276681935602153
leave_task_out,arousal,1157,0.0327929096411586,0.02511573103036887
leave_task_out,arousal,1158,0.0381611183167602,0.027330798277624226
leave_task_out,arousal,1159,0.0228779363020608,0.028529648869299762
leave_task_out,arousal,1160,0.0381611183167603,0.021089837958196606
leave_task_out,arousal,1161,0.0308473843493298,0.02378275538479233
leave_task_out,arousal,1162,0.0533506268914829,0.025462122816180696
leave_task_out,arousal,1163,0.0519671422395157,0.027477145850195873
leave_task_out,arousal,1164,0.0457558726041216,0.028813022674388983
leave_task_out,arousal,1166,0.0090719123793053,0.020603051092584323
leave_task_out,arousal,1167,0.0148148148148148,0.023199180665611288
leave_task_out,arousal,1168,0.0183311716385645,0.02468267363396202
leave_task_out,arousal,1169,0.0033290099437959,0.026704797168667225
leave_task_out,arousal,1170,0.025644905605995,0.02836176173687502
leave_task_out,arousal,1172,0.0216817985300475,0.02178774875281186
leave_task_out,arousal,1173,0.037246000864678,0.023913196890000807
leave_task_out,arousal,1174,0.0411370514483355,0.02539314174308647
leave_task_out,arousal,1175,0.0489191526156507,0.026651557789473347
leave_task_out,arousal,1176,0.0414180717682663,0.02862268350415429
leave_task_out,arousal,1178,-0.0088845654993513,0.02165861282514584
leave_task_out,arousal,1179,0.0084378152471539,0.024227894602903713
leave_task_out,arousal,1180,0.0006557140798386,0.025949982179652945
leave_task_out,arousal,1181,0.0154705288946535,0.027322460277631477
leave_task_out,arousal,1182,0.0255728491137052,0.02883727843596423
leave_task_out,arousal,1184,0.0222222222222222,0.020997849236076577
leave_task_out,arousal,1185,0.0177691309987029,0.023900590605838712
leave_task_out,arousal,1186,0.0273094105778929,0.02473963970060543
leave_task_out,arousal,1187,0.0334270067733102,0.026954706947860785
leave_task_out,arousal,1188,0.0330523130134024,0.02815355753953632
leave_task_out,arousal,1190,0.0212134313301628,0.020713746628433165
leave_task_out,arousal,1191,0.0339890474131718,0.023406664055028892
leave_task_out,arousal,1192,0.029089205937455,0.02508603148641726
leave_task_out,arousal,1193,0.0345510880530335,0.027101054520432433
leave_task_out,arousal,1194,0.0538189940913675,0.028436931344625542
leave_task_out,valence,415,-0.017553360626416,-0.004146222897835377
leave_task_out,valence,416,0.0024096744703683,-0.002731404268711001
leave_task_out,valence,417,-0.0153523589967804,-0.00041322186394414373
leave_task_out,valence,418,-0.0007551969474144,0.0017618276123264817
leave_task_out,valence,419,-0.0125253388449461,0.004676165300662919
leave_task_out,valence,420,-0.0007402917445049,-0.0038177108036018016
leave_task_out,valence,421,0.0188550816805119,-0.001570530781855345
leave_task_out,valence,422,0.026064231487738,0.000460862946845466
leave_task_out,valence,423,0.0060217019754361,0.0026737771337695046
leave_task_out,valence,424,0.0036617115147661,0.005318764127695445
leave_task_out,valence,425,0.0100510751619699,-0.0016223546623550904
leave_task_out,valence,426,0.0074824118605667,-0.00142714466375558
leave_task_out,valence,427,0.0067272149131523,0.000776838143421766
leave_task_out,valence,428,0.0042380460272665,0.003175494403517918
leave_task_out,valence,429,-0.0147114352716721,0.0061754332301656705
leave_task_out,valence,430,0.000208672840733,-0.0028248027973933366
leave_task_out,valence,431,-0.0082227036050717,-0.001257293797669673
leave_task_out,valence,432,-0.0185023252116538,0.0013555845671850454
leave_task_out,valence,433,-0.0057335347191859,0.002258004677425686
leave_task_out,valence,434,-0.0014308994793115,0.004143595304135772
leave_task_out,valence,435,0.0091368893835208,-0.003826257664683721
leave_task_out,valence,436,0.0066974045073333,-0.0024154814296464093
leave_task_out,valence,437,0.0187408084582058,-0.0002619780515615809
leave_task_out,valence,438,0.0117701418975317,0.00270613075690212
leave_task_out,valence,439,0.0120284987479629,0.00494110300474534
leave_task_out,valence,446,0.0201717079375173,-0.0034662755497298775
leave_task_out,valence,447,0.0180998847330974,-0.002051456920605498
leave_task_out,valence,448,-0.0056689455065782,0.00026672548416135575
leave_task_out,valence,449,0.0047696649310385,0.002441774960431981
leave_task_out,valence,450,0.0244594379744823,0.005356112648768421
leave_task_out,valence,452,0.0144679836241504,-0.0031377634554963056
leave_task_out,valence,453,0.0056043562939703,-0.0008905834337498454
leave_task_out,valence,454,0.0121079931634803,0.0011408102949509655
leave_task_out,valence,455,0.005201915815414,0.003353724481875006
leave_task_out,valence,456,0.0036766167176756,0.005998711475800944
leave_task_out,valence,458,-0.0004322508843754,-0.0009424073142495909
leave_task_out,valence,459,0.0159634723160697,-0.0007471973156500805
leave_task_out,valence,460,0.007532095870265,0.0014567854915272654
leave_task_out,valence,461,0.0015898883103461,0.003855441751623421
leave_task_out,valence,462,0.0096685082872928,0.006855380578271172
leave_task_out,valence,464,0.0024394848761874,-0.002144855449287837
leave_task_out,valence,465,0.0021016336102388,-0.0005773464495641735
leave_task_out,valence,466,0.0042380460272665,0.002035531915290545
leave_task_out,valence,467,0.0073383282324416,0.0029379520255311854
leave_task_out,valence,468,-0.0053658730474184,0.0048235426522412715
leave_task_out,valence,470,-0.0095244246591676,-0.003146310316578225
leave_task_out,valence,471,0.0004819348940736,-0.0017355340815409098
leave_task_out,valence,472,0.0084313764458046,0.00041796929654392204
leave_task_out,valence,473,-0.0107118724909575,0.0033860781050076214
leave_task_out,valence,474,-0.0009638697881474,0.0056210503528508395
leave_task_out,valence,480,0.0155759370404229,-0.002850645233302595
leave_task_out,valence,481,0.0114024802257641,-0.0014697856591000431
leave_task_out,valence,482,-0.0017836559481696,0.0008144376109612307
leave_task_out,valence,483,0.0060217019754362,0.0029554714521420698
leave_task_out,valence,484,0.0153672641996899,0.005835910344820476
leave_task_out,valence,485,0.0067918041257601,-0.0026125365933779184
leave_task_out,valence,486,0.0077059899042092,-0.0004022116305287919
leave_task_out,valence,487,0.0048640645494653,0.0015923580903455387
leave_task_out,valence,488,-0.0010284590007552,0.0037684160857881788
leave_task_out,valence,489,-0.0054602726658452,0.006376556250157395
leave_task_out,valence,490,-0.0095244246591677,-0.00043812911739175495
leave_task_out,valence,491,-0.0088189117214516,-0.00028085737986993306
leave_task_out,valence,492,-0.0228546444612266,0.0018853759738378332
leave_task_out,valence,493,-0.0141500059620811,0.004245902266162064
leave_task_out,valence,494,-0.0292936921181287,0.0072083528642750295
leave_task_out,valence,495,-0.0014607098851305,-0.0012321830118102207
leave_task_out,valence,496,-0.0101007591716681,0.0003155529236952767
leave_task_out,valence,497,-0.0083816924361063,0.0029085066956872282
leave_task_out,valence,498,-0.0082376088079812,0.003791309815314616
leave_task_out,valence,499,-0.0089928057553956,0.005656914178702371
leave_task_out,valence,500,-0.0044964028776978,-0.0025490506479303593
leave_task_out,valence,501,0.0053310942406295,-0.0011728014619530429
leave_task_out,valence,502,0.0071296553917087,0.0009461266735224447
leave_task_out,valence,503,0.0063744584442942,0.003879503991511119
leave_task_out,valence,504,0.0043672244524822,0.006080019737283258
leave_task_out,valence,506,0.0184228307961365,-0.002170697885197092
leave_task_out,valence,507,0.0128979689176835,-0.0007898383109945402
leave_task_out,valence,508,0.0046752653126118,0.0014943849590667302
leave_task_out,valence,509,-0.0002881672562503,0.003635418800247571
leave_task_out,valence,510,0.0070501609761914,0.006515857692925977
leave_task_out,valence,512,0.021806311856592,-0.0019325892452724223
leave_task_out,valence,513,0.0092809730116458,0.00027773571757670756
leave_task_out,valence,514,0.0183383679796493,0.002272305438451038
leave_task_out,valence,515,0.0080438411701577,0.00444836343389368
leave_task_out,valence,516,0.010518104853134,0.007056503598262896
leave_task_out,valence,518,0.016604396041178,0.00024181823071374106
leave_task_out,valence,519,0.0268343336380619,0.0003990899682355664
leave_task_out,valence,520,0.0118347311101394,0.0025653233219433327
leave_task_out,valence,521,0.0189643865018482,0.004925849614267563
leave_task_out,valence,522,0.016813068881911,0.00788830021238053
leave_task_out,valence,524,-0.0053012838348105,-0.0005522356637047247
leave_task_out,valence,525,-0.0073582018363209,0.0009955002718007762
leave_task_out,valence,526,-0.0070849397829801,0.0035884540437927277
leave_task_out,valence,527,0.0017488771413808,0.004471257163420117
leave_task_out,valence,528,-0.0079196311459119,0.0063368615268078726
leave_task_out,valence,530,0.0114670694383718,-0.0018691032998248598
leave_task_out,valence,531,0.0056689455065781,-0.0004928541138475469
leave_task_out,valence,532,0.0062154696132596,0.0016260740216279441
leave_task_out,valence,533,0.0110646289598155,0.004559451339616622
leave_task_out,valence,534,0.0043374140466632,0.006759967085388757
leave_task_out,valence,540,-0.0067619937199411,-0.0029983838636589814
leave_task_out,valence,541,0.0111441233753329,-0.0015979978328763793
leave_task_out,valence,542,0.0067123097102428,0.0007057519396406024
leave_task_out,valence,543,0.0065036368695099,0.0028663447709980708
leave_task_out,valence,544,0.0074029174450495,0.005766275471179845
leave_task_out,valence,545,0.0057981239317939,-0.002505588740244081
leave_task_out,valence,546,0.0078699471362136,-0.00026496072896825887
leave_task_out,valence,547,0.0040144679836241,0.0017598865094522898
leave_task_out,valence,548,-0.0021513176199371,0.003966248484557414
leave_task_out,valence,549,0.0055894510910609,0.006604684931006601
leave_task_out,valence,550,-0.0086251440836281,-0.0004097233498230879
leave_task_out,valence,551,-0.0049485273659525,-0.00022557867737123607
leave_task_out,valence,552,-0.0163659127946261,0.0019673938725441494
leave_task_out,valence,553,-0.000531618903772,0.004354928892040158
leave_task_out,valence,554,-0.0031648714177829,0.007343933652031931
leave_task_out,valence,555,-0.0157895782821256,-0.0017633582031232296
leave_task_out,valence,556,-0.0079196311459119,-0.00021397451226621428
leave_task_out,valence,557,2.9810405818953e-05,0.0023806396424643026
leave_task_out,valence,558,-0.018646408839779,0.0032650775113094582
leave_task_out,valence,559,-0.0123663500139115,0.0051323473966407435
leave_task_out,valence,560,0.0055397670813626,-0.00245957733751399
leave_task_out,valence,561,0.0161721451568027,-0.0010530117182157017
leave_task_out,valence,562,0.0149350133153146,0.001096275166867989
leave_task_out,valence,563,0.0075320958702651,0.004060148427712783
leave_task_out,valence,564,0.0035325330895504,0.006290918663108311
leave_task_out,valence,566,-0.0191432489367622,-0.002318436515553482
leave_task_out,valence,567,0.0,-0.0009180504847708798
leave_task_out,valence,568,-0.0202512023530347,0.0013856992877461036
leave_task_out,valence,569,-0.0157547994753369,0.0035462921191035703
leave_task_out,valence,570,-0.0038703843554991,0.006446222819285346
leave_task_out,valence,572,0.0092660678087364,-0.0018256413921385814
leave_task_out,valence,573,0.0075320958702651,0.0004149866191372441
leave_task_out,valence,574,0.0062303748161691,0.002439833857557791
leave_task_out,valence,575,0.0065036368695099,0.004646195832662917
leave_task_out,valence,576,0.0113378910131562,0.0072846322791121024
leave_task_out,valence,578,0.0238831034619818,0.0002702239982824116
leave_task_out,valence,579,0.0236893358241583,0.0004543686707342634
leave_task_out,valence,580,0.0119490043324456,0.002647341220649649
leave_task_out,valence,581,0.0256319806033626,0.005034876240145661
leave_task_out,valence,582,0.0185669144242616,0.008023881000137432
leave_task_out,valence,584,-0.0062154696132595,-0.0010834108550177302
leave_task_out,valence,585,-0.0040641519933224,0.0004659728358392852
leave_task_out,valence,586,-0.0089779005524861,0.0030605869905698004
leave_task_out,valence,587,-0.0028916093644421,0.003945024859414961
leave_task_out,valence,588,-0.014920108112405,0.005812294744746243
leave_task_out,valence,590,-0.0019277395762947,-0.0017796299894084905
leave_task_out,valence,591,0.008481060455503,-0.00037306437011020224
leave_task_out,valence,592,0.0039995627807146,0.0017762225149734901
leave_task_out,valence,593,-0.0019277395762947,0.004740095775818284
leave_task_out,valence,594,-0.003870384355499,0.00697086601121381
leave_task_out,valence,615,0.0094896458523788,0.039893032331565555
leave_task_out,valence,616,0.0322300170912992,0.039004003380741614
leave_task_out,valence,617,0.0205393696092849,0.041082222838936394
leave_task_out,valence,618,0.0026332525140109,0.04245574211571414
leave_task_out,valence,619,0.012172582376088,0.04468552555617819
leave_task_out,valence,620,-0.0137823442903135,0.038939903290069425
leave_task_out,valence,621,-0.006940856154855,0.0392287026556255
leave_task_out,valence,622,0.0093753726300728,0.04251701390291693
leave_task_out,valence,623,0.0023898008664891,0.04269468804464685
leave_task_out,valence,624,-0.004193330418538,0.04420829232767162
leave_task_out,valence,625,0.0275249413728685,0.03969881236508069
leave_task_out,valence,626,0.0084760920545331,0.04000888411306547
leave_task_out,valence,627,0.0283596327358003,0.04203882697885322
leave_task_out,valence,628,0.0194463213959218,0.04440552763557852
leave_task_out,valence,629,0.042459954688183,0.0455171696869015
leave_task_out,valence,630,0.0009638697881473,0.039203424819134025
leave_task_out,valence,631,0.0174241822012003,0.04057094987534478
leave_task_out,valence,632,0.0241364919114432,0.04025372192683266
leave_task_out,valence,633,0.0124309392265193,0.04309805792936
leave_task_out,valence,634,0.0268194284351525,0.04544791062030212
leave_task_out,valence,635,0.0145325728367582,0.03914965672372794
leave_task_out,valence,636,0.016460312413053,0.039518354871450515
leave_task_out,valence,637,0.0085903652768393,0.04145565591063539
leave_task_out,valence,638,0.0524166302317262,0.04219703665666158
leave_task_out,valence,639,0.0349924480305259,0.04412208511352383
leave_task_out,valence,646,0.0092809730116459,0.04057297967967106
leave_task_out,valence,647,0.0226260980166143,0.03968395072884712
leave_task_out,valence,648,0.0148853293056163,0.0417621701870419
leave_task_out,valence,649,0.0126694224730711,0.04313568946381964
leave_task_out,valence,650,0.02068345323741,0.045365472904283694
leave_task_out,valence,652,0.0065334472753288,0.03961985063817493
leave_task_out,valence,653,0.0080587463730673,0.039908650003731005
leave_task_out,valence,654,0.0096486346834134,0.04319696125102243
leave_task_out,valence,655,0.0201667395365476,0.04337463539275235
leave_task_out,valence,656,0.0133749354107874,0.044888239675777125
leave_task_out,valence,658,-0.003870384355499,0.04037875971318619
leave_task_out,valence,659,0.0054453674629356,0.04068883146117097
leave_task_out,valence,660,0.0109851345442981,0.042718774326958725
leave_task_out,valence,661,0.0076612742954806,0.045085474983684024
leave_task_out,valence,662,0.0136034818553996,0.046197117035007
leave_task_out,valence,664,0.0291148296832147,0.03988337216723953
leave_task_out,valence,665,0.0279422870543344,0.04125089722345028
leave_task_out,valence,666,0.0367761039786954,0.04093366927493816
leave_task_out,valence,667,0.041754441750467,0.043778005277465504
leave_task_out,valence,668,0.0445168726896935,0.046127857968407626
leave_task_out,valence,670,-0.0002235780436424,0.03982960407183344
leave_task_out,valence,671,0.0109702293413887,0.04019830221955602
leave_task_out,valence,672,0.0185023252116538,0.04213560325874089
leave_task_out,valence,673,0.0155312214316943,0.04287698400476708
leave_task_out,valence,674,0.0157398942724273,0.044802032461629324
leave_task_out,valence,680,0.0196698994395643,0.03009195464940762
leave_task_out,valence,681,0.0287769784172662,0.02894068834800324
leave_task_out,valence,682,0.0318424818156524,0.03075680604475653
leave_task_out,valence,683,0.0350719424460431,0.03187818636338477
leave_task_out,valence,684,0.0216622282284669,0.033835113934681305
leave_task_out,valence,685,-0.0030207877896578,0.029225605217859756
leave_task_out,valence,686,-0.0053161890377201,0.029278891623858938
leave_task_out,valence,687,-0.0195605946182281,0.03233127838141483
leave_task_out,valence,688,-0.0026829365237092,0.03229148509098696
leave_task_out,valence,689,0.0148704241027067,0.03355237311271282
leave_task_out,valence,690,0.0002384832465519,0.029735124080573497
leave_task_out,valence,691,-0.0028916093644422,0.029793068875610822
leave_task_out,valence,692,-0.0036120275050678,0.031570811421931036
leave_task_out,valence,693,-0.0054453674629357,0.03369448687030859
leave_task_out,valence,694,0.0080786199769465,0.03454399269569171
leave_task_out,valence,695,-0.0121576771731785,0.029435008738779807
leave_task_out,valence,696,0.0021364124170277,0.03054098485101546
leave_task_out,valence,697,-0.0073383282324416,0.029961269891524683
leave_task_out,valence,698,0.0043374140466632,0.032556216789408066
leave_task_out,valence,699,0.0236247466115505,0.03463284326891967
leave_task_out,valence,700,0.0034828490798521,0.02900970718959379
leave_task_out,valence,701,0.0151436861560474,0.029121967537434203
leave_task_out,valence,702,0.0169422473071266,0.030802350991842024
leave_task_out,valence,703,0.0294377757462537,0.031291192981742794
leave_task_out,valence,704,0.0136183870583091,0.032956172150774746
leave_task_out,valence,706,0.0152082753686553,0.030771901997513118
leave_task_out,valence,707,0.0146468460590643,0.02962063569610874
leave_task_out,valence,708,0.0133451250049683,0.03143675339286203
leave_task_out,valence,709,0.0040641519933224,0.03255813371149027
leave_task_out,valence,710,0.0050429269843793,0.03451506128278681
leave_task_out,valence,712,0.0005614293095909,0.029905552565965256
leave_task_out,valence,713,0.0058627131444015,0.02995883897196444
leave_task_out,valence,714,0.0199779402996939,0.033011225729520324
leave_task_out,valence,715,0.0260791366906474,0.032971432439092466
leave_task_out,valence,716,0.025085456496681,0.03423232046081832
leave_task_out,valence,718,-0.0034828490798521,0.030415071428679
leave_task_out,valence,719,0.0007899757542033,0.030473016223716322
leave_task_out,valence,720,-0.0066129416908461,0.03225075877003654
leave_task_out,valence,721,0.0033437338526968,0.03437443421841409
leave_task_out,valence,722,-0.0077208951071187,0.03522394004379721
leave_task_out,valence,724,0.0028568305576532,0.03011495608688531
leave_task_out,valence,725,0.0147412456774911,0.03122093219912096
leave_task_out,valence,726,0.0203952859811598,0.030641217239630182
leave_task_out,valence,727,0.0136332922612186,0.03323616413751357
leave_task_out,valence,728,0.0092163837990381,0.035312790617025164
leave_task_out,valence,730,0.0211157041217854,0.02968965453769929
leave_task_out,valence,731,0.0182737787670416,0.029801914885539703
leave_task_out,valence,732,0.0168776580945188,0.03148229833994752
leave_task_out,valence,733,0.0293880917365554,0.0319711403298483
leave_task_out,valence,734,0.0176328550419332,0.03363611949888025
leave_task_out,valence,740,0.0198636670773877,0.02927972168525121
leave_task_out,valence,741,0.0099218967367543,0.028123022289566847
leave_task_out,valence,742,0.0304463611431296,0.0299337097012074
leave_task_out,valence,743,0.0058428395405222,0.03104986614639332
leave_task_out,valence,744,0.0120086251440836,0.033001140626477826
leave_task_out,valence,745,0.0061310067967725,0.028919628198886577
leave_task_out,valence,746,-0.0104733892444055,0.02897815550523751
leave_task_out,valence,747,0.0049435589649827,0.032035792320979445
leave_task_out,valence,748,-4.968400969751485e-06,0.032000838361448
leave_task_out,valence,749,0.0041088676020509,0.03326735011082446
leave_task_out,valence,750,-0.0158044834850352,0.02942924470111183
leave_task_out,valence,751,-0.0146319408561548,0.02949268545152675
leave_task_out,valence,752,-0.0071644341984976,0.03127592555249477
leave_task_out,valence,753,-0.0067470885170317,0.033404898553097875
leave_task_out,valence,754,-0.0030058825867483,0.0342601185196459
leave_task_out,valence,755,0.0017339719384713,0.029161814559307286
leave_task_out,valence,756,0.018258873564132,0.03027431128233456
leave_task_out,valence,757,0.0319418498350491,0.029701140320347406
leave_task_out,valence,758,0.005877618347311,0.03230230467513327
leave_task_out,valence,759,0.0041287412059303,0.034385742888447854
leave_task_out,valence,760,0.0084611868516236,0.02912922858008808
leave_task_out,valence,761,0.0193668269804045,0.029255965255341194
leave_task_out,valence,762,0.0209567152907508,0.030950852121792882
leave_task_out,valence,763,0.0326473627727652,0.03145395033179751
leave_task_out,valence,764,0.0185321356174729,0.033133610831594065
leave_task_out,valence,766,-0.0019923287889026,0.02995966903335671
leave_task_out,valence,767,0.0072091498072259,0.028802969637672347
leave_task_out,valence,768,-0.0029412933741405,0.0306136570493129
leave_task_out,valence,769,0.0041088676020508,0.03172981349449882
leave_task_out,valence,770,0.0023103064509717,0.033681087974583315
leave_task_out,valence,772,-0.002717715330498,0.029599575546992073
leave_task_out,valence,773,0.0147561508804006,0.029658102853343013
leave_task_out,valence,774,0.0082674192138002,0.03271573966908495
leave_task_out,valence,775,0.0095045510552883,0.0326807857095535
leave_task_out,valence,776,0.0148853293056162,0.03394729745892995
leave_task_out,valence,778,0.0228844548670456,0.030109192049217328
leave_task_out,valence,779,0.0291645136929131,0.03017263279963225
leave_task_out,valence,780,0.021423744981915,0.031955872900600264
leave_task_out,valence,781,0.0216821018323463,0.03408484590120338
leave_task_out,valence,782,0.0339987678365594,0.0349400658677514
leave_task_out,valence,784,-0.0061508804006518,0.029841761907412785
leave_task_out,valence,785,0.0009638697881474,0.03095425863044006
leave_task_out,valence,786,0.0075171906673556,0.030381087668452905
leave_task_out,valence,787,0.01477602448428,0.032982252023238776
leave_task_out,valence,788,0.0122222663857864,0.03506569023655335
leave_task_out,valence,790,0.0054453674629356,0.02980917592819358
leave_task_out,valence,791,0.0169770261139154,0.029935912603446697
leave_task_out,valence,792,0.0297607218092927,0.031630799469898385
leave_task_out,valence,793,0.0117254262888031,0.032133897679903003
leave_task_out,valence,794,0.0144878572280296,0.03381355817969957
leave_task_out,valence,1215,0.0337108013937281,-0.00030992966176434864
leave_task_out,valence,1216,0.036512775842044,-0.001934117638421405
leave_task_out,valence,1217,0.0235990127758419,0.0007627189277771493
leave_task_out,valence,1218,0.0462108013937281,0.0049275261330482475
leave_task_out,valence,1219,0.0392421602787456,0.010225334825060184
leave_task_out,valence,1220,0.0632912311265969,-0.004475665301599031
leave_task_out,valence,1221,0.0605255516840882,-0.00015418603278758922
leave_task_out,valence,1222,0.0549578977932636,0.0023529777209778096
leave_task_out,valence,1223,0.0489764808362368,0.007157745542123461
leave_task_out,valence,1224,0.0778745644599302,0.012533824022371656
leave_task_out,valence,1225,0.0028019744483158,-0.0009273871272562906
leave_task_out,valence,1226,-0.0048853077816493,0.0019099639353926806
leave_task_out,valence,1227,0.0240127758420442,0.002276203859932803
leave_task_out,valence,1228,0.0093568524970962,0.007839601238268367
leave_task_out,valence,1229,0.0101117886178861,0.011103906711706763
leave_task_out,valence,1230,0.0466245644599303,0.00033810243981170773
leave_task_out,valence,1231,0.0274970963995354,-0.000967093192709309
leave_task_out,valence,1232,0.0452235772357723,0.0027997746219018196
leave_task_out,valence,1233,0.0351480836236933,0.00722556361139786
leave_task_out,valence,1234,0.0514735772357723,0.011583938221085301
leave_task_out,valence,1235,0.0218568524970964,-0.0012516171492254792
leave_task_out,valence,1236,0.0190548780487804,0.00013188742682575944
leave_task_out,valence,1237,0.0315548780487804,0.003225819422583787
leave_task_out,valence,1238,0.0392058652729385,0.008540247073529118
leave_task_out,valence,1239,0.0375362950058072,0.014032491316591235
leave_task_out,valence,1246,-0.0142784552845527,0.0003700176863411543
leave_task_out,valence,1247,0.0208333333333333,-0.0012541702903159022
leave_task_out,valence,1248,0.0235627177700348,0.0014426662758826488
leave_task_out,valence,1249,0.0093568524970965,0.0056074734811537505
leave_task_out,valence,1250,0.0169715447154472,0.010905282173165684
leave_task_out,valence,1252,0.0528382694541231,-0.0037957179534935277
leave_task_out,valence,1253,0.0431039488966318,0.0005257613153179103
leave_task_out,valence,1254,0.0131823461091753,0.003032925069083311
leave_task_out,valence,1255,0.027424506387921,0.00783769289022896
leave_task_out,valence,1256,0.0333696283391405,0.013213771370477155
leave_task_out,valence,1258,0.0247314169570267,-0.0002474397791507911
leave_task_out,valence,1259,0.0007186411149826,0.00258991128349818
leave_task_out,valence,1260,0.0066274680603948,0.0029561512080383025
leave_task_out,valence,1261,0.0031431475029035,0.008519548586373868
leave_task_out,valence,1262,0.0066274680603948,0.011783854059812263
leave_task_out,valence,1264,0.0160569105691056,0.0010180497879172072
leave_task_out,valence,1265,0.0163617886178861,-0.0002871458446038061
leave_task_out,valence,1266,0.0344657375145179,0.003479721970007319
leave_task_out,valence,1267,0.0156794425087107,0.00790551095950336
leave_task_out,valence,1268,0.0334059233449477,0.0122638855691908
leave_task_out,valence,1270,0.011099012775842,-0.0005716698011199797
leave_task_out,valence,1271,-0.0101117886178861,0.0008118347749312589
leave_task_out,valence,1272,0.033674506387921,0.003905766770689288
leave_task_out,valence,1273,0.0333333333333333,0.00922019442163462
leave_task_out,valence,1274,0.0371588269454122,0.014712438664696738
leave_task_out,valence,1280,-0.0146196283391405,0.0005210935383785364
leave_task_out,valence,1281,0.0281794425087107,-0.0011890453592909855
leave_task_out,valence,1282,0.0138646922183507,0.0014114204601890796
leave_task_out,valence,1283,0.0097343205574912,0.0054912676366592125
leave_task_out,valence,1284,0.0066274680603948,0.01069697867432498
leave_task_out,valence,1285,-0.0031068524970964,-0.003706485904409522
leave_task_out,valence,1286,3.629500580726308e-05,0.0005099973565306573
leave_task_out,valence,1287,-0.0006460511033681,0.002912718890324139
leave_task_out,valence,1288,-0.0003048780487804,0.007613678636366502
leave_task_out,valence,1289,0.0143147502903601,0.012884421857448147
leave_task_out,valence,1290,0.0212470963995353,-0.00015656423579716097
leave_task_out,valence,1291,0.035489256678281,0.002593385478783126
leave_task_out,valence,1292,0.0341245644599302,0.002872898748510367
leave_task_out,valence,1293,0.013937282229965,0.008354716595434044
leave_task_out,valence,1294,0.019163763066202,0.011526440858320403
leave_task_out,valence,1295,-0.0031794425087108,0.0016836991845332553
leave_task_out,valence,1296,-0.0052264808362369,0.000329560684627625
leave_task_out,valence,1297,0.0148882113821138,0.0040465146009019334
leave_task_out,valence,1298,0.011099012775842,0.008422943659892244
leave_task_out,valence,1299,0.0190548780487804,0.012731984709853449
leave_task_out,valence,1300,0.0090882694541231,-0.000955217162734133
leave_task_out,valence,1301,0.0031794425087107,0.0002864014163827949
leave_task_out,valence,1302,0.043140243902439,0.0032410058111331103
leave_task_out,valence,1303,0.0076872822299651,0.008411571849558909
leave_task_out,valence,1304,0.0004137630662021,0.013764326946021992
leave_task_out,valence,1306,0.0205284552845527,0.001201040886484036
leave_task_out,valence,1307,0.0302627758420441,-0.0005090980111854861
leave_task_out,valence,1308,0.0128411730545875,0.002091367808294581
leave_task_out,valence,1309,0.0006823461091753,0.006171214984764714
leave_task_out,valence,1310,-0.0069686411149825,0.01137692602243048
leave_task_out,valence,1312,-0.0191637630662021,-0.0030265385563040224
leave_task_out,valence,1313,-0.0042029616724739,0.0011899447046361603
leave_task_out,valence,1314,-0.0108304297328687,0.00359266623842964
leave_task_out,valence,1315,-3.629500580720757e-05,0.008293625984472003
leave_task_out,valence,1316,0.0009872241579558,0.013564369205553647
leave_task_out,valence,1318,0.0222706155632984,0.000523383112308342
leave_task_out,valence,1319,0.0486716027874564,0.0032733328268886273
leave_task_out,valence,1320,0.0264372822299651,0.0035528460966158665
leave_task_out,valence,1321,0.0246951219512194,0.009034663943539545
leave_task_out,valence,1322,0.036512775842044,0.012206388206425903
leave_task_out,valence,1324,-0.0023882113821138,0.002363646532638753
leave_task_out,valence,1325,0.0062499999999999,0.0010095080327331245
leave_task_out,valence,1326,-0.0034480255516841,0.004726461949007435
leave_task_out,valence,1327,0.0246951219512194,0.009102891007997745
leave_task_out,valence,1328,0.0243539488966317,0.01341193205795895
leave_task_out,valence,1330,-0.0013646922183507,-0.0002752698146286335
leave_task_out,valence,1331,0.0128774680603948,0.0009663487644882979
leave_task_out,valence,1332,0.0309814169570266,0.00392095315923861
leave_task_out,valence,1333,0.0111353077816491,0.00909151919766441
leave_task_out,valence,1334,0.0024245063879209,0.014444274294127495
leave_task_out,valence,1340,0.004471544715447,-0.0011158133750645768
leave_task_out,valence,1341,0.0003411730545876,-0.0029029496447908858
leave_task_out,valence,1342,0.0086382113821138,-0.00038881558479709685
leave_task_out,valence,1343,0.0190548780487804,0.003614921890107486
leave_task_out,valence,1344,0.0017421602787456,0.008738129130562976
leave_task_out,valence,1345,0.0435903019744482,-0.0047999950000564805
leave_task_out,valence,1346,0.0237441927990708,-0.0006275102405551465
leave_task_out,valence,1347,0.0275696864111497,0.0017314448562196529
leave_task_out,valence,1348,0.0279108594657374,0.006388903903193566
leave_task_out,valence,1349,0.0293481416957026,0.011615506459825538
leave_task_out,valence,1350,0.0174216027874564,-0.000912860862497037
leave_task_out,valence,1351,-0.0118176538908246,0.0018239131995546921
leave_task_out,valence,1352,-0.0090519744483159,0.00209035252598439
leave_task_out,valence,1353,0.0024970963995354,0.007559872352533361
leave_task_out,valence,1354,0.0344294425087107,0.010717640104589378
leave_task_out,valence,1355,0.0556039488966318,0.0005681035076880586
leave_task_out,valence,1356,0.0504137630662021,-0.0008255332621008513
leave_task_out,valence,1357,0.0552264808362369,0.0028511387350136815
leave_task_out,valence,1358,0.038900987224158,0.007187732942457302
leave_task_out,valence,1359,0.05,0.01145696042283221
leave_task_out,valence,1360,-0.0028019744483159,-0.0015675728512103068
leave_task_out,valence,1361,0.0076146922183507,-0.0003296592312078579
leave_task_out,valence,1362,-0.0038254936120789,0.002621307009838739
leave_task_out,valence,1363,0.0201146922183507,0.007788116501430853
leave_task_out,valence,1364,0.0020470383275261,0.013137229225875346
leave_task_out,valence,1366,0.0115490708478513,-0.00043586602695907736
leave_task_out,valence,1367,0.0153745644599303,-0.0022230022966853863
leave_task_out,valence,1368,0.0115127758420441,0.0002911317633084026
leave_task_out,valence,1369,0.0094294425087108,0.004294869238212987
leave_task_out,valence,1370,0.005640243902439,0.009418076478668476
leave_task_out,valence,1372,0.00806475029036,-0.0041200476519509775
leave_task_out,valence,1373,0.0028019744483159,5.243710755035644e-05
leave_task_out,valence,1374,-0.0107941347270615,0.0024113922043251523
leave_task_out,valence,1375,0.0024608013937282,0.007068851251299069
leave_task_out,valence,1376,-0.0017421602787456,0.012295453807931038
leave_task_out,valence,1378,0.0202235772357723,-0.00023291351439153757
leave_task_out,valence,1379,0.0128774680603949,0.0025038605476601916
leave_task_out,valence,1380,0.0233667247386759,0.002770299874089891
leave_task_out,valence,1381,0.021588269454123,0.008239819700638862
leave_task_out,valence,1382,0.0274970963995354,0.011397587452694877
leave_task_out,valence,1384,0.0469657375145179,0.001248050855793558
leave_task_out,valence,1385,0.0372314169570267,-0.00014558591399535178
leave_task_out,valence,1386,0.0236716027874563,0.0035310860831191844
leave_task_out,valence,1387,0.0201872822299651,0.007867680290562803
leave_task_out,valence,1388,0.0420804297328687,0.012136907770937712
leave_task_out,valence,1390,0.0365127758420441,-0.0008876255031048073
leave_task_out,valence,1391,0.0403745644599302,0.000350288116897645
leave_task_out,valence,1392,0.0420804297328687,0.00330125435794424
leave_task_out,valence,1393,0.0438225900116143,0.008468063849536352
leave_task_out,valence,1394,0.0559814169570267,0.01381717657398085
leave_task_out,valence,1415,-0.0044715447154471,0.028539727294573537
leave_task_out,valence,1416,-0.0076146922183507,0.029530657899472245
leave_task_out,valence,1417,0.0104529616724737,0.03172972450401992
leave_task_out,valence,1418,0.002424506387921,0.03716706201628786
leave_task_out,valence,1419,0.0031431475029035,0.039628314692886524
leave_task_out,valence,1420,0.0437862950058071,0.027637244313154778
leave_task_out,valence,1421,0.0323461091753773,0.02962774435294768
leave_task_out,valence,1422,0.0521559233449476,0.03384628658861372
leave_task_out,valence,1423,0.0462470963995353,0.038710902668641814
leave_task_out,valence,1424,0.0462108013937282,0.04334766901214701
leave_task_out,valence,1425,-0.0239764808362369,0.028564314088630686
leave_task_out,valence,1426,0.0031431475029035,0.030078835973740066
leave_task_out,valence,1427,0.008674506387921,0.031147639246356107
leave_task_out,valence,1428,-0.0003411730545876,0.03628525609799567
leave_task_out,valence,1429,-0.0125,0.040719951975043314
leave_task_out,valence,1430,0.0219294425087108,0.02796518220450852
leave_task_out,valence,1431,0.0174216027874564,0.026877100738193587
leave_task_out,valence,1432,0.0278019744483159,0.03086046923933857
leave_task_out,valence,1433,0.0368539488966318,0.03414392993847959
leave_task_out,valence,1434,0.0403019744483159,0.03953305908948572
leave_task_out,valence,1435,0.0197009291521487,0.02784701026361806
leave_task_out,valence,1436,-0.0088196864111498,0.031087828190445487
leave_task_out,valence,1437,-0.0095020325203252,0.03159742071488522
leave_task_out,valence,1438,-0.0168118466898954,0.03882288744526323
leave_task_out,valence,1439,0.0037166085946573,0.03996225715866118
leave_task_out,valence,1446,0.0128774680603949,0.029219674642679036
leave_task_out,valence,1447,0.0058725319396051,0.030210605247577745
leave_task_out,valence,1448,0.0236353077816493,0.03240967185212541
leave_task_out,valence,1449,0.0173490127758421,0.037847009364393364
leave_task_out,valence,1450,0.0114764808362369,0.04030826204099203
leave_task_out,valence,1452,0.0204921602787456,0.028317191661260278
leave_task_out,valence,1453,0.0270833333333333,0.03030769170105318
leave_task_out,valence,1454,0.0267421602787456,0.034526233936719226
leave_task_out,valence,1455,0.017349012775842,0.03939085001674732
leave_task_out,valence,1456,0.0277293844367014,0.044027616360252514
leave_task_out,valence,1458,-0.0173853077816492,0.029244261436736186
leave_task_out,valence,1459,0.0149608013937282,0.030758783321845565
leave_task_out,valence,1460,0.0292029616724739,0.03182758659446161
leave_task_out,valence,1461,0.0207970383275262,0.03696520344610117
leave_task_out,valence,1462,0.0184088269454123,0.04139989932314882
leave_task_out,valence,1464,0.000413763066202,0.02864512955261402
leave_task_out,valence,1465,0.0274608013937281,0.027557048086299087
leave_task_out,valence,1466,0.0253774680603948,0.03154041658744407
leave_task_out,valence,1467,0.0476480836236933,0.03482387728658509
leave_task_out,valence,1468,0.0337108013937281,0.04021300643759122
leave_task_out,valence,1470,0.0114401858304297,0.02852695761172356
leave_task_out,valence,1471,0.0194323461091753,0.03176777553855099
leave_task_out,valence,1472,0.0323098141695702,0.032277368062990724
leave_task_out,valence,1473,0.0211382113821138,0.03950283479336873
leave_task_out,valence,1474,0.0152293844367015,0.040642204506766685
leave_task_out,valence,1480,0.0156794425087107,0.01632469525385463
leave_task_out,valence,1481,-0.002424506387921,0.016606459538539925
leave_task_out,valence,1482,0.0101480836236933,0.018098268803193426
leave_task_out,valence,1483,0.0219657375145179,0.022851473758500107
leave_task_out,valence,1484,0.0122314169570266,0.024577442412604757
leave_task_out,valence,1485,0.016325493612079,0.01454249196522337
leave_task_out,valence,1486,0.0051538908246225,0.01577241054936681
leave_task_out,valence,1487,-0.010111788617886,0.019226404174004525
leave_task_out,valence,1488,0.0128411730545877,0.0233241713247768
leave_task_out,valence,1489,0.0082970383275261,0.027209696235322905
leave_task_out,valence,1490,0.0028019744483158,0.01600246431181222
leave_task_out,valence,1491,0.0118539488966317,0.016778745948105342
leave_task_out,valence,1492,-0.005226480836237,0.017113538510583406
leave_task_out,valence,1493,0.0090519744483158,0.021587929249040797
leave_task_out,valence,1494,-0.0097706155632985,0.025209865145791304
leave_task_out,valence,1495,-0.0079921602787456,0.01606761655823989
leave_task_out,valence,1496,0.0413980836236933,0.014337598744762928
leave_task_out,valence,1497,0.0337108013937281,0.017680111852140426
leave_task_out,valence,1498,0.0288980836236933,0.020336193704263393
leave_task_out,valence,1499,0.0518510452961672,0.025067458462893558
leave_task_out,valence,1500,0.0191274680603949,0.01456312056158001
leave_task_out,valence,1501,-0.0037891986062717,0.017085311272078088
leave_task_out,valence,1502,0.0198098141695703,0.0168752925870675
leave_task_out,valence,1503,-0.0013646922183507,0.023415702063924987
leave_task_out,valence,1504,-0.0079921602787456,0.023804395376402582
leave_task_out,valence,1506,0.0063225900116143,0.01700464260196013
leave_task_out,valence,1507,-0.0034480255516841,0.017286406886645428
leave_task_out,valence,1508,0.0073461091753774,0.018778216151298925
leave_task_out,valence,1509,0.02681475029036,0.02353142110660561
leave_task_out,valence,1510,-0.0009872241579558,0.025257389760710257
leave_task_out,valence,1512,-0.002424506387921,0.01522243931332887
leave_task_out,valence,1513,-0.0014009872241579,0.016452357897472313
leave_task_out,valence,1514,-0.0115127758420441,0.019906351522110025
leave_task_out,valence,1515,-0.0090519744483159,0.024004118672882303
leave_task_out,valence,1516,0.0031431475029035,0.02788964358342841
leave_task_out,valence,1518,0.0031068524970963,0.01668241165991772
leave_task_out,valence,1519,0.0212470963995353,0.01745869329621084
leave_task_out,valence,1520,0.0166666666666666,0.017793485858688906
leave_task_out,valence,1521,0.019773519163763,0.022267876597146297
leave_task_out,valence,1522,0.0142784552845527,0.025889812493896804
leave_task_out,valence,1524,0.0007186411149825,0.01674756390634539
leave_task_out,valence,1525,0.0107941347270615,0.01501754609286843
leave_task_out,valence,1526,0.0017421602787456,0.018360059200245925
leave_task_out,valence,1527,-0.0118176538908246,0.021016141052368896
leave_task_out,valence,1528,0.0097343205574912,0.025747405810999057
leave_task_out,valence,1530,-0.0090882694541232,0.015243067909685513
leave_task_out,valence,1531,-0.0083696283391405,0.017765258620183588
leave_task_out,valence,1532,0.0037891986062716,0.017555239935173
leave_task_out,valence,1533,-3.629500580726308e-05,0.024095649412030486
leave_task_out,valence,1534,-0.0010961091753776,0.024484342724508085
leave_task_out,valence,1540,0.0209422183507549,0.015274563573265076
leave_task_out,valence,1541,0.0275333914053426,0.015532278369714641
leave_task_out,valence,1542,0.0236353077816492,0.017000102884118996
leave_task_out,valence,1543,0.0246951219512194,0.02173010730464088
leave_task_out,valence,1544,0.0184451219512195,0.02343114075815172
leave_task_out,valence,1545,0.0243539488966317,0.01423185402887284
leave_task_out,valence,1546,0.0118176538908245,0.0154746793556251
leave_task_out,valence,1547,0.0334059233449477,0.018941647043804827
leave_task_out,valence,1548,0.0195412311265969,0.023052427293537427
leave_task_out,valence,1549,0.0045078397212543,0.026950700450494566
leave_task_out,valence,1550,0.0302990708478513,0.015079598416367891
leave_task_out,valence,1551,0.0376451800232288,0.01583788071385178
leave_task_out,valence,1552,0.0358667247386759,0.016154777059640812
leave_task_out,valence,1553,0.0289343786295005,0.020612997409749104
leave_task_out,valence,1554,0.0313951800232287,0.02421511707150103
leave_task_out,valence,1555,0.0570049361207898,0.014954497129656956
leave_task_out,valence,1556,0.0521559233449477,0.013199309167613459
leave_task_out,valence,1557,0.0566637630662021,0.016516694510311316
leave_task_out,valence,1558,0.0605255516840883,0.0191481770094661
leave_task_out,valence,1559,0.0580284552845529,0.023853647085234107
leave_task_out,valence,1560,0.0405705574912891,0.01422854557471142
leave_task_out,valence,1561,0.0100391986062717,0.01676165677844301
leave_task_out,valence,1562,0.0356852497096399,0.01656257353974589
leave_task_out,valence,1563,0.0218205574912891,0.023113393369748443
leave_task_out,valence,1564,0.0461382113821138,0.0235134942053069
leave_task_out,valence,1566,-0.0020107433217189,0.01595451092137058
leave_task_out,valence,1567,-0.0027656794425087,0.01621222571782014
leave_task_out,valence,1568,0.0156794425087107,0.017680050232224496
leave_task_out,valence,1569,0.0006823461091753,0.02241005465274638
leave_task_out,valence,1570,0.006663763066202,0.02411108810625722
leave_task_out,valence,1572,0.0079921602787456,0.014911801376978343
leave_task_out,valence,1573,0.0097706155632984,0.0161546267037306
leave_task_out,valence,1574,0.0202235772357723,0.019621594391910326
leave_task_out,valence,1575,0.022989256678281,0.023732374641642927
leave_task_out,valence,1576,-0.0038254936120789,0.02763064779860007
leave_task_out,valence,1578,0.0125,0.01575954576447339
leave_task_out,valence,1579,0.0212470963995353,0.016517828061957278
leave_task_out,valence,1580,0.0209059233449477,0.016834724407746315
leave_task_out,valence,1581,0.0389372822299651,0.021292944757854603
leave_task_out,valence,1582,0.0274970963995354,0.02489506441960653
leave_task_out,valence,1584,0.0139372822299651,0.015634444477762455
leave_task_out,valence,1585,0.0323461091753773,0.01387925651571896
leave_task_out,valence,1586,0.0065911730545876,0.017196641858416815
leave_task_out,valence,1587,0.027838269454123,0.0198281243575716
leave_task_out,valence,1588,0.0459059233449477,0.024533594433339606
leave_task_out,valence,1590,0.0420441347270614,0.01490849292281692
leave_task_out,valence,1591,0.022575493612079,0.017441604126548514
leave_task_out,valence,1592,0.0277656794425087,0.017242520887851394
leave_task_out,valence,1593,0.0288254936120788,0.023793340717853946
leave_task_out,valence,1594,0.0357578397212543,0.024193441553412402
leave_representation_out,all,15,0.014170305897066,0.011636021245659375
leave_representation_out,all,16,-0.0109202126050165,0.012934549204676854
leave_representation_out,all,17,-0.0002647477080412,0.013792492053727349
leave_representation_out,all,18,-0.0038678379441457,0.012489436519434953
leave_representation_out,all,19,0.0021003318171273,0.012507745988188268
leave_representation_out,all,20,0.0211772952365584,0.012417606025506385
leave_representation_out,all,21,0.0162479450535042,0.013448123833985868
leave_representation_out,all,22,0.0014372018436527,0.014134382695901549
leave_representation_out,all,23,0.0077155046343455,0.013293009189936375
leave_representation_out,all,24,0.0206477998204758,0.012983879077497009
leave_representation_out,all,25,-0.0036030902361046,0.012323299319718584
leave_representation_out,all,26,-0.0115833425784914,0.013707279061013785
leave_representation_out,all,27,0.001149761474922,0.012813514641374469
leave_representation_out,all,28,-0.0028290183659267,0.013659767369547705
leave_representation_out,all,29,-0.0059908624219624,0.012954272123672285
leave_representation_out,all,30,0.0235196821010378,0.012800350784791107
leave_representation_out,all,31,0.0086862462304969,0.013258507157370234
leave_representation_out,all,32,0.0179045092838195,0.012874206409999443
leave_representation_out,all,33,0.0259074542868957,0.012749280458699847
leave_representation_out,all,34,0.0141022279149983,0.012722755414077823
leave_representation_out,all,35,-0.0010816834928544,0.012735369410583557
leave_representation_out,all,36,-0.0067195489707617,0.013110642235598765
leave_representation_out,all,37,-0.0131289649121038,0.012951950938902935
leave_representation_out,all,38,0.0099923349235004,0.012082203815698581
leave_representation_out,all,39,-0.0007059938881101,0.012268374180461889
leave_representation_out,all,46,0.0026752125545884,0.013146259602033725
leave_representation_out,all,47,0.0021885810531411,0.014444787561051204
leave_representation_out,all,48,-0.003426591764077,0.0153027304101017
leave_representation_out,all,49,0.00778106120967,0.013999674875809304
leave_representation_out,all,50,0.0129322951861302,0.014017984344562619
leave_representation_out,all,52,0.0203149741303668,0.013927844381880735
leave_representation_out,all,53,0.02011578299765,0.014958362190360218
leave_representation_out,all,54,0.0101461407348387,0.0156446210522759
leave_representation_out,all,55,0.013373541366199,0.014803247546310726
leave_representation_out,all,56,0.0177507034724814,0.01449411743387136
leave_representation_out,all,58,0.010743714132989,0.013833537676092935
leave_representation_out,all,59,-0.0055697874958396,0.015217517417388136
leave_representation_out,all,60,0.0043998547669715,0.01432375299774882
leave_representation_out,all,61,0.0017246422123831,0.015170005725922055
leave_representation_out,all,62,-0.0075591774162641,0.014464510480046636
leave_representation_out,all,64,0.0146115520771349,0.014310589141165458
leave_representation_out,all,65,0.0081567508144144,0.014768745513744585
leave_representation_out,all,66,0.0065657431594235,0.014384444766373794
leave_representation_out,all,67,0.0078920031063731,0.014259518815074198
leave_representation_out,all,68,0.0110084618410303,0.014232993770452174
leave_representation_out,all,70,0.0126877187320348,0.014245607766957907
leave_representation_out,all,71,0.001502758418977,0.014620880591973116
leave_representation_out,all,72,0.0063438593660174,0.014462189295277286
leave_representation_out,all,73,0.0057689786285564,0.013592442172072932
leave_representation_out,all,74,0.0027407691299129,0.01377861253683624
leave_representation_out,all,215,0.0390162479450534,0.03803800022644066
leave_representation_out,all,216,0.0337994573932688,0.04390820846936311
leave_representation_out,all,217,0.0600599086242196,0.049067101035847854
leave_representation_out,all,218,0.0464216195499793,0.05402815272876947
leave_representation_out,all,219,0.0514392189690471,0.059609513208026065
leave_representation_out,all,220,0.0273471775372916,0.03679440156548197
leave_representation_out,all,221,0.0569888352109408,0.04430596285408861
leave_representation_out,all,222,0.0452516868211112,0.0503231327326017
leave_representation_out,all,223,0.0786300692882573,0.055893617000736896
leave_representation_out,all,224,0.0677552420046192,0.06217709264093166
leave_representation_out,all,225,0.0363864207118435,0.03772102010035294
leave_representation_out,all,226,0.062735121178808,0.043090945732318295
leave_representation_out,all,227,0.039989510947948,0.04978569513072503
leave_representation_out,all,228,0.0632217526802553,0.055550770893770106
leave_representation_out,all,229,0.0786956258635818,0.06105037658214553
leave_representation_out,all,230,0.0685696563826889,0.0375752234784345
leave_representation_out,all,231,0.0760632772236286,0.04276153756330396
leave_representation_out,all,232,0.0661818841968311,0.04824154072787092
leave_representation_out,all,233,0.0925986626458633,0.054215814685919295
leave_representation_out,all,234,0.0846411029641658,0.05873975839664564
leave_representation_out,all,235,0.0179272019445088,0.03678534628495157
leave_representation_out,all,236,0.0429496424645237,0.04453255394839068
leave_representation_out,all,237,0.0583806517332149,0.049882473163987105
leave_representation_out,all,238,0.0412048289981946,0.05563903334153423
leave_representation_out,all,239,0.0417570170749663,0.061348276672253926
leave_representation_out,all,246,0.032803501729685,0.03954823858281502
leave_representation_out,all,247,0.0400979314379078,0.04541844682573746
leave_representation_out,all,248,0.0588420691672296,0.050577339392222205
leave_representation_out,all,249,0.0530957831993625,0.05553839108514382
leave_representation_out,all,250,0.048917812225797,0.06111975156440042
leave_representation_out,all,252,0.0302644451392321,0.03830463992185633
leave_representation_out,all,253,0.0440363687708645,0.04581620121046297
leave_representation_out,all,254,0.0356804268237335,0.05183337108897606
leave_representation_out,all,255,0.052657058426037,0.05740385535711125
leave_representation_out,all,256,0.0485900293491744,0.06368733099730602
leave_representation_out,all,258,0.0370949360066967,0.0392312584567273
leave_representation_out,all,259,0.0446768060836502,0.044601184088692646
leave_representation_out,all,260,0.0458265675585722,0.051295933487099384
leave_representation_out,all,261,0.0570115278716301,0.057061009250144464
leave_representation_out,all,262,0.0395482647678793,0.06256061493851989
leave_representation_out,all,264,0.0411594436768162,0.039085461834808856
leave_representation_out,all,265,0.0478134360722534,0.04427177591967831
leave_representation_out,all,266,0.0415578259422497,0.04975177908424528
leave_representation_out,all,267,0.0573191394943067,0.055726053042293645
leave_representation_out,all,268,0.0579822694677815,0.06024999675302
leave_representation_out,all,270,0.029467680608365,0.03829558464132593
leave_representation_out,all,271,0.0287818579742009,0.04604279230476504
leave_representation_out,all,272,0.0423545904731167,0.051392711520361456
leave_representation_out,all,273,0.0511089146856813,0.05714927169790858
leave_representation_out,all,274,0.0324731974463192,0.06285851502862828
leave_representation_out,all,415,-0.017553360626416,0.012714462091971022
leave_representation_out,all,416,0.0024096744703683,0.012626984628106337
leave_representation_out,all,417,-0.0153523589967804,0.012070731704034377
leave_representation_out,all,418,-0.0007551969474144,0.011589829841358496
leave_representation_out,all,419,-0.0125253388449461,0.010723068663409406
leave_representation_out,all,420,-0.0007402917445049,0.012743911750661417
leave_representation_out,all,421,0.0188550816805119,0.012229384290577084
leave_representation_out,all,422,0.026064231487738,0.01182628450278234
leave_representation_out,all,423,0.0060217019754361,0.011329558424323547
leave_representation_out,all,424,0.0036617115147661,0.010608453958787465
leave_representation_out,all,425,0.0100510751619699,0.011045900799186771
leave_representation_out,all,426,0.0074824118605667,0.011573419031924546
leave_representation_out,all,427,0.0067272149131523,0.011055407769464088
leave_representation_out,all,428,0.0042380460272665,0.010442682746548367
leave_representation_out,all,429,-0.0147114352716721,0.009507301208355232
leave_representation_out,all,430,0.000208672840733,0.011725038007982759
leave_representation_out,all,431,-0.0082227036050717,0.01152061993415318
leave_representation_out,all,432,-0.0185023252116538,0.010778401798331947
leave_representation_out,all,433,-0.0057335347191859,0.010914307207805429
leave_representation_out,all,434,-0.0014308994793115,0.010551395418707659
leave_representation_out,all,435,0.0091368893835208,0.012408254461523308
leave_representation_out,all,436,0.0066974045073333,0.012298655568415324
leave_representation_out,all,437,0.0187408084582058,0.0118045067496047
leave_representation_out,all,438,0.0117701418975317,0.010890456755833649
leave_representation_out,all,439,0.0120284987479629,0.010351891032652095
leave_representation_out,all,446,0.0201717079375173,0.014224700448345373
leave_representation_out,all,447,0.0180998847330974,0.014137222984480688
leave_representation_out,all,448,-0.0056689455065782,0.013580970060408726
leave_representation_out,all,449,0.0047696649310385,0.013100068197732847
leave_representation_out,all,450,0.0244594379744823,0.012233307019783757
leave_representation_out,all,452,0.0144679836241504,0.014254150107035768
leave_representation_out,all,453,0.0056043562939703,0.013739622646951435
leave_representation_out,all,454,0.0121079931634803,0.01333652285915669
leave_representation_out,all,455,0.005201915815414,0.012839796780697897
leave_representation_out,all,456,0.0036766167176756,0.012118692315161815
leave_representation_out,all,458,-0.0004322508843754,0.012556139155561122
leave_representation_out,all,459,0.0159634723160697,0.013083657388298897
leave_representation_out,all,460,0.007532095870265,0.012565646125838438
leave_representation_out,all,461,0.0015898883103461,0.011952921102922717
leave_representation_out,all,462,0.0096685082872928,0.011017539564729582
leave_representation_out,all,464,0.0024394848761874,0.01323527636435711
leave_representation_out,all,465,0.0021016336102388,0.01303085829052753
leave_representation_out,all,466,0.0042380460272665,0.012288640154706298
leave_representation_out,all,467,0.0073383282324416,0.01242454556417978
leave_representation_out,all,468,-0.0053658730474184,0.01206163377508201
leave_representation_out,all,470,-0.0095244246591676,0.013918492817897659
leave_representation_out,all,471,0.0004819348940736,0.013808893924789675
leave_representation_out,all,472,0.0084313764458046,0.013314745105979051
leave_representation_out,all,473,-0.0107118724909575,0.012400695112208
leave_representation_out,all,474,-0.0009638697881474,0.011862129389026446
leave_representation_out,all,615,0.0094896458523788,0.028533770135697134
leave_representation_out,all,616,0.0322300170912992,0.03382052594476564
leave_representation_out,all,617,0.0205393696092849,0.03756501091063919
leave_representation_out,all,618,0.0026332525140109,0.041491856496896094
leave_representation_out,all,619,0.012172582376088,0.04535557714752569
leave_representation_out,all,620,-0.0137823442903135,0.028585658502203227
leave_representation_out,all,621,-0.006940856154855,0.03277372919985982
leave_representation_out,all,622,0.0093753726300728,0.035412861752868424
leave_representation_out,all,623,0.0023898008664891,0.039326215693137836
leave_representation_out,all,624,-0.004193330418538,0.043195575195064645
leave_representation_out,all,625,0.0275249413728685,0.027998786294511118
leave_representation_out,all,626,0.0084760920545331,0.03236561833801771
leave_representation_out,all,627,0.0283596327358003,0.035841285822004465
leave_representation_out,all,628,0.0194463213959218,0.038977433572124014
leave_representation_out,all,629,0.042459954688183,0.043108059799284504
leave_representation_out,all,630,0.0009638697881473,0.028393695177914673
leave_representation_out,all,631,0.0174241822012003,0.032469272393981494
leave_representation_out,all,632,0.0241364919114432,0.03743627065540566
leave_representation_out,all,633,0.0124309392265193,0.04052302283920926
leave_representation_out,all,634,0.0268194284351525,0.04430249052013862
leave_representation_out,all,635,0.0145325728367582,0.028712731844081248
leave_representation_out,all,636,0.016460312413053,0.03308021097618258
leave_representation_out,all,637,0.0085903652768393,0.036642234049803886
leave_representation_out,all,638,0.0524166302317262,0.04074700432234487
leave_representation_out,all,639,0.0349924480305259,0.04437141473742736
leave_representation_out,all,646,0.0092809730116459,0.03004400849207149
leave_representation_out,all,647,0.0226260980166143,0.03533076430113999
leave_representation_out,all,648,0.0148853293056163,0.03907524926701355
leave_representation_out,all,649,0.0126694224730711,0.043002094853270445
leave_representation_out,all,650,0.02068345323741,0.04686581550390004
leave_representation_out,all,652,0.0065334472753288,0.03009589685857758
leave_representation_out,all,653,0.0080587463730673,0.03428396755623417
leave_representation_out,all,654,0.0096486346834134,0.03692310010924278
leave_representation_out,all,655,0.0201667395365476,0.040836454049512194
leave_representation_out,all,656,0.0133749354107874,0.044705813551438996
leave_representation_out,all,658,-0.003870384355499,0.029509024650885472
leave_representation_out,all,659,0.0054453674629356,0.03387585669439207
leave_representation_out,all,660,0.0109851345442981,0.037351524178378816
leave_representation_out,all,661,0.0076612742954806,0.040487671928498364
leave_representation_out,all,662,0.0136034818553996,0.044618298155658855
leave_representation_out,all,664,0.0291148296832147,0.02990393353428903
leave_representation_out,all,665,0.0279422870543344,0.03397951075035585
leave_representation_out,all,666,0.0367761039786954,0.03894650901178001
leave_representation_out,all,667,0.041754441750467,0.04203326119558362
leave_representation_out,all,668,0.0445168726896935,0.04581272887651298
leave_representation_out,all,670,-0.0002235780436424,0.030222970200455605
leave_representation_out,all,671,0.0109702293413887,0.03459044933255693
leave_representation_out,all,672,0.0185023252116538,0.03815247240617824
leave_representation_out,all,673,0.0155312214316943,0.04225724267871922
leave_representation_out,all,674,0.0157398942724273,0.04588165309380172
leave_representation_out,all,815,0.0362155930249316,0.0171385702078865
leave_representation_out,all,816,0.0232526300619685,0.0184226089443124
leave_representation_out,all,817,0.0402939904885429,0.017584550656796396
leave_representation_out,all,818,0.028901859057501,0.018030905553257315
leave_representation_out,all,819,0.01779074794639,0.017816175922039518
leave_representation_out,all,820,0.0290892059374549,0.016575876870035672
leave_representation_out,all,821,-0.011204784551088,0.017775708195198747
leave_representation_out,all,822,0.0140870442426862,0.017899113185925193
leave_representation_out,all,823,0.0023202190517365,0.01716801105222078
leave_representation_out,all,824,0.028808185617524,0.01719622706569688
leave_representation_out,all,825,0.0,0.014718507129427355
leave_representation_out,all,826,-0.0131503098429168,0.017519324199519112
leave_representation_out,all,827,-0.0132439832828938,0.017804530601362563
leave_representation_out,all,828,-0.0114858048710189,0.017393824913572765
leave_representation_out,all,829,0.0091655858192822,0.01659054084715931
leave_representation_out,all,830,-0.017581784118749,0.01366223538231465
leave_representation_out,all,831,-0.016010952586828,0.0164123160669301
leave_representation_out,all,832,-0.0118388816832396,0.017513365414908246
leave_representation_out,all,833,-0.0067516933275688,0.016721103301238268
leave_representation_out,all,834,-0.0231373396743046,0.016396252364138858
leave_representation_out,all,835,-0.0115794783109957,0.015133757356802278
leave_representation_out,all,836,0.0136186770428016,0.017542376863625746
leave_representation_out,all,837,-0.0019455252918287,0.017098028583485914
leave_representation_out,all,838,0.0175097276264591,0.01711082793835727
leave_representation_out,all,839,0.0134313301628476,0.016718664465090648
leave_representation_out,all,846,0.0296296296296296,0.01864880856426085
leave_representation_out,all,847,-0.0005620406398616,0.01993284730068675
leave_representation_out,all,848,0.0199020031704856,0.019094789013170747
leave_representation_out,all,849,0.0089782389393284,0.019541143909631666
leave_representation_out,all,850,0.0088845654993515,0.01932641427841387
leave_representation_out,all,852,-0.012869289522986,0.01808611522641002
leave_representation_out,all,853,-0.0130566364029399,0.019285946551573098
leave_representation_out,all,854,0.0214944516500936,0.019409351542299544
leave_representation_out,all,855,0.0039847240236344,0.01867824940859513
leave_representation_out,all,856,0.0136186770428015,0.01870646542207123
leave_representation_out,all,858,0.020838737570255,0.016228745485801707
leave_representation_out,all,859,-0.001570831531921,0.019029562555893463
leave_representation_out,all,860,0.0015708315319209,0.019314768957736914
leave_representation_out,all,861,-0.0037973771436806,0.018904063269947115
leave_representation_out,all,862,0.0150958351347455,0.01810077920353366
leave_representation_out,all,864,0.0009367343997693,0.015172473738689
leave_representation_out,all,865,0.0027885862516212,0.01792255442330445
leave_representation_out,all,866,0.0145554114425709,0.019023603771282597
leave_representation_out,all,867,0.0124225392707881,0.01823134165761262
leave_representation_out,all,868,0.003069606571552,0.01790649072051321
leave_representation_out,all,870,0.0122351923908344,0.01664399571317663
leave_representation_out,all,871,0.0273310275255801,0.019052615220000096
leave_representation_out,all,872,0.0177907479463901,0.018608266939860264
leave_representation_out,all,873,0.0176970745064131,0.01862106629473162
leave_representation_out,all,874,0.0155642023346304,0.018228902821465
leave_representation_out,all,1015,0.0095402795791901,0.031527133012074327
leave_representation_out,all,1016,0.0216817985300475,0.04245454441771131
leave_representation_out,all,1017,0.0270500072056493,0.051423108076522665
leave_representation_out,all,1018,0.0326055627612048,0.06104149055043983
leave_representation_out,all,1019,0.0419584954604409,0.07060201377897125
leave_representation_out,all,1020,0.0524138924917135,0.03397870633962329
leave_representation_out,all,1021,0.0316688283614353,0.044242072266051875
leave_representation_out,all,1022,0.0444444444444444,0.053382098852140646
leave_representation_out,all,1023,0.0904813373684968,0.062022514120990344
leave_representation_out,all,1024,0.0641807176826632,0.07210878726040254
leave_representation_out,all,1025,-0.0172287073065284,0.03391957057482448
leave_representation_out,all,1026,-0.0110174376711342,0.04504131312477432
leave_representation_out,all,1027,0.0053682086756016,0.054701755103713556
leave_representation_out,all,1028,-0.0078757746072921,0.06353120761693481
leave_representation_out,all,1029,0.0038910505836575,0.07300215128632245
leave_representation_out,all,1030,0.01434644761493,0.031418802000529426
leave_representation_out,all,1031,0.0430609597924772,0.04262447361667051
leave_representation_out,all,1032,0.0599149733390979,0.05023652390009424
leave_representation_out,all,1033,0.0789018590575011,0.06004463282592957
leave_representation_out,all,1034,0.0420305519527309,0.0684372629381023
leave_representation_out,all,1035,-0.0206513906903011,0.03163839231150592
leave_representation_out,all,1036,0.019361579478311,0.04266489247146848
leave_representation_out,all,1037,0.0214007782101167,0.05188689683436785
leave_representation_out,all,1038,0.0056492289955325,0.06169656075653653
leave_representation_out,all,1039,-0.0054618821155785,0.07033781641034315
leave_representation_out,all,1046,0.0050871883556709,0.03303737136844868
leave_representation_out,all,1047,0.0105490704712495,0.043964782774085664
leave_representation_out,all,1048,0.0067516933275688,0.052933346432897016
leave_representation_out,all,1049,0.0372243839169909,0.0625517289068142
leave_representation_out,all,1050,0.0101743767113416,0.07211225213534561
leave_representation_out,all,1052,-0.0073137339674305,0.03548894469599764
leave_representation_out,all,1053,0.0155642023346302,0.04575231062242623
leave_representation_out,all,1054,0.0037037037037036,0.054892337208515
leave_representation_out,all,1055,0.0455685257241677,0.0635327524773647
leave_representation_out,all,1056,0.0281524715376855,0.0736190256167769
leave_representation_out,all,1058,-0.0112047845510881,0.03542980893119884
leave_representation_out,all,1059,0.0150958351347455,0.04655155148114868
leave_representation_out,all,1060,0.0203703703703703,0.05621199346008791
leave_representation_out,all,1061,0.0149084882547917,0.06504144597330917
leave_representation_out,all,1062,0.0340827208531487,0.07451238964269681
leave_representation_out,all,1064,-0.0026949128116444,0.032929040356903784
leave_representation_out,all,1065,0.0196209828505548,0.04413471197304486
leave_representation_out,all,1066,0.0236993803141662,0.05174676225646859
leave_representation_out,all,1067,0.0312004611615506,0.061554871182303926
leave_representation_out,all,1068,0.0212854878224527,0.06994750129447666
leave_representation_out,all,1070,0.0138996973627324,0.03314863066788027
leave_representation_out,all,1071,0.0112984579910651,0.04417513082784283
leave_representation_out,all,1072,0.0168540135466206,0.053397135190742205
leave_representation_out,all,1073,0.0117668251909497,0.0632067991129109
leave_representation_out,all,1074,0.0099149733390979,0.0718480547667175
leave_representation_out,all,1215,0.0337108013937281,0.027741448585568762
leave_representation_out,all,1216,0.036512775842044,0.030369876376953812
leave_representation_out,all,1217,0.0235990127758419,0.03097248956339526
leave_representation_out,all,1218,0.0462108013937281,0.030576284460094895
leave_representation_out,all,1219,0.0392421602787456,0.029740419377934764
leave_representation_out,all,1220,0.0632912311265969,0.029599786803363046
leave_representation_out,all,1221,0.0605255516840882,0.029365355523161843
leave_representation_out,all,1222,0.0549578977932636,0.03006182438013616
leave_representation_out,all,1223,0.0489764808362368,0.02955388350830481
leave_representation_out,all,1224,0.0778745644599302,0.028778683884460005
leave_representation_out,all,1225,0.0028019744483158,0.02754609138480707
leave_representation_out,all,1226,-0.0048853077816493,0.027735752142521747
leave_representation_out,all,1227,0.0240127758420442,0.029194901315468418
leave_representation_out,all,1228,0.0093568524970962,0.027859243660889987
leave_representation_out,all,1229,0.0101117886178861,0.027925848212522662
leave_representation_out,all,1230,0.0466245644599303,0.025552531062619396
leave_representation_out,all,1231,0.0274970963995354,0.027850572297221786
leave_representation_out,all,1232,0.0452235772357723,0.02754875471363613
leave_representation_out,all,1233,0.0351480836236933,0.026886662581203605
leave_representation_out,all,1234,0.0514735772357723,0.026258680107190877
leave_representation_out,all,1235,0.0218568524970964,0.02792796263706935
leave_representation_out,all,1236,0.0190548780487804,0.0292778070875565
leave_representation_out,all,1237,0.0315548780487804,0.02970278518540654
leave_representation_out,all,1238,0.0392058652729385,0.029041571691703814
leave_representation_out,all,1239,0.0375362950058072,0.02822436272855306
leave_representation_out,all,1246,-0.0142784552845527,0.029251686941943113
leave_representation_out,all,1247,0.0208333333333333,0.03188011473332816
leave_representation_out,all,1248,0.0235627177700348,0.03248272791976961
leave_representation_out,all,1249,0.0093568524970965,0.032086522816469246
leave_representation_out,all,1250,0.0169715447154472,0.03125065773430912
leave_representation_out,all,1252,0.0528382694541231,0.031110025159737396
leave_representation_out,all,1253,0.0431039488966318,0.030875593879536194
leave_representation_out,all,1254,0.0131823461091753,0.03157206273651051
leave_representation_out,all,1255,0.027424506387921,0.03106412186467916
leave_representation_out,all,1256,0.0333696283391405,0.030288922240834355
leave_representation_out,all,1258,0.0247314169570267,0.02905632974118142
leave_representation_out,all,1259,0.0007186411149826,0.029245990498896098
leave_representation_out,all,1260,0.0066274680603948,0.03070513967184277
leave_representation_out,all,1261,0.0031431475029035,0.029369482017264338
leave_representation_out,all,1262,0.0066274680603948,0.029436086568897013
leave_representation_out,all,1264,0.0160569105691056,0.027062769418993743
leave_representation_out,all,1265,0.0163617886178861,0.029360810653596137
leave_representation_out,all,1266,0.0344657375145179,0.029058993070010482
leave_representation_out,all,1267,0.0156794425087107,0.028396900937577955
leave_representation_out,all,1268,0.0334059233449477,0.027768918463565228
leave_representation_out,all,1270,0.011099012775842,0.0294382009934437
leave_representation_out,all,1271,-0.0101117886178861,0.03078804544393085
leave_representation_out,all,1272,0.033674506387921,0.03121302354178089
leave_representation_out,all,1273,0.0333333333333333,0.030551810048078165
leave_representation_out,all,1274,0.0371588269454122,0.02973460108492741
leave_representation_out,all,1415,-0.0044715447154471,0.03515696890337182
leave_representation_out,all,1416,-0.0076146922183507,0.04344703258289849
leave_representation_out,all,1417,0.0104529616724737,0.05108646577636603
leave_representation_out,all,1418,0.002424506387921,0.056758389495812044
leave_representation_out,all,1419,0.0031431475029035,0.06460971861743962
leave_representation_out,all,1420,0.0437862950058071,0.03556560485226773
leave_representation_out,all,1421,0.0323461091753773,0.04341141555173785
leave_representation_out,all,1422,0.0521559233449476,0.05014735309863649
leave_representation_out,all,1423,0.0462470963995353,0.056574880549126134
leave_representation_out,all,1424,0.0462108013937282,0.06293844888553711
leave_representation_out,all,1425,-0.0239764808362369,0.03433506187516954
leave_representation_out,all,1426,0.0031431475029035,0.04235646602068679
leave_representation_out,all,1427,0.008674506387921,0.05055870508957144
leave_representation_out,all,1428,-0.0003411730545876,0.05580506818541558
leave_representation_out,all,1429,-0.0125,0.06320015694831271
leave_representation_out,all,1430,0.0219294425087108,0.03434070413217498
leave_representation_out,all,1431,0.0174216027874564,0.04284838624805648
leave_representation_out,all,1432,0.0278019744483159,0.04871099692028003
leave_representation_out,all,1433,0.0368539488966318,0.054770053292515324
leave_representation_out,all,1434,0.0403019744483159,0.060113643485470894
leave_representation_out,all,1435,0.0197009291521487,0.034806752703434675
leave_representation_out,all,1436,-0.0088196864111498,0.041307765094130706
leave_representation_out,all,1437,-0.0095020325203252,0.04923727977495707
leave_representation_out,all,1438,-0.0168118466898954,0.053288313885568706
leave_representation_out,all,1439,0.0037166085946573,0.06124475036053794
leave_representation_out,all,1446,0.0128774680603949,0.036667207259746176
leave_representation_out,all,1447,0.0058725319396051,0.04495727093927284
leave_representation_out,all,1448,0.0236353077816493,0.05259670413274039
leave_representation_out,all,1449,0.0173490127758421,0.0582686278521864
leave_representation_out,all,1450,0.0114764808362369,0.06611995697381398
leave_representation_out,all,1452,0.0204921602787456,0.03707584320864209
leave_representation_out,all,1453,0.0270833333333333,0.0449216539081122
leave_representation_out,all,1454,0.0267421602787456,0.05165759145501084
leave_representation_out,all,1455,0.017349012775842,0.05808511890550049
leave_representation_out,all,1456,0.0277293844367014,0.06444868724191147
leave_representation_out,all,1458,-0.0173853077816492,0.03584530023154389
leave_representation_out,all,1459,0.0149608013937282,0.043866704377061146
leave_representation_out,all,1460,0.0292029616724739,0.052068943445945794
leave_representation_out,all,1461,0.0207970383275262,0.05731530654178993
leave_representation_out,all,1462,0.0184088269454123,0.06471039530468707
leave_representation_out,all,1464,0.000413763066202,0.03585094248854934
leave_representation_out,all,1465,0.0274608013937281,0.04435862460443084
leave_representation_out,all,1466,0.0253774680603948,0.05022123527665438
leave_representation_out,all,1467,0.0476480836236933,0.05628029164888968
leave_representation_out,all,1468,0.0337108013937281,0.06162388184184525
leave_representation_out,all,1470,0.0114401858304297,0.03631699105980903
leave_representation_out,all,1471,0.0194323461091753,0.042818003450505064
leave_representation_out,all,1472,0.0323098141695702,0.05074751813133143
leave_representation_out,all,1473,0.0211382113821138,0.054798552241943056
leave_representation_out,all,1474,0.0152293844367015,0.0627549887169123
leave_representation_out,normalized_asymmetry,80,0.0110311545017195,0.006682403429067866
leave_representation_out,normalized_asymmetry,81,0.003426591764077,0.008874002443782548
leave_representation_out,normalized_asymmetry,82,0.0028517110266159,0.01055320506261301
leave_representation_out,normalized_asymmetry,83,0.0004866315014472,0.00972373122843793
leave_representation_out,normalized_asymmetry,84,0.0056151728172181,0.010433814194877912
leave_representation_out,normalized_asymmetry,85,-0.0020120825811136,0.0075158158051402794
leave_representation_out,normalized_asymmetry,86,-0.0116942844751943,0.009426778047625041
leave_representation_out,normalized_asymmetry,87,0.001502758418977,0.01093904559628701
leave_representation_out,normalized_asymmetry,88,-0.007317122368912,0.010663842806872758
leave_representation_out,normalized_asymmetry,89,-0.0057034220532319,0.011033003384661087
leave_representation_out,normalized_asymmetry,90,-0.0122010872305876,0.0074210915143294535
leave_representation_out,normalized_asymmetry,91,-0.0152746820506096,0.009719219636214077
leave_representation_out,normalized_asymmetry,92,-0.0084214985224556,0.009378016216566509
leave_representation_out,normalized_asymmetry,93,-0.0168203043842219,0.011033338986666565
leave_representation_out,normalized_asymmetry,94,-0.0139257294429708,0.010929012587091357
leave_representation_out,normalized_asymmetry,95,-0.0051285413157708,0.008343208094510864
leave_representation_out,normalized_asymmetry,96,-0.0160487539207874,0.009597123126491759
leave_representation_out,normalized_asymmetry,97,-0.0059026131859486,0.00987557752869524
leave_representation_out,normalized_asymmetry,98,-0.0025642706578854,0.010451641815363335
leave_representation_out,normalized_asymmetry,99,-0.0062783027906929,0.011147077028207662
leave_representation_out,normalized_asymmetry,100,-0.0166236346582485,0.008051376383524956
leave_representation_out,normalized_asymmetry,101,-0.0135727324989157,0.009216953477275991
leave_representation_out,normalized_asymmetry,102,-0.0200275337616363,0.009762399774578353
leave_representation_out,normalized_asymmetry,103,-0.0125339129206967,0.009486140560012757
leave_representation_out,normalized_asymmetry,104,-0.0112959022097608,0.010433881525792763
leave_representation_out,normalized_asymmetry,106,0.0124229710239937,0.004931518815391202
leave_representation_out,normalized_asymmetry,107,0.0005521880767718,0.007123117830105883
leave_representation_out,normalized_asymmetry,108,0.0130861009974685,0.008802320448936345
leave_representation_out,normalized_asymmetry,109,0.001038819578219,0.007972846614761265
leave_representation_out,normalized_asymmetry,110,0.0091073211566197,0.008682929581201248
leave_representation_out,normalized_asymmetry,112,0.0115833425784914,0.005764931191463615
leave_representation_out,normalized_asymmetry,113,-0.0021003318171274,0.007675893433948377
leave_representation_out,normalized_asymmetry,114,-0.0075163135016288,0.009188160982610346
leave_representation_out,normalized_asymmetry,115,0.0086433823158617,0.008912958193196093
leave_representation_out,normalized_asymmetry,116,0.0065430504987342,0.009282118770984423
leave_representation_out,normalized_asymmetry,118,0.0086660749765509,0.005670206900652789
leave_representation_out,normalized_asymmetry,119,0.0002218837934059,0.007968335022537413
leave_representation_out,normalized_asymmetry,120,0.0009077064275699,0.0076271316028898445
leave_representation_out,normalized_asymmetry,121,0.0050629847404464,0.0092824543729899
leave_representation_out,normalized_asymmetry,122,0.0035375336607799,0.009178127973414692
leave_representation_out,normalized_asymmetry,124,0.0168883823662898,0.0065923234808341995
leave_representation_out,normalized_asymmetry,125,0.0122464725519662,0.007846238512815094
leave_representation_out,normalized_asymmetry,126,0.0179498946051981,0.008124692915018576
leave_representation_out,normalized_asymmetry,127,0.0174632631037508,0.00870075720168667
leave_representation_out,normalized_asymmetry,128,0.0087316315518753,0.009396192414530997
leave_representation_out,normalized_asymmetry,130,-0.0026096559792639,0.006300491769848291
leave_representation_out,normalized_asymmetry,131,0.0123120291272907,0.007466068863599327
leave_representation_out,normalized_asymmetry,132,0.0022541376284657,0.008011515160901688
leave_representation_out,normalized_asymmetry,133,0.0086433823158617,0.007735255946336093
leave_representation_out,normalized_asymmetry,134,0.0061446682333007,0.008682996912116098
leave_representation_out,normalized_asymmetry,280,0.0417570170749664,0.022610193622616775
leave_representation_out,normalized_asymmetry,281,0.0380001210275237,0.02519165106782375
leave_representation_out,normalized_asymmetry,282,0.0602817924176256,0.02692494934464895
leave_representation_out,normalized_asymmetry,283,0.0314116852074108,0.028504148524212188
leave_representation_out,normalized_asymmetry,284,0.0611441135238172,0.030711684559787896
leave_representation_out,normalized_asymmetry,285,0.0372512632247783,0.021580001054044912
leave_representation_out,normalized_asymmetry,286,0.0410081592722211,0.025811655512816622
leave_representation_out,normalized_asymmetry,287,0.0455845125112203,0.028305175168995757
leave_representation_out,normalized_asymmetry,288,0.0478840354610644,0.030321872044371725
leave_representation_out,normalized_asymmetry,289,0.0343339956228379,0.033101823716509535
leave_representation_out,normalized_asymmetry,290,0.0190114068441064,0.022568218142096377
leave_representation_out,normalized_asymmetry,291,0.0364746699478574,0.02436629846115157
leave_representation_out,normalized_asymmetry,292,0.0305947494225978,0.027705073862191502
leave_representation_out,normalized_asymmetry,293,0.0299316194491231,0.02999249590347497
leave_representation_out,normalized_asymmetry,294,0.0250022692660689,0.03192238437349633
leave_representation_out,normalized_asymmetry,295,0.0479697632903349,0.022599337397615417
leave_representation_out,normalized_asymmetry,296,0.0406526409214228,0.02439477520627137
leave_representation_out,normalized_asymmetry,297,0.0486328932638097,0.02654156998523077
leave_representation_out,normalized_asymmetry,298,0.058955532470676,0.02932076510255673
leave_representation_out,normalized_asymmetry,299,0.0660961563675606,0.03029113441804811
leave_representation_out,normalized_asymmetry,300,0.0167572692156406,0.021457833368869177
leave_representation_out,normalized_asymmetry,301,0.0115177860031668,0.025953162735166135
leave_representation_out,normalized_asymmetry,302,0.010965597926395,0.027680943372828802
leave_representation_out,normalized_asymmetry,303,0.01940978910954,0.029857964460727637
leave_representation_out,normalized_asymmetry,304,0.0246492723220138,0.0320135365787025
leave_representation_out,normalized_asymmetry,306,0.0112530382951255,0.020859309008940112
leave_representation_out,normalized_asymmetry,307,0.0258645903722605,0.023440766454147086
leave_representation_out,normalized_asymmetry,308,0.0377807586408609,0.025174064730972282
leave_representation_out,normalized_asymmetry,309,0.0375815675081441,0.02675326391053552
leave_representation_out,normalized_asymmetry,310,0.048302588980444,0.02896079994611123
leave_representation_out,normalized_asymmetry,312,0.0289835705136609,0.01982911644036825
leave_representation_out,normalized_asymmetry,313,0.0301988885639076,0.02406077089913996
leave_representation_out,normalized_asymmetry,314,0.0442582525642707,0.02655429055531909
leave_representation_out,normalized_asymmetry,315,0.0291600689856885,0.028570987430695062
leave_representation_out,normalized_asymmetry,316,0.0352618733043539,0.031350939102832875
leave_representation_out,normalized_asymmetry,318,0.0196316729029459,0.02081733352841971
leave_representation_out,normalized_asymmetry,319,0.0118506116932758,0.02261541384747491
leave_representation_out,normalized_asymmetry,320,0.0178414741152383,0.025954189248514836
leave_representation_out,normalized_asymmetry,321,0.0261091668263557,0.028241611289798307
leave_representation_out,normalized_asymmetry,322,0.0271479864045748,0.03017149975981967
leave_representation_out,normalized_asymmetry,324,0.0103024679529203,0.02084845278393875
leave_representation_out,normalized_asymmetry,325,0.0148561285312301,0.022643890592594706
leave_representation_out,normalized_asymmetry,326,0.0167572692156408,0.024790685371554107
leave_representation_out,normalized_asymmetry,327,0.0191450414014987,0.027569880488880066
leave_representation_out,normalized_asymmetry,328,0.0348181057175419,0.028540249804371445
leave_representation_out,normalized_asymmetry,330,0.023189377817672,0.019706948755192515
leave_representation_out,normalized_asymmetry,331,0.0234995108470918,0.024202278121489472
leave_representation_out,normalized_asymmetry,332,0.0405870843460983,0.025930058759152136
leave_representation_out,normalized_asymmetry,333,0.0326723885790359,0.028107079847050975
leave_representation_out,normalized_asymmetry,334,0.0376471240834687,0.03026265196502583
leave_representation_out,normalized_asymmetry,480,0.0155759370404229,0.006578550134892348
leave_representation_out,normalized_asymmetry,481,0.0114024802257641,0.0074947792658730215
leave_representation_out,normalized_asymmetry,482,-0.0017836559481696,0.007867434353548815
leave_representation_out,normalized_asymmetry,483,0.0060217019754362,0.008329157196626063
leave_representation_out,normalized_asymmetry,484,0.0153672641996899,0.008339949033990022
leave_representation_out,normalized_asymmetry,485,0.0067918041257601,0.006421566409306811
leave_representation_out,normalized_asymmetry,486,0.0077059899042092,0.006779344094102363
leave_representation_out,normalized_asymmetry,487,0.0048640645494653,0.007265525496803486
leave_representation_out,normalized_asymmetry,488,-0.0010284590007552,0.007643974401378473
leave_representation_out,normalized_asymmetry,489,-0.0054602726658452,0.007761999151714112
leave_representation_out,normalized_asymmetry,490,-0.0095244246591677,0.00360491926938478
leave_representation_out,normalized_asymmetry,491,-0.0088189117214516,0.005132298925479856
leave_representation_out,normalized_asymmetry,492,-0.0228546444612266,0.005442760242568647
leave_representation_out,normalized_asymmetry,493,-0.0141500059620811,0.005652578818147869
leave_representation_out,normalized_asymmetry,494,-0.0292936921181287,0.005472766455138396
leave_representation_out,normalized_asymmetry,495,-0.0014607098851305,0.0054166255406513705
leave_representation_out,normalized_asymmetry,496,-0.0101007591716681,0.006209115497050504
leave_representation_out,normalized_asymmetry,497,-0.0083816924361063,0.006385880045428812
leave_representation_out,normalized_asymmetry,498,-0.0082376088079812,0.00756487149345692
leave_representation_out,normalized_asymmetry,499,-0.0089928057553956,0.008184678070160652
leave_representation_out,normalized_asymmetry,500,-0.0044964028776978,0.006291975723333086
leave_representation_out,normalized_asymmetry,501,0.0053310942406295,0.007184811738275379
leave_representation_out,normalized_asymmetry,502,0.0071296553917087,0.007633160077211357
leave_representation_out,normalized_asymmetry,503,0.0063744584442942,0.0075992205135386875
leave_representation_out,normalized_asymmetry,504,0.0043672244524822,0.007992556911666473
leave_representation_out,normalized_asymmetry,506,0.0184228307961365,0.0048276655212156835
leave_representation_out,normalized_asymmetry,507,0.0128979689176835,0.005743894652196355
leave_representation_out,normalized_asymmetry,508,0.0046752653126118,0.00611654973987215
leave_representation_out,normalized_asymmetry,509,-0.0002881672562503,0.006578272582949397
leave_representation_out,normalized_asymmetry,510,0.0070501609761914,0.006589064420313356
leave_representation_out,normalized_asymmetry,512,0.021806311856592,0.0046706817956301445
leave_representation_out,normalized_asymmetry,513,0.0092809730116458,0.005028459480425698
leave_representation_out,normalized_asymmetry,514,0.0183383679796493,0.005514640883126819
leave_representation_out,normalized_asymmetry,515,0.0080438411701577,0.005893089787701807
leave_representation_out,normalized_asymmetry,516,0.010518104853134,0.006011114538037446
leave_representation_out,normalized_asymmetry,518,0.016604396041178,0.0018540346557081137
leave_representation_out,normalized_asymmetry,519,0.0268343336380619,0.003381414311803192
leave_representation_out,normalized_asymmetry,520,0.0118347311101394,0.003691875628891981
leave_representation_out,normalized_asymmetry,521,0.0189643865018482,0.0039016942044712045
leave_representation_out,normalized_asymmetry,522,0.016813068881911,0.00372188184146173
leave_representation_out,normalized_asymmetry,524,-0.0053012838348105,0.003665740926974706
leave_representation_out,normalized_asymmetry,525,-0.0073582018363209,0.00445823088337384
leave_representation_out,normalized_asymmetry,526,-0.0070849397829801,0.004634995431752147
leave_representation_out,normalized_asymmetry,527,0.0017488771413808,0.005813986879780256
leave_representation_out,normalized_asymmetry,528,-0.0079196311459119,0.006433793456483986
leave_representation_out,normalized_asymmetry,530,0.0114670694383718,0.00454109110965642
leave_representation_out,normalized_asymmetry,531,0.0056689455065781,0.005433927124598715
leave_representation_out,normalized_asymmetry,532,0.0062154696132596,0.005882275463534693
leave_representation_out,normalized_asymmetry,533,0.0110646289598155,0.005848335899862023
leave_representation_out,normalized_asymmetry,534,0.0043374140466632,0.006241672297989808
leave_representation_out,normalized_asymmetry,680,0.0196698994395643,0.010077664686067042
leave_representation_out,normalized_asymmetry,681,0.0287769784172662,0.013117072313208399
leave_representation_out,normalized_asymmetry,682,0.0318424818156524,0.014369712121567289
leave_representation_out,normalized_asymmetry,683,0.0350719424460431,0.015951240787491862
leave_representation_out,normalized_asymmetry,684,0.0216622282284669,0.017215385838675247
leave_representation_out,normalized_asymmetry,685,-0.0030207877896578,0.010401156529522875
leave_representation_out,normalized_asymmetry,686,-0.0053161890377201,0.012482815844725197
leave_representation_out,normalized_asymmetry,687,-0.0195605946182281,0.012763529569090167
leave_representation_out,normalized_asymmetry,688,-0.0026829365237092,0.014739239255982412
leave_representation_out,normalized_asymmetry,689,0.0148704241027067,0.01624865153378441
leave_representation_out,normalized_asymmetry,690,0.0002384832465519,0.009694972283744793
leave_representation_out,normalized_asymmetry,691,-0.0028916093644422,0.011851107409998334
leave_representation_out,normalized_asymmetry,692,-0.0036120275050678,0.012973031695300601
leave_representation_out,normalized_asymmetry,693,-0.0054453674629357,0.013807066480351116
leave_representation_out,normalized_asymmetry,694,0.0080786199769465,0.015573879449278096
leave_representation_out,normalized_asymmetry,695,-0.0121576771731785,0.010169077008164626
leave_representation_out,normalized_asymmetry,696,0.0021364124170277,0.011831882185426171
leave_representation_out,normalized_asymmetry,697,-0.0073383282324416,0.014517363504538843
leave_representation_out,normalized_asymmetry,698,0.0043374140466632,0.015175968536875603
leave_representation_out,normalized_asymmetry,699,0.0236247466115505,0.016358658047847183
leave_representation_out,normalized_asymmetry,700,0.0034828490798521,0.010208428459939531
leave_representation_out,normalized_asymmetry,701,0.0151436861560474,0.012337414513456562
leave_representation_out,normalized_asymmetry,702,0.0169422473071266,0.013526928495889736
leave_representation_out,normalized_asymmetry,703,0.0294377757462537,0.01539591774703082
leave_representation_out,normalized_asymmetry,704,0.0136183870583091,0.016621697036278762
leave_representation_out,normalized_asymmetry,706,0.0152082753686553,0.008326780072390377
leave_representation_out,normalized_asymmetry,707,0.0146468460590643,0.011366187699531734
leave_representation_out,normalized_asymmetry,708,0.0133451250049683,0.012618827507890625
leave_representation_out,normalized_asymmetry,709,0.0040641519933224,0.014200356173815199
leave_representation_out,normalized_asymmetry,710,0.0050429269843793,0.015464501224998584
leave_representation_out,normalized_asymmetry,712,0.0005614293095909,0.008650271915846209
leave_representation_out,normalized_asymmetry,713,0.0058627131444015,0.010731931231048531
leave_representation_out,normalized_asymmetry,714,0.0199779402996939,0.0110126449554135
leave_representation_out,normalized_asymmetry,715,0.0260791366906474,0.012988354642305747
leave_representation_out,normalized_asymmetry,716,0.025085456496681,0.014497766920107742
leave_representation_out,normalized_asymmetry,718,-0.0034828490798521,0.007944087670068128
leave_representation_out,normalized_asymmetry,719,0.0007899757542033,0.010100222796321667
leave_representation_out,normalized_asymmetry,720,-0.0066129416908461,0.011222147081623935
leave_representation_out,normalized_asymmetry,721,0.0033437338526968,0.01205618186667445
leave_representation_out,normalized_asymmetry,722,-0.0077208951071187,0.01382299483560143
leave_representation_out,normalized_asymmetry,724,0.0028568305576532,0.008418192394487961
leave_representation_out,normalized_asymmetry,725,0.0147412456774911,0.010080997571749507
leave_representation_out,normalized_asymmetry,726,0.0203952859811598,0.012766478890862177
leave_representation_out,normalized_asymmetry,727,0.0136332922612186,0.013425083923198938
leave_representation_out,normalized_asymmetry,728,0.0092163837990381,0.014607773434170516
leave_representation_out,normalized_asymmetry,730,0.0211157041217854,0.008457543846262867
leave_representation_out,normalized_asymmetry,731,0.0182737787670416,0.010586529899779897
leave_representation_out,normalized_asymmetry,732,0.0168776580945188,0.01177604388221307
leave_representation_out,normalized_asymmetry,733,0.0293880917365554,0.013645033133354155
leave_representation_out,normalized_asymmetry,734,0.0176328550419332,0.014870812422602096
leave_representation_out,normalized_asymmetry,880,-0.0078757746072921,0.0009843702531342497
leave_representation_out,normalized_asymmetry,881,-0.0099149733390979,0.003568358095218955
leave_representation_out,normalized_asymmetry,882,-0.0078757746072921,0.003698085649006696
leave_representation_out,normalized_asymmetry,883,-0.0039847240236345,0.005288493576345272
leave_representation_out,normalized_asymmetry,884,-0.0152831820146995,0.0061590213702452865
leave_representation_out,normalized_asymmetry,885,-0.0168540135466205,0.00031952097496470294
leave_representation_out,normalized_asymmetry,886,-0.0263942931258106,0.002903235443177752
leave_representation_out,normalized_asymmetry,887,-0.0112984579910649,0.00423445564662088
leave_representation_out,normalized_asymmetry,888,-0.0052745352356247,0.004560760583427713
leave_representation_out,normalized_asymmetry,889,-0.0091655858192822,0.005802732526867433
leave_representation_out,normalized_asymmetry,890,0.0113921314310418,-0.0019980831797819718
leave_representation_out,normalized_asymmetry,891,0.0003746937599077,0.002401340565986374
leave_representation_out,normalized_asymmetry,892,0.0024138924917135,0.0038815687972252114
leave_representation_out,normalized_asymmetry,893,-0.0072200605274534,0.004534671876798194
leave_representation_out,normalized_asymmetry,894,0.0178844213863669,0.0047798862320283415
leave_representation_out,normalized_asymmetry,895,0.0126098861507421,-0.0030632183589405816
leave_representation_out,normalized_asymmetry,896,0.0145554114425709,0.0012895759436011497
leave_representation_out,normalized_asymmetry,897,0.0315030984291684,0.0037319570486458366
leave_representation_out,normalized_asymmetry,898,0.0182591151462745,0.003936708967977841
leave_representation_out,normalized_asymmetry,899,0.0167819570543305,0.00476751768325882
leave_representation_out,normalized_asymmetry,900,0.017697074506413,-0.001917300514652439
leave_representation_out,normalized_asymmetry,901,0.0006557140798386,0.0018172086640982008
leave_representation_out,normalized_asymmetry,902,0.0229716097420377,0.00224393829988735
leave_representation_out,normalized_asymmetry,903,0.0041720709035883,0.0032170153623304783
leave_representation_out,normalized_asymmetry,904,0.0272373540856031,0.003681681116812668
leave_representation_out,normalized_asymmetry,906,0.0319498486813661,-0.0007665143605424148
leave_representation_out,normalized_asymmetry,907,0.0451938319642599,0.001817473481542287
leave_representation_out,normalized_asymmetry,908,0.0358408992650237,0.0019472010353300297
leave_representation_out,normalized_asymmetry,909,0.0307537109093528,0.003537608962668602
leave_representation_out,normalized_asymmetry,910,0.0474203775760195,0.00440813675656862
leave_representation_out,normalized_asymmetry,912,-0.0090719123793053,-0.0014313636387119633
leave_representation_out,normalized_asymmetry,913,-0.0086972186193976,0.001152350829501084
leave_representation_out,normalized_asymmetry,914,-0.0147211413748378,0.0024835710329442137
leave_representation_out,normalized_asymmetry,915,-0.0031416630638421,0.0028098759697510467
leave_representation_out,normalized_asymmetry,916,0.0004683671998846,0.004051847913190767
leave_representation_out,normalized_asymmetry,918,0.0251981553537974,-0.0037489677934586414
leave_representation_out,normalized_asymmetry,919,0.0190805591583801,0.000650455952309708
leave_representation_out,normalized_asymmetry,920,0.019174232598357,0.002130684183548545
leave_representation_out,normalized_asymmetry,921,0.0187058653984724,0.0027837872631215274
leave_representation_out,normalized_asymmetry,922,0.0150021616947687,0.003029001618351672
leave_representation_out,normalized_asymmetry,924,0.0364029399048855,-0.004814102972617248
leave_representation_out,normalized_asymmetry,925,0.019361579478311,-0.00046130867007551646
leave_representation_out,normalized_asymmetry,926,0.0305663640293991,0.0019810724349691704
leave_representation_out,normalized_asymmetry,927,0.0229716097420378,0.002185824354301173
leave_representation_out,normalized_asymmetry,928,0.0325118893212279,0.0030166330695821555
leave_representation_out,normalized_asymmetry,930,-0.0017581784118749,-0.003668185128329105
leave_representation_out,normalized_asymmetry,931,0.0037973771436805,6.632405042153455e-05
leave_representation_out,normalized_asymmetry,932,0.0120478455108804,0.0004930536862106823
leave_representation_out,normalized_asymmetry,933,0.0058365758754863,0.001466130748653812
leave_representation_out,normalized_asymmetry,934,0.0169476869865974,0.0019307965031360019
leave_representation_out,normalized_asymmetry,1080,0.0168540135466204,0.008328228448476522
leave_representation_out,normalized_asymmetry,1081,0.0179564778786567,0.013025724624401993
leave_representation_out,normalized_asymmetry,1082,0.0164793197867128,0.015459538290654645
leave_representation_out,normalized_asymmetry,1083,0.0179564778786567,0.019016645154671535
leave_representation_out,normalized_asymmetry,1084,0.0411154345006483,0.021777047319179687
leave_representation_out,normalized_asymmetry,1085,-0.0116731517509727,0.010370414760643511
leave_representation_out,normalized_asymmetry,1086,0.0088845654993515,0.013976716608065508
leave_representation_out,normalized_asymmetry,1087,0.0173223807465052,0.016268351808066125
leave_representation_out,normalized_asymmetry,1088,0.0074074074074074,0.018121366947723094
leave_representation_out,normalized_asymmetry,1089,0.0280587980977086,0.02140330048554375
leave_representation_out,normalized_asymmetry,1090,-0.0059302493154633,0.010388533640362692
leave_representation_out,normalized_asymmetry,1091,0.0033290099437959,0.01496919119207645
leave_representation_out,normalized_asymmetry,1092,0.0349041648652543,0.017823281509362618
leave_representation_out,normalized_asymmetry,1093,0.0437166738723159,0.019987209138061474
leave_representation_out,normalized_asymmetry,1094,0.0374117307969448,0.022402425807744993
leave_representation_out,normalized_asymmetry,1095,-0.0170413604265745,0.009210590815657983
leave_representation_out,normalized_asymmetry,1096,0.012775616083009,0.014536523546683574
leave_representation_out,normalized_asymmetry,1097,0.0322308690012969,0.01566010087855845
leave_representation_out,normalized_asymmetry,1098,0.0341763942931257,0.01960473205983887
leave_representation_out,normalized_asymmetry,1099,0.0213071047701396,0.02144633332570902
leave_representation_out,normalized_asymmetry,1100,-0.0082504683671998,0.008267577620098648
leave_representation_out,normalized_asymmetry,1101,0.0169476869865975,0.013042063055696006
leave_representation_out,normalized_asymmetry,1102,0.0152831820146995,0.01575682345964891
leave_representation_out,normalized_asymmetry,1103,0.0011024643320363,0.019154811910443714
leave_representation_out,normalized_asymmetry,1104,-0.0151895085747225,0.02116808561143261
leave_representation_out,normalized_asymmetry,1106,0.0140654272949992,0.006577343834799857
leave_representation_out,normalized_asymmetry,1107,0.0312941346015276,0.011274840010725328
leave_representation_out,normalized_asymmetry,1108,0.028973915549791,0.013708653676977978
leave_representation_out,normalized_asymmetry,1109,0.0445381178844213,0.01726576054099487
leave_representation_out,normalized_asymmetry,1110,0.0271220636979392,0.02002616270550302
leave_representation_out,normalized_asymmetry,1112,0.0040783974636113,0.008619530146966847
leave_representation_out,normalized_asymmetry,1113,0.0287145121775471,0.012225831994388843
leave_representation_out,normalized_asymmetry,1114,0.0231589566219916,0.01451746719438946
leave_representation_out,normalized_asymmetry,1115,0.020838737570255,0.016370482334046428
leave_representation_out,normalized_asymmetry,1116,0.0346447614930105,0.019652415871867085
leave_representation_out,normalized_asymmetry,1118,0.0091655858192822,0.008637649026686026
leave_representation_out,normalized_asymmetry,1119,0.0148148148148148,0.013218306578399784
leave_representation_out,normalized_asymmetry,1120,0.0259259259259259,0.01607239689568595
leave_representation_out,normalized_asymmetry,1121,0.0315751549214584,0.018236324524384808
leave_representation_out,normalized_asymmetry,1122,0.0393572560887736,0.020651541194068326
leave_representation_out,normalized_asymmetry,1124,0.0164793197867128,0.007459706201981317
leave_representation_out,normalized_asymmetry,1125,0.0260195993659029,0.012785638933006908
leave_representation_out,normalized_asymmetry,1126,0.0224095691021761,0.013909216264881785
leave_representation_out,normalized_asymmetry,1127,0.0263942931258107,0.017853847446162203
leave_representation_out,normalized_asymmetry,1128,0.0191742325983571,0.019695448712032358
leave_representation_out,normalized_asymmetry,1130,0.0108300907911802,0.006516693006421983
leave_representation_out,normalized_asymmetry,1131,0.0089782389393283,0.011291178442019342
leave_representation_out,normalized_asymmetry,1132,0.0165729932266895,0.014005938845972243
leave_representation_out,normalized_asymmetry,1133,0.0080415045395589,0.01740392729676705
leave_representation_out,normalized_asymmetry,1134,0.0065643464476148,0.019417200997755943
leave_representation_out,normalized_asymmetry,1280,-0.0146196283391405,0.020285963232300953
leave_representation_out,normalized_asymmetry,1281,0.0281794425087107,0.024545549774063598
leave_representation_out,normalized_asymmetry,1282,0.0138646922183507,0.026602969348599025
leave_representation_out,normalized_asymmetry,1283,0.0097343205574912,0.027341322423579208
leave_representation_out,normalized_asymmetry,1284,0.0066274680603948,0.027670487732798454
leave_representation_out,normalized_asymmetry,1285,-0.0031068524970964,0.02259440312710302
leave_representation_out,normalized_asymmetry,1286,3.629500580726308e-05,0.023764050357400084
leave_representation_out,normalized_asymmetry,1287,-0.0006460511033681,0.02600553549738705
leave_representation_out,normalized_asymmetry,1288,-0.0003048780487804,0.02684172102003388
leave_representation_out,normalized_asymmetry,1289,0.0143147502903601,0.027388968829967022
leave_representation_out,normalized_asymmetry,1290,0.0212470963995353,0.02001522273913952
leave_representation_out,normalized_asymmetry,1291,0.035489256678281,0.021419526338996367
leave_representation_out,normalized_asymmetry,1292,0.0341245644599302,0.02428674369118698
leave_representation_out,normalized_asymmetry,1293,0.013937282229965,0.023843447106656385
leave_representation_out,normalized_asymmetry,1294,0.019163763066202,0.025175251353594382
leave_representation_out,normalized_asymmetry,1295,-0.0031794425087108,0.017095426276796884
leave_representation_out,normalized_asymmetry,1296,-0.0052264808362369,0.020999387135583615
leave_representation_out,normalized_asymmetry,1297,0.0148882113821138,0.021913224578570718
leave_representation_out,normalized_asymmetry,1298,0.011099012775842,0.02239527322400752
leave_representation_out,normalized_asymmetry,1299,0.0190548780487804,0.02291620658942375
leave_representation_out,normalized_asymmetry,1300,0.0090882694541231,0.019354046460781073
leave_representation_out,normalized_asymmetry,1301,0.0031794425087107,0.022094211353968548
leave_representation_out,normalized_asymmetry,1302,0.043140243902439,0.023740746405964283
leave_representation_out,normalized_asymmetry,1303,0.0076872822299651,0.024165315071955507
leave_representation_out,normalized_asymmetry,1304,0.0004137630662021,0.024372789045178228
leave_representation_out,normalized_asymmetry,1306,0.0205284552845527,0.01853507861862429
leave_representation_out,normalized_asymmetry,1307,0.0302627758420441,0.02279466516038693
leave_representation_out,normalized_asymmetry,1308,0.0128411730545875,0.024852084734922363
leave_representation_out,normalized_asymmetry,1309,0.0006823461091753,0.02559043780990254
leave_representation_out,normalized_asymmetry,1310,-0.0069686411149825,0.025919603119121788
leave_representation_out,normalized_asymmetry,1312,-0.0191637630662021,0.020843518513426355
leave_representation_out,normalized_asymmetry,1313,-0.0042029616724739,0.022013165743723417
leave_representation_out,normalized_asymmetry,1314,-0.0108304297328687,0.024254650883710385
leave_representation_out,normalized_asymmetry,1315,-3.629500580720757e-05,0.025090836406357214
leave_representation_out,normalized_asymmetry,1316,0.0009872241579558,0.02563808421629036
leave_representation_out,normalized_asymmetry,1318,0.0222706155632984,0.018264338125462853
leave_representation_out,normalized_asymmetry,1319,0.0486716027874564,0.0196686417253197
leave_representation_out,normalized_asymmetry,1320,0.0264372822299651,0.022535859077510316
leave_representation_out,normalized_asymmetry,1321,0.0246951219512194,0.02209256249297972
leave_representation_out,normalized_asymmetry,1322,0.036512775842044,0.02342436673991772
leave_representation_out,normalized_asymmetry,1324,-0.0023882113821138,0.015344541663120218
leave_representation_out,normalized_asymmetry,1325,0.0062499999999999,0.01924850252190695
leave_representation_out,normalized_asymmetry,1326,-0.0034480255516841,0.02016233996489405
leave_representation_out,normalized_asymmetry,1327,0.0246951219512194,0.020644388610330855
leave_representation_out,normalized_asymmetry,1328,0.0243539488966317,0.021165321975747088
leave_representation_out,normalized_asymmetry,1330,-0.0013646922183507,0.017603161847104407
leave_representation_out,normalized_asymmetry,1331,0.0128774680603948,0.02034332674029188
leave_representation_out,normalized_asymmetry,1332,0.0309814169570266,0.021989861792287617
leave_representation_out,normalized_asymmetry,1333,0.0111353077816491,0.022414430458278845
leave_representation_out,normalized_asymmetry,1334,0.0024245063879209,0.022621904431501562
leave_representation_out,normalized_asymmetry,1480,0.0156794425087107,0.018700723213840725
leave_representation_out,normalized_asymmetry,1481,-0.002424506387921,0.02242378517565032
leave_representation_out,normalized_asymmetry,1482,0.0101480836236933,0.02540825226647761
leave_representation_out,normalized_asymmetry,1483,0.0219657375145179,0.026303318447089233
leave_representation_out,normalized_asymmetry,1484,0.0122314169570266,0.029300723747432787
leave_representation_out,normalized_asymmetry,1485,0.016325493612079,0.018819779829628618
leave_representation_out,normalized_asymmetry,1486,0.0051538908246225,0.021877689141122404
leave_representation_out,normalized_asymmetry,1487,-0.010111788617886,0.023617122989230816
leave_representation_out,normalized_asymmetry,1488,0.0128411730545877,0.02498066775399359
leave_representation_out,normalized_asymmetry,1489,0.0082970383275261,0.026393987903914992
leave_representation_out,normalized_asymmetry,1490,0.0028019744483158,0.01800077627433566
leave_representation_out,normalized_asymmetry,1491,0.0118539488966317,0.021367388652359046
leave_representation_out,normalized_asymmetry,1492,-0.005226480836237,0.02497769261416476
leave_representation_out,normalized_asymmetry,1493,0.0090519744483158,0.02572950113309387
leave_representation_out,normalized_asymmetry,1494,-0.0097706155632985,0.0277707920992586
leave_representation_out,normalized_asymmetry,1495,-0.0079921602787456,0.018405936159119077
leave_representation_out,normalized_asymmetry,1496,0.0413980836236933,0.022988117270215748
leave_representation_out,normalized_asymmetry,1497,0.0337108013937281,0.024512057590376193
leave_representation_out,normalized_asymmetry,1498,0.0288980836236933,0.026374699859775655
leave_representation_out,normalized_asymmetry,1499,0.0518510452961672,0.02715681967154189
leave_representation_out,normalized_asymmetry,1500,0.0191274680603949,0.018184469823289647
leave_representation_out,normalized_asymmetry,1501,-0.0037891986062717,0.020132762412348196
leave_representation_out,normalized_asymmetry,1502,0.0198098141695703,0.023729844454891375
leave_representation_out,normalized_asymmetry,1503,-0.0013646922183507,0.023098358096769994
leave_representation_out,normalized_asymmetry,1504,-0.0079921602787456,0.02648500750819767
leave_representation_out,normalized_asymmetry,1506,0.0063225900116143,0.016949838600164063
leave_representation_out,normalized_asymmetry,1507,-0.0034480255516841,0.020672900561973653
leave_representation_out,normalized_asymmetry,1508,0.0073461091753774,0.023657367652800944
leave_representation_out,normalized_asymmetry,1509,0.02681475029036,0.024552433833412567
leave_representation_out,normalized_asymmetry,1510,-0.0009872241579558,0.027549839133756117
leave_representation_out,normalized_asymmetry,1512,-0.002424506387921,0.01706889521595195
leave_representation_out,normalized_asymmetry,1513,-0.0014009872241579,0.02012680452744574
leave_representation_out,normalized_asymmetry,1514,-0.0115127758420441,0.02186623837555415
leave_representation_out,normalized_asymmetry,1515,-0.0090519744483159,0.023229783140316925
leave_representation_out,normalized_asymmetry,1516,0.0031431475029035,0.024643103290238326
leave_representation_out,normalized_asymmetry,1518,0.0031068524970963,0.016249891660658995
leave_representation_out,normalized_asymmetry,1519,0.0212470963995353,0.01961650403868238
leave_representation_out,normalized_asymmetry,1520,0.0166666666666666,0.023226808000488097
leave_representation_out,normalized_asymmetry,1521,0.019773519163763,0.023978616519417205
leave_representation_out,normalized_asymmetry,1522,0.0142784552845527,0.026019907485581934
leave_representation_out,normalized_asymmetry,1524,0.0007186411149825,0.01665505154544241
leave_representation_out,normalized_asymmetry,1525,0.0107941347270615,0.021237232656539082
leave_representation_out,normalized_asymmetry,1526,0.0017421602787456,0.02276117297669953
leave_representation_out,normalized_asymmetry,1527,-0.0118176538908246,0.024623815246098992
leave_representation_out,normalized_asymmetry,1528,0.0097343205574912,0.025405935057865224
leave_representation_out,normalized_asymmetry,1530,-0.0090882694541232,0.016433585209612984
leave_representation_out,normalized_asymmetry,1531,-0.0083696283391405,0.01838187779867153
leave_representation_out,normalized_asymmetry,1532,0.0037891986062716,0.02197895984121471
leave_representation_out,normalized_asymmetry,1533,-3.629500580726308e-05,0.021347473483093328
leave_representation_out,normalized_asymmetry,1534,-0.0010961091753776,0.024734122894521003
leave_representation_out,relative_power,140,0.0106983288116105,0.0018371611564498604
leave_representation_out,relative_power,141,0.0178818166231303,0.004615279325210827
leave_representation_out,relative_power,142,-0.0028088471119807,0.0066892077397058755
leave_representation_out,relative_power,143,0.0182146423132394,0.005313886163487689
leave_representation_out,relative_power,144,0.0076474266522778,0.006053419538707083
leave_representation_out,relative_power,145,0.0078693104456838,0.003189458102821601
leave_representation_out,relative_power,146,0.0125112202600073,0.0055874856632397996
leave_representation_out,relative_power,147,0.0103453318675554,0.007437020916533619
leave_representation_out,relative_power,148,0.0032047079706709,0.006833381239568288
leave_representation_out,relative_power,149,0.0096595092333914,0.007107206658647253
leave_representation_out,relative_power,150,0.0220169236820606,0.0029859013624244472
leave_representation_out,relative_power,151,0.0220396163427498,0.005918160679770124
leave_representation_out,relative_power,152,0.0141476132363768,0.005219880768663424
leave_representation_out,relative_power,153,0.0112303456344362,0.007274427046613214
leave_representation_out,relative_power,154,0.0163135016288287,0.006895812362289682
leave_representation_out,relative_power,155,0.0084240199291988,0.003803667806297293
leave_representation_out,relative_power,156,0.0050856774011356,0.005253803550244183
leave_representation_out,relative_power,157,0.0082248287964821,0.005361828045926309
leave_representation_out,relative_power,158,0.0047099877963913,0.005880358341094259
leave_representation_out,relative_power,159,0.0136408104809835,0.006561061326503574
leave_representation_out,relative_power,160,0.0100805841595142,0.003881258785937817
leave_representation_out,relative_power,161,0.0093292049500257,0.005258103614760324
leave_representation_out,relative_power,162,0.0087543242125647,0.0057823687464450615
leave_representation_out,relative_power,163,-0.0001764984720274,0.005175655470327358
leave_representation_out,relative_power,164,0.0175086484251294,0.006252459779203402
leave_representation_out,relative_power,166,0.0013262599469496,0.0025337179425218674
leave_representation_out,relative_power,167,0.0024533287611824,0.005311836111282834
leave_representation_out,relative_power,168,-0.000574880737461,0.007385764525777881
leave_representation_out,relative_power,169,0.006742241631451,0.006010442949559694
leave_representation_out,relative_power,170,0.0120472814192493,0.006749976324779089
leave_representation_out,relative_power,172,0.0004639388407581,0.003886014888893608
leave_representation_out,relative_power,173,0.0043544694455931,0.006284042449311805
leave_representation_out,relative_power,174,-0.0042662202095792,0.008133577702605626
leave_representation_out,relative_power,175,0.0018128914483969,0.007529938025640294
leave_representation_out,relative_power,176,-0.00161370031568,0.00780376344471926
leave_representation_out,relative_power,178,0.0008396284455023,0.0036824581484964543
leave_representation_out,relative_power,179,-0.0003983822654334,0.006614717465842131
leave_representation_out,relative_power,180,-0.0043771621062822,0.0059164375547354296
leave_representation_out,relative_power,181,-0.001149761474922,0.00797098383268522
leave_representation_out,relative_power,182,0.0036913394721183,0.007592369148361689
leave_representation_out,relative_power,184,0.0013035672862603,0.0045002245923693
leave_representation_out,relative_power,185,0.0053050397877985,0.00595036033631619
leave_representation_out,relative_power,186,0.0006631299734748,0.006058384831998316
leave_representation_out,relative_power,187,-0.0013262599469495,0.006576915127166266
leave_representation_out,relative_power,188,0.0069414327641678,0.007257618112575581
leave_representation_out,relative_power,190,0.0178389527084951,0.004577815572009824
leave_representation_out,relative_power,191,0.0132852921301852,0.005954660400832331
leave_representation_out,relative_power,192,0.0186130245786729,0.006478925532517069
leave_representation_out,relative_power,193,0.0146115520771349,0.005872212256399365
leave_representation_out,relative_power,194,0.0188122157113898,0.006949016565275409
leave_representation_out,relative_power,340,0.020579721838408,0.017134757702851923
leave_representation_out,relative_power,341,0.006762412885397,0.020141278477389526
leave_representation_out,relative_power,342,0.0328917509656987,0.0219783051910105
leave_representation_out,relative_power,343,0.0334212463817813,0.02361308874361595
leave_representation_out,relative_power,344,0.0269235812044255,0.02610033092583443
leave_representation_out,relative_power,345,0.0204914726023942,0.01616703703461311
leave_representation_out,relative_power,346,0.0432824681546327,0.021452899937623046
leave_representation_out,relative_power,347,0.0299971760244475,0.024347641095374562
leave_representation_out,relative_power,348,0.0321630644168994,0.026591503850850393
leave_representation_out,relative_power,349,0.034175146998013,0.029877513558145035
leave_representation_out,relative_power,350,0.020690663735111,0.017388349230726925
leave_representation_out,relative_power,351,0.0506878397595585,0.01933793245020878
leave_representation_out,relative_power,352,0.0354787142842734,0.02340699274109117
leave_representation_out,relative_power,353,0.0411594436768161,0.02603325706423813
leave_representation_out,relative_power,354,0.0442103458361489,0.028161924820825184
leave_representation_out,relative_power,355,0.0450071103670159,0.01756315543861044
leave_representation_out,relative_power,356,0.0542455446742846,0.01953296615891099
leave_representation_out,relative_power,357,0.0608112878337081,0.021987284438802487
leave_representation_out,relative_power,358,0.0498255186533671,0.025318372223646392
leave_representation_out,relative_power,359,0.0511517786003166,0.026146700064866392
leave_representation_out,relative_power,360,0.0080685015784006,0.016260607124364394
leave_representation_out,relative_power,361,0.0190769634194309,0.02195387804064097
leave_representation_out,relative_power,362,0.0096166453187562,0.02384222168943924
leave_representation_out,relative_power,363,0.029134854918256,0.02634598512611308
leave_representation_out,relative_power,364,0.0167547478088976,0.028823892269968683
leave_representation_out,relative_power,366,0.0198938992042441,0.017831314488923927
leave_representation_out,relative_power,367,0.0174405704430615,0.020837835263461533
leave_representation_out,relative_power,368,0.0255090720214622,0.02267486197708251
leave_representation_out,relative_power,369,0.0199165918649333,0.024309645529687958
leave_representation_out,relative_power,370,0.0274984619418866,0.026796887711906442
leave_representation_out,relative_power,372,0.010057891498825,0.016863593820685117
leave_representation_out,relative_power,373,0.0247576928119737,0.022149456723695053
leave_representation_out,relative_power,374,0.0041779709735655,0.02504419788144657
leave_representation_out,relative_power,375,0.012798660628738,0.027288060636922403
leave_representation_out,relative_power,376,0.0236306239977408,0.030574070344217042
leave_representation_out,relative_power,378,0.0010615122389083,0.01808490601679893
leave_representation_out,relative_power,379,0.0178616453691844,0.020034489236280786
leave_representation_out,relative_power,380,0.0169993242629927,0.024103549527163176
leave_representation_out,relative_power,381,0.0224153059474943,0.026729813850310136
leave_representation_out,relative_power,382,0.0263058365523293,0.02885848160689719
leave_representation_out,relative_power,384,0.01394842210366,0.018259712224682447
leave_representation_out,relative_power,385,0.0107437141329891,0.020229522944983
leave_representation_out,relative_power,386,0.011981724843925,0.022683841224874494
leave_representation_out,relative_power,387,0.0183482768706316,0.0260149290097184
leave_representation_out,relative_power,388,0.0079802523423868,0.0268432568509384
leave_representation_out,relative_power,390,0.0169337676876683,0.016957163910436404
leave_representation_out,relative_power,391,0.0128440459501165,0.02265043482671298
leave_representation_out,relative_power,392,0.0300198686851368,0.024538778475511246
leave_representation_out,relative_power,393,0.0326723885790359,0.027042541912185088
leave_representation_out,relative_power,394,0.0295105445230002,0.02952044905604069
leave_representation_out,relative_power,540,-0.0067619937199411,0.0084711388905802
leave_representation_out,relative_power,541,0.0111441233753329,0.009381033175191407
leave_representation_out,relative_power,542,0.0067123097102428,0.00954333850172456
leave_representation_out,relative_power,543,0.0065036368695099,0.009827557795756618
leave_representation_out,relative_power,544,0.0074029174450495,0.00949280770138805
leave_representation_out,relative_power,545,0.0057981239317939,0.008542666857059459
leave_representation_out,relative_power,546,0.0078699471362136,0.008727937143600376
leave_representation_out,relative_power,547,0.0040144679836241,0.00909006207854074
leave_representation_out,relative_power,548,-0.0021513176199371,0.009303752474740273
leave_representation_out,relative_power,549,0.0055894510910609,0.009159354310065156
leave_representation_out,relative_power,550,-0.0086251440836281,0.004865357738646258
leave_representation_out,relative_power,551,-0.0049485273659525,0.0066643328206758366
leave_representation_out,relative_power,552,-0.0163659127946261,0.006791157312065074
leave_representation_out,relative_power,553,-0.000531618903772,0.006776540247814194
leave_representation_out,relative_power,554,-0.0031648714177829,0.006231158738648121
leave_representation_out,relative_power,555,-0.0157895782821256,0.006611072298507853
leave_representation_out,relative_power,556,-0.0079196311459119,0.007310077729403765
leave_representation_out,relative_power,557,2.9810405818953e-05,0.007159268041576166
leave_representation_out,relative_power,558,-0.018646408839779,0.008392922259996348
leave_representation_out,relative_power,559,-0.0123663500139115,0.008850217787850556
leave_representation_out,relative_power,560,0.0055397670813626,0.008312094358038626
leave_representation_out,relative_power,561,0.0161721451568027,0.00922418102968255
leave_representation_out,relative_power,562,0.0149350133153146,0.009524514139719942
leave_representation_out,relative_power,563,0.0075320958702651,0.009160117823721607
leave_representation_out,relative_power,564,0.0035325330895504,0.009385878144230541
leave_representation_out,relative_power,566,-0.0191432489367622,0.009167695676652206
leave_representation_out,relative_power,567,0.0,0.010077589961263416
leave_representation_out,relative_power,568,-0.0202512023530347,0.010239895287796568
leave_representation_out,relative_power,569,-0.0157547994753369,0.010524114581828625
leave_representation_out,relative_power,570,-0.0038703843554991,0.01018936448746006
leave_representation_out,relative_power,572,0.0092660678087364,0.009239223643131466
leave_representation_out,relative_power,573,0.0075320958702651,0.009424493929672385
leave_representation_out,relative_power,574,0.0062303748161691,0.009786618864612748
leave_representation_out,relative_power,575,0.0065036368695099,0.010000309260812282
leave_representation_out,relative_power,576,0.0113378910131562,0.009855911096137163
leave_representation_out,relative_power,578,0.0238831034619818,0.005561914524718265
leave_representation_out,relative_power,579,0.0236893358241583,0.007360889606747844
leave_representation_out,relative_power,580,0.0119490043324456,0.007487714098137082
leave_representation_out,relative_power,581,0.0256319806033626,0.007473097033886202
leave_representation_out,relative_power,582,0.0185669144242616,0.006927715524720129
leave_representation_out,relative_power,584,-0.0062154696132595,0.00730762908457986
leave_representation_out,relative_power,585,-0.0040641519933224,0.008006634515475772
leave_representation_out,relative_power,586,-0.0089779005524861,0.007855824827648173
leave_representation_out,relative_power,587,-0.0028916093644421,0.009089479046068355
leave_representation_out,relative_power,588,-0.014920108112405,0.009546774573922565
leave_representation_out,relative_power,590,-0.0019277395762947,0.009008651144110633
leave_representation_out,relative_power,591,0.008481060455503,0.009920737815754558
leave_representation_out,relative_power,592,0.0039995627807146,0.01022107092579195
leave_representation_out,relative_power,593,-0.0019277395762947,0.009856674609793614
leave_representation_out,relative_power,594,-0.003870384355499,0.010082434930302548
leave_representation_out,relative_power,740,0.0198636670773877,0.007558074821029631
leave_representation_out,relative_power,741,0.0099218967367543,0.011340432495759438
leave_representation_out,relative_power,742,0.0304463611431296,0.012665618723022453
leave_representation_out,relative_power,743,0.0058428395405222,0.014458245331918924
leave_representation_out,relative_power,744,0.0120086251440836,0.015782941552147357
leave_representation_out,relative_power,745,0.0061310067967725,0.008417817824410518
leave_representation_out,relative_power,746,-0.0104733892444055,0.010949912118818544
leave_representation_out,relative_power,747,0.0049435589649827,0.011004552188867948
leave_representation_out,relative_power,748,-4.968400969751485e-06,0.013416282552711841
leave_representation_out,relative_power,749,0.0041088676020509,0.01513718666068343
leave_representation_out,relative_power,750,-0.0158044834850352,0.007314235370941995
leave_representation_out,relative_power,751,-0.0146319408561548,0.009936023786958603
leave_representation_out,relative_power,752,-0.0071644341984976,0.011135341593143272
leave_representation_out,relative_power,753,-0.0067470885170317,0.011951222688754707
leave_representation_out,relative_power,754,-0.0030058825867483,0.014023928468419688
leave_representation_out,relative_power,755,0.0017339719384713,0.00807689070001418
leave_representation_out,relative_power,756,0.018258873564132,0.010001088944582202
leave_representation_out,relative_power,757,0.0319418498350491,0.013330493098649613
leave_representation_out,relative_power,758,0.005877618347311,0.013890457099109285
leave_representation_out,relative_power,759,0.0041287412059303,0.015138149872097106
leave_representation_out,relative_power,760,0.0084611868516236,0.008373038502096818
leave_representation_out,relative_power,761,0.0193668269804045,0.01098108782589523
leave_representation_out,relative_power,762,0.0209567152907508,0.012296463941256906
leave_representation_out,relative_power,763,0.0326473627727652,0.014551799810295295
leave_representation_out,relative_power,764,0.0185321356174729,0.015913119572539252
leave_representation_out,relative_power,766,-0.0019923287889026,0.008254631607101638
leave_representation_out,relative_power,767,0.0072091498072259,0.012036989281831445
leave_representation_out,relative_power,768,-0.0029412933741405,0.013362175509094458
leave_representation_out,relative_power,769,0.0041088676020508,0.015154802117990931
leave_representation_out,relative_power,770,0.0023103064509717,0.016479498338219364
leave_representation_out,relative_power,772,-0.002717715330498,0.009114374610482524
leave_representation_out,relative_power,773,0.0147561508804006,0.011646468904890551
leave_representation_out,relative_power,774,0.0082674192138002,0.011701108974939953
leave_representation_out,relative_power,775,0.0095045510552883,0.014112839338783847
leave_representation_out,relative_power,776,0.0148853293056162,0.015833743446755436
leave_representation_out,relative_power,778,0.0228844548670456,0.008010792157014002
leave_representation_out,relative_power,779,0.0291645136929131,0.010632580573030608
leave_representation_out,relative_power,780,0.021423744981915,0.011831898379215278
leave_representation_out,relative_power,781,0.0216821018323463,0.012647779474826714
leave_representation_out,relative_power,782,0.0339987678365594,0.014720485254491695
leave_representation_out,relative_power,784,-0.0061508804006518,0.008773447486086185
leave_representation_out,relative_power,785,0.0009638697881474,0.01069764573065421
leave_representation_out,relative_power,786,0.0075171906673556,0.014027049884721619
leave_representation_out,relative_power,787,0.01477602448428,0.014587013885181292
leave_representation_out,relative_power,788,0.0122222663857864,0.015834706658169113
leave_representation_out,relative_power,790,0.0054453674629356,0.009069595288168825
leave_representation_out,relative_power,791,0.0169770261139154,0.011677644611967235
leave_representation_out,relative_power,792,0.0297607218092927,0.012993020727328913
leave_representation_out,relative_power,793,0.0117254262888031,0.015248356596367302
leave_representation_out,relative_power,794,0.0144878572280296,0.01660967635861126
leave_representation_out,relative_power,940,0.025666522553682,-0.0008568929066150241
leave_representation_out,relative_power,941,0.0283398184176394,0.0018562326858985317
leave_representation_out,relative_power,942,-0.003047989623865,0.0011890116576911622
leave_representation_out,relative_power,943,0.0196425997982419,0.0025527129378628347
leave_representation_out,relative_power,944,0.007969448047269,0.002890503464414544
leave_representation_out,relative_power,945,-0.0184248450785415,-0.0013125207822121884
leave_representation_out,relative_power,946,-0.0162919729067588,0.0014546014601125676
leave_representation_out,relative_power,947,-0.0091655858192823,0.0025019830774860377
leave_representation_out,relative_power,948,-0.0150021616947687,0.0021765544526878046
leave_representation_out,relative_power,949,-0.0035163568237498,0.003087257831462558
leave_representation_out,relative_power,950,-0.020838737570255,-0.004138195161974643
leave_representation_out,relative_power,951,-0.0129629629629629,0.0012112197167063639
leave_representation_out,relative_power,952,-0.0203703703703703,0.002547132733564581
leave_representation_out,relative_power,953,-0.019174232598357,0.0027577637268161106
leave_representation_out,relative_power,954,-0.0248234615938895,0.00237859940001749
leave_representation_out,relative_power,955,0.0003746937599077,-0.005749556010415945
leave_representation_out,relative_power,956,0.0001873468799538,-0.0005053348496557777
leave_representation_out,relative_power,957,-0.0201830234904165,0.002110342026887011
leave_representation_out,relative_power,958,-0.0240740740740741,0.0016754811458708115
leave_representation_out,relative_power,959,0.0099149733390978,0.0020480384757009355
leave_representation_out,relative_power,960,0.0046404381034731,-0.003976785432339088
leave_representation_out,relative_power,961,0.0157515492145842,0.0005223530465449135
leave_representation_out,relative_power,962,0.0064922899553249,0.0004719479792701948
leave_representation_out,relative_power,963,0.0351131286928952,0.0011619485797515032
leave_representation_out,relative_power,964,0.0121415189508574,0.00117899130043473
leave_representation_out,relative_power,966,0.0477950713359274,-0.00016033612054302225
leave_representation_out,relative_power,967,0.0379737714368064,0.0025527894719705405
leave_representation_out,relative_power,968,0.041864822020464,0.0018855684437631727
leave_representation_out,relative_power,969,0.030566364029399,0.0032492697239348434
leave_representation_out,relative_power,970,0.0458495460440986,0.0035870602504865477
leave_representation_out,relative_power,972,-0.0108300907911802,-0.0006159639961401814
leave_representation_out,relative_power,973,-0.0052745352356247,0.0021511582461845764
leave_representation_out,relative_power,974,0.011392131431042,0.0031985398635580396
leave_representation_out,relative_power,975,0.0117668251909497,0.002873111238759815
leave_representation_out,relative_power,976,-0.0053682086756016,0.0037838146175345685
leave_representation_out,relative_power,978,-0.006117596195417,-0.003441638375902639
leave_representation_out,relative_power,979,-0.0170413604265743,0.0019077765027783675
leave_representation_out,relative_power,980,-0.0101023202190516,0.00324368951963659
leave_representation_out,relative_power,981,-0.0058365758754863,0.0034543205128881142
leave_representation_out,relative_power,982,-0.0020391987318055,0.0030751561860894935
leave_representation_out,relative_power,984,0.0028822596915982,-0.005052999224343942
leave_representation_out,relative_power,985,0.0118604986309266,0.00019122193641622418
leave_representation_out,relative_power,986,-0.0111111111111111,0.002806898812959013
leave_representation_out,relative_power,987,0.0115794783109957,0.002372037931942815
leave_representation_out,relative_power,988,0.0065859633953018,0.002744595261772939
leave_representation_out,relative_power,990,0.0115794783109958,-0.003280228646267088
leave_representation_out,relative_power,991,0.0003746937599077,0.0012189098326169153
leave_representation_out,relative_power,992,0.0077821011673151,0.0011685047653421966
leave_representation_out,relative_power,993,0.0136186770428015,0.0018585053658235137
leave_representation_out,relative_power,994,0.0265816400057645,0.0018755480865067405
leave_representation_out,relative_power,1140,0.011392131431042,0.000681293452255597
leave_representation_out,relative_power,1141,0.0321371955613201,0.00613402151367479
leave_representation_out,relative_power,1142,0.0191742325983571,0.008474439559891418
leave_representation_out,relative_power,1143,0.0103833405389826,0.012406484501760465
leave_representation_out,relative_power,1144,0.0172287073065283,0.015150585134197264
leave_representation_out,relative_power,1145,-0.0237209972618532,0.003858880803266492
leave_representation_out,relative_power,1146,0.0059302493154633,0.007949924866360192
leave_representation_out,relative_power,1147,-0.0136186770428016,0.010231616679808297
leave_representation_out,relative_power,1148,0.014533794494884,0.011924803571308356
leave_representation_out,relative_power,1149,0.0302853437094682,0.015557271864286671
leave_representation_out,relative_power,1150,0.0102896670990055,0.0032783971524949617
leave_representation_out,relative_power,1151,-0.0193399625306239,0.008565519780925563
leave_representation_out,relative_power,1152,-0.012775616083009,0.011474151997573952
leave_representation_out,relative_power,1153,0.0138060239227555,0.013466889323010376
leave_representation_out,relative_power,1154,0.0085314886871307,0.01574524189376488
leave_representation_out,relative_power,1155,-0.0037973771436806,0.0017183917684220514
leave_representation_out,relative_power,1156,0.0247297881539125,0.008043151558384648
leave_representation_out,relative_power,1157,0.0327929096411586,0.00858372318167356
leave_representation_out,relative_power,1158,0.0381611183167602,0.013039958758829124
leave_representation_out,relative_power,1159,0.0228779363020608,0.014543638307677083
leave_representation_out,relative_power,1160,0.0381611183167603,0.000821319702870648
leave_representation_out,relative_power,1161,0.0308473843493298,0.006552186109458893
leave_representation_out,relative_power,1162,0.0533506268914829,0.009453683328087052
leave_representation_out,relative_power,1163,0.0519671422395157,0.013295025077543017
leave_representation_out,relative_power,1164,0.0457558726041216,0.015228826141952588
leave_representation_out,relative_power,1166,0.0090719123793053,0.001377850238327604
leave_representation_out,relative_power,1167,0.0148148148148148,0.0068305782997467954
leave_representation_out,relative_power,1168,0.0183311716385645,0.009170996345963425
leave_representation_out,relative_power,1169,0.0033290099437959,0.013103041287832474
leave_representation_out,relative_power,1170,0.025644905605995,0.015847141920269273
leave_representation_out,relative_power,1172,0.0216817985300475,0.004555437589338497
leave_representation_out,relative_power,1173,0.037246000864678,0.008646481652432198
leave_representation_out,relative_power,1174,0.0411370514483355,0.010928173465880302
leave_representation_out,relative_power,1175,0.0489191526156507,0.012621360357380363
leave_representation_out,relative_power,1176,0.0414180717682663,0.016253828650358675
leave_representation_out,relative_power,1178,-0.0088845654993513,0.003974953938566967
leave_representation_out,relative_power,1179,0.0084378152471539,0.009262076566997571
leave_representation_out,relative_power,1180,0.0006557140798386,0.012170708783645961
leave_representation_out,relative_power,1181,0.0154705288946535,0.014163446109082383
leave_representation_out,relative_power,1182,0.0255728491137052,0.01644179867983689
leave_representation_out,relative_power,1184,0.0222222222222222,0.0024149485544940584
leave_representation_out,relative_power,1185,0.0177691309987029,0.008739708344456653
leave_representation_out,relative_power,1186,0.0273094105778929,0.009280279967745563
leave_representation_out,relative_power,1187,0.0334270067733102,0.013736515544901129
leave_representation_out,relative_power,1188,0.0330523130134024,0.01524019509374909
leave_representation_out,relative_power,1190,0.0212134313301628,0.001517876488942655
leave_representation_out,relative_power,1191,0.0339890474131718,0.007248742895530898
leave_representation_out,relative_power,1192,0.029089205937455,0.010150240114159059
leave_representation_out,relative_power,1193,0.0345510880530335,0.013991581863615023
leave_representation_out,relative_power,1194,0.0538189940913675,0.015925382928024593
leave_representation_out,relative_power,1340,0.004471544715447,0.013526969167519866
leave_representation_out,relative_power,1341,0.0003411730545876,0.018454995244417054
leave_representation_out,relative_power,1342,0.0086382113821138,0.02024156123749732
leave_representation_out,relative_power,1343,0.0190548780487804,0.020337489932514632
leave_representation_out,relative_power,1344,0.0017421602787456,0.019793402354459873
leave_representation_out,relative_power,1345,0.0435903019744482,0.017323403744988378
leave_representation_out,relative_power,1346,0.0237441927990708,0.01798149900949183
leave_representation_out,relative_power,1347,0.0275696864111497,0.020118727675543964
leave_representation_out,relative_power,1348,0.0279108594657374,0.02032896098001929
leave_representation_out,relative_power,1349,0.0293481416957026,0.02012798671880711
leave_representation_out,relative_power,1350,0.0174216027874564,0.01429418461468542
leave_representation_out,relative_power,1351,-0.0118176538908246,0.015504448455467272
leave_representation_out,relative_power,1352,-0.0090519744483159,0.018732253060836705
leave_representation_out,relative_power,1353,0.0024970963995354,0.01744950857268496
leave_representation_out,relative_power,1354,0.0344294425087107,0.018517326290599094
leave_representation_out,relative_power,1355,0.0556039488966318,0.010545266038893667
leave_representation_out,relative_power,1356,0.0504137630662021,0.015124152453237236
leave_representation_out,relative_power,1357,0.0552264808362369,0.015574983193724398
leave_representation_out,relative_power,1358,0.038900987224158,0.015440911491039494
leave_representation_out,relative_power,1359,0.05,0.015360744536903973
leave_representation_out,relative_power,1360,-0.0028019744483159,0.013731785914856295
leave_representation_out,relative_power,1361,0.0076146922183507,0.016705493085973678
leave_representation_out,relative_power,1362,-0.0038254936120789,0.01818944254507034
leave_representation_out,relative_power,1363,0.0201146922183507,0.017967396314369607
leave_representation_out,relative_power,1364,0.0020470383275261,0.017471271567030662
leave_representation_out,relative_power,1366,0.0115490708478513,0.014223525953591873
leave_representation_out,relative_power,1367,0.0153745644599303,0.01915155203048906
leave_representation_out,relative_power,1368,0.0115127758420441,0.020938118023569326
leave_representation_out,relative_power,1369,0.0094294425087108,0.021034046718586642
leave_representation_out,relative_power,1370,0.005640243902439,0.02048995914053188
leave_representation_out,relative_power,1372,0.00806475029036,0.018019960531060385
leave_representation_out,relative_power,1373,0.0028019744483159,0.018678055795563836
leave_representation_out,relative_power,1374,-0.0107941347270615,0.02081528446161597
leave_representation_out,relative_power,1375,0.0024608013937282,0.021025517766091302
leave_representation_out,relative_power,1376,-0.0017421602787456,0.02082454350487912
leave_representation_out,relative_power,1378,0.0202235772357723,0.014990741400757427
leave_representation_out,relative_power,1379,0.0128774680603949,0.01620100524153928
leave_representation_out,relative_power,1380,0.0233667247386759,0.01942880984690871
leave_representation_out,relative_power,1381,0.021588269454123,0.018146065358756968
leave_representation_out,relative_power,1382,0.0274970963995354,0.0192138830766711
leave_representation_out,relative_power,1384,0.0469657375145179,0.011241822824965674
leave_representation_out,relative_power,1385,0.0372314169570267,0.01582070923930924
leave_representation_out,relative_power,1386,0.0236716027874563,0.016271539979796405
leave_representation_out,relative_power,1387,0.0201872822299651,0.016137468277111502
leave_representation_out,relative_power,1388,0.0420804297328687,0.016057301322975982
leave_representation_out,relative_power,1390,0.0365127758420441,0.014428342700928302
leave_representation_out,relative_power,1391,0.0403745644599302,0.017402049872045685
leave_representation_out,relative_power,1392,0.0420804297328687,0.018885999331142347
leave_representation_out,relative_power,1393,0.0438225900116143,0.018663953100441614
leave_representation_out,relative_power,1394,0.0559814169570267,0.01816782835310267
leave_representation_out,relative_power,1540,0.0209422183507549,0.004926213779254951
leave_representation_out,relative_power,1541,0.0275333914053426,0.009302161567895192
leave_representation_out,relative_power,1542,0.0236353077816492,0.012664309186113417
leave_representation_out,relative_power,1543,0.0246951219512194,0.013177137822563991
leave_representation_out,relative_power,1544,0.0184451219512195,0.01652765838348427
leave_representation_out,relative_power,1545,0.0243539488966317,0.005469384676319192
leave_representation_out,relative_power,1546,0.0118176538908245,0.009042389349935143
leave_representation_out,relative_power,1547,0.0334059233449477,0.010798769032781756
leave_representation_out,relative_power,1548,0.0195412311265969,0.012036267779159268
leave_representation_out,relative_power,1549,0.0045078397212543,0.013355204822049766
leave_representation_out,relative_power,1550,0.0302990708478513,0.0038371524123218537
leave_representation_out,relative_power,1551,0.0376451800232288,0.007744549088919571
leave_representation_out,relative_power,1552,0.0358667247386759,0.011991240538956663
leave_representation_out,relative_power,1553,0.0289343786295005,0.012375888106744275
leave_representation_out,relative_power,1554,0.0313951800232287,0.014387585704436285
leave_representation_out,relative_power,1555,0.0570049361207898,0.0043046270017389025
leave_representation_out,relative_power,1556,0.0521559233449477,0.009917530208818182
leave_representation_out,relative_power,1557,0.0566637630662021,0.011325534661517539
leave_representation_out,relative_power,1558,0.0605255516840883,0.01321382847041833
leave_representation_out,relative_power,1559,0.0580284552845529,0.013583334867200864
leave_representation_out,relative_power,1560,0.0405705574912891,0.004411008495888234
leave_representation_out,relative_power,1561,0.0100391986062717,0.006507503457338491
leave_representation_out,relative_power,1562,0.0356852497096399,0.010870812847431108
leave_representation_out,relative_power,1563,0.0218205574912891,0.009446522477145497
leave_representation_out,relative_power,1564,0.0461382113821138,0.01349521616587538
leave_representation_out,relative_power,1566,-0.0020107433217189,0.0056227705653269545
leave_representation_out,relative_power,1567,-0.0027656794425087,0.0099987183539672
leave_representation_out,relative_power,1568,0.0156794425087107,0.013360865972185422
leave_representation_out,relative_power,1569,0.0006823461091753,0.013873694608635996
leave_representation_out,relative_power,1570,0.006663763066202,0.017224215169556273
leave_representation_out,relative_power,1572,0.0079921602787456,0.006165941462391198
leave_representation_out,relative_power,1573,0.0097706155632984,0.009738946136007148
leave_representation_out,relative_power,1574,0.0202235772357723,0.011495325818853762
leave_representation_out,relative_power,1575,0.022989256678281,0.012732824565231272
leave_representation_out,relative_power,1576,-0.0038254936120789,0.014051761608121771
leave_representation_out,relative_power,1578,0.0125,0.004533709198393859
leave_representation_out,relative_power,1579,0.0212470963995353,0.008441105874991577
leave_representation_out,relative_power,1580,0.0209059233449477,0.012687797325028668
leave_representation_out,relative_power,1581,0.0389372822299651,0.013072444892816278
leave_representation_out,relative_power,1582,0.0274970963995354,0.01508414249050829
leave_representation_out,relative_power,1584,0.0139372822299651,0.005001183787810906
leave_representation_out,relative_power,1585,0.0323461091753773,0.010614086994890188
leave_representation_out,relative_power,1586,0.0065911730545876,0.012022091447589544
leave_representation_out,relative_power,1587,0.027838269454123,0.013910385256490335
leave_representation_out,relative_power,1588,0.0459059233449477,0.014279891653272868
leave_representation_out,relative_power,1590,0.0420441347270614,0.005107565281960238
leave_representation_out,relative_power,1591,0.022575493612079,0.007204060243410497
leave_representation_out,relative_power,1592,0.0277656794425087,0.011567369633503116
leave_representation_out,relative_power,1593,0.0288254936120788,0.010143079263217503
leave_representation_out,relative_power,1594,0.0357578397212543,0.014191772951947386
leave_model_out,gpu_mlp,15,0.014170305897066,0.004331771834403645
leave_model_out,gpu_mlp,16,-0.0109202126050165,0.005401593540971399
leave_model_out,gpu_mlp,17,-0.0002647477080412,0.006241620869574884
leave_model_out,gpu_mlp,18,-0.0038678379441457,0.005957162166969423
leave_model_out,gpu_mlp,19,0.0021003318171273,0.006363508456740333
leave_model_out,gpu_mlp,20,0.0211772952365584,0.004775662036060342
leave_model_out,gpu_mlp,21,0.0162479450535042,0.00573542307372021
leave_model_out,gpu_mlp,22,0.0014372018436527,0.006516603512953814
leave_model_out,gpu_mlp,23,0.0077155046343455,0.006494507210427356
leave_model_out,gpu_mlp,24,0.0206477998204758,0.006765075231419785
leave_model_out,gpu_mlp,25,-0.0036030902361046,0.004749414048310063
leave_model_out,gpu_mlp,26,-0.0115833425784914,0.0058817895218414434
leave_model_out,gpu_mlp,27,0.001149761474922,0.0058317746321221095
leave_model_out,gpu_mlp,28,-0.0028290183659267,0.0066732610232498185
leave_model_out,gpu_mlp,29,-0.0059908624219624,0.006732136650188313
leave_model_out,gpu_mlp,30,0.0235196821010378,0.005003267852123433
leave_model_out,gpu_mlp,31,0.0086862462304969,0.0056406511778787465
leave_model_out,gpu_mlp,32,0.0179045092838195,0.005841086161367626
leave_model_out,gpu_mlp,33,0.0259074542868957,0.006174548672799436
leave_model_out,gpu_mlp,34,0.0141022279149983,0.006562051002159192
leave_model_out,gpu_mlp,35,-0.0010816834928544,0.0049236455034911
leave_model_out,gpu_mlp,36,-0.0067195489707617,0.005535080267752214
leave_model_out,gpu_mlp,37,-0.0131289649121038,0.005868521056118278
leave_model_out,gpu_mlp,38,0.0099923349235004,0.005834104351845219
leave_model_out,gpu_mlp,39,-0.0007059938881101,0.00634810409184944
leave_model_out,gpu_mlp,80,0.0110311545017195,0.006631633405362993
leave_model_out,gpu_mlp,81,0.003426591764077,0.007640411047603551
leave_model_out,gpu_mlp,82,0.0028517110266159,0.008419528576969783
leave_model_out,gpu_mlp,83,0.0004866315014472,0.008074414141021188
leave_model_out,gpu_mlp,84,0.0056151728172181,0.008419450895310434
leave_model_out,gpu_mlp,85,-0.0020120825811136,0.007014701930001293
leave_model_out,gpu_mlp,86,-0.0116942844751943,0.007900717893465147
leave_model_out,gpu_mlp,87,0.001502758418977,0.008608102118306085
leave_model_out,gpu_mlp,88,-0.007317122368912,0.008513865617648272
leave_model_out,gpu_mlp,89,-0.0057034220532319,0.008709492845456149
leave_model_out,gpu_mlp,90,-0.0122010872305876,0.006950198261489328
leave_model_out,gpu_mlp,91,-0.0152746820506096,0.008005959402493252
leave_model_out,gpu_mlp,92,-0.0084214985224556,0.007879124106216617
leave_model_out,gpu_mlp,93,-0.0168203043842219,0.00864612614684749
leave_model_out,gpu_mlp,94,-0.0139257294429708,0.008626129693726973
leave_model_out,gpu_mlp,95,-0.0051285413157708,0.007476161793436555
leave_model_out,gpu_mlp,96,-0.0160487539207874,0.008076526753956929
leave_model_out,gpu_mlp,97,-0.0059026131859486,0.008239870394532422
leave_model_out,gpu_mlp,98,-0.0025642706578854,0.008536403052258787
leave_model_out,gpu_mlp,99,-0.0062783027906929,0.008886705644918757
leave_model_out,gpu_mlp,100,-0.0166236346582485,0.007207799542189038
leave_model_out,gpu_mlp,101,-0.0135727324989157,0.007753283825042515
leave_model_out,gpu_mlp,102,-0.0200275337616363,0.008020861150485
leave_model_out,gpu_mlp,103,-0.0125339129206967,0.007920327159839716
leave_model_out,gpu_mlp,104,-0.0112959022097608,0.008368246327821882
leave_model_out,gpu_mlp,140,0.0106983288116105,0.00742217422229591
leave_model_out,gpu_mlp,141,0.0178818166231303,0.008466052201524604
leave_model_out,gpu_mlp,142,-0.0028088471119807,0.009280192865452258
leave_model_out,gpu_mlp,143,0.0182146423132394,0.008969955476175965
leave_model_out,gpu_mlp,144,0.0076474266522778,0.009350245213367168
leave_model_out,gpu_mlp,145,0.0078693104456838,0.007966437769234405
leave_model_out,gpu_mlp,146,0.0125112202600073,0.00891308857148165
leave_model_out,gpu_mlp,147,0.0103453318675554,0.00968114968371211
leave_model_out,gpu_mlp,148,0.0032047079706709,0.009646228457073412
leave_model_out,gpu_mlp,149,0.0096595092333914,0.009903473670388588
leave_model_out,gpu_mlp,150,0.0220169236820606,0.00787088440404924
leave_model_out,gpu_mlp,151,0.0220396163427498,0.008980914030593442
leave_model_out,gpu_mlp,152,0.0141476132363768,0.008908493188961565
leave_model_out,gpu_mlp,153,0.0112303456344362,0.00972825497786103
leave_model_out,gpu_mlp,154,0.0163135016288287,0.009764126248115648
leave_model_out,gpu_mlp,155,0.0084240199291988,0.00803116035233373
leave_model_out,gpu_mlp,156,0.0050856774011356,0.008634610176623682
leave_model_out,gpu_mlp,157,0.0082248287964821,0.008801044762441961
leave_model_out,gpu_mlp,158,0.0047099877963913,0.009100654907977112
leave_model_out,gpu_mlp,159,0.0136408104809835,0.009454057478695401
leave_model_out,gpu_mlp,160,0.0100805841595142,0.008148425945413009
leave_model_out,gpu_mlp,161,0.0093292049500257,0.008751817968039047
leave_model_out,gpu_mlp,162,0.0087543242125647,0.009077226626780285
leave_model_out,gpu_mlp,163,-0.0001764984720274,0.009034746838803294
leave_model_out,gpu_mlp,164,0.0175086484251294,0.00954068797246336
leave_model_out,gpu_mlp,215,0.0390162479450534,0.020887903532451676
leave_model_out,gpu_mlp,216,0.0337994573932688,0.024286824418700097
leave_model_out,gpu_mlp,217,0.0600599086242196,0.027318076761978696
leave_model_out,gpu_mlp,218,0.0464216195499793,0.030240315548079814
leave_model_out,gpu_mlp,219,0.0514392189690471,0.03349237083393159
leave_model_out,gpu_mlp,220,0.0273471775372916,0.020199114994754443
leave_model_out,gpu_mlp,221,0.0569888352109408,0.024474455428743845
leave_model_out,gpu_mlp,222,0.0452516868211112,0.027973758918866616
leave_model_out,gpu_mlp,223,0.0786300692882573,0.031237546663424594
leave_model_out,gpu_mlp,224,0.0677552420046192,0.034877080798993335
leave_model_out,gpu_mlp,225,0.0363864207118435,0.020669325933195294
leave_model_out,gpu_mlp,226,0.062735121178808,0.023827990943733474
leave_model_out,gpu_mlp,227,0.039989510947948,0.027674654080345862
leave_model_out,gpu_mlp,228,0.0632217526802553,0.031036045827025266
leave_model_out,gpu_mlp,229,0.0786956258635818,0.034263636438951056
leave_model_out,gpu_mlp,230,0.0685696563826889,0.020588508327572558
leave_model_out,gpu_mlp,231,0.0760632772236286,0.02363465513680232
leave_model_out,gpu_mlp,232,0.0661818841968311,0.026832501018996802
leave_model_out,gpu_mlp,233,0.0925986626458633,0.030282230968200048
leave_model_out,gpu_mlp,234,0.0846411029641658,0.0329889624068316
leave_model_out,gpu_mlp,235,0.0179272019445088,0.02018569733003195
leave_model_out,gpu_mlp,236,0.0429496424645237,0.024582267940883015
leave_model_out,gpu_mlp,237,0.0583806517332149,0.027732207602178777
leave_model_out,gpu_mlp,238,0.0412048289981946,0.031095278574116963
leave_model_out,gpu_mlp,239,0.0417570170749663,0.03443100028947053
leave_model_out,gpu_mlp,280,0.0417570170749664,0.0157000896599806
leave_model_out,gpu_mlp,281,0.0380001210275237,0.01814285702108395
leave_model_out,gpu_mlp,282,0.0602817924176256,0.02021267408556931
leave_model_out,gpu_mlp,283,0.0314116852074108,0.022190519245852164
leave_model_out,gpu_mlp,284,0.0611441135238172,0.024477599707980822
leave_model_out,gpu_mlp,285,0.0372512632247783,0.01511044397575848
leave_model_out,gpu_mlp,286,0.0410081592722211,0.018371908384335046
leave_model_out,gpu_mlp,287,0.0455845125112203,0.02085613866309878
leave_model_out,gpu_mlp,288,0.0478840354610644,0.023114166543036788
leave_model_out,gpu_mlp,289,0.0343339956228379,0.02573356379704518
leave_model_out,gpu_mlp,290,0.0190114068441064,0.015390885881133944
leave_model_out,gpu_mlp,291,0.0364746699478574,0.0175252484482375
leave_model_out,gpu_mlp,292,0.0305947494225978,0.020348643804002073
leave_model_out,gpu_mlp,293,0.0299316194491231,0.022692935101060782
leave_model_out,gpu_mlp,294,0.0250022692660689,0.024891929534636963
leave_model_out,gpu_mlp,295,0.0479697632903349,0.015480881156141128
leave_model_out,gpu_mlp,296,0.0406526409214228,0.017566311454424027
leave_model_out,gpu_mlp,297,0.0486328932638097,0.01980590155240252
leave_model_out,gpu_mlp,298,0.058955532470676,0.022310871800313936
leave_model_out,gpu_mlp,299,0.0660961563675606,0.024043904096294172
leave_model_out,gpu_mlp,300,0.0167572692156406,0.014833130326800463
leave_model_out,gpu_mlp,301,0.0115177860031668,0.01818395385016179
leave_model_out,gpu_mlp,302,0.010965597926395,0.02029100475904526
leave_model_out,gpu_mlp,303,0.01940978910954,0.022605994006918935
leave_model_out,gpu_mlp,304,0.0246492723220138,0.024901420599715094
leave_model_out,gpu_mlp,340,0.020579721838408,0.016067579880860567
leave_model_out,gpu_mlp,341,0.006762412885397,0.01849053743136008
leave_model_out,gpu_mlp,342,0.0328917509656987,0.020540435256643924
leave_model_out,gpu_mlp,343,0.0334212463817813,0.022498714250646017
leave_model_out,gpu_mlp,344,0.0269235812044255,0.024765802140459967
leave_model_out,gpu_mlp,345,0.0204914726023942,0.015816809568977054
leave_model_out,gpu_mlp,346,0.0432824681546327,0.019100835891888254
leave_model_out,gpu_mlp,347,0.0299971760244475,0.02160765472612034
leave_model_out,gpu_mlp,348,0.0321630644168994,0.02388806391041707
leave_model_out,gpu_mlp,349,0.034175146998013,0.026530162402401768
leave_model_out,gpu_mlp,350,0.020690663735111,0.016097823562402143
leave_model_out,gpu_mlp,351,0.0506878397595585,0.018254514248163673
leave_model_out,gpu_mlp,352,0.0354787142842734,0.021100215168633377
leave_model_out,gpu_mlp,353,0.0411594436768161,0.023466677592659295
leave_model_out,gpu_mlp,354,0.0442103458361489,0.025688093741294868
leave_model_out,gpu_mlp,355,0.0450071103670159,0.01620870724866942
leave_model_out,gpu_mlp,356,0.0542455446742846,0.01831808892811166
leave_model_out,gpu_mlp,357,0.0608112878337081,0.020581569059491656
leave_model_out,gpu_mlp,358,0.0498255186533671,0.02311009287336326
leave_model_out,gpu_mlp,359,0.0511517786003166,0.02486740021722123
leave_model_out,gpu_mlp,360,0.0080685015784006,0.01582245036082941
leave_model_out,gpu_mlp,361,0.0190769634194309,0.01923230799396838
leave_model_out,gpu_mlp,362,0.0096166453187562,0.021398231655004155
leave_model_out,gpu_mlp,363,0.029134854918256,0.023772386806655665
leave_model_out,gpu_mlp,364,0.0167547478088976,0.02612653973701555
leave_model_out,gpu_mlp,415,-0.017553360626416,0.005865161874411469
leave_model_out,gpu_mlp,416,0.0024096744703683,0.006405964131145088
leave_model_out,gpu_mlp,417,-0.0153523589967804,0.006703194899218784
leave_model_out,gpu_mlp,418,-0.0007551969474144,0.007040553017731316
leave_model_out,gpu_mlp,419,-0.0125253388449461,0.007175403925318591
leave_model_out,gpu_mlp,420,-0.0007402917445049,0.00587973683174021
leave_model_out,gpu_mlp,421,0.0188550816805119,0.006177978066415601
leave_model_out,gpu_mlp,422,0.026064231487738,0.0065336399218831834
leave_model_out,gpu_mlp,423,0.0060217019754361,0.006841148026633178
leave_model_out,gpu_mlp,424,0.0036617115147661,0.0070319268215412595
leave_model_out,gpu_mlp,425,0.0100510751619699,0.004512425237111782
leave_model_out,gpu_mlp,426,0.0074824118605667,0.005332342026891725
leave_model_out,gpu_mlp,427,0.0067272149131523,0.0056062916828317835
leave_model_out,gpu_mlp,428,0.0042380460272665,0.0058365031444551005
leave_model_out,gpu_mlp,429,-0.0147114352716721,0.005889831485134996
leave_model_out,gpu_mlp,430,0.000208672840733,0.005192956314081629
leave_model_out,gpu_mlp,431,-0.0082227036050717,0.0056556446634340105
leave_model_out,gpu_mlp,432,-0.0185023252116538,0.005843255107101571
leave_model_out,gpu_mlp,433,-0.0057335347191859,0.006478282972178779
leave_model_out,gpu_mlp,434,-0.0014308994793115,0.006864753034850077
leave_model_out,gpu_mlp,435,0.0091368893835208,0.0057007216503073225
leave_model_out,gpu_mlp,436,0.0066974045073333,0.00622527630183892
leave_model_out,gpu_mlp,437,0.0187408084582058,0.006550832832246478
leave_model_out,gpu_mlp,438,0.0117701418975317,0.006660842789756517
leave_model_out,gpu_mlp,439,0.0120284987479629,0.006961320750083993
leave_model_out,gpu_mlp,480,0.0155759370404229,0.007995050597642085
leave_model_out,gpu_mlp,481,0.0114024802257641,0.008445278127808216
leave_model_out,gpu_mlp,482,-0.0017836559481696,0.008651933956517208
leave_model_out,gpu_mlp,483,0.0060217019754362,0.008898566439279018
leave_model_out,gpu_mlp,484,0.0153672641996899,0.00894300334227277
leave_model_out,gpu_mlp,485,0.0067918041257601,0.00793426073548554
leave_model_out,gpu_mlp,486,0.0077059899042092,0.008134203095532686
leave_model_out,gpu_mlp,487,0.0048640645494653,0.008391648894997515
leave_model_out,gpu_mlp,488,-0.0010284590007552,0.008600855104319878
leave_model_out,gpu_mlp,489,-0.0054602726658452,0.008693356973687432
leave_model_out,gpu_mlp,490,-0.0095244246591677,0.006610529577412405
leave_model_out,gpu_mlp,491,-0.0088189117214516,0.0073292584032908885
leave_model_out,gpu_mlp,492,-0.0228546444612266,0.007502523678174104
leave_model_out,gpu_mlp,493,-0.0141500059620811,0.007631035860682636
leave_model_out,gpu_mlp,494,-0.0292936921181287,0.007584376552800051
leave_model_out,gpu_mlp,495,-0.0014607098851305,0.007584685908895827
leave_model_out,gpu_mlp,496,-0.0101007591716681,0.00799463604485905
leave_model_out,gpu_mlp,497,-0.0083816924361063,0.00812910412179503
leave_model_out,gpu_mlp,498,-0.0082376088079812,0.008711810049027897
leave_model_out,gpu_mlp,499,-0.0089928057553956,0.009044973259088217
leave_model_out,gpu_mlp,500,-0.0044964028776978,0.007814764043933504
leave_model_out,gpu_mlp,501,0.0053310942406295,0.008247229029395453
leave_model_out,gpu_mlp,502,0.0071296553917087,0.008480567353125749
leave_model_out,gpu_mlp,503,0.0063744584442942,0.008497942363629803
leave_model_out,gpu_mlp,504,0.0043672244524822,0.008706518819020084
leave_model_out,gpu_mlp,540,-0.0067619937199411,0.008883325802019023
leave_model_out,gpu_mlp,541,0.0111441233753329,0.009385633799961459
leave_model_out,gpu_mlp,542,0.0067123097102428,0.009644370218805156
leave_model_out,gpu_mlp,543,0.0065036368695099,0.00994316994212363
leave_model_out,gpu_mlp,544,0.0074029174450495,0.01003959489775866
leave_model_out,gpu_mlp,545,0.0057981239317939,0.00903770972221283
leave_model_out,gpu_mlp,546,0.0078699471362136,0.009318475601398753
leave_model_out,gpu_mlp,547,0.0040144679836241,0.009656676824688069
leave_model_out,gpu_mlp,548,-0.0021513176199371,0.009946709036917597
leave_model_out,gpu_mlp,549,0.0055894510910609,0.010120016378396251
leave_model_out,gpu_mlp,550,-0.0086251440836281,0.007603947296594689
leave_model_out,gpu_mlp,551,-0.0049485273659525,0.008394350930236705
leave_model_out,gpu_mlp,552,-0.0163659127946261,0.008638934308368516
leave_model_out,gpu_mlp,553,-0.000531618903772,0.008839483480250019
leave_model_out,gpu_mlp,554,-0.0031648714177829,0.008863648756765864
leave_model_out,gpu_mlp,555,-0.0157895782821256,0.008146448163334583
leave_model_out,gpu_mlp,556,-0.0079196311459119,0.00856079315041357
leave_model_out,gpu_mlp,557,2.9810405818953e-05,0.008699689757910512
leave_model_out,gpu_mlp,558,-0.018646408839779,0.00928675584663041
leave_model_out,gpu_mlp,559,-0.0123663500139115,0.00962436129440831
leave_model_out,gpu_mlp,560,0.0055397670813626,0.008904756769659508
leave_model_out,gpu_mlp,561,0.0161721451568027,0.009418080974109441
leave_model_out,gpu_mlp,562,0.0149350133153146,0.009732391381751478
leave_model_out,gpu_mlp,563,0.0075320958702651,0.00983110439450469
leave_model_out,gpu_mlp,564,0.0035325330895504,0.01012037485423007
leave_model_out,gpu_mlp,615,0.0094896458523788,0.015677779910889027
leave_model_out,gpu_mlp,616,0.0322300170912992,0.018679892969982542
leave_model_out,gpu_mlp,617,0.0205393696092849,0.020880519595474278
leave_model_out,gpu_mlp,618,0.0026332525140109,0.02316620625448753
leave_model_out,gpu_mlp,619,0.012172582376088,0.02543925035387283
leave_model_out,gpu_mlp,620,-0.0137823442903135,0.015673413826152706
leave_model_out,gpu_mlp,621,-0.006940856154855,0.01808021990475779
leave_model_out,gpu_mlp,622,0.0093753726300728,0.01968261032156284
leave_model_out,gpu_mlp,623,0.0023898008664891,0.0219289977275082
leave_model_out,gpu_mlp,624,-0.004193330418538,0.024187055888699537
leave_model_out,gpu_mlp,625,0.0275249413728685,0.015352093720576535
leave_model_out,gpu_mlp,626,0.0084760920545331,0.01786298734999703
leave_model_out,gpu_mlp,627,0.0283596327358003,0.019910907711956968
leave_model_out,gpu_mlp,628,0.0194463213959218,0.02177361222717203
leave_model_out,gpu_mlp,629,0.042459954688183,0.024171378597319097
leave_model_out,gpu_mlp,630,0.0009638697881473,0.015567399301522672
leave_model_out,gpu_mlp,631,0.0174241822012003,0.017940181330575396
leave_model_out,gpu_mlp,632,0.0241364919114432,0.02077705536035326
leave_model_out,gpu_mlp,633,0.0124309392265193,0.022624188204497953
leave_model_out,gpu_mlp,634,0.0268194284351525,0.024854504523656958
leave_model_out,gpu_mlp,635,0.0145325728367582,0.015750334516913586
leave_model_out,gpu_mlp,636,0.016460312413053,0.018262410658147096
leave_model_out,gpu_mlp,637,0.0085903652768393,0.02035643094633733
leave_model_out,gpu_mlp,638,0.0524166302317262,0.022728314080881648
leave_model_out,gpu_mlp,639,0.0349924480305259,0.024857734057250027
leave_model_out,gpu_mlp,680,0.0196698994395643,0.010886505803293417
leave_model_out,gpu_mlp,681,0.0287769784172662,0.01318918607842744
leave_model_out,gpu_mlp,682,0.0318424818156524,0.014690741559858512
leave_model_out,gpu_mlp,683,0.0350719424460431,0.016303929610062568
leave_model_out,gpu_mlp,684,0.0216622282284669,0.017849219483098713
leave_model_out,gpu_mlp,685,-0.0030207877896578,0.010947839112639817
leave_model_out,gpu_mlp,686,-0.0053161890377201,0.012726491022524032
leave_model_out,gpu_mlp,687,-0.0195605946182281,0.013699629647794767
leave_model_out,gpu_mlp,688,-0.0026829365237092,0.015365993456193976
leave_model_out,gpu_mlp,689,0.0148704241027067,0.016950013240316204
leave_model_out,gpu_mlp,690,0.0002384832465519,0.010458622698746246
leave_model_out,gpu_mlp,691,-0.0028916093644422,0.012297049739326773
leave_model_out,gpu_mlp,692,-0.0036120275050678,0.013672307831132532
leave_model_out,gpu_mlp,693,-0.0054453674629357,0.014886821698940707
leave_model_out,gpu_mlp,694,0.0080786199769465,0.016585425002194627
leave_model_out,gpu_mlp,695,-0.0121576771731785,0.010796936597835987
leave_model_out,gpu_mlp,696,0.0021364124170277,0.012472121943497649
leave_model_out,gpu_mlp,697,-0.0073383282324416,0.014608897301459147
leave_model_out,gpu_mlp,698,0.0043374140466632,0.015790865876043447
leave_model_out,gpu_mlp,699,0.0236247466115505,0.017292440201399653
leave_model_out,gpu_mlp,700,0.0034828490798521,0.010718257922024233
leave_model_out,gpu_mlp,701,0.0151436861560474,0.012546369693243204
leave_model_out,gpu_mlp,702,0.0169422473071266,0.013955145941364325
leave_model_out,gpu_mlp,703,0.0294377757462537,0.01565346413611837
leave_model_out,gpu_mlp,704,0.0136183870583091,0.017089233930287752
leave_model_out,gpu_mlp,740,0.0198636670773877,0.011262211627036826
leave_model_out,gpu_mlp,741,0.0099218967367543,0.013550400891453459
leave_model_out,gpu_mlp,742,0.0304463611431296,0.015037472854706477
leave_model_out,gpu_mlp,743,0.0058428395405222,0.016636727922683822
leave_model_out,gpu_mlp,744,0.0120086251440836,0.01816694001478732
leave_model_out,gpu_mlp,745,0.0061310067967725,0.011646124676807304
leave_model_out,gpu_mlp,746,-0.0104733892444055,0.013438754982657493
leave_model_out,gpu_mlp,747,0.0049435589649827,0.014425896429436641
leave_model_out,gpu_mlp,748,-4.968400969751485e-06,0.01610516757797596
leave_model_out,gpu_mlp,749,0.0041088676020509,0.017704186825287484
leave_model_out,gpu_mlp,750,-0.0158044834850352,0.011157168684532566
leave_model_out,gpu_mlp,751,-0.0146319408561548,0.013010254397349388
leave_model_out,gpu_mlp,752,-0.0071644341984976,0.014400175426924176
leave_model_out,gpu_mlp,753,-0.0067470885170317,0.015628818791133592
leave_model_out,gpu_mlp,754,-0.0030058825867483,0.017342662706199895
leave_model_out,gpu_mlp,755,0.0017339719384713,0.01151635692801053
leave_model_out,gpu_mlp,756,0.018258873564132,0.013208933880737345
leave_model_out,gpu_mlp,757,0.0319418498350491,0.015363163222206728
leave_model_out,gpu_mlp,758,0.005877618347311,0.01656171483952245
leave_model_out,gpu_mlp,759,0.0041287412059303,0.01808145724782665
leave_model_out,gpu_mlp,760,0.0084611868516236,0.011689485755582249
leave_model_out,gpu_mlp,761,0.0193668269804045,0.01355620841865688
leave_model_out,gpu_mlp,762,0.0209567152907508,0.015003667798072225
leave_model_out,gpu_mlp,763,0.0326473627727652,0.016740009820072493
leave_model_out,gpu_mlp,764,0.0185321356174729,0.018214937285817627
leave_model_out,gpu_mlp,815,0.0362155930249316,0.006378975437883589
leave_model_out,gpu_mlp,816,0.0232526300619685,0.007944951877843115
leave_model_out,gpu_mlp,817,0.0402939904885429,0.008413596005297258
leave_model_out,gpu_mlp,818,0.028901859057501,0.009526071534640936
leave_model_out,gpu_mlp,819,0.01779074794639,0.010333374819180422
leave_model_out,gpu_mlp,820,0.0290892059374549,0.006000605557360443
leave_model_out,gpu_mlp,821,-0.011204784551088,0.0075804702693369995
leave_model_out,gpu_mlp,822,0.0140870442426862,0.008597576552182963
leave_model_out,gpu_mlp,823,0.0023202190517365,0.009159410953070294
leave_model_out,gpu_mlp,824,0.028808185617524,0.010144005618377298
leave_model_out,gpu_mlp,825,0.0,0.00491589423465855
leave_model_out,gpu_mlp,826,-0.0131503098429168,0.007298883194073626
leave_model_out,gpu_mlp,827,-0.0132439832828938,0.008373022577765066
leave_model_out,gpu_mlp,828,-0.0114858048710189,0.009069324179311812
leave_model_out,gpu_mlp,829,0.0091655858192822,0.009599771111038097
leave_model_out,gpu_mlp,830,-0.017581784118749,0.004323614290095017
leave_model_out,gpu_mlp,831,-0.016010952586828,0.006627091986936699
leave_model_out,gpu_mlp,832,-0.0118388816832396,0.00807505705272498
leave_model_out,gpu_mlp,833,-0.0067516933275688,0.00850755367757787
leave_model_out,gpu_mlp,834,-0.0231373396743046,0.009246079023991008
leave_model_out,gpu_mlp,835,-0.0115794783109957,0.005191135226917968
leave_model_out,gpu_mlp,836,0.0136186770428016,0.007324615667075646
leave_model_out,gpu_mlp,837,-0.0019455252918287,0.007976111475082082
leave_model_out,gpu_mlp,838,0.0175097276264591,0.00888036413352468
leave_model_out,gpu_mlp,839,0.0134313301628476,0.009537827694032372
leave_model_out,gpu_mlp,880,-0.0078757746072921,0.008399308038572481
leave_model_out,gpu_mlp,881,-0.0099149733390979,0.00975811447251277
leave_model_out,gpu_mlp,882,-0.0078757746072921,0.01001836780449626
leave_model_out,gpu_mlp,883,-0.0039847240236345,0.010927878858016736
leave_model_out,gpu_mlp,884,-0.0152831820146995,0.011523384282996884
leave_model_out,gpu_mlp,885,-0.0168540135466205,0.008001482261125343
leave_model_out,gpu_mlp,886,-0.0263942931258106,0.009349689299182217
leave_model_out,gpu_mlp,887,-0.0112984579910649,0.010135974466714128
leave_model_out,gpu_mlp,888,-0.0052745352356247,0.01046971869961924
leave_model_out,gpu_mlp,889,-0.0091655858192822,0.011219387304097557
leave_model_out,gpu_mlp,890,0.0113921314310418,0.0069396898078876185
leave_model_out,gpu_mlp,891,0.0003746937599077,0.009095998280364335
leave_model_out,gpu_mlp,892,0.0024138924917135,0.00994388567191657
leave_model_out,gpu_mlp,893,-0.0072200605274534,0.010417904959320028
leave_model_out,gpu_mlp,894,0.0178844213863669,0.010716753466875107
leave_model_out,gpu_mlp,895,0.0126098861507421,0.006662838699263263
leave_model_out,gpu_mlp,896,0.0145554114425709,0.008843713098569806
leave_model_out,gpu_mlp,897,0.0315030984291684,0.01016889066033903
leave_model_out,gpu_mlp,898,0.0182591151462745,0.010483045950530678
leave_model_out,gpu_mlp,899,0.0167819570543305,0.011094374915334666
leave_model_out,gpu_mlp,900,0.017697074506413,0.006909626907623071
leave_model_out,gpu_mlp,901,0.0006557140798386,0.008739841015362088
leave_model_out,gpu_mlp,902,0.0229716097420377,0.00908793294978511
leave_model_out,gpu_mlp,903,0.0041720709035883,0.009683546388865419
leave_model_out,gpu_mlp,904,0.0272373540856031,0.010044877494345343
leave_model_out,gpu_mlp,940,0.025666522553682,0.008277945510750234
leave_model_out,gpu_mlp,941,0.0283398184176394,0.00945116293826027
leave_model_out,gpu_mlp,942,-0.003047989623865,0.009524733644588883
leave_model_out,gpu_mlp,943,0.0196425997982419,0.010252423129763377
leave_model_out,gpu_mlp,944,0.007969448047269,0.010658193780511669
leave_model_out,gpu_mlp,945,-0.0184248450785415,0.008219668491793185
leave_model_out,gpu_mlp,946,-0.0162919729067588,0.009470799548525397
leave_model_out,gpu_mlp,947,-0.0091655858192823,0.010160359294013512
leave_model_out,gpu_mlp,948,-0.0150021616947687,0.010398522506386329
leave_model_out,gpu_mlp,949,-0.0035163568237498,0.01104974551436094
leave_model_out,gpu_mlp,950,-0.020838737570255,0.0073622146334652305
leave_model_out,gpu_mlp,951,-0.0129629629629629,0.009484351283688627
leave_model_out,gpu_mlp,952,-0.0203703703703703,0.010298131448084853
leave_model_out,gpu_mlp,953,-0.019174232598357,0.010738641932716824
leave_model_out,gpu_mlp,954,-0.0248234615938895,0.011002577244646553
leave_model_out,gpu_mlp,955,0.0003746937599077,0.0068635910659096515
leave_model_out,gpu_mlp,956,0.0001873468799538,0.008945521157426297
leave_model_out,gpu_mlp,957,-0.0201830234904165,0.010171605751594596
leave_model_out,gpu_mlp,958,-0.0240740740740741,0.010390256257849794
leave_model_out,gpu_mlp,959,0.0099149733390978,0.010898934166893307
leave_model_out,gpu_mlp,960,0.0046404381034731,0.007414641761782024
leave_model_out,gpu_mlp,961,0.0157515492145842,0.00923693691073239
leave_model_out,gpu_mlp,962,0.0064922899553249,0.009577106294860884
leave_model_out,gpu_mlp,963,0.0351131286928952,0.010164660477118323
leave_model_out,gpu_mlp,964,0.0121415189508574,0.010518258905223076
leave_model_out,gpu_mlp,1015,0.0095402795791901,0.015463723062371357
leave_model_out,gpu_mlp,1016,0.0216817985300475,0.021913979594121502
leave_model_out,gpu_mlp,1017,0.0270500072056493,0.027345681743181405
leave_model_out,gpu_mlp,1018,0.0326055627612048,0.03307920281866814
leave_model_out,gpu_mlp,1019,0.0419584954604409,0.03885334194165088
leave_model_out,gpu_mlp,1020,0.0524138924917135,0.016772904764626423
leave_model_out,gpu_mlp,1021,0.0316688283614353,0.022897285192830796
leave_model_out,gpu_mlp,1022,0.0444444444444444,0.028439138170193164
leave_model_out,gpu_mlp,1023,0.0904813373684968,0.033707967451954035
leave_model_out,gpu_mlp,1024,0.0641807176826632,0.039751689805366704
leave_model_out,gpu_mlp,1025,-0.0172287073065284,0.016742151683293644
leave_model_out,gpu_mlp,1026,-0.0110174376711342,0.023332814238615027
leave_model_out,gpu_mlp,1027,0.0053682086756016,0.029167327080326856
leave_model_out,gpu_mlp,1028,-0.0078757746072921,0.03454336815727431
leave_model_out,gpu_mlp,1029,0.0038910505836575,0.04030081342972098
leave_model_out,gpu_mlp,1030,0.01434644761493,0.015291507020237564
leave_model_out,gpu_mlp,1031,0.0430609597924772,0.02188092299868346
leave_model_out,gpu_mlp,1032,0.0599149733390979,0.02660664753961801
leave_model_out,gpu_mlp,1033,0.0789018590575011,0.032445964477027106
leave_model_out,gpu_mlp,1034,0.0420305519527309,0.03759599039229413
leave_model_out,gpu_mlp,1035,-0.0206513906903011,0.015474890932108947
leave_model_out,gpu_mlp,1036,0.019361579478311,0.021974544662751776
leave_model_out,gpu_mlp,1037,0.0214007782101167,0.027533448300733808
leave_model_out,gpu_mlp,1038,0.0056492289955325,0.03339752340985605
leave_model_out,gpu_mlp,1039,-0.0054618821155785,0.03865737264642697
leave_model_out,gpu_mlp,1080,0.0168540135466204,0.008607043470134211
leave_model_out,gpu_mlp,1081,0.0179564778786567,0.012496650524164057
leave_model_out,gpu_mlp,1082,0.0164793197867128,0.015370186330248364
leave_model_out,gpu_mlp,1083,0.0179564778786567,0.018664294636043386
leave_model_out,gpu_mlp,1084,0.0411154345006483,0.02176471138499144
leave_model_out,gpu_mlp,1085,-0.0116731517509727,0.00917729556555644
leave_model_out,gpu_mlp,1086,0.0088845654993515,0.012515709213899696
leave_model_out,gpu_mlp,1087,0.0173223807465052,0.015267538190297815
leave_model_out,gpu_mlp,1088,0.0074074074074074,0.017793604735154223
leave_model_out,gpu_mlp,1089,0.0280587980977086,0.021011385831738675
leave_model_out,gpu_mlp,1090,-0.0059302493154633,0.009340471024473763
leave_model_out,gpu_mlp,1091,0.0033290099437959,0.013172153574524444
leave_model_out,gpu_mlp,1092,0.0349041648652543,0.016237039099738892
leave_model_out,gpu_mlp,1093,0.0437166738723159,0.018934169236537256
leave_model_out,gpu_mlp,1094,0.0374117307969448,0.02184928215625503
leave_model_out,gpu_mlp,1095,-0.0170413604265745,0.008723835408875953
leave_model_out,gpu_mlp,1096,0.012775616083009,0.012828233871006204
leave_model_out,gpu_mlp,1097,0.0322308690012969,0.015057496926363042
leave_model_out,gpu_mlp,1098,0.0341763942931257,0.018489338803408428
leave_model_out,gpu_mlp,1099,0.0213071047701396,0.021082263501721307
leave_model_out,gpu_mlp,1100,-0.0082504683671998,0.00788409831771347
leave_model_out,gpu_mlp,1101,0.0169476869865975,0.011636801505804196
leave_model_out,gpu_mlp,1102,0.0152831820146995,0.01445996951652485
leave_model_out,gpu_mlp,1103,0.0011024643320363,0.017588925341870704
leave_model_out,gpu_mlp,1104,-0.0151895085747225,0.020103414460729135
leave_model_out,gpu_mlp,1140,0.011392131431042,0.00881321142887892
leave_model_out,gpu_mlp,1141,0.0321371955613201,0.012615980871286521
leave_model_out,gpu_mlp,1142,0.0191742325983571,0.015402763274654348
leave_model_out,gpu_mlp,1143,0.0103833405389826,0.018614145389096764
leave_model_out,gpu_mlp,1144,0.0172287073065283,0.021623889960098452
leave_model_out,gpu_mlp,1145,-0.0237209972618532,0.009884788867543542
leave_model_out,gpu_mlp,1146,0.0059302493154633,0.013270479182806948
leave_model_out,gpu_mlp,1147,-0.0136186770428016,0.016069653675435308
leave_model_out,gpu_mlp,1148,0.014533794494884,0.018642263733046775
leave_model_out,gpu_mlp,1149,0.0302853437094682,0.02190799984636034
leave_model_out,gpu_mlp,1150,0.0102896670990055,0.009624907872269033
leave_model_out,gpu_mlp,1151,-0.0193399625306239,0.013389322597296093
leave_model_out,gpu_mlp,1152,-0.012775616083009,0.016386680701017498
leave_model_out,gpu_mlp,1153,0.0138060239227555,0.019018495209565004
leave_model_out,gpu_mlp,1154,0.0085314886871307,0.021864308056430824
leave_model_out,gpu_mlp,1155,-0.0037973771436806,0.008890447084714608
leave_model_out,gpu_mlp,1156,0.0247297881539125,0.012897408689822146
leave_model_out,gpu_mlp,1157,0.0327929096411586,0.015028786173252078
leave_model_out,gpu_mlp,1158,0.0381611183167602,0.018366231611760403
leave_model_out,gpu_mlp,1159,0.0228779363020608,0.02085889307086749
leave_model_out,gpu_mlp,1160,0.0381611183167603,0.008573173804567196
leave_model_out,gpu_mlp,1161,0.0308473843493298,0.012367620547773985
leave_model_out,gpu_mlp,1162,0.0533506268914829,0.015232361688105291
leave_model_out,gpu_mlp,1163,0.0519671422395157,0.018402881276905456
leave_model_out,gpu_mlp,1164,0.0457558726041216,0.020959089782266096
leave_model_out,gpu_mlp,1215,0.0337108013937281,0.014126799512272054
leave_model_out,gpu_mlp,1216,0.036512775842044,0.016487088469442995
leave_model_out,gpu_mlp,1217,0.0235990127758419,0.017915348676914945
leave_model_out,gpu_mlp,1218,0.0462108013937281,0.01869259082859537
leave_model_out,gpu_mlp,1219,0.0392421602787456,0.019323980780595523
leave_model_out,gpu_mlp,1220,0.0632912311265969,0.015092510280347228
leave_model_out,gpu_mlp,1221,0.0605255516840882,0.016126906953008557
leave_model_out,gpu_mlp,1222,0.0549578977932636,0.017638895393349646
leave_model_out,gpu_mlp,1223,0.0489764808362368,0.01851809675364375
leave_model_out,gpu_mlp,1224,0.0778745644599302,0.019275249299732844
leave_model_out,gpu_mlp,1225,0.0028019744483158,0.013887631622815293
leave_model_out,gpu_mlp,1226,-0.0048853077816493,0.01494021185262609
leave_model_out,gpu_mlp,1227,0.0240127758420442,0.016645045862425326
leave_model_out,gpu_mlp,1228,0.0093568524970962,0.016841531638912378
leave_model_out,gpu_mlp,1229,0.0101117886178861,0.017886713656062845
leave_model_out,gpu_mlp,1230,0.0466245644599303,0.012088213487196478
leave_model_out,gpu_mlp,1231,0.0274970963995354,0.014213422327146919
leave_model_out,gpu_mlp,1232,0.0452235772357723,0.015006234716372645
leave_model_out,gpu_mlp,1233,0.0351480836236933,0.015601311156677242
leave_model_out,gpu_mlp,1234,0.0514735772357723,0.01621360905091152
leave_model_out,gpu_mlp,1235,0.0218568524970964,0.013833996423863501
leave_model_out,gpu_mlp,1236,0.0190548780487804,0.015635952800451484
leave_model_out,gpu_mlp,1237,0.0315548780487804,0.01693750922872119
leave_model_out,gpu_mlp,1238,0.0392058652729385,0.017709856692983715
leave_model_out,gpu_mlp,1239,0.0375362950058072,0.01836723339274471
leave_model_out,gpu_mlp,1280,-0.0146196283391405,0.015671465230958425
leave_model_out,gpu_mlp,1281,0.0281794425087107,0.01780250808022532
leave_model_out,gpu_mlp,1282,0.0138646922183507,0.018973730685996493
leave_model_out,gpu_mlp,1283,0.0097343205574912,0.019524369612247697
leave_model_out,gpu_mlp,1284,0.0066274680603948,0.019910119045714166
leave_model_out,gpu_mlp,1285,-0.0031068524970964,0.016572690674765918
leave_model_out,gpu_mlp,1286,3.629500580726308e-05,0.017327044668810035
leave_model_out,gpu_mlp,1287,-0.0006460511033681,0.018560467479517596
leave_model_out,gpu_mlp,1288,-0.0003048780487804,0.019162794585224158
leave_model_out,gpu_mlp,1289,0.0143147502903601,0.019638999610279803
leave_model_out,gpu_mlp,1290,0.0212470963995353,0.015390571387313742
leave_model_out,gpu_mlp,1291,0.035489256678281,0.016210036967109265
leave_model_out,gpu_mlp,1292,0.0341245644599302,0.017683555851564975
leave_model_out,gpu_mlp,1293,0.013937282229965,0.017662454779179316
leave_model_out,gpu_mlp,1294,0.019163763066202,0.01846070654899688
leave_model_out,gpu_mlp,1295,-0.0031794425087108,0.014229560031399368
leave_model_out,gpu_mlp,1296,-0.0052264808362369,0.01622422970172348
leave_model_out,gpu_mlp,1297,0.0148882113821138,0.016883913012293104
leave_model_out,gpu_mlp,1298,0.011099012775842,0.017347337902834655
leave_model_out,gpu_mlp,1299,0.0190548780487804,0.01782805458277745
leave_model_out,gpu_mlp,1300,0.0090882694541231,0.014926650573228954
leave_model_out,gpu_mlp,1301,0.0031794425087107,0.016350172231722915
leave_model_out,gpu_mlp,1302,0.043140243902439,0.01728011763036803
leave_model_out,gpu_mlp,1303,0.0076872822299651,0.017668761064953912
leave_model_out,gpu_mlp,1304,0.0004137630662021,0.017954095864802684
leave_model_out,gpu_mlp,1340,0.004471544715447,0.015123986269976318
leave_model_out,gpu_mlp,1341,0.0003411730545876,0.017049663689124132
leave_model_out,gpu_mlp,1342,0.0086382113821138,0.017990624424311426
leave_model_out,gpu_mlp,1343,0.0190548780487804,0.018338265492574474
leave_model_out,gpu_mlp,1344,0.0017421602787456,0.018503962898965914
leave_model_out,gpu_mlp,1345,0.0435903019744482,0.016572679492213423
leave_model_out,gpu_mlp,1346,0.0237441927990708,0.01720968180358037
leave_model_out,gpu_mlp,1347,0.0275696864111497,0.01832637188792302
leave_model_out,gpu_mlp,1348,0.0279108594657374,0.018812675036758902
leave_model_out,gpu_mlp,1349,0.0293481416957026,0.01917114920557488
leave_model_out,gpu_mlp,1350,0.0174216027874564,0.01573457779978951
leave_model_out,gpu_mlp,1351,-0.0118176538908246,0.016518901614660495
leave_model_out,gpu_mlp,1352,-0.0090519744483159,0.017957550010462748
leave_model_out,gpu_mlp,1353,0.0024970963995354,0.01790364797128562
leave_model_out,gpu_mlp,1354,0.0344294425087107,0.0186646752907996
leave_model_out,gpu_mlp,1355,0.0556039488966318,0.014270619398187172
leave_model_out,gpu_mlp,1356,0.0504137630662021,0.01615994028884699
leave_model_out,gpu_mlp,1357,0.0552264808362369,0.016712184690356593
leave_model_out,gpu_mlp,1358,0.038900987224158,0.017069363079191782
leave_model_out,gpu_mlp,1359,0.05,0.017443890020131074
leave_model_out,gpu_mlp,1360,-0.0028019744483159,0.015415323416787703
leave_model_out,gpu_mlp,1361,0.0076146922183507,0.016828963302673146
leave_model_out,gpu_mlp,1362,-0.0038254936120789,0.01774920511040022
leave_model_out,gpu_mlp,1363,0.0201146922183507,0.018127829178926528
leave_model_out,gpu_mlp,1364,0.0020470383275261,0.01840344913687524
leave_model_out,gpu_mlp,1415,-0.0044715447154471,0.01736286978881512
leave_model_out,gpu_mlp,1416,-0.0076146922183507,0.022240913337728853
leave_model_out,gpu_mlp,1417,0.0104529616724737,0.026779357343132713
leave_model_out,gpu_mlp,1418,0.002424506387921,0.030276889833429174
leave_model_out,gpu_mlp,1419,0.0031431475029035,0.034947983221331066
leave_model_out,gpu_mlp,1420,0.0437862950058071,0.017570418818679972
leave_model_out,gpu_mlp,1421,0.0323461091753773,0.022223456857823724
leave_model_out,gpu_mlp,1422,0.0521559233449476,0.026302818073761194
leave_model_out,gpu_mlp,1423,0.0462470963995353,0.030223674571522537
leave_model_out,gpu_mlp,1424,0.0462108013937282,0.03409947024397043
leave_model_out,gpu_mlp,1425,-0.0239764808362369,0.016875473397310096
leave_model_out,gpu_mlp,1426,0.0031431475029035,0.02162275965961317
leave_model_out,gpu_mlp,1427,0.008674506387921,0.026460687056958122
leave_model_out,gpu_mlp,1428,-0.0003411730545876,0.02970720350500612
leave_model_out,gpu_mlp,1429,-0.0125,0.034187547516608754
leave_model_out,gpu_mlp,1430,0.0219294425087108,0.016853178814763344
leave_model_out,gpu_mlp,1431,0.0174216027874564,0.02180218708438545
leave_model_out,gpu_mlp,1432,0.0278019744483159,0.02537594250138653
leave_model_out,gpu_mlp,1433,0.0368539488966318,0.029040675452517074
leave_model_out,gpu_mlp,1434,0.0403019744483159,0.03235875351101848
leave_model_out,gpu_mlp,1435,0.0197009291521487,0.017127814125996208
leave_model_out,gpu_mlp,1436,-0.0088196864111498,0.021043218743224054
leave_model_out,gpu_mlp,1437,-0.0095020325203252,0.02570160043212037
leave_model_out,gpu_mlp,1438,-0.0168118466898954,0.028318901661188247
leave_model_out,gpu_mlp,1439,0.0037166085946573,0.03301450787017567
leave_model_out,gpu_mlp,1480,0.0156794425087107,0.011042783633812742
leave_model_out,gpu_mlp,1481,-0.002424506387921,0.014029356831385247
leave_model_out,gpu_mlp,1482,0.0101480836236933,0.016681422069145833
leave_model_out,gpu_mlp,1483,0.0219657375145179,0.01835425362399732
leave_model_out,gpu_mlp,1484,0.0122314169570266,0.02106421619008606
leave_model_out,gpu_mlp,1485,0.016325493612079,0.010685741591149838
leave_model_out,gpu_mlp,1486,0.0051538908246225,0.013310176138932102
leave_model_out,gpu_mlp,1487,-0.010111788617886,0.015350352767699636
leave_model_out,gpu_mlp,1488,0.0128411730545877,0.017225889328089106
leave_model_out,gpu_mlp,1489,0.0082970383275261,0.01909799297986462
leave_model_out,gpu_mlp,1490,0.0028019744483158,0.010348984509672586
leave_model_out,gpu_mlp,1491,0.0118539488966317,0.013127255178591996
leave_model_out,gpu_mlp,1492,-0.005226480836237,0.016007447900416683
leave_model_out,gpu_mlp,1493,0.0090519744483158,0.017485024547513838
leave_model_out,gpu_mlp,1494,-0.0097706155632985,0.019797595835468126
leave_model_out,gpu_mlp,1495,-0.0079921602787456,0.010711561565499801
leave_model_out,gpu_mlp,1496,0.0413980836236933,0.013948413555985768
leave_model_out,gpu_mlp,1497,0.0337108013937281,0.015812895785219647
leave_model_out,gpu_mlp,1498,0.0288980836236933,0.017804299850911635
leave_model_out,gpu_mlp,1499,0.0518510452961672,0.01936773875366774
leave_model_out,gpu_mlp,1500,0.0191274680603949,0.010137192912962707
leave_model_out,gpu_mlp,1501,-0.0037891986062717,0.01213589331763743
leave_model_out,gpu_mlp,1502,0.0198098141695703,0.014874946312584356
leave_model_out,gpu_mlp,1503,-0.0013646922183507,0.015665080279090537
leave_model_out,gpu_mlp,1504,-0.0079921602787456,0.01835850150647152
leave_model_out,gpu_mlp,1540,0.0209422183507549,0.011267148730786276
leave_model_out,gpu_mlp,1541,0.0275333914053426,0.014189577745723134
leave_model_out,gpu_mlp,1542,0.0236353077816492,0.01677767146835745
leave_model_out,gpu_mlp,1543,0.0246951219512194,0.0183886231476002
leave_model_out,gpu_mlp,1544,0.0184451219512195,0.02103207918160527
leave_model_out,gpu_mlp,1545,0.0243539488966317,0.011381170681078008
leave_model_out,gpu_mlp,1546,0.0118176538908245,0.014040029764094299
leave_model_out,gpu_mlp,1547,0.0334059233449477,0.01611481048477464
leave_model_out,gpu_mlp,1548,0.0195412311265969,0.018025055251350654
leave_model_out,gpu_mlp,1549,0.0045078397212543,0.019931160701337353
leave_model_out,gpu_mlp,1550,0.0302990708478513,0.010654759767609844
leave_model_out,gpu_mlp,1551,0.0376451800232288,0.013385023058385346
leave_model_out,gpu_mlp,1552,0.0358667247386759,0.01621748344675927
leave_model_out,gpu_mlp,1553,0.0289343786295005,0.0176519308458081
leave_model_out,gpu_mlp,1554,0.0313951800232287,0.01991164877636698
leave_model_out,gpu_mlp,1555,0.0570049361207898,0.010894878716326495
leave_model_out,gpu_mlp,1556,0.0521559233449477,0.014064597527478552
leave_model_out,gpu_mlp,1557,0.0566637630662021,0.015862059622602412
leave_model_out,gpu_mlp,1558,0.0605255516840883,0.017787852920445896
leave_model_out,gpu_mlp,1559,0.0580284552845529,0.019282492901897708
leave_model_out,gpu_mlp,1560,0.0405705574912891,0.01081714799972777
leave_model_out,gpu_mlp,1561,0.0100391986062717,0.012844975265879795
leave_model_out,gpu_mlp,1562,0.0356852497096399,0.015613195004778098
leave_model_out,gpu_mlp,1563,0.0218205574912891,0.01643109520010766
leave_model_out,gpu_mlp,1564,0.0461382113821138,0.01915494228257324
leave_model_out,linear_logistic,46,0.0026752125545884,0.0024247267662651055
leave_model_out,linear_logistic,47,0.0021885810531411,0.005603284264695571
leave_model_out,linear_logistic,48,-0.003426591764077,0.007968476274818538
leave_model_out,linear_logistic,49,0.00778106120967,0.006349453716210863
leave_model_out,linear_logistic,50,0.0129322951861302,0.00717304232802877
leave_model_out,linear_logistic,52,0.0203149741303668,0.003775509579460476
leave_model_out,linear_logistic,53,0.02011578299765,0.006494126331039546
leave_model_out,linear_logistic,54,0.0101461407348387,0.008579125988394203
leave_model_out,linear_logistic,55,0.013373541366199,0.007831537676512602
leave_model_out,linear_logistic,56,0.0177507034724814,0.008095585151112325
leave_model_out,linear_logistic,58,0.010743714132989,0.0036457634231350025
leave_model_out,linear_logistic,59,-0.0055697874958396,0.00699417422618458
leave_model_out,linear_logistic,60,0.0043998547669715,0.006148726028173278
leave_model_out,linear_logistic,61,0.0017246422123831,0.008484338712874262
leave_model_out,linear_logistic,62,-0.0075591774162641,0.008007108916926044
leave_model_out,linear_logistic,64,0.0146115520771349,0.004813335835250267
leave_model_out,linear_logistic,65,0.0081567508144144,0.006467433351685257
leave_model_out,linear_logistic,66,0.0065657431594235,0.006571172792739206
leave_model_out,linear_logistic,67,0.0078920031063731,0.007149192549997777
leave_model_out,linear_logistic,68,0.0110084618410303,0.007914390180904058
leave_model_out,linear_logistic,70,0.0126877187320348,0.004600598470113531
leave_model_out,linear_logistic,71,0.001502758418977,0.006136734489389338
leave_model_out,linear_logistic,72,0.0063438593660174,0.006688099418191351
leave_model_out,linear_logistic,73,0.0057689786285564,0.005932825141346821
leave_model_out,linear_logistic,74,0.0027407691299129,0.00712226741172369
leave_model_out,linear_logistic,106,0.0124229710239937,-0.002242189932603479
leave_model_out,linear_logistic,107,0.0005521880767718,0.0008712111315173007
leave_model_out,linear_logistic,108,0.0130861009974685,0.0031713900174887323
leave_model_out,linear_logistic,109,0.001038819578219,0.0014876255163410804
leave_model_out,linear_logistic,110,0.0091073211566197,0.0022457743386365067
leave_model_out,linear_logistic,112,0.0115833425784914,-0.0009454017649073963
leave_model_out,linear_logistic,113,-0.0021003318171274,0.0016945019105442174
leave_model_out,linear_logistic,114,-0.0075163135016288,0.003700733906400997
leave_model_out,linear_logistic,115,0.0086433823158617,0.002876145510523693
leave_model_out,linear_logistic,116,0.0065430504987342,0.0030602036377222787
leave_model_out,linear_logistic,118,0.0086660749765509,-0.0011094261295982732
leave_model_out,linear_logistic,119,0.0002218837934059,0.0021572090449848112
leave_model_out,linear_logistic,120,0.0009077064275699,0.0012297652618390373
leave_model_out,linear_logistic,121,0.0050629847404464,0.0034858757911095765
leave_model_out,linear_logistic,122,0.0035375336607799,0.0029244605209490238
leave_model_out,linear_logistic,124,0.0168883823662898,0.00029615007590736916
leave_model_out,linear_logistic,125,0.0122464725519662,0.0019107354021029622
leave_model_out,linear_logistic,126,0.0179498946051981,0.0019748847589344636
leave_model_out,linear_logistic,127,0.0174632631037508,0.0025134868002603637
leave_model_out,linear_logistic,128,0.0087316315518753,0.0032389786509678387
leave_model_out,linear_logistic,130,-0.0026096559792639,-8.089905009703649e-05
leave_model_out,linear_logistic,131,0.0123120291272907,0.0013848435860236673
leave_model_out,linear_logistic,132,0.0022541376284657,0.0018659080123495236
leave_model_out,linear_logistic,133,0.0086433823158617,0.001040062310195631
leave_model_out,linear_logistic,134,0.0061446682333007,0.0021589723429576557
leave_model_out,linear_logistic,166,0.0013262599469496,0.00339942941404652
leave_model_out,linear_logistic,167,0.0024533287611824,0.0065502954278953696
leave_model_out,linear_logistic,168,-0.000574880737461,0.008887856860253934
leave_model_out,linear_logistic,169,0.006742241631451,0.007241318976066769
leave_model_out,linear_logistic,170,0.0120472814192493,0.008037095677337621
leave_model_out,linear_logistic,172,0.0004639388407581,0.004837683491729599
leave_model_out,linear_logistic,173,0.0043544694455931,0.007542306807552678
leave_model_out,linear_logistic,174,-0.0042662202095792,0.009613303325085488
leave_model_out,linear_logistic,175,0.0018128914483969,0.008852026109382431
leave_model_out,linear_logistic,176,-0.00161370031568,0.009101853255555284
leave_model_out,linear_logistic,178,0.0008396284455023,0.004647072350003681
leave_model_out,linear_logistic,179,-0.0003983822654334,0.007971631928083863
leave_model_out,linear_logistic,180,-0.0043771621062822,0.007102268351075004
leave_model_out,linear_logistic,181,-0.001149761474922,0.009414692907108778
leave_model_out,linear_logistic,182,0.0036913394721183,0.008912909014515292
leave_model_out,linear_logistic,184,0.0013035672862603,0.005732241896780016
leave_model_out,linear_logistic,185,0.0053050397877985,0.007350119905495554
leave_model_out,linear_logistic,186,0.0006631299734748,0.007417568436012262
leave_model_out,linear_logistic,187,-0.0013262599469495,0.007959455286999213
leave_model_out,linear_logistic,188,0.0069414327641678,0.00868825595272326
leave_model_out,linear_logistic,190,0.0178389527084951,0.005692513242492748
leave_model_out,linear_logistic,191,0.0132852921301852,0.007220064702847201
leave_model_out,linear_logistic,192,0.0186130245786729,0.007762856399639926
leave_model_out,linear_logistic,193,0.0146115520771349,0.0069989758514162025
leave_model_out,linear_logistic,194,0.0188122157113898,0.008179816629401019
leave_model_out,linear_logistic,246,0.032803501729685,0.03064948485002552
leave_model_out,linear_logistic,247,0.0400979314379078,0.034880199568931194
leave_model_out,linear_logistic,248,0.0588420691672296,0.037764179352297915
leave_model_out,linear_logistic,249,0.0530957831993625,0.040401035347016355
leave_model_out,linear_logistic,250,0.048917812225797,0.04403890552960131
leave_model_out,linear_logistic,252,0.0302644451392321,0.02898128139437198
leave_model_out,linear_logistic,253,0.0440363687708645,0.035838444505604514
leave_model_out,linear_logistic,254,0.0356804268237335,0.039934431675534676
leave_model_out,linear_logistic,255,0.052657058426037,0.043271666619739885
leave_model_out,linear_logistic,256,0.0485900293491744,0.04782337312724151
leave_model_out,linear_logistic,258,0.0370949360066967,0.030760070638971095
leave_model_out,linear_logistic,259,0.0446768060836502,0.033782208598863724
leave_model_out,linear_logistic,260,0.0458265675585722,0.03925184606180626
leave_model_out,linear_logistic,261,0.0570115278716301,0.04305022579399173
leave_model_out,linear_logistic,262,0.0395482647678793,0.046282458367107066
leave_model_out,linear_logistic,264,0.0411594436768162,0.030648852582127857
leave_model_out,linear_logistic,265,0.0478134360722534,0.03363570025401165
leave_model_out,linear_logistic,266,0.0415578259422497,0.037180396199890275
leave_model_out,linear_logistic,267,0.0573191394943067,0.04172788285504711
leave_model_out,linear_logistic,268,0.0579822694677815,0.04340578049250302
leave_model_out,linear_logistic,270,0.029467680608365,0.029089620712772664
leave_model_out,linear_logistic,271,0.0287818579742009,0.03641380238114633
leave_model_out,linear_logistic,272,0.0423545904731167,0.03934074422837974
leave_model_out,linear_logistic,273,0.0511089146856813,0.04298229055358914
leave_model_out,linear_logistic,274,0.0324731974463192,0.04658840209159992
leave_model_out,linear_logistic,306,0.0112530382951255,0.019484929337424024
leave_model_out,linear_logistic,307,0.0258645903722605,0.022695077109522784
leave_model_out,linear_logistic,308,0.0377807586408609,0.024552852375281733
leave_model_out,linear_logistic,309,0.0375815675081441,0.02618169355445158
leave_model_out,linear_logistic,310,0.048302588980444,0.02878958122513478
leave_model_out,linear_logistic,312,0.0289835705136609,0.017911623295524013
leave_model_out,linear_logistic,313,0.0301988885639076,0.023686608354294404
leave_model_out,linear_logistic,314,0.0442582525642707,0.0266991396347062
leave_model_out,linear_logistic,315,0.0291600689856885,0.02896285945057425
leave_model_out,linear_logistic,316,0.0352618733043539,0.032425705272882875
leave_model_out,linear_logistic,318,0.0196316729029459,0.01952063255117657
leave_model_out,linear_logistic,319,0.0118506116932758,0.02144946364160561
leave_model_out,linear_logistic,320,0.0178414741152383,0.025826898600031643
leave_model_out,linear_logistic,321,0.0261091668263557,0.028539658634995545
leave_model_out,linear_logistic,322,0.0271479864045748,0.03067400134667231
leave_model_out,linear_logistic,324,0.0103024679529203,0.019565515959150046
leave_model_out,linear_logistic,325,0.0148561285312301,0.02152692630267669
leave_model_out,linear_logistic,326,0.0167572692156408,0.024048811419291265
leave_model_out,linear_logistic,327,0.0191450414014987,0.027587892521932555
leave_model_out,linear_logistic,328,0.0348181057175419,0.028226495595292816
leave_model_out,linear_logistic,330,0.023189377817672,0.01779291078564561
leave_model_out,linear_logistic,331,0.0234995108470918,0.02400089627407035
leave_model_out,linear_logistic,332,0.0405870843460983,0.025814692834570444
leave_model_out,linear_logistic,333,0.0326723885790359,0.02833755106523943
leave_model_out,linear_logistic,334,0.0376471240834687,0.030833285672050337
leave_model_out,linear_logistic,366,0.0198938992042441,0.0247580239291318
leave_model_out,linear_logistic,367,0.0174405704430615,0.027947027358409975
leave_model_out,linear_logistic,368,0.0255090720214622,0.02978354148084832
leave_model_out,linear_logistic,369,0.0199165918649333,0.03139149837516564
leave_model_out,linear_logistic,370,0.0274984619418866,0.033978046629165794
leave_model_out,linear_logistic,372,0.010057891498825,0.023478690954004063
leave_model_out,linear_logistic,373,0.0247576928119737,0.029277757860951634
leave_model_out,linear_logistic,374,0.0041779709735655,0.03231439942541391
leave_model_out,linear_logistic,375,0.012798660628738,0.034602008312288074
leave_model_out,linear_logistic,376,0.0236306239977408,0.038089084692264415
leave_model_out,linear_logistic,378,0.0010615122389083,0.025088310837697785
leave_model_out,linear_logistic,379,0.0178616453691844,0.027040974230458457
leave_model_out,linear_logistic,380,0.0169993242629927,0.03144221741786578
leave_model_out,linear_logistic,381,0.0224153059474943,0.034178642187374014
leave_model_out,linear_logistic,382,0.0263058365523293,0.036336917103114846
leave_model_out,linear_logistic,384,0.01394842210366,0.025151120083541558
leave_model_out,linear_logistic,385,0.0107437141329891,0.027138095346611733
leave_model_out,linear_logistic,386,0.011981724843925,0.029685479902183034
leave_model_out,linear_logistic,387,0.0183482768706316,0.033249701309457674
leave_model_out,linear_logistic,388,0.0079802523423868,0.03391421477361256
leave_model_out,linear_logistic,390,0.0169337676876683,0.023605187760574405
leave_model_out,linear_logistic,391,0.0128440459501165,0.029876184323673685
leave_model_out,linear_logistic,392,0.0300198686851368,0.031752819731005494
leave_model_out,linear_logistic,393,0.0326723885790359,0.03433882970894693
leave_model_out,linear_logistic,394,0.0295105445230002,0.0368972468844546
leave_model_out,linear_logistic,446,0.0201717079375173,0.005957445227591281
leave_model_out,linear_logistic,447,0.0180998847330974,0.006963183145615894
leave_model_out,linear_logistic,448,-0.0056689455065782,0.007105356459470049
leave_model_out,linear_logistic,449,0.0047696649310385,0.007388281204130933
leave_model_out,linear_logistic,450,0.0244594379744823,0.006956370025942784
leave_model_out,linear_logistic,452,0.0144679836241504,0.005785134680916813
leave_model_out,linear_logistic,453,0.0056043562939703,0.005930601311707152
leave_model_out,linear_logistic,454,0.0121079931634803,0.006280416291470085
leave_model_out,linear_logistic,455,0.005201915815414,0.00645870981557187
leave_model_out,linear_logistic,456,0.0036766167176756,0.006223380923281646
leave_model_out,linear_logistic,458,-0.0004322508843754,0.0017194915178945364
leave_model_out,linear_logistic,459,0.0159634723160697,0.0037463835691960087
leave_model_out,linear_logistic,460,0.007532095870265,0.0038419743141268545
leave_model_out,linear_logistic,461,0.0015898883103461,0.0037736681280638312
leave_model_out,linear_logistic,462,0.0096685082872928,0.0030931239834411685
leave_model_out,linear_logistic,464,0.0024394848761874,0.003964837225457058
leave_model_out,linear_logistic,465,0.0021016336102388,0.004742361099171314
leave_model_out,linear_logistic,466,0.0042380460272665,0.004538006397836098
leave_model_out,linear_logistic,467,0.0073383282324416,0.005933356769407289
leave_model_out,linear_logistic,468,-0.0053658730474184,0.006431351006741066
leave_model_out,linear_logistic,470,-0.0095244246591676,0.00553335845620888
leave_model_out,linear_logistic,471,0.0004819348940736,0.0065111145237837335
leave_model_out,linear_logistic,472,0.0084313764458046,0.006782108172057719
leave_model_out,linear_logistic,473,-0.0107118724909575,0.0062849079455050035
leave_model_out,linear_logistic,474,-0.0009638697881474,0.006470020888512474
leave_model_out,linear_logistic,506,0.0184228307961365,0.0011091050797841333
leave_model_out,linear_logistic,507,0.0128979689176835,0.0020181665021206403
leave_model_out,linear_logistic,508,0.0046752653126118,0.002063663093153917
leave_model_out,linear_logistic,509,-0.0002881672562503,0.0022497502666086657
leave_model_out,linear_logistic,510,0.0070501609761914,0.0017213341421017814
leave_model_out,linear_logistic,512,0.021806311856592,0.0008672770138102078
leave_model_out,linear_logistic,513,0.0092809730116458,0.0009078226463344122
leave_model_out,linear_logistic,514,0.0183383679796493,0.0011528050257187186
leave_model_out,linear_logistic,515,0.0080438411701577,0.0012261743272520744
leave_model_out,linear_logistic,516,0.010518104853134,0.0008859478644328393
leave_model_out,linear_logistic,518,0.016604396041178,-0.003145295167105107
leave_model_out,linear_logistic,519,0.0268343336380619,-0.0012264078333063463
leave_model_out,linear_logistic,520,0.0118347311101394,-0.0012382842980484844
leave_model_out,linear_logistic,521,0.0189643865018482,-0.0014151409627209885
leave_model_out,linear_logistic,522,0.016813068881911,-0.0022024086475788164
leave_model_out,linear_logistic,524,-0.0053012838348105,-0.0006389806981958717
leave_model_out,linear_logistic,525,-0.0073582018363209,8.225213437992353e-05
leave_model_out,linear_logistic,526,-0.0070849397829801,-0.000178824988130398
leave_model_out,linear_logistic,527,0.0017488771413808,0.0011606786611806606
leave_model_out,linear_logistic,528,-0.0079196311459119,0.0016017749105006265
leave_model_out,linear_logistic,530,0.0114670694383718,0.0006702893393231452
leave_model_out,linear_logistic,531,0.0056689455065781,0.001549751914418418
leave_model_out,linear_logistic,532,0.0062154696132596,0.001722314870179563
leave_model_out,linear_logistic,533,0.0110646289598155,0.0011262391361405652
leave_model_out,linear_logistic,534,0.0043374140466632,0.0012132594236966172
leave_model_out,linear_logistic,566,-0.0191432489367622,0.006855042909573804
leave_model_out,linear_logistic,567,0.0,0.007819693316930972
leave_model_out,linear_logistic,568,-0.0202512023530347,0.007920779023586257
leave_model_out,linear_logistic,569,-0.0157547994753369,0.008162547800484532
leave_model_out,linear_logistic,570,-0.0038703843554991,0.007689622020110921
leave_model_out,linear_logistic,572,0.0092660678087364,0.006812295913587941
leave_model_out,linear_logistic,573,0.0075320958702651,0.006939109922464298
leave_model_out,linear_logistic,574,0.0062303748161691,0.007270287995493252
leave_model_out,linear_logistic,575,0.0065036368695099,0.0074299283244717625
leave_model_out,linear_logistic,576,0.0113378910131562,0.007175950975198601
leave_model_out,linear_logistic,578,0.0238831034619818,0.0026888346145188535
leave_model_out,linear_logistic,579,0.0236893358241583,0.004684225289882035
leave_model_out,linear_logistic,580,0.0119490043324456,0.0047484714319915924
leave_model_out,linear_logistic,581,0.0256319806033626,0.00464850468966747
leave_model_out,linear_logistic,582,0.0185669144242616,0.003936832845809552
leave_model_out,linear_logistic,584,-0.0062154696132595,0.004804330469702609
leave_model_out,linear_logistic,585,-0.0040641519933224,0.005530254222373274
leave_model_out,linear_logistic,586,-0.0089779005524861,0.005273903968294212
leave_model_out,linear_logistic,587,-0.0028916093644421,0.006618061511126951
leave_model_out,linear_logistic,588,-0.014920108112405,0.007063899259448066
leave_model_out,linear_logistic,590,-0.0019277395762947,0.006603130350944782
leave_model_out,linear_logistic,591,0.008481060455503,0.007568899407241637
leave_model_out,linear_logistic,592,0.0039995627807146,0.007827889312526252
leave_model_out,linear_logistic,593,-0.0019277395762947,0.007318631097255697
leave_model_out,linear_logistic,594,-0.003870384355499,0.007491781521305678
leave_model_out,linear_logistic,646,0.0092809730116459,0.015227497310533869
leave_model_out,linear_logistic,647,0.0226260980166143,0.020150946762627214
leave_model_out,linear_logistic,648,0.0148853293056163,0.02223575036290729
leave_model_out,linear_logistic,649,0.0126694224730711,0.02483945002736925
leave_model_out,linear_logistic,650,0.02068345323741,0.026946419919282427
leave_model_out,linear_logistic,652,0.0065334472753288,0.015715471144383073
leave_model_out,linear_logistic,653,0.0080587463730673,0.019105843144518124
leave_model_out,linear_logistic,654,0.0096486346834134,0.019635239951324372
leave_model_out,linear_logistic,655,0.0201667395365476,0.02285091051964671
leave_model_out,linear_logistic,656,0.0133749354107874,0.025338250700193344
leave_model_out,linear_logistic,658,-0.003870384355499,0.01478832075723394
leave_model_out,linear_logistic,659,0.0054453674629356,0.01832242104965605
leave_model_out,linear_logistic,660,0.0109851345442981,0.020213526059031255
leave_model_out,linear_logistic,661,0.0076612742954806,0.021643312041949303
leave_model_out,linear_logistic,662,0.0136034818553996,0.024563220445291384
leave_model_out,linear_logistic,664,0.0291148296832147,0.01539589540512248
leave_model_out,linear_logistic,665,0.0279422870543344,0.01813520227467451
leave_model_out,linear_logistic,666,0.0367761039786954,0.022499561364674715
leave_model_out,linear_logistic,667,0.041754441750467,0.02363897886979282
leave_model_out,linear_logistic,668,0.0445168726896935,0.025619896640909898
leave_model_out,linear_logistic,670,-0.0002235780436424,0.01570390840294534
leave_model_out,linear_logistic,671,0.0109702293413887,0.01920557878383087
leave_model_out,linear_logistic,672,0.0185023252116538,0.02121495494187169
leave_model_out,linear_logistic,673,0.0155312214316943,0.02430175897501207
leave_model_out,linear_logistic,674,0.0157398942724273,0.026370216445902678
leave_model_out,linear_logistic,706,0.0152082753686553,0.004486195351345857
leave_model_out,linear_logistic,707,0.0146468460590643,0.008663093164973098
leave_model_out,linear_logistic,708,0.0133451250049683,0.010001731129366868
leave_model_out,linear_logistic,709,0.0040641519933224,0.011887627811488556
leave_model_out,linear_logistic,710,0.0050429269843793,0.013217816685208774
leave_model_out,linear_logistic,712,0.0005614293095909,0.0050333701460828426
leave_model_out,linear_logistic,713,0.0058627131444015,0.007753270966395363
leave_model_out,linear_logistic,714,0.0199779402996939,0.0076110250267488275
leave_model_out,linear_logistic,715,0.0260791366906474,0.010207597410045044
leave_model_out,linear_logistic,716,0.025085456496681,0.011975491110057364
leave_model_out,linear_logistic,718,-0.0034828490798521,0.003959785999779086
leave_model_out,linear_logistic,719,0.0007899757542033,0.006776117486927025
leave_model_out,linear_logistic,720,-0.0066129416908461,0.007949244827204275
leave_model_out,linear_logistic,721,0.0033437338526968,0.008687173349394485
leave_model_out,linear_logistic,722,-0.0077208951071187,0.010860818001430485
leave_model_out,linear_logistic,724,0.0028568305576532,0.004672437088681081
leave_model_out,linear_logistic,725,0.0147412456774911,0.006667152113358589
leave_model_out,linear_logistic,726,0.0203952859811598,0.01028424881801038
leave_model_out,linear_logistic,727,0.0136332922612186,0.01071369177421146
leave_model_out,linear_logistic,728,0.0092163837990381,0.011916774216517236
leave_model_out,linear_logistic,730,0.0211157041217854,0.004749279437631395
leave_model_out,linear_logistic,731,0.0182737787670416,0.00752090865831251
leave_model_out,linear_logistic,732,0.0168776580945188,0.008798877778257792
leave_model_out,linear_logistic,733,0.0293880917365554,0.011166740662304315
leave_model_out,linear_logistic,734,0.0176328550419332,0.012494818654395763
leave_model_out,linear_logistic,766,-0.0019923287889026,0.009768059008386785
leave_model_out,linear_logistic,767,0.0072091498072259,0.013929489591935308
leave_model_out,linear_logistic,768,-0.0029412933741405,0.01525266832354138
leave_model_out,linear_logistic,769,0.0041088676020508,0.01712369339691292
leave_model_out,linear_logistic,770,0.0023103064509717,0.01843778874125069
leave_model_out,linear_logistic,772,-0.002717715330498,0.010591813446275324
leave_model_out,linear_logistic,773,0.0147561508804006,0.013326634348475409
leave_model_out,linear_logistic,774,0.0082674192138002,0.0131993345617402
leave_model_out,linear_logistic,775,0.0095045510552883,0.01580968381702587
leave_model_out,linear_logistic,776,0.0148853293056162,0.01759358745262727
leave_model_out,linear_logistic,778,0.0228844548670456,0.009518507265475457
leave_model_out,linear_logistic,779,0.0291645136929131,0.012350484939114385
leave_model_out,linear_logistic,780,0.021423744981915,0.013539263018772521
leave_model_out,linear_logistic,781,0.0216821018323463,0.014292272902504479
leave_model_out,linear_logistic,782,0.0339987678365594,0.01648218488426922
leave_model_out,linear_logistic,784,-0.0061508804006518,0.010249069177729584
leave_model_out,linear_logistic,785,0.0009638697881474,0.012262347433996762
leave_model_out,linear_logistic,786,0.0075171906673556,0.015898073948809596
leave_model_out,linear_logistic,787,0.01477602448428,0.016345217101521068
leave_model_out,linear_logistic,788,0.0122222663857864,0.01756769156033461
leave_model_out,linear_logistic,790,0.0054453674629356,0.010542245390522356
leave_model_out,linear_logistic,791,0.0169770261139154,0.013355086612182755
leave_model_out,linear_logistic,792,0.0297607218092927,0.014674344839117299
leave_model_out,linear_logistic,793,0.0117254262888031,0.01708279311061267
leave_model_out,linear_logistic,794,0.0144878572280296,0.01845266671844278
leave_model_out,linear_logistic,846,0.0296296296296296,-0.003042862483825265
leave_model_out,linear_logistic,847,-0.0005620406398616,0.00038262547486354187
leave_model_out,linear_logistic,848,0.0199020031704856,-9.491816377510051e-05
leave_model_out,linear_logistic,849,0.0089782389393284,0.0017658887974973773
leave_model_out,linear_logistic,850,0.0088845654993515,0.0024540603336541678
leave_model_out,linear_logistic,852,-0.012869289522986,-0.003984688240163209
leave_model_out,linear_logistic,853,-0.0130566364029399,-0.0005807352198822641
leave_model_out,linear_logistic,854,0.0214944516500936,0.0008359395274745371
leave_model_out,linear_logistic,855,0.0039847240236344,0.0006643893283028238
leave_model_out,linear_logistic,856,0.0136186770428015,0.0019268604926241557
leave_model_out,linear_logistic,858,0.020838737570255,-0.007572744296091553
leave_model_out,linear_logistic,859,-0.001570831531921,-0.0012611373559696035
leave_model_out,linear_logistic,860,0.0015708315319209,0.0004140919649291974
leave_model_out,linear_logistic,861,-0.0037973771436806,0.0007871538928527592
leave_model_out,linear_logistic,862,0.0150958351347455,0.0004843621137194283
leave_model_out,linear_logistic,864,0.0009367343997693,-0.009567634995758134
leave_model_out,linear_logistic,865,0.0027885862516212,-0.0034139102997217848
leave_model_out,linear_logistic,866,0.0145554114425709,-0.0002963590562801259
leave_model_out,linear_logistic,867,0.0124225392707881,-0.0007060636229301274
leave_model_out,linear_logistic,868,0.003069606571552,-0.00017616273611758063
leave_model_out,linear_logistic,870,0.0122351923908344,-0.007179056032374724
leave_model_out,linear_logistic,871,0.0273310275255801,-0.0017879676974015823
leave_model_out,linear_logistic,872,0.0177907479463901,-0.0016521181840991016
leave_model_out,linear_logistic,873,0.0176970745064131,-0.0006576530075955017
leave_model_out,linear_logistic,874,0.0155642023346304,-0.00044854355002481826
leave_model_out,linear_logistic,906,0.0319498486813661,-0.0079650481067059
leave_model_out,linear_logistic,907,0.0451938319642599,-0.004760686625044874
leave_model_out,linear_logistic,908,0.0358408992650237,-0.005460659771375678
leave_model_out,linear_logistic,909,0.0307537109093528,-0.0038164904419832092
leave_model_out,linear_logistic,910,0.0474203775760195,-0.0033543850021030795
leave_model_out,linear_logistic,912,-0.0090719123793053,-0.008921019317837488
leave_model_out,linear_logistic,913,-0.0086972186193976,-0.005764330109025238
leave_model_out,linear_logistic,914,-0.0147211413748378,-0.004594026257889197
leave_model_out,linear_logistic,915,-0.0031416630638421,-0.00500903242957219
leave_model_out,linear_logistic,916,0.0004683671998846,-0.003997313645825867
leave_model_out,linear_logistic,918,0.0251981553537974,-0.012483401437832574
leave_model_out,linear_logistic,919,0.0190805591583801,-0.006413745822860303
leave_model_out,linear_logistic,920,0.019174232598357,-0.004980010465801099
leave_model_out,linear_logistic,921,0.0187058653984724,-0.004844205397480681
leave_model_out,linear_logistic,922,0.0150021616947687,-0.005394197746842348
leave_model_out,linear_logistic,924,0.0364029399048855,-0.01420057447590391
leave_model_out,linear_logistic,925,0.019361579478311,-0.008177712522872044
leave_model_out,linear_logistic,926,0.0305663640293991,-0.005191220638400756
leave_model_out,linear_logistic,927,0.0229716097420378,-0.005727238868515998
leave_model_out,linear_logistic,928,0.0325118893212279,-0.005333103232167846
leave_model_out,linear_logistic,930,-0.0017581784118749,-0.01235922923028408
leave_model_out,linear_logistic,931,0.0037973771436805,-0.007291837442786279
leave_model_out,linear_logistic,932,0.0120478455108804,-0.0074798312838922215
leave_model_out,linear_logistic,933,0.0058365758754863,-0.00681479749835865
leave_model_out,linear_logistic,934,0.0169476869865974,-0.0069217701212595795
leave_model_out,linear_logistic,966,0.0477950713359274,-0.003129618524448631
leave_model_out,linear_logistic,967,0.0379737714368064,-0.00012334866790053925
leave_model_out,linear_logistic,968,0.041864822020464,-0.001022580732675006
leave_model_out,linear_logistic,969,0.030566364029399,0.00042751821158517125
leave_model_out,linear_logistic,970,0.0458495460440986,0.0006871069696264484
leave_model_out,linear_logistic,972,-0.0108300907911802,-0.0037826053189656712
leave_model_out,linear_logistic,973,-0.0052745352356247,-0.0007295318321722966
leave_model_out,linear_logistic,974,0.011392131431042,0.00033753047243609106
leave_model_out,linear_logistic,975,0.0117668251909497,-0.0001794957490945815
leave_model_out,linear_logistic,976,-0.0053682086756016,0.0007271454302627111
leave_model_out,linear_logistic,978,-0.006117596195417,-0.00716348658446761
leave_model_out,linear_logistic,979,-0.0170413604265743,-0.0011303048530158823
leave_model_out,linear_logistic,980,-0.0101023202190516,0.00026702556721335327
leave_model_out,linear_logistic,981,-0.0058365758754863,0.0003670644372859924
leave_model_out,linear_logistic,982,-0.0020391987318055,-0.0002201931132443137
leave_model_out,linear_logistic,984,0.0028822596915982,-0.009074179550824572
leave_model_out,linear_logistic,985,0.0118604986309266,-0.0031569275102696186
leave_model_out,linear_logistic,986,-0.0111111111111111,-0.00027620421288706946
leave_model_out,linear_logistic,987,0.0115794783109957,-0.0009141611204052831
leave_model_out,linear_logistic,988,0.0065859633953018,-0.0006295918578756859
leave_model_out,linear_logistic,990,0.0115794783109958,-0.0069670352380831226
leave_model_out,linear_logistic,991,0.0003746937599077,-0.0019080958877518324
leave_model_out,linear_logistic,992,0.0077821011673151,-0.0021045459994799877
leave_model_out,linear_logistic,993,0.0136186770428015,-0.0014481144006381376
leave_model_out,linear_logistic,994,0.0265816400057645,-0.00156334063002787
leave_model_out,linear_logistic,1046,0.0050871883556709,0.014572886871814352
leave_model_out,linear_logistic,1047,0.0105490704712495,0.023274850387189357
leave_model_out,linear_logistic,1048,0.0067516933275688,0.02837935205362752
leave_model_out,linear_logistic,1049,0.0372243839169909,0.03521093601815592
leave_model_out,linear_logistic,1050,0.0101743767113416,0.04089020163401973
leave_model_out,linear_logistic,1052,-0.0073137339674305,0.018550231926384088
leave_model_out,linear_logistic,1053,0.0155642023346302,0.025770315312431288
leave_model_out,linear_logistic,1054,0.0037037037037036,0.03090398922533819
leave_model_out,linear_logistic,1055,0.0455685257241677,0.035315546975572876
leave_model_out,linear_logistic,1056,0.0281524715376855,0.042041705169058315
leave_model_out,linear_logistic,1058,-0.0112047845510881,0.018335290639062595
leave_model_out,linear_logistic,1059,0.0150958351347455,0.02703067595257394
leave_model_out,linear_logistic,1060,0.0203703703703703,0.03298857676133593
leave_model_out,linear_logistic,1061,0.0149084882547917,0.037803401024305044
leave_model_out,linear_logistic,1062,0.0340827208531487,0.043101446007244984
leave_model_out,linear_logistic,1064,-0.0026949128116444,0.01582414692448397
leave_model_out,linear_logistic,1065,0.0196209828505548,0.025478540580275728
leave_model_out,linear_logistic,1066,0.0236993803141662,0.02846224406515228
leave_model_out,linear_logistic,1067,0.0312004611615506,0.03588496298184769
leave_model_out,linear_logistic,1068,0.0212854878224527,0.04003849133351274
leave_model_out,linear_logistic,1070,0.0138996973627324,0.015336641697025385
leave_model_out,linear_logistic,1071,0.0112984579910651,0.02443912171191365
leave_model_out,linear_logistic,1072,0.0168540135466206,0.030263169154639686
leave_model_out,linear_logistic,1073,0.0117668251909497,0.037172304782673984
leave_model_out,linear_logistic,1074,0.0099149733390979,0.04188723286936895
leave_model_out,linear_logistic,1106,0.0140654272949992,0.0019506137588710271
leave_model_out,linear_logistic,1107,0.0312941346015276,0.007919423914880225
leave_model_out,linear_logistic,1108,0.028973915549791,0.010293422638625498
leave_model_out,linear_logistic,1109,0.0445381178844213,0.014521257333926094
leave_model_out,linear_logistic,1110,0.0271220636979392,0.017346679285443343
leave_model_out,linear_logistic,1112,0.0040783974636113,0.005256679763846781
leave_model_out,linear_logistic,1113,0.0287145121775471,0.009503113484170118
leave_model_out,linear_logistic,1114,0.0231589566219916,0.011658807186472176
leave_model_out,linear_logistic,1115,0.020838737570255,0.013142829850964592
leave_model_out,linear_logistic,1116,0.0346447614930105,0.016852670931673325
leave_model_out,linear_logistic,1118,0.0091655858192822,0.005178662836497275
leave_model_out,linear_logistic,1119,0.0148148148148148,0.01092920328332969
leave_model_out,linear_logistic,1120,0.0259259259259259,0.013930894634241393
leave_model_out,linear_logistic,1121,0.0315751549214584,0.015886337127383576
leave_model_out,linear_logistic,1122,0.0393572560887736,0.01815056967879489
leave_model_out,linear_logistic,1124,0.0164793197867128,0.0034663083352326172
leave_model_out,linear_logistic,1125,0.0260195993659029,0.010468275709373474
leave_model_out,linear_logistic,1126,0.0224095691021761,0.010787337994741275
leave_model_out,linear_logistic,1127,0.0263942931258107,0.015640396906787965
leave_model_out,linear_logistic,1128,0.0191742325983571,0.01706455919637928
leave_model_out,linear_logistic,1130,0.0108300907911802,0.0020744954478162953
leave_model_out,linear_logistic,1131,0.0089782389393283,0.008244970450416781
leave_model_out,linear_logistic,1132,0.0165729932266895,0.011148983314008239
leave_model_out,linear_logistic,1133,0.0080415045395589,0.015138742227750907
leave_model_out,linear_logistic,1134,0.0065643464476148,0.016923362869525678
leave_model_out,linear_logistic,1166,0.0090719123793053,0.007083362614240576
leave_model_out,linear_logistic,1167,0.0148148148148148,0.01295948514861718
leave_model_out,linear_logistic,1168,0.0183311716385645,0.015240886132556978
leave_model_out,linear_logistic,1169,0.0033290099437959,0.01938042160152059
leave_model_out,linear_logistic,1170,0.025644905605995,0.022109063040940662
leave_model_out,linear_logistic,1172,0.0216817985300475,0.010825582154421465
leave_model_out,linear_logistic,1173,0.037246000864678,0.015122477440115894
leave_model_out,linear_logistic,1174,0.0411370514483355,0.01732870619528696
leave_model_out,linear_logistic,1175,0.0489191526156507,0.018862407880414572
leave_model_out,linear_logistic,1176,0.0414180717682663,0.022623434574856074
leave_model_out,linear_logistic,1178,-0.0088845654993513,0.010377947557472272
leave_model_out,linear_logistic,1179,0.0084378152471539,0.016056688531733285
leave_model_out,linear_logistic,1180,0.0006557140798386,0.018986303325307152
leave_model_out,linear_logistic,1181,0.0154705288946535,0.02087203005675443
leave_model_out,linear_logistic,1182,0.0255728491137052,0.023062293980843807
leave_model_out,linear_logistic,1184,0.0222222222222222,0.00856520299859485
leave_model_out,linear_logistic,1185,0.0177691309987029,0.015463169463819908
leave_model_out,linear_logistic,1186,0.0273094105778929,0.015677751896684175
leave_model_out,linear_logistic,1187,0.0334270067733102,0.020430055142895094
leave_model_out,linear_logistic,1188,0.0330523130134024,0.0217471997358276
leave_model_out,linear_logistic,1190,0.0212134313301628,0.007626927170095409
leave_model_out,linear_logistic,1191,0.0339890474131718,0.013841957875805607
leave_model_out,linear_logistic,1192,0.029089205937455,0.016790344535905853
leave_model_out,linear_logistic,1193,0.0345510880530335,0.020824467249028894
leave_model_out,linear_logistic,1194,0.0538189940913675,0.022653617797126768
leave_model_out,linear_logistic,1246,-0.0142784552845527,0.019809453673403116
leave_model_out,linear_logistic,1247,0.0208333333333333,0.025824504636441144
leave_model_out,linear_logistic,1248,0.0235627177700348,0.028249852019258136
leave_model_out,linear_logistic,1249,0.0093568524970965,0.028679470714902382
leave_model_out,linear_logistic,1250,0.0169715447154472,0.028396569233318233
leave_model_out,linear_logistic,1252,0.0528382694541231,0.023576639149371435
leave_model_out,linear_logistic,1253,0.0431039488966318,0.02458773776244181
leave_model_out,linear_logistic,1254,0.0131823461091753,0.027306108427653283
leave_model_out,linear_logistic,1255,0.027424506387921,0.027797028189579107
leave_model_out,linear_logistic,1256,0.0333696283391405,0.02781659816506738
leave_model_out,linear_logistic,1258,0.0247314169570267,0.019590975634807994
leave_model_out,linear_logistic,1259,0.0007186411149826,0.021125069486602407
leave_model_out,linear_logistic,1260,0.0066274680603948,0.024988640318265712
leave_model_out,linear_logistic,1261,0.0031431475029035,0.02363391436941344
leave_model_out,linear_logistic,1262,0.0066274680603948,0.025011528760221006
leave_model_out,linear_logistic,1264,0.0160569105691056,0.014977742558032347
leave_model_out,linear_logistic,1265,0.0163617886178861,0.02036912814293644
leave_model_out,linear_logistic,1266,0.0344657375145179,0.020994088317705904
leave_model_out,linear_logistic,1267,0.0156794425087107,0.020942252159503325
leave_model_out,linear_logistic,1268,0.0334059233449477,0.02095262809570505
leave_model_out,linear_logistic,1270,0.011099012775842,0.019244845118493996
leave_model_out,linear_logistic,1271,-0.0101117886178861,0.022921939670679986
leave_model_out,linear_logistic,1272,0.033674506387921,0.024873801470663474
leave_model_out,linear_logistic,1273,0.0333333333333333,0.024862747116180667
leave_model_out,linear_logistic,1274,0.0371588269454122,0.024527635938523862
leave_model_out,linear_logistic,1306,0.0205284552845527,0.014379556804685865
leave_model_out,linear_logistic,1307,0.0302627758420441,0.020149917982811474
leave_model_out,linear_logistic,1308,0.0128411730545875,0.022300911850754862
leave_model_out,linear_logistic,1309,0.0006823461091753,0.02248866168765301
leave_model_out,linear_logistic,1310,-0.0069686411149825,0.021943571564371434
leave_model_out,linear_logistic,1312,-0.0191637630662021,0.01808453389038829
leave_model_out,linear_logistic,1313,-0.0042029616724739,0.018796724123187166
leave_model_out,linear_logistic,1314,-0.0108304297328687,0.02121776296182057
leave_model_out,linear_logistic,1315,-3.629500580720757e-05,0.02141315621547884
leave_model_out,linear_logistic,1316,0.0009872241579558,0.021132852011545376
leave_model_out,linear_logistic,1318,0.0222706155632984,0.014124374067340777
leave_model_out,linear_logistic,1319,0.0486716027874564,0.015409648979116168
leave_model_out,linear_logistic,1320,0.0264372822299651,0.019026321624438233
leave_model_out,linear_logistic,1321,0.0246951219512194,0.01743935060177769
leave_model_out,linear_logistic,1322,0.036512775842044,0.018553399736622216
leave_model_out,linear_logistic,1324,-0.0023882113821138,0.010133594727786391
leave_model_out,linear_logistic,1325,0.0062499999999999,0.01538564707981448
leave_model_out,linear_logistic,1326,-0.0034480255516841,0.015868509637661322
leave_model_out,linear_logistic,1327,0.0246951219512194,0.015676152928469106
leave_model_out,linear_logistic,1328,0.0243539488966317,0.015546083387459182
leave_model_out,linear_logistic,1330,-0.0013646922183507,0.013396673443604106
leave_model_out,linear_logistic,1331,0.0128774680603948,0.016669839176145413
leave_model_out,linear_logistic,1332,0.0309814169570266,0.01822505553799573
leave_model_out,linear_logistic,1333,0.0111353077816491,0.017804448073320517
leave_model_out,linear_logistic,1334,0.0024245063879209,0.01707223156070189
leave_model_out,linear_logistic,1366,0.0115490708478513,0.01876016366680703
leave_model_out,linear_logistic,1367,0.0153745644599303,0.02431132451309835
leave_model_out,linear_logistic,1368,0.0115127758420441,0.026216544404323746
leave_model_out,linear_logistic,1369,0.0094294425087108,0.02618762097831269
leave_model_out,linear_logistic,1370,0.005640243902439,0.025407654530774967
leave_model_out,linear_logistic,1372,0.00806475029036,0.02299005111907076
leave_model_out,linear_logistic,1373,0.0028019744483159,0.023576984010508766
leave_model_out,linear_logistic,1374,-0.0107941347270615,0.025873426161470484
leave_model_out,linear_logistic,1375,0.0024608013937282,0.025944979244794178
leave_model_out,linear_logistic,1376,-0.0017421602787456,0.02553901298206189
leave_model_out,linear_logistic,1378,0.0202235772357723,0.01936048093901649
leave_model_out,linear_logistic,1379,0.0128774680603949,0.020608246682241777
leave_model_out,linear_logistic,1380,0.0233667247386759,0.02418769971041781
leave_model_out,linear_logistic,1381,0.021588269454123,0.02256571801044412
leave_model_out,linear_logistic,1382,0.0274970963995354,0.023640034986598828
leave_model_out,linear_logistic,1384,0.0469657375145179,0.015089538576750747
leave_model_out,linear_logistic,1385,0.0372314169570267,0.020229145092849385
leave_model_out,linear_logistic,1386,0.0236716027874563,0.020597330879127553
leave_model_out,linear_logistic,1387,0.0201872822299651,0.020291570134909762
leave_model_out,linear_logistic,1388,0.0420804297328687,0.020048157145523614
leave_model_out,linear_logistic,1390,0.0365127758420441,0.018771424509094727
leave_model_out,linear_logistic,1391,0.0403745644599302,0.02203404276130479
leave_model_out,linear_logistic,1392,0.0420804297328687,0.023578901828122615
leave_model_out,linear_logistic,1393,0.0438225900116143,0.023147600020374394
leave_model_out,linear_logistic,1394,0.0559814169570267,0.02240501420379368
leave_model_out,linear_logistic,1446,0.0128774680603949,0.024540534621557836
leave_model_out,linear_logistic,1447,0.0058725319396051,0.03137060515068623
leave_model_out,linear_logistic,1448,0.0236353077816493,0.037024823101552695
leave_model_out,linear_logistic,1449,0.0173490127758421,0.039329810628259604
leave_model_out,linear_logistic,1450,0.0114764808362369,0.0450407575252779
leave_model_out,linear_logistic,1452,0.0204921602787456,0.025341882279738423
leave_model_out,linear_logistic,1453,0.0270833333333333,0.03128546460130796
leave_model_out,linear_logistic,1454,0.0267421602787456,0.03514007754683047
leave_model_out,linear_logistic,1455,0.017349012775842,0.038400807340787574
leave_model_out,linear_logistic,1456,0.0277293844367014,0.041718338087037794
leave_model_out,linear_logistic,1458,-0.0173853077816492,0.023727584511641073
leave_model_out,linear_logistic,1459,0.0149608013937282,0.030088178331773595
leave_model_out,linear_logistic,1460,0.0292029616724739,0.03683012061372559
leave_model_out,linear_logistic,1461,0.0207970383275262,0.03893379075236185
leave_model_out,linear_logistic,1462,0.0184088269454123,0.04329104426618406
leave_model_out,linear_logistic,1464,0.000413763066202,0.023976780504631215
leave_model_out,linear_logistic,1465,0.0274608013937281,0.032078495708395605
leave_model_out,linear_logistic,1466,0.0253774680603948,0.0353202699469904
leave_model_out,linear_logistic,1467,0.0476480836236933,0.03908287312891885
leave_model_out,linear_logistic,1468,0.0337108013937281,0.041167917176823325
leave_model_out,linear_logistic,1470,0.0114401858304297,0.024508630914564098
leave_model_out,linear_logistic,1471,0.0194323461091753,0.02866259068075644
leave_model_out,linear_logistic,1472,0.0323098141695702,0.035437393944487035
leave_model_out,linear_logistic,1473,0.0211382113821138,0.03544345982009456
leave_model_out,linear_logistic,1474,0.0152293844367015,0.041929721909464715
leave_model_out,linear_logistic,1506,0.0063225900116143,0.012491003763402748
leave_model_out,linear_logistic,1507,-0.0034480255516841,0.017302180808714075
leave_model_out,linear_logistic,1508,0.0073461091753774,0.0209429398653899
leave_model_out,linear_logistic,1509,0.02681475029036,0.02130030139527768
leave_model_out,linear_logistic,1510,-0.0009872241579558,0.02491800150454491
leave_model_out,linear_logistic,1512,-0.002424506387921,0.012807155611748923
leave_model_out,linear_logistic,1513,-0.0014009872241579,0.016585473028661535
leave_model_out,linear_logistic,1514,-0.0115127758420441,0.018263527154523805
leave_model_out,linear_logistic,1515,-0.0090519744483159,0.019341149457024236
leave_model_out,linear_logistic,1516,0.0031431475029035,0.02052000498627025
leave_model_out,linear_logistic,1518,0.0031068524970963,0.011505107732208364
leave_model_out,linear_logistic,1519,0.0212470963995353,0.0157640388177399
leave_model_out,linear_logistic,1520,0.0166666666666666,0.020416359247227796
leave_model_out,linear_logistic,1521,0.019773519163763,0.020631920997132527
leave_model_out,linear_logistic,1522,0.0142784552845527,0.02267536492727996
leave_model_out,linear_logistic,1524,0.0007186411149825,0.012073698382898217
leave_model_out,linear_logistic,1525,0.0107941347270615,0.01834791406874876
leave_model_out,linear_logistic,1526,0.0017421602787456,0.019765266106699757
leave_model_out,linear_logistic,1527,-0.0118176538908246,0.02174181285866658
leave_model_out,linear_logistic,1528,0.0097343205574912,0.021954012558007746
leave_model_out,linear_logistic,1530,-0.0090882694541232,0.011887087956082693
leave_model_out,linear_logistic,1531,-0.0083696283391405,0.013995220441723528
leave_model_out,linear_logistic,1532,0.0037891986062716,0.018721395139444683
leave_model_out,linear_logistic,1533,-3.629500580726308e-05,0.016777202541471612
leave_model_out,linear_logistic,1534,-0.0010961091753776,0.021126397977962248
leave_model_out,linear_logistic,1566,-0.0020107433217189,0.017643175647934894
leave_model_out,linear_logistic,1567,-0.0027656794425087,0.022385887294221564
leave_model_out,linear_logistic,1568,0.0156794425087107,0.025958365251515236
leave_model_out,linear_logistic,1569,0.0006823461091753,0.026249678229514635
leave_model_out,linear_logistic,1570,0.006663763066202,0.029796391445352757
leave_model_out,linear_logistic,1572,0.0079921602787456,0.01836318105762506
leave_model_out,linear_logistic,1573,0.0097706155632984,0.022178242095614326
leave_model_out,linear_logistic,1574,0.0202235772357723,0.023893231495469465
leave_model_out,linear_logistic,1575,0.022989256678281,0.02500790020012751
leave_model_out,linear_logistic,1576,-0.0038254936120789,0.026223048134801898
leave_model_out,linear_logistic,1578,0.0125,0.0167271683730703
leave_model_out,linear_logistic,1579,0.0212470963995353,0.020934857956010404
leave_model_out,linear_logistic,1580,0.0209059233449477,0.02553623045660118
leave_model_out,linear_logistic,1581,0.0389372822299651,0.025705757460159004
leave_model_out,linear_logistic,1582,0.0274970963995354,0.027692787448228107
leave_model_out,linear_logistic,1584,0.0139372822299651,0.017190423922950376
leave_model_out,linear_logistic,1585,0.0323461091753773,0.0233929838526274
leave_model_out,linear_logistic,1586,0.0065911730545876,0.024738800795173214
leave_model_out,linear_logistic,1587,0.027838269454123,0.026645316763108107
leave_model_out,linear_logistic,1588,0.0459059233449477,0.02678408274787035
leave_model_out,linear_logistic,1590,0.0420441347270614,0.017429784862113832
leave_model_out,linear_logistic,1591,0.022575493612079,0.019569006405428163
leave_model_out,linear_logistic,1592,0.0277656794425087,0.024326312730069004
leave_model_out,linear_logistic,1593,0.0288254936120788,0.0224117568950523
leave_model_out,linear_logistic,1594,0.0357578397212543,0.026793427892434652
