scheme,held_out,risk_row_id,dataset,task,representation,model,split_seed,nominal_dose,dose_induced_amplification,material_optimism_event,predicted_probability,decision_threshold,predicted_event
leave_dataset_out,DEAP,0,DEAP,arousal,all,gpu_mlp,20260813,0.25,-0.005216790551784603,0,0.4240256896730929,0.26086447662033296,1
leave_dataset_out,DEAP,1,DEAP,arousal,all,gpu_mlp,20260813,0.5,0.0210436606791662,1,0.44556999207900405,0.26086447662033296,1
leave_dataset_out,DEAP,2,DEAP,arousal,all,gpu_mlp,20260813,0.75,0.007405371604925902,0,0.4566582770895421,0.26086447662033296,1
leave_dataset_out,DEAP,3,DEAP,arousal,all,gpu_mlp,20260813,1.0,0.0124229710239937,0,0.5177399010582816,0.26086447662033296,1
leave_dataset_out,DEAP,4,DEAP,arousal,all,gpu_mlp,20260829,0.25,0.0296416576736492,1,0.4778385332296935,0.26086447662033296,1
leave_dataset_out,DEAP,5,DEAP,arousal,all,gpu_mlp,20260829,0.5,0.0179045092838196,0,0.5561834359442503,0.26086447662033296,1
leave_dataset_out,DEAP,6,DEAP,arousal,all,gpu_mlp,20260829,0.75,0.0512828917509657,1,0.5950949400542795,0.26086447662033296,1
leave_dataset_out,DEAP,7,DEAP,arousal,all,gpu_mlp,20260829,1.0,0.0404080644673276,1,0.6884423866219237,0.26086447662033296,1
leave_dataset_out,DEAP,8,DEAP,arousal,all,gpu_mlp,20260911,0.25,0.026348700466964498,1,0.373124566338142,0.26086447662033296,1
leave_dataset_out,DEAP,9,DEAP,arousal,all,gpu_mlp,20260911,0.5,0.0036030902361044934,0,0.5237917497244208,0.26086447662033296,1
leave_dataset_out,DEAP,10,DEAP,arousal,all,gpu_mlp,20260911,0.75,0.0268353319684118,1,0.5890474685061204,0.26086447662033296,1
leave_dataset_out,DEAP,11,DEAP,arousal,all,gpu_mlp,20260911,1.0,0.04230920515173829,1,0.6223024046674149,0.26086447662033296,1
leave_dataset_out,DEAP,12,DEAP,arousal,all,gpu_mlp,20260923,0.25,0.007493620840939699,0,0.3764564146181972,0.26086447662033296,1
leave_dataset_out,DEAP,13,DEAP,arousal,all,gpu_mlp,20260923,0.5,-0.0023877721858577977,0,0.4324118769242743,0.26086447662033296,1
leave_dataset_out,DEAP,14,DEAP,arousal,all,gpu_mlp,20260923,0.75,0.024029006263174404,1,0.5447217495739702,0.26086447662033296,1
leave_dataset_out,DEAP,15,DEAP,arousal,all,gpu_mlp,20260923,1.0,0.016071446581476898,0,0.5024696776160641,0.26086447662033296,1
leave_dataset_out,DEAP,16,DEAP,arousal,all,gpu_mlp,20261007,0.25,0.0250224405200149,1,0.5111022146675309,0.26086447662033296,1
leave_dataset_out,DEAP,17,DEAP,arousal,all,gpu_mlp,20261007,0.5,0.040453449788706096,1,0.5292051945942492,0.26086447662033296,1
leave_dataset_out,DEAP,18,DEAP,arousal,all,gpu_mlp,20261007,0.75,0.0232776270536858,1,0.5835874964668131,0.26086447662033296,1
leave_dataset_out,DEAP,19,DEAP,arousal,all,gpu_mlp,20261007,1.0,0.023829815130457496,1,0.635219715110872,0.26086447662033296,1
leave_dataset_out,DEAP,20,DEAP,arousal,all,linear_logistic,20260813,0.25,0.007294429708222798,0,0.36253879944844963,0.26086447662033296,1
leave_dataset_out,DEAP,21,DEAP,arousal,all,linear_logistic,20260813,0.5,0.026038567437544603,1,0.38303660775181825,0.26086447662033296,1
leave_dataset_out,DEAP,22,DEAP,arousal,all,linear_logistic,20260813,0.75,0.0202922814696775,1,0.3936736796315909,0.26086447662033296,1
leave_dataset_out,DEAP,23,DEAP,arousal,all,linear_logistic,20260813,1.0,0.016114310496112,0,0.4533601105160035,0.26086447662033296,1
leave_dataset_out,DEAP,24,DEAP,arousal,all,linear_logistic,20260829,0.25,0.013771923631632398,0,0.4141593844879886,0.26086447662033296,1
leave_dataset_out,DEAP,25,DEAP,arousal,all,linear_logistic,20260829,0.5,0.0054159816845014,0,0.4918991921890923,0.26086447662033296,1
leave_dataset_out,DEAP,26,DEAP,arousal,all,linear_logistic,20260829,0.75,0.022392613286804898,1,0.5317012791941679,0.26086447662033296,1
leave_dataset_out,DEAP,27,DEAP,arousal,all,linear_logistic,20260829,1.0,0.0183255842099423,0,0.6305913310823392,0.26086447662033296,1
leave_dataset_out,DEAP,28,DEAP,arousal,all,linear_logistic,20260911,0.25,0.007581870076953497,0,0.31498225847139155,0.26086447662033296,1
leave_dataset_out,DEAP,29,DEAP,arousal,all,linear_logistic,20260911,0.5,0.0087316315518755,0,0.45937625050890907,0.26086447662033296,1
leave_dataset_out,DEAP,30,DEAP,arousal,all,linear_logistic,20260911,0.75,0.0199165918649334,0,0.5254619971314872,0.26086447662033296,1
leave_dataset_out,DEAP,31,DEAP,arousal,all,linear_logistic,20260911,1.0,0.0024533287611826007,0,0.5600190568262717,0.26086447662033296,1
leave_dataset_out,DEAP,32,DEAP,arousal,all,linear_logistic,20260923,0.25,0.006653992395437201,0,0.31805834021636975,0.26086447662033296,1
leave_dataset_out,DEAP,33,DEAP,arousal,all,linear_logistic,20260923,0.5,0.00039838226543350425,0,0.370491148247837,0.26086447662033296,1
leave_dataset_out,DEAP,34,DEAP,arousal,all,linear_logistic,20260923,0.75,0.0161596958174905,0,0.4803285208483174,0.26086447662033296,1
leave_dataset_out,DEAP,35,DEAP,arousal,all,linear_logistic,20260923,1.0,0.0168228257909653,0,0.43826311777470905,0.26086447662033296,1
leave_dataset_out,DEAP,36,DEAP,arousal,all,linear_logistic,20261007,0.25,-0.0006858226341640988,0,0.4467831424355387,0.26086447662033296,1
leave_dataset_out,DEAP,37,DEAP,arousal,all,linear_logistic,20261007,0.5,0.012886909864751703,0,0.46477370984133587,0.26086447662033296,1
leave_dataset_out,DEAP,38,DEAP,arousal,all,linear_logistic,20261007,0.75,0.0216412340773163,1,0.5198458515002865,0.26086447662033296,1
leave_dataset_out,DEAP,39,DEAP,arousal,all,linear_logistic,20261007,1.0,0.003005516837954199,0,0.5736069517912596,0.26086447662033296,1
leave_dataset_out,DEAP,40,DEAP,arousal,normalized_asymmetry,gpu_mlp,20260813,0.25,-0.0037568960474426982,0,0.2781822482225146,0.26086447662033296,1
leave_dataset_out,DEAP,41,DEAP,arousal,normalized_asymmetry,gpu_mlp,20260813,0.5,0.0185247753426592,0,0.29074198434631127,0.26086447662033296,1
leave_dataset_out,DEAP,42,DEAP,arousal,normalized_asymmetry,gpu_mlp,20260813,0.75,-0.010345331867555603,0,0.2947324133935483,0.26086447662033296,1
leave_dataset_out,DEAP,43,DEAP,arousal,normalized_asymmetry,gpu_mlp,20260813,1.0,0.019387096448850796,0,0.3421377212301379,0.26086447662033296,1
leave_dataset_out,DEAP,44,DEAP,arousal,normalized_asymmetry,gpu_mlp,20260829,0.25,0.0037568960474428023,0,0.32449314078010033,0.26086447662033296,1
leave_dataset_out,DEAP,45,DEAP,arousal,normalized_asymmetry,gpu_mlp,20260829,0.5,0.008333249286442003,0,0.39025828488263925,0.26086447662033296,1
leave_dataset_out,DEAP,46,DEAP,arousal,normalized_asymmetry,gpu_mlp,20260829,0.75,0.0106327722362861,0,0.4221357231216291,0.26086447662033296,1
leave_dataset_out,DEAP,47,DEAP,arousal,normalized_asymmetry,gpu_mlp,20260829,1.0,-0.0029172676019404015,0,0.5165468408636218,0.26086447662033296,1
leave_dataset_out,DEAP,48,DEAP,arousal,normalized_asymmetry,gpu_mlp,20260911,0.25,0.017463263103750997,0,0.23568453847366222,0.26086447662033296,0
leave_dataset_out,DEAP,49,DEAP,arousal,normalized_asymmetry,gpu_mlp,20260911,0.5,0.0115833425784914,0,0.3566229557847499,0.26086447662033296,1
leave_dataset_out,DEAP,50,DEAP,arousal,normalized_asymmetry,gpu_mlp,20260911,0.75,0.010920212605016699,0,0.41271933889021073,0.26086447662033296,1
leave_dataset_out,DEAP,51,DEAP,arousal,normalized_asymmetry,gpu_mlp,20260911,1.0,0.005990862421962499,0,0.43998679739608293,0.26086447662033296,1
leave_dataset_out,DEAP,52,DEAP,arousal,normalized_asymmetry,gpu_mlp,20260923,0.25,-0.007317122368912098,0,0.2404433733391478,0.26086447662033296,0
leave_dataset_out,DEAP,53,DEAP,arousal,normalized_asymmetry,gpu_mlp,20260923,0.5,0.0006631299734747992,0,0.28018680491917597,0.26086447662033296,1
leave_dataset_out,DEAP,54,DEAP,arousal,normalized_asymmetry,gpu_mlp,20260923,0.75,0.010985769180341103,0,0.3733970702570884,0.26086447662033296,1
leave_dataset_out,DEAP,55,DEAP,arousal,normalized_asymmetry,gpu_mlp,20260923,1.0,0.018126393077225696,0,0.3288349328583259,0.26086447662033296,1
leave_dataset_out,DEAP,56,DEAP,arousal,normalized_asymmetry,gpu_mlp,20261007,0.25,-0.0052394832124738,0,0.34923652417987266,0.26086447662033296,1
leave_dataset_out,DEAP,57,DEAP,arousal,normalized_asymmetry,gpu_mlp,20261007,0.5,-0.005791671289245601,0,0.35938624933387975,0.26086447662033296,1
leave_dataset_out,DEAP,58,DEAP,arousal,normalized_asymmetry,gpu_mlp,20261007,0.75,0.002652519893899398,0,0.40473478781466266,0.26086447662033296,1
leave_dataset_out,DEAP,59,DEAP,arousal,normalized_asymmetry,gpu_mlp,20261007,1.0,0.0078920031063732,0,0.45097869080494796,0.26086447662033296,1
leave_dataset_out,DEAP,60,DEAP,arousal,normalized_asymmetry,linear_logistic,20260813,0.25,0.014611552077135,0,0.22941999666410756,0.26086447662033296,0
leave_dataset_out,DEAP,61,DEAP,arousal,normalized_asymmetry,linear_logistic,20260813,0.5,0.026527720345735396,1,0.24051172420403116,0.26086447662033296,0
leave_dataset_out,DEAP,62,DEAP,arousal,normalized_asymmetry,linear_logistic,20260813,0.75,0.0263285292130186,1,0.24404996399416273,0.26086447662033296,0
leave_dataset_out,DEAP,63,DEAP,arousal,normalized_asymmetry,linear_logistic,20260813,1.0,0.0370495506853185,1,0.28661627657603156,0.26086447662033296,1
leave_dataset_out,DEAP,64,DEAP,arousal,normalized_asymmetry,linear_logistic,20260829,0.25,0.0012153180502467026,0,0.2706569969122452,0.26086447662033296,1
leave_dataset_out,DEAP,65,DEAP,arousal,normalized_asymmetry,linear_logistic,20260829,0.5,0.015274682050609799,0,0.33085522357282743,0.26086447662033296,1
leave_dataset_out,DEAP,66,DEAP,arousal,normalized_asymmetry,linear_logistic,20260829,0.75,0.00017649847202760166,0,0.3607512400250304,0.26086447662033296,1
leave_dataset_out,DEAP,67,DEAP,arousal,normalized_asymmetry,linear_logistic,20260829,1.0,0.006278302790693004,0,0.4521763047914423,0.26086447662033296,1
leave_dataset_out,DEAP,68,DEAP,arousal,normalized_asymmetry,linear_logistic,20260911,0.25,-0.007781061209670101,0,0.1923861793642672,0.26086447662033296,0
leave_dataset_out,DEAP,69,DEAP,arousal,normalized_asymmetry,linear_logistic,20260911,0.5,-0.0017901987877076003,0,0.2998221828185703,0.26086447662033296,1
leave_dataset_out,DEAP,70,DEAP,arousal,normalized_asymmetry,linear_logistic,20260911,0.75,0.006477493923409797,0,0.35187035838107944,0.26086447662033296,1
leave_dataset_out,DEAP,71,DEAP,arousal,normalized_asymmetry,linear_logistic,20260911,1.0,0.007516313501628898,0,0.37770317976299334,0.26086447662033296,1
leave_dataset_out,DEAP,72,DEAP,arousal,normalized_asymmetry,linear_logistic,20260923,0.25,0.0045536605783098,0,0.19649551449210154,0.26086447662033296,0
leave_dataset_out,DEAP,73,DEAP,arousal,normalized_asymmetry,linear_logistic,20260923,0.5,0.0064548012627204995,0,0.23118571668101526,0.26086447662033296,0
leave_dataset_out,DEAP,74,DEAP,arousal,normalized_asymmetry,linear_logistic,20260923,0.75,0.008842573448578401,0,0.31523365251823543,0.26086447662033296,1
leave_dataset_out,DEAP,75,DEAP,arousal,normalized_asymmetry,linear_logistic,20260923,1.0,0.024515637764621602,1,0.274571243510265,0.26086447662033296,1
leave_dataset_out,DEAP,76,DEAP,arousal,normalized_asymmetry,linear_logistic,20261007,0.25,0.00031013302941980056,0,0.2930763042953095,0.26086447662033296,1
leave_dataset_out,DEAP,77,DEAP,arousal,normalized_asymmetry,linear_logistic,20261007,0.5,0.017397706528426298,0,0.30235218834259003,0.26086447662033296,1
leave_dataset_out,DEAP,78,DEAP,arousal,normalized_asymmetry,linear_logistic,20261007,0.75,0.009483010761363899,0,0.3443727131814202,0.26086447662033296,1
leave_dataset_out,DEAP,79,DEAP,arousal,normalized_asymmetry,linear_logistic,20261007,1.0,0.014457746265796701,0,0.38821774165292955,0.26086447662033296,1
leave_dataset_out,DEAP,80,DEAP,arousal,relative_power,gpu_mlp,20260813,0.25,-0.013817308953011,0,0.2754977070485184,0.26086447662033296,1
leave_dataset_out,DEAP,81,DEAP,arousal,relative_power,gpu_mlp,20260813,0.5,0.012312029127290697,0,0.2878742817734581,0.26086447662033296,1
leave_dataset_out,DEAP,82,DEAP,arousal,relative_power,gpu_mlp,20260813,0.75,0.012841524543373301,0,0.29173233181857505,0.26086447662033296,1
leave_dataset_out,DEAP,83,DEAP,arousal,relative_power,gpu_mlp,20260813,1.0,0.006343859366017498,0,0.3387659861897263,0.26086447662033296,1
leave_dataset_out,DEAP,84,DEAP,arousal,relative_power,gpu_mlp,20260829,0.25,0.0227909955522385,1,0.32764475440665397,0.26086447662033296,1
leave_dataset_out,DEAP,85,DEAP,arousal,relative_power,gpu_mlp,20260829,0.5,0.0095057034220533,0,0.39382203788631065,0.26086447662033296,1
leave_dataset_out,DEAP,86,DEAP,arousal,relative_power,gpu_mlp,20260829,0.75,0.011671591814505201,0,0.4259351127988415,0.26086447662033296,1
leave_dataset_out,DEAP,87,DEAP,arousal,relative_power,gpu_mlp,20260829,1.0,0.013683674395618801,0,0.5205837257082503,0.26086447662033296,1
leave_dataset_out,DEAP,88,DEAP,arousal,relative_power,gpu_mlp,20260911,0.25,0.029997176024447497,1,0.23827671353945104,0.26086447662033296,0
leave_dataset_out,DEAP,89,DEAP,arousal,relative_power,gpu_mlp,20260911,0.5,0.014788050549162397,0,0.36005771852411783,0.26086447662033296,1
leave_dataset_out,DEAP,90,DEAP,arousal,relative_power,gpu_mlp,20260911,0.75,0.0204687799417051,1,0.41649028955558187,0.26086447662033296,1
leave_dataset_out,DEAP,91,DEAP,arousal,relative_power,gpu_mlp,20260911,1.0,0.023519682101037897,1,0.4439681120763971,0.26086447662033296,1
leave_dataset_out,DEAP,92,DEAP,arousal,relative_power,gpu_mlp,20260923,0.25,0.0092384343072687,0,0.24339528525170126,0.26086447662033296,0
leave_dataset_out,DEAP,93,DEAP,arousal,relative_power,gpu_mlp,20260923,0.5,0.0158041774666922,0,0.28357564622792736,0.26086447662033296,1
leave_dataset_out,DEAP,94,DEAP,arousal,relative_power,gpu_mlp,20260923,0.75,0.004818408286351203,0,0.3774718116177939,0.26086447662033296,1
leave_dataset_out,DEAP,95,DEAP,arousal,relative_power,gpu_mlp,20260923,1.0,0.006144668233300697,0,0.3328271547793046,0.26086447662033296,1
leave_dataset_out,DEAP,96,DEAP,arousal,relative_power,gpu_mlp,20261007,0.25,0.011008461841030298,0,0.35783939439827,0.26086447662033296,1
leave_dataset_out,DEAP,97,DEAP,arousal,relative_power,gpu_mlp,20261007,0.5,0.0015481437403555998,0,0.36846768838478966,0.26086447662033296,1
leave_dataset_out,DEAP,98,DEAP,arousal,relative_power,gpu_mlp,20261007,0.75,0.0210663533398554,1,0.4146090289281605,0.26086447662033296,1
leave_dataset_out,DEAP,99,DEAP,arousal,relative_power,gpu_mlp,20261007,1.0,0.008686246230496998,0,0.4615013961883714,0.26086447662033296,1
leave_dataset_out,DEAP,100,DEAP,arousal,relative_power,linear_logistic,20260813,0.25,-0.0024533287611826007,0,0.22705800115606414,0.26086447662033296,0
leave_dataset_out,DEAP,101,DEAP,arousal,relative_power,linear_logistic,20260813,0.5,0.0056151728172181,0,0.23797323006313642,0.26086447662033296,0
leave_dataset_out,DEAP,102,DEAP,arousal,relative_power,linear_logistic,20260813,0.75,2.2692660689199035e-05,0,0.24138920516096152,0.26086447662033296,0
leave_dataset_out,DEAP,103,DEAP,arousal,relative_power,linear_logistic,20260813,1.0,0.007604562737642498,0,0.2835558604646178,0.26086447662033296,1
leave_dataset_out,DEAP,104,DEAP,arousal,relative_power,linear_logistic,20260829,0.25,0.014699801313148702,0,0.27349743326873366,0.26086447662033296,1
leave_dataset_out,DEAP,105,DEAP,arousal,relative_power,linear_logistic,20260829,0.5,-0.005879920525259499,0,0.33417381804825075,0.26086447662033296,1
leave_dataset_out,DEAP,106,DEAP,arousal,relative_power,linear_logistic,20260829,0.75,0.002740769129913001,0,0.36434648949629556,0.26086447662033296,1
leave_dataset_out,DEAP,107,DEAP,arousal,relative_power,linear_logistic,20260829,1.0,0.0135727324989158,0,0.4561848151412117,0.26086447662033296,1
leave_dataset_out,DEAP,108,DEAP,arousal,relative_power,linear_logistic,20260911,0.25,0.0168001331302761,0,0.194623400330317,0.26086447662033296,0
leave_dataset_out,DEAP,109,DEAP,arousal,relative_power,linear_logistic,20260911,0.5,0.0159378120240844,0,0.30296749268143636,0.26086447662033296,1
leave_dataset_out,DEAP,110,DEAP,arousal,relative_power,linear_logistic,20260911,0.75,0.021353793708586002,1,0.3554218126916456,0.26086447662033296,1
leave_dataset_out,DEAP,111,DEAP,arousal,relative_power,linear_logistic,20260911,1.0,0.025244324313421,1,0.3815048470277812,0.26086447662033296,1
leave_dataset_out,DEAP,112,DEAP,arousal,relative_power,linear_logistic,20260923,0.25,-0.003204707970670899,0,0.19904927389338795,0.26086447662033296,0
leave_dataset_out,DEAP,113,DEAP,arousal,relative_power,linear_logistic,20260923,0.5,-0.001966697259734999,0,0.23417470294734602,0.26086447662033296,0
leave_dataset_out,DEAP,114,DEAP,arousal,relative_power,linear_logistic,20260923,0.75,0.0043998547669716025,0,0.3189968052381777,0.26086447662033296,1
leave_dataset_out,DEAP,115,DEAP,arousal,relative_power,linear_logistic,20260923,1.0,-0.0059681697612732,0,0.2781777249094995,0.26086447662033296,1
leave_dataset_out,DEAP,116,DEAP,arousal,relative_power,linear_logistic,20261007,0.25,-0.0040897217375518,0,0.3009354983140561,0.26086447662033296,1
leave_dataset_out,DEAP,117,DEAP,arousal,relative_power,linear_logistic,20261007,0.5,0.0130861009974685,0,0.3106913896976849,0.26086447662033296,1
leave_dataset_out,DEAP,118,DEAP,arousal,relative_power,linear_logistic,20261007,0.75,0.0157386208913676,0,0.3536492139973086,0.26086447662033296,1
leave_dataset_out,DEAP,119,DEAP,arousal,relative_power,linear_logistic,20261007,1.0,0.012576776835331899,0,0.39833853102270944,0.26086447662033296,1
leave_dataset_out,DEAP,120,DEAP,valence,all,gpu_mlp,20260813,0.25,0.0227403712389204,1,0.3032012860568455,0.26086447662033296,1
leave_dataset_out,DEAP,121,DEAP,valence,all,gpu_mlp,20260813,0.5,0.0110497237569061,0,0.31628180963236685,0.26086447662033296,1
leave_dataset_out,DEAP,122,DEAP,valence,all,gpu_mlp,20260813,0.75,-0.006856393338367899,0,0.357581244982765,0.26086447662033296,1
leave_dataset_out,DEAP,123,DEAP,valence,all,gpu_mlp,20260813,1.0,0.0026829365237092014,0,0.3692238626308012,0.26086447662033296,1
leave_dataset_out,DEAP,124,DEAP,valence,all,gpu_mlp,20260829,0.25,0.006841488135458501,0,0.27088087185323906,0.26086447662033296,1
leave_dataset_out,DEAP,125,DEAP,valence,all,gpu_mlp,20260829,0.5,0.0231577169203863,1,0.2280770651651997,0.26086447662033296,0
leave_dataset_out,DEAP,126,DEAP,valence,all,gpu_mlp,20260829,0.75,0.0161721451568026,0,0.2983969039436296,0.26086447662033296,1
leave_dataset_out,DEAP,127,DEAP,valence,all,gpu_mlp,20260829,1.0,0.009589013871775501,0,0.3328715951016613,0.26086447662033296,1
leave_dataset_out,DEAP,128,DEAP,valence,all,gpu_mlp,20260911,0.25,-0.0190488493183354,0,0.2374437025594069,0.26086447662033296,0
leave_dataset_out,DEAP,129,DEAP,valence,all,gpu_mlp,20260911,0.5,0.0008346913629317977,0,0.24552691782109862,0.26086447662033296,0
leave_dataset_out,DEAP,130,DEAP,valence,all,gpu_mlp,20260911,0.75,-0.0080786199769467,0,0.23814355522679873,0.26086447662033296,0
leave_dataset_out,DEAP,131,DEAP,valence,all,gpu_mlp,20260911,1.0,0.014935013315314497,0,0.2858324340714144,0.26086447662033296,1
leave_dataset_out,DEAP,132,DEAP,valence,all,gpu_mlp,20260923,0.25,0.016460312413053,0,0.22565298938573183,0.26086447662033296,0
leave_dataset_out,DEAP,133,DEAP,valence,all,gpu_mlp,20260923,0.5,0.0231726221232959,1,0.33431204789825775,0.26086447662033296,1
leave_dataset_out,DEAP,134,DEAP,valence,all,gpu_mlp,20260923,0.75,0.011467069438372,0,0.3087511570517987,0.26086447662033296,1
leave_dataset_out,DEAP,135,DEAP,valence,all,gpu_mlp,20260923,1.0,0.0258555586470052,1,0.31435172099181424,0.26086447662033296,1
leave_dataset_out,DEAP,136,DEAP,valence,all,gpu_mlp,20261007,0.25,0.0019277395762947996,0,0.2661533545882596,0.26086447662033296,1
leave_dataset_out,DEAP,137,DEAP,valence,all,gpu_mlp,20261007,0.5,-0.005942207559918899,0,0.2792098199723331,0.26086447662033296,1
leave_dataset_out,DEAP,138,DEAP,valence,all,gpu_mlp,20261007,0.75,0.037884057394968,1,0.3431775495048508,0.26086447662033296,1
leave_dataset_out,DEAP,139,DEAP,valence,all,gpu_mlp,20261007,1.0,0.0204598751937677,1,0.3600258007741674,0.26086447662033296,1
leave_dataset_out,DEAP,140,DEAP,valence,all,linear_logistic,20260813,0.25,0.013345125004968402,0,0.25158201625567433,0.26086447662033296,0
leave_dataset_out,DEAP,141,DEAP,valence,all,linear_logistic,20260813,0.5,0.005604356293970401,0,0.2632770305813427,0.26086447662033296,1
leave_dataset_out,DEAP,142,DEAP,valence,all,linear_logistic,20260813,0.75,0.0033884494614252,0,0.3006991773532346,0.26086447662033296,1
leave_dataset_out,DEAP,143,DEAP,valence,all,linear_logistic,20260813,1.0,0.0114024802257641,0,0.3113874572085536,0.26086447662033296,1
leave_dataset_out,DEAP,144,DEAP,valence,all,linear_logistic,20260829,0.25,0.0015252990977384995,0,0.22300306512411464,0.26086447662033296,0
leave_dataset_out,DEAP,145,DEAP,valence,all,linear_logistic,20260829,0.5,0.0031151874080846,0,0.18583648694478958,0.26086447662033296,0
leave_dataset_out,DEAP,146,DEAP,valence,all,linear_logistic,20260829,0.75,0.013633292261218802,0,0.24730527009513284,0.26086447662033296,0
leave_dataset_out,DEAP,147,DEAP,valence,all,linear_logistic,20260829,1.0,0.0068414881354586,0,0.2782179111581808,0.26086447662033296,1
leave_dataset_out,DEAP,148,DEAP,valence,all,linear_logistic,20260911,0.25,0.0093157518184346,0,0.19390415185016902,0.26086447662033296,0
leave_dataset_out,DEAP,149,DEAP,valence,all,linear_logistic,20260911,0.5,0.0148555188997971,0,0.20089565151476513,0.26086447662033296,0
leave_dataset_out,DEAP,150,DEAP,valence,all,linear_logistic,20260911,0.75,0.0115316586509796,0,0.19450840780707024,0.26086447662033296,0
leave_dataset_out,DEAP,151,DEAP,valence,all,linear_logistic,20260911,1.0,0.017473866210898602,0,0.23616794269946675,0.26086447662033296,0
leave_dataset_out,DEAP,152,DEAP,valence,all,linear_logistic,20260923,0.25,-0.0011725426288802972,0,0.1837544868536471,0.26086447662033296,0
leave_dataset_out,DEAP,153,DEAP,valence,all,linear_logistic,20260923,0.5,0.007661274295480702,0,0.2795209520304373,0.26086447662033296,1
leave_dataset_out,DEAP,154,DEAP,valence,all,linear_logistic,20260923,0.75,0.012639612067252299,0,0.2565348940802453,0.26086447662033296,0
leave_dataset_out,DEAP,155,DEAP,valence,all,linear_logistic,20260923,1.0,0.015402043006478804,0,0.2615466657638552,0.26086447662033296,1
leave_dataset_out,DEAP,156,DEAP,valence,all,linear_logistic,20261007,0.25,0.0111938073850311,0,0.21886031243661958,0.26086447662033296,0
leave_dataset_out,DEAP,157,DEAP,valence,all,linear_logistic,20261007,0.5,0.0187259032552962,0,0.23032492164194926,0.26086447662033296,0
leave_dataset_out,DEAP,158,DEAP,valence,all,linear_logistic,20261007,0.75,0.0157547994753367,0,0.2875611228082243,0.26086447662033296,1
leave_dataset_out,DEAP,159,DEAP,valence,all,linear_logistic,20261007,1.0,0.0159634723160697,0,0.3029382400480444,0.26086447662033296,1
leave_dataset_out,DEAP,160,DEAP,valence,normalized_asymmetry,gpu_mlp,20260813,0.25,0.0091070789777019,0,0.18657923878700156,0.26086447662033296,0
leave_dataset_out,DEAP,161,DEAP,valence,normalized_asymmetry,gpu_mlp,20260813,0.5,0.0121725823760881,0,0.19308498561299045,0.26086447662033296,0
leave_dataset_out,DEAP,162,DEAP,valence,normalized_asymmetry,gpu_mlp,20260813,0.75,0.0154020430064788,0,0.2204203245348358,0.26086447662033296,0
leave_dataset_out,DEAP,163,DEAP,valence,normalized_asymmetry,gpu_mlp,20260813,1.0,0.001992328788902601,0,0.22573605618070824,0.26086447662033296,0
leave_dataset_out,DEAP,164,DEAP,valence,normalized_asymmetry,gpu_mlp,20260829,0.25,-0.0022954012480623,0,0.164621772823749,0.26086447662033296,0
leave_dataset_out,DEAP,165,DEAP,valence,normalized_asymmetry,gpu_mlp,20260829,0.5,-0.0165398068285703,0,0.13351000326095191,0.26086447662033296,0
leave_dataset_out,DEAP,166,DEAP,valence,normalized_asymmetry,gpu_mlp,20260829,0.75,0.00033785126594860007,0,0.17921372970157132,0.26086447662033296,0
leave_dataset_out,DEAP,167,DEAP,valence,normalized_asymmetry,gpu_mlp,20260829,1.0,0.0178912118923645,0,0.20098126123553267,0.26086447662033296,0
leave_dataset_out,DEAP,168,DEAP,valence,normalized_asymmetry,gpu_mlp,20260911,0.25,-0.0031300926109940996,0,0.14004779248118263,0.26086447662033296,0
leave_dataset_out,DEAP,169,DEAP,valence,normalized_asymmetry,gpu_mlp,20260911,0.5,-0.0038505107516196998,0,0.14320397554630032,0.26086447662033296,0
leave_dataset_out,DEAP,170,DEAP,valence,normalized_asymmetry,gpu_mlp,20260911,0.75,-0.0056838507094876,0,0.1362596587573937,0.26086447662033296,0
leave_dataset_out,DEAP,171,DEAP,valence,normalized_asymmetry,gpu_mlp,20260911,1.0,0.0078401367303946,0,0.1654225210751922,0.26086447662033296,0
leave_dataset_out,DEAP,172,DEAP,valence,normalized_asymmetry,gpu_mlp,20260923,0.25,0.0142940895902062,0,0.1333626644616008,0.26086447662033296,0
leave_dataset_out,DEAP,173,DEAP,valence,normalized_asymmetry,gpu_mlp,20260923,0.5,0.0048193489407369,0,0.20649502633207759,0.26086447662033296,0
leave_dataset_out,DEAP,174,DEAP,valence,normalized_asymmetry,gpu_mlp,20260923,0.75,0.0164950912198417,0,0.1852207951103177,0.26086447662033296,0
leave_dataset_out,DEAP,175,DEAP,valence,normalized_asymmetry,gpu_mlp,20260923,1.0,0.035782423784729,1,0.1861927735644462,0.26086447662033296,0
leave_dataset_out,DEAP,176,DEAP,valence,normalized_asymmetry,gpu_mlp,20261007,0.25,0.0116608370761953,0,0.1582551747253414,0.26086447662033296,0
leave_dataset_out,DEAP,177,DEAP,valence,normalized_asymmetry,gpu_mlp,20261007,0.5,0.013459398227274499,0,0.16466294353623423,0.26086447662033296,0
leave_dataset_out,DEAP,178,DEAP,valence,normalized_asymmetry,gpu_mlp,20261007,0.75,0.0259549266664016,1,0.2070319382153716,0.26086447662033296,0
leave_dataset_out,DEAP,179,DEAP,valence,normalized_asymmetry,gpu_mlp,20261007,1.0,0.010135537978457,0,0.21623681896086863,0.26086447662033296,0
leave_dataset_out,DEAP,180,DEAP,valence,normalized_asymmetry,linear_logistic,20260813,0.25,-0.0005614293095909991,0,0.1505255035895512,0.26086447662033296,0
leave_dataset_out,DEAP,181,DEAP,valence,normalized_asymmetry,linear_logistic,20260813,0.5,-0.0018631503636869998,0,0.1560152305327653,0.26086447662033296,0
leave_dataset_out,DEAP,182,DEAP,valence,normalized_asymmetry,linear_logistic,20260813,0.75,-0.011144123375332899,0,0.17926847530246282,0.26086447662033296,0
leave_dataset_out,DEAP,183,DEAP,valence,normalized_asymmetry,linear_logistic,20260813,1.0,-0.010165348384276,0,0.18382579155191828,0.26086447662033296,0
leave_dataset_out,DEAP,184,DEAP,valence,normalized_asymmetry,linear_logistic,20260829,0.25,0.0053012838348105995,0,0.13212182649736298,0.26086447662033296,0
leave_dataset_out,DEAP,185,DEAP,valence,normalized_asymmetry,linear_logistic,20260829,0.5,0.019416510990103,0,0.10637011252019969,0.26086447662033296,0
leave_dataset_out,DEAP,186,DEAP,valence,normalized_asymmetry,linear_logistic,20260829,0.75,0.0255177073810565,1,0.14433073063986188,0.26086447662033296,0
leave_dataset_out,DEAP,187,DEAP,valence,normalized_asymmetry,linear_logistic,20260829,1.0,0.0245240271870901,1,0.16270119858541143,0.26086447662033296,0
leave_dataset_out,DEAP,188,DEAP,valence,normalized_asymmetry,linear_logistic,20260911,0.25,0.0042728248340554,0,0.11175030087623823,0.26086447662033296,0
leave_dataset_out,DEAP,189,DEAP,valence,normalized_asymmetry,linear_logistic,20260911,0.5,-0.003130092610994,0,0.11435356094515968,0.26086447662033296,0
leave_dataset_out,DEAP,190,DEAP,valence,normalized_asymmetry,linear_logistic,20260911,0.75,0.0068265829325489,0,0.10863089339662031,0.26086447662033296,0
leave_dataset_out,DEAP,191,DEAP,valence,normalized_asymmetry,linear_logistic,20260911,1.0,-0.004238046027266601,0,0.13278961832634306,0.26086447662033296,0
leave_dataset_out,DEAP,192,DEAP,valence,normalized_asymmetry,linear_logistic,20260923,0.25,0.011884415119837899,0,0.10624905213285787,0.26086447662033296,0
leave_dataset_out,DEAP,193,DEAP,valence,normalized_asymmetry,linear_logistic,20260923,0.5,0.0175384554235066,0,0.16738478067696166,0.26086447662033296,0
leave_dataset_out,DEAP,194,DEAP,valence,normalized_asymmetry,linear_logistic,20260923,0.75,0.010776461703565401,0,0.149381352518543,0.26086447662033296,0
leave_dataset_out,DEAP,195,DEAP,valence,normalized_asymmetry,linear_logistic,20260923,1.0,0.0063595532413848995,0,0.15019992756776854,0.26086447662033296,0
leave_dataset_out,DEAP,196,DEAP,valence,normalized_asymmetry,linear_logistic,20261007,0.25,-0.002841925354743799,0,0.12682131967367855,0.26086447662033296,0
leave_dataset_out,DEAP,197,DEAP,valence,normalized_asymmetry,linear_logistic,20261007,0.5,-0.004238046027266601,0,0.13215615505192482,0.26086447662033296,0
leave_dataset_out,DEAP,198,DEAP,valence,normalized_asymmetry,linear_logistic,20261007,0.75,0.008272387614770001,0,0.16784151088883434,0.26086447662033296,0
leave_dataset_out,DEAP,199,DEAP,valence,normalized_asymmetry,linear_logistic,20261007,1.0,-0.003482849079852201,0,0.17568999730367388,0.26086447662033296,0
leave_dataset_out,DEAP,200,DEAP,valence,relative_power,gpu_mlp,20260813,0.25,-0.009941770340633399,0,0.18457429778056356,0.26086447662033296,0
leave_dataset_out,DEAP,201,DEAP,valence,relative_power,gpu_mlp,20260813,0.5,0.010582694065741902,0,0.19096610291439567,0.26086447662033296,0
leave_dataset_out,DEAP,202,DEAP,valence,relative_power,gpu_mlp,20260813,0.75,-0.0140208275368655,0,0.2180183720310361,0.26086447662033296,0
leave_dataset_out,DEAP,203,DEAP,valence,relative_power,gpu_mlp,20260813,1.0,-0.007855041933304099,0,0.22322214252555292,0.26086447662033296,0
leave_dataset_out,DEAP,204,DEAP,valence,relative_power,gpu_mlp,20260829,0.25,-0.016604396041178,0,0.16657141847876425,0.26086447662033296,0
leave_dataset_out,DEAP,205,DEAP,valence,relative_power,gpu_mlp,20260829,0.5,-0.0011874478317897997,0,0.13519501409298296,0.26086447662033296,0
leave_dataset_out,DEAP,206,DEAP,valence,relative_power,gpu_mlp,20260829,0.75,-0.0061359751977422515,0,0.18140660081242532,0.26086447662033296,0
leave_dataset_out,DEAP,207,DEAP,valence,relative_power,gpu_mlp,20260829,1.0,-0.0020221391947216,0,0.2034401340006699,0.26086447662033296,0
leave_dataset_out,DEAP,208,DEAP,valence,relative_power,gpu_mlp,20260911,0.25,0.0011725426288804013,0,0.1417580253137285,0.26086447662033296,0
leave_dataset_out,DEAP,209,DEAP,valence,relative_power,gpu_mlp,20260911,0.5,0.0086400492865376,0,0.14499534872531217,0.26086447662033296,0
leave_dataset_out,DEAP,210,DEAP,valence,relative_power,gpu_mlp,20260911,0.75,0.0090573949680035,0,0.13802355371477554,0.26086447662033296,0
leave_dataset_out,DEAP,211,DEAP,valence,relative_power,gpu_mlp,20260911,1.0,0.0127986008982869,0,0.16754813699640636,0.26086447662033296,0
leave_dataset_out,DEAP,212,DEAP,valence,relative_power,gpu_mlp,20260923,0.25,0.0165249016256607,0,0.13521329165547913,0.26086447662033296,0
leave_dataset_out,DEAP,213,DEAP,valence,relative_power,gpu_mlp,20260923,0.5,0.0302078778965778,1,0.2091935946011531,0.26086447662033296,0
leave_dataset_out,DEAP,214,DEAP,valence,relative_power,gpu_mlp,20260923,0.75,0.0041436464088397,0,0.18777541649545895,0.26086447662033296,0
leave_dataset_out,DEAP,215,DEAP,valence,relative_power,gpu_mlp,20260923,1.0,0.002394769267459,0,0.18883285355526885,0.26086447662033296,0
leave_dataset_out,DEAP,216,DEAP,valence,relative_power,gpu_mlp,20261007,0.25,0.0109056401287809,0,0.16325893803759253,0.26086447662033296,0
leave_dataset_out,DEAP,217,DEAP,valence,relative_power,gpu_mlp,20261007,0.5,0.012495528439127199,0,0.16997579896119755,0.26086447662033296,0
leave_dataset_out,DEAP,218,DEAP,valence,relative_power,gpu_mlp,20261007,0.75,0.024186175921141598,1,0.21353509505599377,0.26086447662033296,0
leave_dataset_out,DEAP,219,DEAP,valence,relative_power,gpu_mlp,20261007,1.0,0.0100709487658493,0,0.2231311133613078,0.26086447662033296,0
leave_dataset_out,DEAP,220,DEAP,valence,relative_power,linear_logistic,20260813,0.25,0.0092014785961285,0,0.14883709846964305,0.26086447662033296,0
leave_dataset_out,DEAP,221,DEAP,valence,relative_power,linear_logistic,20260813,0.5,-0.0009489645852378999,0,0.15422539415331818,0.26086447662033296,0
leave_dataset_out,DEAP,222,DEAP,valence,relative_power,linear_logistic,20260813,0.75,0.0061011963909534,0,0.17721302224672822,0.26086447662033296,0
leave_dataset_out,DEAP,223,DEAP,valence,relative_power,linear_logistic,20260813,1.0,0.0043026352398743,0,0.18166910027671718,0.26086447662033296,0
leave_dataset_out,DEAP,224,DEAP,valence,relative_power,linear_logistic,20260829,0.25,0.017473866210898602,0,0.13374819420919895,0.26086447662033296,0
leave_dataset_out,DEAP,225,DEAP,valence,relative_power,linear_logistic,20260829,0.5,0.010985134544298199,0,0.10775519091311814,0.26086447662033296,0
leave_dataset_out,DEAP,226,DEAP,valence,relative_power,linear_logistic,20260829,0.75,0.0122222663857863,0,0.14617278479181614,0.26086447662033296,0
leave_dataset_out,DEAP,227,DEAP,valence,relative_power,linear_logistic,20260829,1.0,0.0176030446361142,0,0.16478832798463142,0.26086447662033296,0
leave_dataset_out,DEAP,228,DEAP,valence,relative_power,linear_logistic,20260911,0.25,0.006280058825867501,0,0.1131604432994487,0.26086447662033296,0
leave_dataset_out,DEAP,229,DEAP,valence,relative_power,linear_logistic,20260911,0.5,-0.0014607098851306018,0,0.11583282803207787,0.26086447662033296,0
leave_dataset_out,DEAP,230,DEAP,valence,relative_power,linear_logistic,20260911,0.75,-0.0012023530346993022,0,0.11008271420528963,0.26086447662033296,0
leave_dataset_out,DEAP,231,DEAP,valence,relative_power,linear_logistic,20260911,1.0,0.011114312969513797,0,0.13456352328677115,0.26086447662033296,0
leave_dataset_out,DEAP,232,DEAP,valence,relative_power,linear_logistic,20260923,0.25,0.0071147501887992,0,0.10777022106990695,0.26086447662033296,0
leave_dataset_out,DEAP,233,DEAP,valence,relative_power,linear_logistic,20260923,0.5,0.013668071068007399,0,0.16968153371625833,0.26086447662033296,0
leave_dataset_out,DEAP,234,DEAP,valence,relative_power,linear_logistic,20260923,0.75,0.0209269048849318,1,0.15153359751195045,0.26086447662033296,0
leave_dataset_out,DEAP,235,DEAP,valence,relative_power,linear_logistic,20260923,1.0,0.0183731467864382,0,0.15242524335202062,0.26086447662033296,0
leave_dataset_out,DEAP,236,DEAP,valence,relative_power,linear_logistic,20261007,0.25,0.011531658650979802,0,0.1309858580541716,0.26086447662033296,0
leave_dataset_out,DEAP,237,DEAP,valence,relative_power,linear_logistic,20261007,0.5,0.0243153543463571,1,0.13659167965203642,0.26086447662033296,0
leave_dataset_out,DEAP,238,DEAP,valence,relative_power,linear_logistic,20261007,0.75,0.0062800588258675,0,0.1733828068593709,0.26086447662033296,0
leave_dataset_out,DEAP,239,DEAP,valence,relative_power,linear_logistic,20261007,1.0,0.009042489765094,0,0.18159105493480893,0.26086447662033296,0
leave_dataset_out,MAHNOB-HCI,240,MAHNOB-HCI,arousal,all,gpu_mlp,20260813,0.25,0.0121415189508574,0,0.25147421456598434,0.2225114871083183,1
leave_dataset_out,MAHNOB-HCI,241,MAHNOB-HCI,arousal,all,gpu_mlp,20260813,0.5,0.0175097276264592,0,0.3666094959078827,0.2225114871083183,1
leave_dataset_out,MAHNOB-HCI,242,MAHNOB-HCI,arousal,all,gpu_mlp,20260813,0.75,0.023065283182014697,1,0.5477194182009585,0.2225114871083183,1
leave_dataset_out,MAHNOB-HCI,243,MAHNOB-HCI,arousal,all,gpu_mlp,20260813,1.0,0.032418215881250795,1,0.6896489544440672,0.2225114871083183,1
leave_dataset_out,MAHNOB-HCI,244,MAHNOB-HCI,arousal,all,gpu_mlp,20260829,0.25,-0.0207450641302782,0,0.3004323312781319,0.2225114871083183,1
leave_dataset_out,MAHNOB-HCI,245,MAHNOB-HCI,arousal,all,gpu_mlp,20260829,0.5,-0.007969448047269102,0,0.4259852789117645,0.2225114871083183,1
leave_dataset_out,MAHNOB-HCI,246,MAHNOB-HCI,arousal,all,gpu_mlp,20260829,0.75,0.0380674448767833,1,0.5420207746334089,0.2225114871083183,1
leave_dataset_out,MAHNOB-HCI,247,MAHNOB-HCI,arousal,all,gpu_mlp,20260829,1.0,0.011766825190949702,0,0.7095340426352158,0.2225114871083183,1
leave_dataset_out,MAHNOB-HCI,248,MAHNOB-HCI,arousal,all,gpu_mlp,20260911,0.25,0.006211269635394199,0,0.3235676253248188,0.2225114871083183,1
leave_dataset_out,MAHNOB-HCI,249,MAHNOB-HCI,arousal,all,gpu_mlp,20260911,0.5,0.022596915982129998,1,0.476186577781958,0.2225114871083183,1
leave_dataset_out,MAHNOB-HCI,250,MAHNOB-HCI,arousal,all,gpu_mlp,20260911,0.75,0.009352932699236299,0,0.603432539127659,0.2225114871083183,1
leave_dataset_out,MAHNOB-HCI,251,MAHNOB-HCI,arousal,all,gpu_mlp,20260911,1.0,0.0211197578901859,1,0.7285951714138839,0.2225114871083183,1
leave_dataset_out,MAHNOB-HCI,252,MAHNOB-HCI,arousal,all,gpu_mlp,20260923,0.25,0.028714512177547197,1,0.3061782705783856,0.2225114871083183,1
leave_dataset_out,MAHNOB-HCI,253,MAHNOB-HCI,arousal,all,gpu_mlp,20260923,0.5,0.0455685257241679,1,0.3765707059151955,0.2225114871083183,1
leave_dataset_out,MAHNOB-HCI,254,MAHNOB-HCI,arousal,all,gpu_mlp,20260923,0.75,0.06455541144257111,1,0.5760672169753944,0.2225114871083183,1
leave_dataset_out,MAHNOB-HCI,255,MAHNOB-HCI,arousal,all,gpu_mlp,20260923,1.0,0.0276841043378009,1,0.6793632120205527,0.2225114871083183,1
leave_dataset_out,MAHNOB-HCI,256,MAHNOB-HCI,arousal,all,gpu_mlp,20261007,0.25,0.0400129701686121,1,0.2773877159958817,0.2225114871083183,1
leave_dataset_out,MAHNOB-HCI,257,MAHNOB-HCI,arousal,all,gpu_mlp,20261007,0.5,0.0420521689004178,1,0.418407158608297,0.2225114871083183,1
leave_dataset_out,MAHNOB-HCI,258,MAHNOB-HCI,arousal,all,gpu_mlp,20261007,0.75,0.0263006196858336,1,0.6035106104642569,0.2225114871083183,1
leave_dataset_out,MAHNOB-HCI,259,MAHNOB-HCI,arousal,all,gpu_mlp,20261007,1.0,0.0151895085747226,0,0.7158981649736337,0.2225114871083183,1
leave_dataset_out,MAHNOB-HCI,260,MAHNOB-HCI,arousal,all,linear_logistic,20260813,0.25,0.0054618821155786,0,0.15207863395414886,0.2225114871083183,0
leave_dataset_out,MAHNOB-HCI,261,MAHNOB-HCI,arousal,all,linear_logistic,20260813,0.5,0.0016645049718978996,0,0.23605789832342933,0.2225114871083183,1
leave_dataset_out,MAHNOB-HCI,262,MAHNOB-HCI,arousal,all,linear_logistic,20260813,0.75,0.03213719556132,1,0.39265524913611627,0.2225114871083183,1
leave_dataset_out,MAHNOB-HCI,263,MAHNOB-HCI,arousal,all,linear_logistic,20260813,1.0,0.005087188355670701,0,0.5426098117370594,0.2225114871083183,1
leave_dataset_out,MAHNOB-HCI,264,MAHNOB-HCI,arousal,all,linear_logistic,20260829,0.25,0.022877936302060697,1,0.1865075418486535,0.2225114871083183,0
leave_dataset_out,MAHNOB-HCI,265,MAHNOB-HCI,arousal,all,linear_logistic,20260829,0.5,0.0110174376711341,0,0.28376228655802044,0.2225114871083183,1
leave_dataset_out,MAHNOB-HCI,266,MAHNOB-HCI,arousal,all,linear_logistic,20260829,0.75,0.052882259691598196,1,0.3871887953277389,0.2225114871083183,1
leave_dataset_out,MAHNOB-HCI,267,MAHNOB-HCI,arousal,all,linear_logistic,20260829,1.0,0.035466205505116,1,0.5659871177512583,0.2225114871083183,1
leave_dataset_out,MAHNOB-HCI,268,MAHNOB-HCI,arousal,all,linear_logistic,20260911,0.25,0.0263006196858336,1,0.20342087830199299,0.2225114871083183,0
leave_dataset_out,MAHNOB-HCI,269,MAHNOB-HCI,arousal,all,linear_logistic,20260911,0.5,0.0315751549214584,1,0.32674352771486664,0.2225114871083183,1
leave_dataset_out,MAHNOB-HCI,270,MAHNOB-HCI,arousal,all,linear_logistic,20260911,0.75,0.0261132728058798,1,0.4482270052771105,0.2225114871083183,1
leave_dataset_out,MAHNOB-HCI,271,MAHNOB-HCI,arousal,all,linear_logistic,20260911,1.0,0.0452875054042368,1,0.5890118031230397,0.2225114871083183,1
leave_dataset_out,MAHNOB-HCI,272,MAHNOB-HCI,arousal,all,linear_logistic,20260923,0.25,0.0223158956621992,1,0.19066846151975725,0.2225114871083183,0
leave_dataset_out,MAHNOB-HCI,273,MAHNOB-HCI,arousal,all,linear_logistic,20260923,0.5,0.026394293125810597,1,0.24383745552748326,0.2225114871083183,1
leave_dataset_out,MAHNOB-HCI,274,MAHNOB-HCI,arousal,all,linear_logistic,20260923,0.75,0.033895373973195,1,0.42043801626949906,0.2225114871083183,1
leave_dataset_out,MAHNOB-HCI,275,MAHNOB-HCI,arousal,all,linear_logistic,20260923,1.0,0.0239804006340971,1,0.5307665642049713,0.2225114871083183,1
leave_dataset_out,MAHNOB-HCI,276,MAHNOB-HCI,arousal,all,linear_logistic,20261007,0.25,-0.002601239371667301,0,0.17007700898761266,0.2225114871083183,0
leave_dataset_out,MAHNOB-HCI,277,MAHNOB-HCI,arousal,all,linear_logistic,20261007,0.5,0.0029543161838882,0,0.27749115815336534,0.2225114871083183,1
leave_dataset_out,MAHNOB-HCI,278,MAHNOB-HCI,arousal,all,linear_logistic,20261007,0.75,-0.0021328721717827,0,0.4483076964938138,0.2225114871083183,1
leave_dataset_out,MAHNOB-HCI,279,MAHNOB-HCI,arousal,all,linear_logistic,20261007,1.0,-0.003984724023634501,0,0.5736063035737843,0.2225114871083183,1
leave_dataset_out,MAHNOB-HCI,280,MAHNOB-HCI,arousal,normalized_asymmetry,gpu_mlp,20260813,0.25,0.0011024643320363021,0,0.10392261902607491,0.2225114871083183,0
leave_dataset_out,MAHNOB-HCI,281,MAHNOB-HCI,arousal,normalized_asymmetry,gpu_mlp,20260813,0.5,-0.000374693759907601,0,0.14239796733565854,0.2225114871083183,0
leave_dataset_out,MAHNOB-HCI,282,MAHNOB-HCI,arousal,normalized_asymmetry,gpu_mlp,20260813,0.75,0.0011024643320363021,0,0.22552041354358382,0.2225114871083183,1
leave_dataset_out,MAHNOB-HCI,283,MAHNOB-HCI,arousal,normalized_asymmetry,gpu_mlp,20260813,1.0,0.0242614209540279,1,0.3057140816609285,0.2225114871083183,1
leave_dataset_out,MAHNOB-HCI,284,MAHNOB-HCI,arousal,normalized_asymmetry,gpu_mlp,20260829,0.25,0.020557717250324202,1,0.12139459516910459,0.2225114871083183,0
leave_dataset_out,MAHNOB-HCI,285,MAHNOB-HCI,arousal,normalized_asymmetry,gpu_mlp,20260829,0.5,0.0289955324974779,1,0.16325764616998154,0.2225114871083183,0
leave_dataset_out,MAHNOB-HCI,286,MAHNOB-HCI,arousal,normalized_asymmetry,gpu_mlp,20260829,0.75,0.0190805591583801,0,0.20327937717904415,0.2225114871083183,0
leave_dataset_out,MAHNOB-HCI,287,MAHNOB-HCI,arousal,normalized_asymmetry,gpu_mlp,20260829,1.0,0.0397319498486813,1,0.3003215779625697,0.2225114871083183,1
leave_dataset_out,MAHNOB-HCI,288,MAHNOB-HCI,arousal,normalized_asymmetry,gpu_mlp,20260911,0.25,0.0092592592592592,0,0.1373801316929322,0.2225114871083183,0
leave_dataset_out,MAHNOB-HCI,289,MAHNOB-HCI,arousal,normalized_asymmetry,gpu_mlp,20260911,0.5,0.0408344141807176,1,0.19852564174485765,0.2225114871083183,0
leave_dataset_out,MAHNOB-HCI,290,MAHNOB-HCI,arousal,normalized_asymmetry,gpu_mlp,20260911,0.75,0.0496469231877792,1,0.25459237984747113,0.2225114871083183,1
leave_dataset_out,MAHNOB-HCI,291,MAHNOB-HCI,arousal,normalized_asymmetry,gpu_mlp,20260911,1.0,0.0433419801124081,1,0.32910833931237293,0.2225114871083183,1
leave_dataset_out,MAHNOB-HCI,292,MAHNOB-HCI,arousal,normalized_asymmetry,gpu_mlp,20260923,0.25,0.029816976509583502,1,0.1351830929845107,0.2225114871083183,0
leave_dataset_out,MAHNOB-HCI,293,MAHNOB-HCI,arousal,normalized_asymmetry,gpu_mlp,20260923,0.5,0.049272229427871406,1,0.1515347374491706,0.2225114871083183,0
leave_dataset_out,MAHNOB-HCI,294,MAHNOB-HCI,arousal,normalized_asymmetry,gpu_mlp,20260923,0.75,0.051217754719700206,1,0.25236456210918695,0.2225114871083183,1
leave_dataset_out,MAHNOB-HCI,295,MAHNOB-HCI,arousal,normalized_asymmetry,gpu_mlp,20260923,1.0,0.0383484651967141,1,0.30430608599448483,0.2225114871083183,1
leave_dataset_out,MAHNOB-HCI,296,MAHNOB-HCI,arousal,normalized_asymmetry,gpu_mlp,20261007,0.25,0.025198155353797304,1,0.10902006778444133,0.2225114871083183,0
leave_dataset_out,MAHNOB-HCI,297,MAHNOB-HCI,arousal,normalized_asymmetry,gpu_mlp,20261007,0.5,0.0235336503818993,1,0.15834321111038874,0.2225114871083183,0
leave_dataset_out,MAHNOB-HCI,298,MAHNOB-HCI,arousal,normalized_asymmetry,gpu_mlp,20261007,0.75,0.009352932699236101,0,0.24617986457947966,0.2225114871083183,1
leave_dataset_out,MAHNOB-HCI,299,MAHNOB-HCI,arousal,normalized_asymmetry,gpu_mlp,20261007,1.0,-0.006939040207522699,0,0.30711209055297894,0.2225114871083183,1
leave_dataset_out,MAHNOB-HCI,300,MAHNOB-HCI,arousal,normalized_asymmetry,linear_logistic,20260813,0.25,0.0172287073065284,0,0.05830436312139167,0.2225114871083183,0
leave_dataset_out,MAHNOB-HCI,301,MAHNOB-HCI,arousal,normalized_asymmetry,linear_logistic,20260813,0.5,0.0149084882547918,0,0.08142513291641323,0.2225114871083183,0
leave_dataset_out,MAHNOB-HCI,302,MAHNOB-HCI,arousal,normalized_asymmetry,linear_logistic,20260813,0.75,0.0304726905894221,1,0.13453930031586744,0.2225114871083183,0
leave_dataset_out,MAHNOB-HCI,303,MAHNOB-HCI,arousal,normalized_asymmetry,linear_logistic,20260813,1.0,0.01305663640294,0,0.19033135416410293,0.2225114871083183,0
leave_dataset_out,MAHNOB-HCI,304,MAHNOB-HCI,arousal,normalized_asymmetry,linear_logistic,20260829,0.25,0.0246361147139358,1,0.06869473728868666,0.2225114871083183,0
leave_dataset_out,MAHNOB-HCI,305,MAHNOB-HCI,arousal,normalized_asymmetry,linear_logistic,20260829,0.5,0.0190805591583803,0,0.09433547963369693,0.2225114871083183,0
leave_dataset_out,MAHNOB-HCI,306,MAHNOB-HCI,arousal,normalized_asymmetry,linear_logistic,20260829,0.75,0.0167603401066437,0,0.11988202801465572,0.2225114871083183,0
leave_dataset_out,MAHNOB-HCI,307,MAHNOB-HCI,arousal,normalized_asymmetry,linear_logistic,20260829,1.0,0.030566364029399197,1,0.18642759447597443,0.2225114871083183,0
leave_dataset_out,MAHNOB-HCI,308,MAHNOB-HCI,arousal,normalized_asymmetry,linear_logistic,20260911,0.25,0.0056492289955326,0,0.0783595491394091,0.2225114871083183,0
leave_dataset_out,MAHNOB-HCI,309,MAHNOB-HCI,arousal,normalized_asymmetry,linear_logistic,20260911,0.5,0.0167603401066437,0,0.11679266600440147,0.2225114871083183,0
leave_dataset_out,MAHNOB-HCI,310,MAHNOB-HCI,arousal,normalized_asymmetry,linear_logistic,20260911,0.75,0.022409569102176195,1,0.15421826233294308,0.2225114871083183,0
leave_dataset_out,MAHNOB-HCI,311,MAHNOB-HCI,arousal,normalized_asymmetry,linear_logistic,20260911,1.0,0.030191670269491398,1,0.20753544068338728,0.2225114871083183,0
leave_dataset_out,MAHNOB-HCI,312,MAHNOB-HCI,arousal,normalized_asymmetry,linear_logistic,20260923,0.25,0.0095402795791901,0,0.07702211368081423,0.2225114871083183,0
leave_dataset_out,MAHNOB-HCI,313,MAHNOB-HCI,arousal,normalized_asymmetry,linear_logistic,20260923,0.5,0.005930249315463303,0,0.08704675767343452,0.2225114871083183,0
leave_dataset_out,MAHNOB-HCI,314,MAHNOB-HCI,arousal,normalized_asymmetry,linear_logistic,20260923,0.75,0.009914973339097903,0,0.1526888552321576,0.2225114871083183,0
leave_dataset_out,MAHNOB-HCI,315,MAHNOB-HCI,arousal,normalized_asymmetry,linear_logistic,20260923,1.0,0.002694912811644301,0,0.18930986704342764,0.2225114871083183,0
leave_dataset_out,MAHNOB-HCI,316,MAHNOB-HCI,arousal,normalized_asymmetry,linear_logistic,20261007,0.25,-0.0018518518518518996,0,0.061317332499317326,0.2225114871083183,0
leave_dataset_out,MAHNOB-HCI,317,MAHNOB-HCI,arousal,normalized_asymmetry,linear_logistic,20261007,0.5,0.005742902435509302,0,0.09126945792298194,0.2225114871083183,0
leave_dataset_out,MAHNOB-HCI,318,MAHNOB-HCI,arousal,normalized_asymmetry,linear_logistic,20261007,0.75,-0.0027885862516212993,0,0.14846183997805984,0.2225114871083183,0
leave_dataset_out,MAHNOB-HCI,319,MAHNOB-HCI,arousal,normalized_asymmetry,linear_logistic,20261007,1.0,-0.0042657443435654,0,0.19134714424866792,0.2225114871083183,0
leave_dataset_out,MAHNOB-HCI,320,MAHNOB-HCI,arousal,relative_power,gpu_mlp,20260813,0.25,0.0207450641302781,1,0.10061137813353939,0.2225114871083183,0
leave_dataset_out,MAHNOB-HCI,321,MAHNOB-HCI,arousal,relative_power,gpu_mlp,20260813,0.5,0.007782101167315099,0,0.13730439314115764,0.2225114871083183,0
leave_dataset_out,MAHNOB-HCI,322,MAHNOB-HCI,arousal,relative_power,gpu_mlp,20260813,0.75,-0.001008790892059401,0,0.21719060965239065,0.2225114871083183,0
leave_dataset_out,MAHNOB-HCI,323,MAHNOB-HCI,arousal,relative_power,gpu_mlp,20260813,1.0,0.005836575875486298,0,0.294188416875002,0.2225114871083183,1
leave_dataset_out,MAHNOB-HCI,324,MAHNOB-HCI,arousal,relative_power,gpu_mlp,20260829,0.25,0.0296512465773165,1,0.12346215707411988,0.2225114871083183,0
leave_dataset_out,MAHNOB-HCI,325,MAHNOB-HCI,arousal,relative_power,gpu_mlp,20260829,0.5,0.0101023202190516,0,0.1663781977368594,0.2225114871083183,0
leave_dataset_out,MAHNOB-HCI,326,MAHNOB-HCI,arousal,relative_power,gpu_mlp,20260829,0.75,0.0382547917567372,1,0.2075290305988518,0.2225114871083183,0
leave_dataset_out,MAHNOB-HCI,327,MAHNOB-HCI,arousal,relative_power,gpu_mlp,20260829,1.0,0.0540063409713214,1,0.3065583894749893,0.2225114871083183,1
leave_dataset_out,MAHNOB-HCI,328,MAHNOB-HCI,arousal,relative_power,gpu_mlp,20260911,0.25,-0.029629629629629402,0,0.13423320298873684,0.2225114871083183,0
leave_dataset_out,MAHNOB-HCI,329,MAHNOB-HCI,arousal,relative_power,gpu_mlp,20260911,0.5,-0.0230652831820145,0,0.19352976939573222,0.2225114871083183,0
leave_dataset_out,MAHNOB-HCI,330,MAHNOB-HCI,arousal,relative_power,gpu_mlp,20260911,0.75,0.0035163568237499988,0,0.24774140961546542,0.2225114871083183,1
leave_dataset_out,MAHNOB-HCI,331,MAHNOB-HCI,arousal,relative_power,gpu_mlp,20260911,1.0,-0.0017581784118748008,0,0.3200238018908046,0.2225114871083183,1
leave_dataset_out,MAHNOB-HCI,332,MAHNOB-HCI,arousal,relative_power,gpu_mlp,20260923,0.25,0.0285271652975931,1,0.13049591119984774,0.2225114871083183,0
leave_dataset_out,MAHNOB-HCI,333,MAHNOB-HCI,arousal,relative_power,gpu_mlp,20260923,0.5,0.0365902867848392,1,0.14549374731112708,0.2225114871083183,0
leave_dataset_out,MAHNOB-HCI,334,MAHNOB-HCI,arousal,relative_power,gpu_mlp,20260923,0.75,0.0419584954604408,1,0.24220145111052546,0.2225114871083183,1
leave_dataset_out,MAHNOB-HCI,335,MAHNOB-HCI,arousal,relative_power,gpu_mlp,20260923,1.0,0.0266753134457414,1,0.2913703694833975,0.2225114871083183,1
leave_dataset_out,MAHNOB-HCI,336,MAHNOB-HCI,arousal,relative_power,gpu_mlp,20261007,0.25,-0.0073137339674305,0,0.1107192309621821,0.2225114871083183,0
leave_dataset_out,MAHNOB-HCI,337,MAHNOB-HCI,arousal,relative_power,gpu_mlp,20261007,0.5,0.0151895085747226,0,0.1610785816589542,0.2225114871083183,0
leave_dataset_out,MAHNOB-HCI,338,MAHNOB-HCI,arousal,relative_power,gpu_mlp,20261007,0.75,0.0138060239227554,0,0.25054624588779434,0.2225114871083183,1
leave_dataset_out,MAHNOB-HCI,339,MAHNOB-HCI,arousal,relative_power,gpu_mlp,20261007,1.0,0.007594754287361304,0,0.312760237825856,0.2225114871083183,1
leave_dataset_out,MAHNOB-HCI,340,MAHNOB-HCI,arousal,relative_power,linear_logistic,20260813,0.25,0.005742902435509499,0,0.056355223721024285,0.2225114871083183,0
leave_dataset_out,MAHNOB-HCI,341,MAHNOB-HCI,arousal,relative_power,linear_logistic,20260813,0.5,0.0092592592592592,0,0.07831339499696033,0.2225114871083183,0
leave_dataset_out,MAHNOB-HCI,342,MAHNOB-HCI,arousal,relative_power,linear_logistic,20260813,0.75,-0.0057429024355094005,0,0.1290101916035793,0.2225114871083183,0
leave_dataset_out,MAHNOB-HCI,343,MAHNOB-HCI,arousal,relative_power,linear_logistic,20260813,1.0,0.0165729932266897,0,0.18201530061411103,0.2225114871083183,0
leave_dataset_out,MAHNOB-HCI,344,MAHNOB-HCI,arousal,relative_power,linear_logistic,20260829,0.25,0.015564202334630496,0,0.06993617438812345,0.2225114871083183,0
leave_dataset_out,MAHNOB-HCI,345,MAHNOB-HCI,arousal,relative_power,linear_logistic,20260829,0.5,0.019455252918288,0,0.09629023675815387,0.2225114871083183,0
leave_dataset_out,MAHNOB-HCI,346,MAHNOB-HCI,arousal,relative_power,linear_logistic,20260829,0.75,0.027237354085603196,1,0.12265662883167514,0.2225114871083183,0
leave_dataset_out,MAHNOB-HCI,347,MAHNOB-HCI,arousal,relative_power,linear_logistic,20260829,1.0,0.019736273238218797,0,0.19094464156530844,0.2225114871083183,0
leave_dataset_out,MAHNOB-HCI,348,MAHNOB-HCI,arousal,relative_power,linear_logistic,20260911,0.25,0.0173223807465052,0,0.07644477811881775,0.2225114871083183,0
leave_dataset_out,MAHNOB-HCI,349,MAHNOB-HCI,arousal,relative_power,linear_logistic,20260911,0.5,0.0095402795791899,0,0.11356216231425348,0.2225114871083183,0
leave_dataset_out,MAHNOB-HCI,350,MAHNOB-HCI,arousal,relative_power,linear_logistic,20260911,0.75,0.024355094394004802,1,0.14952649879503593,0.2225114871083183,0
leave_dataset_out,MAHNOB-HCI,351,MAHNOB-HCI,arousal,relative_power,linear_logistic,20260911,1.0,0.0344574146130565,1,0.2008023151918085,0.2225114871083183,0
leave_dataset_out,MAHNOB-HCI,352,MAHNOB-HCI,arousal,relative_power,linear_logistic,20260923,0.25,-0.0044530912235193,0,0.07417856640388666,0.2225114871083183,0
leave_dataset_out,MAHNOB-HCI,353,MAHNOB-HCI,arousal,relative_power,linear_logistic,20260923,0.5,0.005087188355670701,0,0.08332413449287795,0.2225114871083183,0
leave_dataset_out,MAHNOB-HCI,354,MAHNOB-HCI,arousal,relative_power,linear_logistic,20260923,0.75,0.011204784551088004,0,0.14575726046612797,0.2225114871083183,0
leave_dataset_out,MAHNOB-HCI,355,MAHNOB-HCI,arousal,relative_power,linear_logistic,20260923,1.0,0.010830090791180198,0,0.17999774106750266,0.2225114871083183,0
leave_dataset_out,MAHNOB-HCI,356,MAHNOB-HCI,arousal,relative_power,linear_logistic,20261007,0.25,0.012775616083008996,0,0.06232501872344984,0.2225114871083183,0
leave_dataset_out,MAHNOB-HCI,357,MAHNOB-HCI,arousal,relative_power,linear_logistic,20261007,0.5,0.007875774607292198,0,0.0929741289583184,0.2225114871083183,0
leave_dataset_out,MAHNOB-HCI,358,MAHNOB-HCI,arousal,relative_power,linear_logistic,20261007,0.75,0.0133376567228707,0,0.1514432384769871,0.2225114871083183,0
leave_dataset_out,MAHNOB-HCI,359,MAHNOB-HCI,arousal,relative_power,linear_logistic,20261007,1.0,0.0326055627612047,1,0.1954668551881075,0.2225114871083183,0
leave_dataset_out,MAHNOB-HCI,360,MAHNOB-HCI,valence,all,gpu_mlp,20260813,0.25,-0.0031431475029035996,0,0.16367316315584304,0.2225114871083183,0
leave_dataset_out,MAHNOB-HCI,361,MAHNOB-HCI,valence,all,gpu_mlp,20260813,0.5,0.0149245063879208,0,0.26527069195106673,0.2225114871083183,1
leave_dataset_out,MAHNOB-HCI,362,MAHNOB-HCI,valence,all,gpu_mlp,20260813,0.75,0.0068960511033681,0,0.31430515000350034,0.2225114871083183,1
leave_dataset_out,MAHNOB-HCI,363,MAHNOB-HCI,valence,all,gpu_mlp,20260813,1.0,0.0076146922183506,0,0.4595616580509821,0.2225114871083183,1
leave_dataset_out,MAHNOB-HCI,364,MAHNOB-HCI,valence,all,gpu_mlp,20260829,0.25,-0.0114401858304298,0,0.16221555191791096,0.2225114871083183,0
leave_dataset_out,MAHNOB-HCI,365,MAHNOB-HCI,valence,all,gpu_mlp,20260829,0.5,0.008369628339140497,0,0.22607768213242732,0.2225114871083183,1
leave_dataset_out,MAHNOB-HCI,366,MAHNOB-HCI,valence,all,gpu_mlp,20260829,0.75,0.0024608013937282014,0,0.291979376852316,0.2225114871083183,1
leave_dataset_out,MAHNOB-HCI,367,MAHNOB-HCI,valence,all,gpu_mlp,20260829,1.0,0.002424506387921098,0,0.36952891275603394,0.2225114871083183,1
leave_dataset_out,MAHNOB-HCI,368,MAHNOB-HCI,valence,all,gpu_mlp,20260911,0.25,0.0271196283391404,1,0.14583172433823785,0.2225114871083183,0
leave_dataset_out,MAHNOB-HCI,369,MAHNOB-HCI,valence,all,gpu_mlp,20260911,0.5,0.0326509872241579,1,0.2628991195739062,0.2225114871083183,1
leave_dataset_out,MAHNOB-HCI,370,MAHNOB-HCI,valence,all,gpu_mlp,20260911,0.75,0.023635307781649302,1,0.3076681213239272,0.2225114871083183,1
leave_dataset_out,MAHNOB-HCI,371,MAHNOB-HCI,valence,all,gpu_mlp,20260911,1.0,0.0114764808362369,0,0.4151597841963403,0.2225114871083183,1
leave_dataset_out,MAHNOB-HCI,372,MAHNOB-HCI,valence,all,gpu_mlp,20260923,0.25,-0.0045078397212543996,0,0.17453116383474068,0.2225114871083183,0
leave_dataset_out,MAHNOB-HCI,373,MAHNOB-HCI,valence,all,gpu_mlp,20260923,0.5,0.005872531939605099,0,0.23060277283559596,0.2225114871083183,1
leave_dataset_out,MAHNOB-HCI,374,MAHNOB-HCI,valence,all,gpu_mlp,20260923,0.75,0.014924506387921001,0,0.31056554214327403,0.2225114871083183,1
leave_dataset_out,MAHNOB-HCI,375,MAHNOB-HCI,valence,all,gpu_mlp,20260923,1.0,0.018372531939605103,0,0.3593499883643565,0.2225114871083183,1
leave_dataset_out,MAHNOB-HCI,376,MAHNOB-HCI,valence,all,gpu_mlp,20261007,0.25,-0.028520615563298497,0,0.12702988270717397,0.2225114871083183,0
leave_dataset_out,MAHNOB-HCI,377,MAHNOB-HCI,valence,all,gpu_mlp,20261007,0.5,-0.0292029616724739,0,0.23392930802755882,0.2225114871083183,1
leave_dataset_out,MAHNOB-HCI,378,MAHNOB-HCI,valence,all,gpu_mlp,20261007,0.75,-0.0365127758420441,0,0.23132823861002147,0.2225114871083183,1
leave_dataset_out,MAHNOB-HCI,379,MAHNOB-HCI,valence,all,gpu_mlp,20261007,1.0,-0.0159843205574914,0,0.37929407948912974,0.2225114871083183,1
leave_dataset_out,MAHNOB-HCI,380,MAHNOB-HCI,valence,all,linear_logistic,20260813,0.25,-0.007004936120789801,0,0.09459540997200334,0.2225114871083183,0
leave_dataset_out,MAHNOB-HCI,381,MAHNOB-HCI,valence,all,linear_logistic,20260813,0.5,0.010757839721254398,0,0.16159929766510214,0.2225114871083183,0
leave_dataset_out,MAHNOB-HCI,382,MAHNOB-HCI,valence,all,linear_logistic,20260813,0.75,0.004471544715447199,0,0.19659812797265025,0.2225114871083183,0
leave_dataset_out,MAHNOB-HCI,383,MAHNOB-HCI,valence,all,linear_logistic,20260813,1.0,-0.0014009872241580006,0,0.3122261250412301,0.2225114871083183,1
leave_dataset_out,MAHNOB-HCI,384,MAHNOB-HCI,valence,all,linear_logistic,20260829,0.25,0.006591173054587701,0,0.09368406748738221,0.2225114871083183,0
leave_dataset_out,MAHNOB-HCI,385,MAHNOB-HCI,valence,all,linear_logistic,20260829,0.5,0.006250000000000002,0,0.13491091368700864,0.2225114871083183,0
leave_dataset_out,MAHNOB-HCI,386,MAHNOB-HCI,valence,all,linear_logistic,20260829,0.75,-0.0031431475029035996,0,0.18043323554099275,0.2225114871083183,0
leave_dataset_out,MAHNOB-HCI,387,MAHNOB-HCI,valence,all,linear_logistic,20260829,1.0,0.007237224157955802,0,0.2383288780193415,0.2225114871083183,1
leave_dataset_out,MAHNOB-HCI,388,MAHNOB-HCI,valence,all,linear_logistic,20260911,0.25,0.0323461091753774,1,0.0835318111194579,0.2225114871083183,0
leave_dataset_out,MAHNOB-HCI,389,MAHNOB-HCI,valence,all,linear_logistic,20260911,0.5,0.0465882694541231,1,0.15995279156151698,0.2225114871083183,0
leave_dataset_out,MAHNOB-HCI,390,MAHNOB-HCI,valence,all,linear_logistic,20260911,0.75,0.0381823461091754,1,0.19175158455390665,0.2225114871083183,0
leave_dataset_out,MAHNOB-HCI,391,MAHNOB-HCI,valence,all,linear_logistic,20260911,1.0,0.0357941347270615,1,0.2748206703713845,0.2225114871083183,1
leave_dataset_out,MAHNOB-HCI,392,MAHNOB-HCI,valence,all,linear_logistic,20260923,0.25,0.0270470383275261,1,0.1014265837988927,0.2225114871083183,0
leave_dataset_out,MAHNOB-HCI,393,MAHNOB-HCI,valence,all,linear_logistic,20260923,0.5,0.0249637049941928,1,0.13793647066303377,0.2225114871083183,0
leave_dataset_out,MAHNOB-HCI,394,MAHNOB-HCI,valence,all,linear_logistic,20260923,0.75,0.0472343205574913,1,0.1938630495240635,0.2225114871083183,0
leave_dataset_out,MAHNOB-HCI,395,MAHNOB-HCI,valence,all,linear_logistic,20260923,1.0,0.0332970383275261,1,0.23044299940800664,0.2225114871083183,1
leave_dataset_out,MAHNOB-HCI,396,MAHNOB-HCI,valence,all,linear_logistic,20261007,0.25,0.007992160278745601,0,0.07208434408002962,0.2225114871083183,0
leave_dataset_out,MAHNOB-HCI,397,MAHNOB-HCI,valence,all,linear_logistic,20261007,0.5,0.020869628339140498,1,0.14016978863019178,0.2225114871083183,0
leave_dataset_out,MAHNOB-HCI,398,MAHNOB-HCI,valence,all,linear_logistic,20261007,0.75,0.0096980255516841,0,0.13842286079273855,0.2225114871083183,0
leave_dataset_out,MAHNOB-HCI,399,MAHNOB-HCI,valence,all,linear_logistic,20261007,1.0,0.0037891986062718007,0,0.245979646995312,0.2225114871083183,1
leave_dataset_out,MAHNOB-HCI,400,MAHNOB-HCI,valence,normalized_asymmetry,gpu_mlp,20260813,0.25,-0.0181039488966317,0,0.06621488850862772,0.2225114871083183,0
leave_dataset_out,MAHNOB-HCI,401,MAHNOB-HCI,valence,normalized_asymmetry,gpu_mlp,20260813,0.5,-0.0055313588850174,0,0.10243627531053705,0.2225114871083183,0
leave_dataset_out,MAHNOB-HCI,402,MAHNOB-HCI,valence,normalized_asymmetry,gpu_mlp,20260813,0.75,0.006286295005807199,0,0.1126657741606767,0.2225114871083183,0
leave_dataset_out,MAHNOB-HCI,403,MAHNOB-HCI,valence,normalized_asymmetry,gpu_mlp,20260813,1.0,-0.0034480255516841,0,0.16970167953832607,0.2225114871083183,0
leave_dataset_out,MAHNOB-HCI,404,MAHNOB-HCI,valence,normalized_asymmetry,gpu_mlp,20260829,0.25,-0.011171602787456499,0,0.06174079355240974,0.2225114871083183,0
leave_dataset_out,MAHNOB-HCI,405,MAHNOB-HCI,valence,normalized_asymmetry,gpu_mlp,20260829,0.5,-0.026437282229964998,0,0.07889942635856238,0.2225114871083183,0
leave_dataset_out,MAHNOB-HCI,406,MAHNOB-HCI,valence,normalized_asymmetry,gpu_mlp,20260829,0.75,-0.0034843205574912987,0,0.09443970058646357,0.2225114871083183,0
leave_dataset_out,MAHNOB-HCI,407,MAHNOB-HCI,valence,normalized_asymmetry,gpu_mlp,20260829,1.0,-0.008028455284552899,0,0.11364598418406296,0.2225114871083183,0
leave_dataset_out,MAHNOB-HCI,408,MAHNOB-HCI,valence,normalized_asymmetry,gpu_mlp,20260911,0.25,0.0090519744483159,0,0.056769534798612326,0.2225114871083183,0
leave_dataset_out,MAHNOB-HCI,409,MAHNOB-HCI,valence,normalized_asymmetry,gpu_mlp,20260911,0.5,-0.0080284552845528,0,0.09838914485681793,0.2225114871083183,0
leave_dataset_out,MAHNOB-HCI,410,MAHNOB-HCI,valence,normalized_asymmetry,gpu_mlp,20260911,0.75,0.00625,0,0.10684864000008364,0.2225114871083183,0
leave_dataset_out,MAHNOB-HCI,411,MAHNOB-HCI,valence,normalized_asymmetry,gpu_mlp,20260911,1.0,-0.0125725900116143,0,0.14041651873253214,0.2225114871083183,0
leave_dataset_out,MAHNOB-HCI,412,MAHNOB-HCI,valence,normalized_asymmetry,gpu_mlp,20260923,0.25,0.0493902439024389,1,0.0733887168883129,0.2225114871083183,0
leave_dataset_out,MAHNOB-HCI,413,MAHNOB-HCI,valence,normalized_asymmetry,gpu_mlp,20260923,0.5,0.0417029616724737,1,0.09025626621826768,0.2225114871083183,0
leave_dataset_out,MAHNOB-HCI,414,MAHNOB-HCI,valence,normalized_asymmetry,gpu_mlp,20260923,0.75,0.0368902439024389,1,0.11668969615129417,0.2225114871083183,0
leave_dataset_out,MAHNOB-HCI,415,MAHNOB-HCI,valence,normalized_asymmetry,gpu_mlp,20260923,1.0,0.0598432055749128,1,0.12654769550688788,0.2225114871083183,0
leave_dataset_out,MAHNOB-HCI,416,MAHNOB-HCI,valence,normalized_asymmetry,gpu_mlp,20261007,0.25,-0.0229166666666666,0,0.04694322950370326,0.2225114871083183,0
leave_dataset_out,MAHNOB-HCI,417,MAHNOB-HCI,valence,normalized_asymmetry,gpu_mlp,20261007,0.5,0.0006823461091754017,0,0.08253476550457249,0.2225114871083183,0
leave_dataset_out,MAHNOB-HCI,418,MAHNOB-HCI,valence,normalized_asymmetry,gpu_mlp,20261007,0.75,-0.0204921602787456,0,0.0720792414525104,0.2225114871083183,0
leave_dataset_out,MAHNOB-HCI,419,MAHNOB-HCI,valence,normalized_asymmetry,gpu_mlp,20261007,1.0,-0.0271196283391405,0,0.12006888405472853,0.2225114871083183,0
leave_dataset_out,MAHNOB-HCI,420,MAHNOB-HCI,valence,normalized_asymmetry,linear_logistic,20260813,0.25,-0.0097706155632984,0,0.03647518800130184,0.2225114871083183,0
leave_dataset_out,MAHNOB-HCI,421,MAHNOB-HCI,valence,normalized_asymmetry,linear_logistic,20260813,0.5,0.0010235191637631,0,0.05742865542994039,0.2225114871083183,0
leave_dataset_out,MAHNOB-HCI,422,MAHNOB-HCI,valence,normalized_asymmetry,linear_logistic,20260813,0.75,0.020492160278745702,1,0.06348148384282654,0.2225114871083183,0
leave_dataset_out,MAHNOB-HCI,423,MAHNOB-HCI,valence,normalized_asymmetry,linear_logistic,20260813,1.0,-0.0073098141695701006,0,0.09837890301099181,0.2225114871083183,0
leave_dataset_out,MAHNOB-HCI,424,MAHNOB-HCI,valence,normalized_asymmetry,linear_logistic,20260829,0.25,0.0010235191637631,0,0.033937551277023026,0.2225114871083183,0
leave_dataset_out,MAHNOB-HCI,425,MAHNOB-HCI,valence,normalized_asymmetry,linear_logistic,20260829,0.5,-0.0090882694541231,0,0.043729400718126483,0.2225114871083183,0
leave_dataset_out,MAHNOB-HCI,426,MAHNOB-HCI,valence,normalized_asymmetry,linear_logistic,20260829,0.75,-0.006627468060394901,0,0.05273910615389378,0.2225114871083183,0
leave_dataset_out,MAHNOB-HCI,427,MAHNOB-HCI,valence,normalized_asymmetry,linear_logistic,20260829,1.0,0.0055676538908245,0,0.06406467754416721,0.2225114871083183,0
leave_dataset_out,MAHNOB-HCI,428,MAHNOB-HCI,valence,normalized_asymmetry,linear_logistic,20260911,0.25,0.018140243902439,0,0.031130682899426353,0.2225114871083183,0
leave_dataset_out,MAHNOB-HCI,429,MAHNOB-HCI,valence,normalized_asymmetry,linear_logistic,20260911,0.5,0.0135598141695703,0,0.05505065752069116,0.2225114871083183,0
leave_dataset_out,MAHNOB-HCI,430,MAHNOB-HCI,valence,normalized_asymmetry,linear_logistic,20260911,0.75,0.016666666666666698,0,0.06003201567025191,0.2225114871083183,0
leave_dataset_out,MAHNOB-HCI,431,MAHNOB-HCI,valence,normalized_asymmetry,linear_logistic,20260911,1.0,0.0111716027874564,0,0.0802127583472747,0.2225114871083183,0
leave_dataset_out,MAHNOB-HCI,432,MAHNOB-HCI,valence,normalized_asymmetry,linear_logistic,20260923,0.25,0.010075493612079,0,0.04056694620593989,0.2225114871083183,0
leave_dataset_out,MAHNOB-HCI,433,MAHNOB-HCI,valence,normalized_asymmetry,linear_logistic,20260923,0.5,0.0010235191637631,0,0.05030029398128079,0.2225114871083183,0
leave_dataset_out,MAHNOB-HCI,434,MAHNOB-HCI,valence,normalized_asymmetry,linear_logistic,20260923,0.75,-0.0125362950058071,0,0.06587918124024872,0.2225114871083183,0
leave_dataset_out,MAHNOB-HCI,435,MAHNOB-HCI,valence,normalized_asymmetry,linear_logistic,20260923,1.0,0.0090156794425087,0,0.07179356971939012,0.2225114871083183,0
leave_dataset_out,MAHNOB-HCI,436,MAHNOB-HCI,valence,normalized_asymmetry,linear_logistic,20261007,0.25,0.0007186411149827012,0,0.025621687578651377,0.2225114871083183,0
leave_dataset_out,MAHNOB-HCI,437,MAHNOB-HCI,valence,normalized_asymmetry,linear_logistic,20261007,0.5,0.0128774680603948,0,0.04582487862032421,0.2225114871083183,0
leave_dataset_out,MAHNOB-HCI,438,MAHNOB-HCI,valence,normalized_asymmetry,linear_logistic,20261007,0.75,0.009051974448315937,0,0.03981794404171116,0.2225114871083183,0
leave_dataset_out,MAHNOB-HCI,439,MAHNOB-HCI,valence,normalized_asymmetry,linear_logistic,20261007,1.0,0.007992160278745601,0,0.06790006729546322,0.2225114871083183,0
leave_dataset_out,MAHNOB-HCI,440,MAHNOB-HCI,valence,relative_power,gpu_mlp,20260813,0.25,0.006591173054587701,0,0.06411774171071608,0.2225114871083183,0
leave_dataset_out,MAHNOB-HCI,441,MAHNOB-HCI,valence,relative_power,gpu_mlp,20260813,0.5,0.002693089430894302,0,0.09890064318909876,0.2225114871083183,0
leave_dataset_out,MAHNOB-HCI,442,MAHNOB-HCI,valence,relative_power,gpu_mlp,20260813,0.75,0.0037529036004644994,0,0.10838639973908387,0.2225114871083183,0
leave_dataset_out,MAHNOB-HCI,443,MAHNOB-HCI,valence,relative_power,gpu_mlp,20260813,1.0,-0.0024970963995353986,0,0.1629978505717116,0.2225114871083183,0
leave_dataset_out,MAHNOB-HCI,444,MAHNOB-HCI,valence,relative_power,gpu_mlp,20260829,0.25,-0.0125362950058072,0,0.06281027755222199,0.2225114871083183,0
leave_dataset_out,MAHNOB-HCI,445,MAHNOB-HCI,valence,relative_power,gpu_mlp,20260829,0.5,0.009051974448316,0,0.08042570805355469,0.2225114871083183,0
leave_dataset_out,MAHNOB-HCI,446,MAHNOB-HCI,valence,relative_power,gpu_mlp,20260829,0.75,-0.004812717770034801,0,0.09645385124427447,0.2225114871083183,0
leave_dataset_out,MAHNOB-HCI,447,MAHNOB-HCI,valence,relative_power,gpu_mlp,20260829,1.0,-0.0198461091753774,0,0.11626984350707668,0.2225114871083183,0
leave_dataset_out,MAHNOB-HCI,448,MAHNOB-HCI,valence,relative_power,gpu_mlp,20260911,0.25,0.007346109175377501,0,0.05542356413169632,0.2225114871083183,0
leave_dataset_out,MAHNOB-HCI,449,MAHNOB-HCI,valence,relative_power,gpu_mlp,20260911,0.5,0.0055676538908246,0,0.09585723015117477,0.2225114871083183,0
leave_dataset_out,MAHNOB-HCI,450,MAHNOB-HCI,valence,relative_power,gpu_mlp,20260911,0.75,-0.0013646922183508,0,0.10383341212314602,0.2225114871083183,0
leave_dataset_out,MAHNOB-HCI,451,MAHNOB-HCI,valence,relative_power,gpu_mlp,20260911,1.0,0.001096109175377398,0,0.1361484629545877,0.2225114871083183,0
leave_dataset_out,MAHNOB-HCI,452,MAHNOB-HCI,valence,relative_power,gpu_mlp,20260923,0.25,-0.004849012775842099,0,0.07081318527319931,0.2225114871083183,0
leave_dataset_out,MAHNOB-HCI,453,MAHNOB-HCI,valence,relative_power,gpu_mlp,20260923,0.5,-0.0003411730545877026,0,0.08675943481798512,0.2225114871083183,0
leave_dataset_out,MAHNOB-HCI,454,MAHNOB-HCI,valence,relative_power,gpu_mlp,20260923,0.75,0.003520615563298496,0,0.11182276309014774,0.2225114871083183,0
leave_dataset_out,MAHNOB-HCI,455,MAHNOB-HCI,valence,relative_power,gpu_mlp,20260923,1.0,0.0010235191637631008,0,0.12079635827458292,0.2225114871083183,0
leave_dataset_out,MAHNOB-HCI,456,MAHNOB-HCI,valence,relative_power,gpu_mlp,20261007,0.25,-0.0305313588850174,0,0.04768522772518375,0.2225114871083183,0
leave_dataset_out,MAHNOB-HCI,457,MAHNOB-HCI,valence,relative_power,gpu_mlp,20261007,0.5,-0.004885307781649202,0,0.08395203894844103,0.2225114871083183,0
leave_dataset_out,MAHNOB-HCI,458,MAHNOB-HCI,valence,relative_power,gpu_mlp,20261007,0.75,-0.01875,0,0.07346797268322465,0.2225114871083183,0
leave_dataset_out,MAHNOB-HCI,459,MAHNOB-HCI,valence,relative_power,gpu_mlp,20261007,1.0,0.0055676538908246975,0,0.12249685419314013,0.2225114871083183,0
leave_dataset_out,MAHNOB-HCI,460,MAHNOB-HCI,valence,relative_power,linear_logistic,20260813,0.25,-0.0007549361207897999,0,0.03528436058910439,0.2225114871083183,0
leave_dataset_out,MAHNOB-HCI,461,MAHNOB-HCI,valence,relative_power,linear_logistic,20260813,0.5,0.0176901858304296,0,0.055350682546681025,0.2225114871083183,0
leave_dataset_out,MAHNOB-HCI,462,MAHNOB-HCI,valence,relative_power,linear_logistic,20260813,0.75,0.0026930894308941997,0,0.06094196699366374,0.2225114871083183,0
leave_dataset_out,MAHNOB-HCI,463,MAHNOB-HCI,valence,relative_power,linear_logistic,20260813,1.0,0.0086745063879209,0,0.09417301755725305,0.2225114871083183,0
leave_dataset_out,MAHNOB-HCI,464,MAHNOB-HCI,valence,relative_power,linear_logistic,20260829,0.25,0.0017784552845528014,0,0.034543154163737225,0.2225114871083183,0
leave_dataset_out,MAHNOB-HCI,465,MAHNOB-HCI,valence,relative_power,linear_logistic,20260829,0.5,0.012231416957026701,0,0.04460827959672676,0.2225114871083183,0
leave_dataset_out,MAHNOB-HCI,466,MAHNOB-HCI,valence,relative_power,linear_logistic,20260829,0.75,0.014997096399535401,0,0.05391684523517709,0.2225114871083183,0
leave_dataset_out,MAHNOB-HCI,467,MAHNOB-HCI,valence,relative_power,linear_logistic,20260829,1.0,-0.011817653890824498,0,0.06562856312737672,0.2225114871083183,0
leave_dataset_out,MAHNOB-HCI,468,MAHNOB-HCI,valence,relative_power,linear_logistic,20260911,0.25,0.0087470963995353,0,0.030373019179124345,0.2225114871083183,0
leave_dataset_out,MAHNOB-HCI,469,MAHNOB-HCI,valence,relative_power,linear_logistic,20260911,0.5,0.008405923344947698,0,0.053567740270701165,0.2225114871083183,0
leave_dataset_out,MAHNOB-HCI,470,MAHNOB-HCI,valence,relative_power,linear_logistic,20260911,0.75,0.0264372822299651,1,0.05825176920646372,0.2225114871083183,0
leave_dataset_out,MAHNOB-HCI,471,MAHNOB-HCI,valence,relative_power,linear_logistic,20260911,1.0,0.0149970963995354,0,0.07760941718051821,0.2225114871083183,0
leave_dataset_out,MAHNOB-HCI,472,MAHNOB-HCI,valence,relative_power,linear_logistic,20260923,0.25,0.018408826945412203,0,0.03909467618836077,0.2225114871083183,0
leave_dataset_out,MAHNOB-HCI,473,MAHNOB-HCI,valence,relative_power,linear_logistic,20260923,0.5,-0.0073461091753775,0,0.048269355763045994,0.2225114871083183,0
leave_dataset_out,MAHNOB-HCI,474,MAHNOB-HCI,valence,relative_power,linear_logistic,20260923,0.75,0.013900987224157899,0,0.06298036885351913,0.2225114871083183,0
leave_dataset_out,MAHNOB-HCI,475,MAHNOB-HCI,valence,relative_power,linear_logistic,20260923,1.0,0.0319686411149826,1,0.06833600774777344,0.2225114871083183,0
leave_dataset_out,MAHNOB-HCI,476,MAHNOB-HCI,valence,relative_power,linear_logistic,20261007,0.25,-0.0194686411149824,0,0.02603587801751596,0.2225114871083183,0
leave_dataset_out,MAHNOB-HCI,477,MAHNOB-HCI,valence,relative_power,linear_logistic,20261007,0.5,-0.0142784552845527,0,0.04664382416218835,0.2225114871083183,0
leave_dataset_out,MAHNOB-HCI,478,MAHNOB-HCI,valence,relative_power,linear_logistic,20261007,0.75,-0.0132186411149826,0,0.04061230983111234,0.2225114871083183,0
leave_dataset_out,MAHNOB-HCI,479,MAHNOB-HCI,valence,relative_power,linear_logistic,20261007,1.0,-0.006286295005807102,0,0.06935625664868152,0.2225114871083183,0
leave_task_out,arousal,0,DEAP,arousal,all,gpu_mlp,20260813,0.25,-0.005216790551784603,0,0.36643672185341314,0.09480886242343702,1
leave_task_out,arousal,1,DEAP,arousal,all,gpu_mlp,20260813,0.5,0.0210436606791662,1,0.3898812544205249,0.09480886242343702,1
leave_task_out,arousal,2,DEAP,arousal,all,gpu_mlp,20260813,0.75,0.007405371604925902,0,0.3955422064221661,0.09480886242343702,1
leave_task_out,arousal,3,DEAP,arousal,all,gpu_mlp,20260813,1.0,0.0124229710239937,0,0.4893663484204706,0.09480886242343702,1
leave_task_out,arousal,4,DEAP,arousal,all,gpu_mlp,20260829,0.25,0.0296416576736492,1,0.4630639861394305,0.09480886242343702,1
leave_task_out,arousal,5,DEAP,arousal,all,gpu_mlp,20260829,0.5,0.0179045092838196,0,0.5877837060342863,0.09480886242343702,1
leave_task_out,arousal,6,DEAP,arousal,all,gpu_mlp,20260829,0.75,0.0512828917509657,1,0.641055267312532,0.09480886242343702,1
leave_task_out,arousal,7,DEAP,arousal,all,gpu_mlp,20260829,1.0,0.0404080644673276,1,0.7773177371197597,0.09480886242343702,1
leave_task_out,arousal,8,DEAP,arousal,all,gpu_mlp,20260911,0.25,0.026348700466964498,1,0.2871254361445441,0.09480886242343702,1
leave_task_out,arousal,9,DEAP,arousal,all,gpu_mlp,20260911,0.5,0.0036030902361044934,0,0.5329512585603312,0.09480886242343702,1
leave_task_out,arousal,10,DEAP,arousal,all,gpu_mlp,20260911,0.75,0.0268353319684118,1,0.6333826719750956,0.09480886242343702,1
leave_task_out,arousal,11,DEAP,arousal,all,gpu_mlp,20260911,1.0,0.04230920515173829,1,0.676027188838808,0.09480886242343702,1
leave_task_out,arousal,12,DEAP,arousal,all,gpu_mlp,20260923,0.25,0.007493620840939699,0,0.29201361783060775,0.09480886242343702,1
leave_task_out,arousal,13,DEAP,arousal,all,gpu_mlp,20260923,0.5,-0.0023877721858577977,0,0.3714449465085967,0.09480886242343702,1
leave_task_out,arousal,14,DEAP,arousal,all,gpu_mlp,20260923,0.75,0.024029006263174404,1,0.5565393279483128,0.09480886242343702,1
leave_task_out,arousal,15,DEAP,arousal,all,gpu_mlp,20260923,1.0,0.016071446581476898,0,0.4660580186633226,0.09480886242343702,1
leave_task_out,arousal,16,DEAP,arousal,all,gpu_mlp,20261007,0.25,0.0250224405200149,1,0.5234579228058487,0.09480886242343702,1
leave_task_out,arousal,17,DEAP,arousal,all,gpu_mlp,20261007,0.5,0.040453449788706096,1,0.5406536581518075,0.09480886242343702,1
leave_task_out,arousal,18,DEAP,arousal,all,gpu_mlp,20261007,0.75,0.0232776270536858,1,0.6218626016344534,0.09480886242343702,1
leave_task_out,arousal,19,DEAP,arousal,all,gpu_mlp,20261007,1.0,0.023829815130457496,1,0.695569987296694,0.09480886242343702,1
leave_task_out,arousal,20,DEAP,arousal,all,linear_logistic,20260813,0.25,0.007294429708222798,0,0.3541198111025853,0.09480886242343702,1
leave_task_out,arousal,21,DEAP,arousal,all,linear_logistic,20260813,0.5,0.026038567437544603,1,0.3772455328437658,0.09480886242343702,1
leave_task_out,arousal,22,DEAP,arousal,all,linear_logistic,20260813,0.75,0.0202922814696775,1,0.38283814009296846,0.09480886242343702,1
leave_task_out,arousal,23,DEAP,arousal,all,linear_logistic,20260813,1.0,0.016114310496112,0,0.4760219803531452,0.09480886242343702,1
leave_task_out,arousal,24,DEAP,arousal,all,linear_logistic,20260829,0.25,0.013771923631632398,0,0.4498050572408979,0.09480886242343702,1
leave_task_out,arousal,25,DEAP,arousal,all,linear_logistic,20260829,0.5,0.0054159816845014,0,0.5747764498656996,0.09480886242343702,1
leave_task_out,arousal,26,DEAP,arousal,all,linear_logistic,20260829,0.75,0.022392613286804898,1,0.6286670208660355,0.09480886242343702,1
leave_task_out,arousal,27,DEAP,arousal,all,linear_logistic,20260829,1.0,0.0183255842099423,0,0.7679298310026096,0.09480886242343702,1
leave_task_out,arousal,28,DEAP,arousal,all,linear_logistic,20260911,0.25,0.007581870076953497,0,0.27631174316597024,0.09480886242343702,1
leave_task_out,arousal,29,DEAP,arousal,all,linear_logistic,20260911,0.5,0.0087316315518755,0,0.5196278244759206,0.09480886242343702,1
leave_task_out,arousal,30,DEAP,arousal,all,linear_logistic,20260911,0.75,0.0199165918649334,0,0.6208862240070099,0.09480886242343702,1
leave_task_out,arousal,31,DEAP,arousal,all,linear_logistic,20260911,1.0,0.0024533287611826007,0,0.6642137055729623,0.09480886242343702,1
leave_task_out,arousal,32,DEAP,arousal,all,linear_logistic,20260923,0.25,0.006653992395437201,0,0.281088417040516,0.09480886242343702,1
leave_task_out,arousal,33,DEAP,arousal,all,linear_logistic,20260923,0.5,0.00039838226543350425,0,0.3590550980852901,0.09480886242343702,1
leave_task_out,arousal,34,DEAP,arousal,all,linear_logistic,20260923,0.75,0.0161596958174905,0,0.543312182552842,0.09480886242343702,1
leave_task_out,arousal,35,DEAP,arousal,all,linear_logistic,20260923,1.0,0.0168228257909653,0,0.4527856541546987,0.09480886242343702,1
leave_task_out,arousal,36,DEAP,arousal,all,linear_logistic,20261007,0.25,-0.0006858226341640988,0,0.5101126061516164,0.09480886242343702,1
leave_task_out,arousal,37,DEAP,arousal,all,linear_logistic,20261007,0.5,0.012886909864751703,0,0.5273550871823673,0.09480886242343702,1
leave_task_out,arousal,38,DEAP,arousal,all,linear_logistic,20261007,0.75,0.0216412340773163,1,0.6092157527345664,0.09480886242343702,1
leave_task_out,arousal,39,DEAP,arousal,all,linear_logistic,20261007,1.0,0.003005516837954199,0,0.6841361611198411,0.09480886242343702,1
leave_task_out,arousal,40,DEAP,arousal,normalized_asymmetry,gpu_mlp,20260813,0.25,-0.0037568960474426982,0,0.26046801212967813,0.09480886242343702,1
leave_task_out,arousal,41,DEAP,arousal,normalized_asymmetry,gpu_mlp,20260813,0.5,0.0185247753426592,0,0.2687760798367139,0.09480886242343702,1
leave_task_out,arousal,42,DEAP,arousal,normalized_asymmetry,gpu_mlp,20260813,0.75,-0.010345331867555603,0,0.2624797595334869,0.09480886242343702,1
leave_task_out,arousal,43,DEAP,arousal,normalized_asymmetry,gpu_mlp,20260813,1.0,0.019387096448850796,0,0.32985908597159636,0.09480886242343702,1
leave_task_out,arousal,44,DEAP,arousal,normalized_asymmetry,gpu_mlp,20260829,0.25,0.0037568960474428023,0,0.3442509894817384,0.09480886242343702,1
leave_task_out,arousal,45,DEAP,arousal,normalized_asymmetry,gpu_mlp,20260829,0.5,0.008333249286442003,0,0.44972290844726115,0.09480886242343702,1
leave_task_out,arousal,46,DEAP,arousal,normalized_asymmetry,gpu_mlp,20260829,0.75,0.0106327722362861,0,0.4909236846111683,0.09480886242343702,1
leave_task_out,arousal,47,DEAP,arousal,normalized_asymmetry,gpu_mlp,20260829,1.0,-0.0029172676019404015,0,0.6395332011088755,0.09480886242343702,1
leave_task_out,arousal,48,DEAP,arousal,normalized_asymmetry,gpu_mlp,20260911,0.25,0.017463263103750997,0,0.1953680963910088,0.09480886242343702,1
leave_task_out,arousal,49,DEAP,arousal,normalized_asymmetry,gpu_mlp,20260911,0.5,0.0115833425784914,0,0.3929781896621159,0.09480886242343702,1
leave_task_out,arousal,50,DEAP,arousal,normalized_asymmetry,gpu_mlp,20260911,0.75,0.010920212605016699,0,0.47991611873412154,0.09480886242343702,1
leave_task_out,arousal,51,DEAP,arousal,normalized_asymmetry,gpu_mlp,20260911,1.0,0.005990862421962499,0,0.5118550043475033,0.09480886242343702,1
leave_task_out,arousal,52,DEAP,arousal,normalized_asymmetry,gpu_mlp,20260923,0.25,-0.007317122368912098,0,0.20089900710098452,0.09480886242343702,1
leave_task_out,arousal,53,DEAP,arousal,normalized_asymmetry,gpu_mlp,20260923,0.5,0.0006631299734747992,0,0.25389960423081154,0.09480886242343702,1
leave_task_out,arousal,54,DEAP,arousal,normalized_asymmetry,gpu_mlp,20260923,0.75,0.010985769180341103,0,0.4059323316434038,0.09480886242343702,1
leave_task_out,arousal,55,DEAP,arousal,normalized_asymmetry,gpu_mlp,20260923,1.0,0.018126393077225696,0,0.30966920959799943,0.09480886242343702,1
leave_task_out,arousal,56,DEAP,arousal,normalized_asymmetry,gpu_mlp,20261007,0.25,-0.0052394832124738,0,0.3966239475393839,0.09480886242343702,1
leave_task_out,arousal,57,DEAP,arousal,normalized_asymmetry,gpu_mlp,20261007,0.5,-0.005791671289245601,0,0.3983521591719176,0.09480886242343702,1
leave_task_out,arousal,58,DEAP,arousal,normalized_asymmetry,gpu_mlp,20261007,0.75,0.002652519893899398,0,0.46505349481988406,0.09480886242343702,1
leave_task_out,arousal,59,DEAP,arousal,normalized_asymmetry,gpu_mlp,20261007,1.0,0.0078920031063732,0,0.5317349830415808,0.09480886242343702,1
leave_task_out,arousal,60,DEAP,arousal,normalized_asymmetry,linear_logistic,20260813,0.25,0.014611552077135,0,0.25030577315241037,0.09480886242343702,1
leave_task_out,arousal,61,DEAP,arousal,normalized_asymmetry,linear_logistic,20260813,0.5,0.026527720345735396,1,0.2584029588008393,0.09480886242343702,1
leave_task_out,arousal,62,DEAP,arousal,normalized_asymmetry,linear_logistic,20260813,0.75,0.0263285292130186,1,0.25226580540902915,0.09480886242343702,1
leave_task_out,arousal,63,DEAP,arousal,normalized_asymmetry,linear_logistic,20260813,1.0,0.0370495506853185,1,0.31815424729361763,0.09480886242343702,1
leave_task_out,arousal,64,DEAP,arousal,normalized_asymmetry,linear_logistic,20260829,0.25,0.0012153180502467026,0,0.3322886871833512,0.09480886242343702,1
leave_task_out,arousal,65,DEAP,arousal,normalized_asymmetry,linear_logistic,20260829,0.5,0.015274682050609799,0,0.4365354081503037,0.09480886242343702,1
leave_task_out,arousal,66,DEAP,arousal,normalized_asymmetry,linear_logistic,20260829,0.75,0.00017649847202760166,0,0.4775765673750911,0.09480886242343702,1
leave_task_out,arousal,67,DEAP,arousal,normalized_asymmetry,linear_logistic,20260829,1.0,0.006278302790693004,0,0.6271229789041737,0.09480886242343702,1
leave_task_out,arousal,68,DEAP,arousal,normalized_asymmetry,linear_logistic,20260911,0.25,-0.007781061209670101,0,0.18710315218805335,0.09480886242343702,1
leave_task_out,arousal,69,DEAP,arousal,normalized_asymmetry,linear_logistic,20260911,0.5,-0.0017901987877076003,0,0.3803046619670997,0.09480886242343702,1
leave_task_out,arousal,70,DEAP,arousal,normalized_asymmetry,linear_logistic,20260911,0.75,0.006477493923409797,0,0.4665939756252341,0.09480886242343702,1
leave_task_out,arousal,71,DEAP,arousal,normalized_asymmetry,linear_logistic,20260911,1.0,0.007516313501628898,0,0.4984960598726179,0.09480886242343702,1
leave_task_out,arousal,72,DEAP,arousal,normalized_asymmetry,linear_logistic,20260923,0.25,0.0045536605783098,0,0.19245604573376987,0.09480886242343702,1
leave_task_out,arousal,73,DEAP,arousal,normalized_asymmetry,linear_logistic,20260923,0.5,0.0064548012627204995,0,0.24390911238890414,0.09480886242343702,1
leave_task_out,arousal,74,DEAP,arousal,normalized_asymmetry,linear_logistic,20260923,0.75,0.008842573448578401,0,0.39311158457198186,0.09480886242343702,1
leave_task_out,arousal,75,DEAP,arousal,normalized_asymmetry,linear_logistic,20260923,1.0,0.024515637764621602,1,0.29836182729154925,0.09480886242343702,1
leave_task_out,arousal,76,DEAP,arousal,normalized_asymmetry,linear_logistic,20261007,0.25,0.00031013302941980056,0,0.383907204239108,0.09480886242343702,1
leave_task_out,arousal,77,DEAP,arousal,normalized_asymmetry,linear_logistic,20261007,0.5,0.017397706528426298,0,0.38561541793445,0.09480886242343702,1
leave_task_out,arousal,78,DEAP,arousal,normalized_asymmetry,linear_logistic,20261007,0.75,0.009483010761363899,0,0.4517855319678704,0.09480886242343702,1
leave_task_out,arousal,79,DEAP,arousal,normalized_asymmetry,linear_logistic,20261007,1.0,0.014457746265796701,0,0.518408205321679,0.09480886242343702,1
leave_task_out,arousal,80,DEAP,arousal,relative_power,gpu_mlp,20260813,0.25,-0.013817308953011,0,0.258493420780745,0.09480886242343702,1
leave_task_out,arousal,81,DEAP,arousal,relative_power,gpu_mlp,20260813,0.5,0.012312029127290697,0,0.2665301903778542,0.09480886242343702,1
leave_task_out,arousal,82,DEAP,arousal,relative_power,gpu_mlp,20260813,0.75,0.012841524543373301,0,0.26004438050927486,0.09480886242343702,1
leave_task_out,arousal,83,DEAP,arousal,relative_power,gpu_mlp,20260813,1.0,0.006343859366017498,0,0.32681484308419506,0.09480886242343702,1
leave_task_out,arousal,84,DEAP,arousal,relative_power,gpu_mlp,20260829,0.25,0.0227909955522385,1,0.346748879669802,0.09480886242343702,1
leave_task_out,arousal,85,DEAP,arousal,relative_power,gpu_mlp,20260829,0.5,0.0095057034220533,0,0.45278999915817625,0.09480886242343702,1
leave_task_out,arousal,86,DEAP,arousal,relative_power,gpu_mlp,20260829,0.75,0.011671591814505201,0,0.4943513366819316,0.09480886242343702,1
leave_task_out,arousal,87,DEAP,arousal,relative_power,gpu_mlp,20260829,1.0,0.013683674395618801,0,0.642997674488673,0.09480886242343702,1
leave_task_out,arousal,88,DEAP,arousal,relative_power,gpu_mlp,20260911,0.25,0.029997176024447497,1,0.19710821990383867,0.09480886242343702,1
leave_task_out,arousal,89,DEAP,arousal,relative_power,gpu_mlp,20260911,0.5,0.014788050549162397,0,0.395929405384063,0.09480886242343702,1
leave_task_out,arousal,90,DEAP,arousal,relative_power,gpu_mlp,20260911,0.75,0.0204687799417051,1,0.48332911761883834,0.09480886242343702,1
leave_task_out,arousal,91,DEAP,arousal,relative_power,gpu_mlp,20260911,1.0,0.023519682101037897,1,0.5156022673921145,0.09480886242343702,1
leave_task_out,arousal,92,DEAP,arousal,relative_power,gpu_mlp,20260923,0.25,0.0092384343072687,0,0.2028877277475143,0.09480886242343702,1
leave_task_out,arousal,93,DEAP,arousal,relative_power,gpu_mlp,20260923,0.5,0.0158041774666922,0,0.25651489422379176,0.09480886242343702,1
leave_task_out,arousal,94,DEAP,arousal,relative_power,gpu_mlp,20260923,0.75,0.004818408286351203,0,0.4095924375444591,0.09480886242343702,1
leave_task_out,arousal,95,DEAP,arousal,relative_power,gpu_mlp,20260923,1.0,0.006144668233300697,0,0.3132281938993583,0.09480886242343702,1
leave_task_out,arousal,96,DEAP,arousal,relative_power,gpu_mlp,20261007,0.25,0.011008461841030298,0,0.40358086003333127,0.09480886242343702,1
leave_task_out,arousal,97,DEAP,arousal,relative_power,gpu_mlp,20261007,0.5,0.0015481437403555998,0,0.4061609860415902,0.09480886242343702,1
leave_task_out,arousal,98,DEAP,arousal,relative_power,gpu_mlp,20261007,0.75,0.0210663533398554,1,0.47401648576215855,0.09480886242343702,1
leave_task_out,arousal,99,DEAP,arousal,relative_power,gpu_mlp,20261007,1.0,0.008686246230496998,0,0.5415491198909568,0.09480886242343702,1
leave_task_out,arousal,100,DEAP,arousal,relative_power,linear_logistic,20260813,0.25,-0.0024533287611826007,0,0.24838234634721712,0.09480886242343702,1
leave_task_out,arousal,101,DEAP,arousal,relative_power,linear_logistic,20260813,0.5,0.0056151728172181,0,0.2562133760409278,0.09480886242343702,1
leave_task_out,arousal,102,DEAP,arousal,relative_power,linear_logistic,20260813,0.75,2.2692660689199035e-05,0,0.24989308468143867,0.09480886242343702,1
leave_task_out,arousal,103,DEAP,arousal,relative_power,linear_logistic,20260813,1.0,0.007604562737642498,0,0.31516722420318166,0.09480886242343702,1
leave_task_out,arousal,104,DEAP,arousal,relative_power,linear_logistic,20260829,0.25,0.014699801313148702,0,0.3347440873483099,0.09480886242343702,1
leave_task_out,arousal,105,DEAP,arousal,relative_power,linear_logistic,20260829,0.5,-0.005879920525259499,0,0.4395844070695048,0.09480886242343702,1
leave_task_out,arousal,106,DEAP,arousal,relative_power,linear_logistic,20260829,0.75,0.002740769129913001,0,0.4809990796996169,0.09480886242343702,1
leave_task_out,arousal,107,DEAP,arousal,relative_power,linear_logistic,20260829,1.0,0.0135727324989158,0,0.6306378402952199,0.09480886242343702,1
leave_task_out,arousal,108,DEAP,arousal,relative_power,linear_logistic,20260911,0.25,0.0168001331302761,0,0.18878693263083013,0.09480886242343702,1
leave_task_out,arousal,109,DEAP,arousal,relative_power,linear_logistic,20260911,0.5,0.0159378120240844,0,0.3832207873311128,0.09480886242343702,1
leave_task_out,arousal,110,DEAP,arousal,relative_power,linear_logistic,20260911,0.75,0.021353793708586002,1,0.4699978504500752,0.09480886242343702,1
leave_task_out,arousal,111,DEAP,arousal,relative_power,linear_logistic,20260911,1.0,0.025244324313421,1,0.5022461480908157,0.09480886242343702,1
leave_task_out,arousal,112,DEAP,arousal,relative_power,linear_logistic,20260923,0.25,-0.003204707970670899,0,0.1943815189218358,0.09480886242343702,1
leave_task_out,arousal,113,DEAP,arousal,relative_power,linear_logistic,20260923,0.5,-0.001966697259734999,0,0.2464554881543118,0.09480886242343702,1
leave_task_out,arousal,114,DEAP,arousal,relative_power,linear_logistic,20260923,0.75,0.0043998547669716025,0,0.39673329145023467,0.09480886242343702,1
leave_task_out,arousal,115,DEAP,arousal,relative_power,linear_logistic,20260923,1.0,-0.0059681697612732,0,0.3018476800020893,0.09480886242343702,1
leave_task_out,arousal,116,DEAP,arousal,relative_power,linear_logistic,20261007,0.25,-0.0040897217375518,0,0.3907855263600416,0.09480886242343702,1
leave_task_out,arousal,117,DEAP,arousal,relative_power,linear_logistic,20261007,0.5,0.0130861009974685,0,0.3933377988268538,0.09480886242343702,1
leave_task_out,arousal,118,DEAP,arousal,relative_power,linear_logistic,20261007,0.75,0.0157386208913676,0,0.4607130380022099,0.09480886242343702,1
leave_task_out,arousal,119,DEAP,arousal,relative_power,linear_logistic,20261007,1.0,0.012576776835331899,0,0.5282538530670364,0.09480886242343702,1
leave_task_out,arousal,240,MAHNOB-HCI,arousal,all,gpu_mlp,20260813,0.25,0.0121415189508574,0,0.43768400017312675,0.09480886242343702,1
leave_task_out,arousal,241,MAHNOB-HCI,arousal,all,gpu_mlp,20260813,0.5,0.0175097276264592,0,0.48446875764193165,0.09480886242343702,1
leave_task_out,arousal,242,MAHNOB-HCI,arousal,all,gpu_mlp,20260813,0.75,0.023065283182014697,1,0.7029159994180686,0.09480886242343702,1
leave_task_out,arousal,243,MAHNOB-HCI,arousal,all,gpu_mlp,20260813,1.0,0.032418215881250795,1,0.7664696790837837,0.09480886242343702,1
leave_task_out,arousal,244,MAHNOB-HCI,arousal,all,gpu_mlp,20260829,0.25,-0.0207450641302782,0,0.634480173849216,0.09480886242343702,1
leave_task_out,arousal,245,MAHNOB-HCI,arousal,all,gpu_mlp,20260829,0.5,-0.007969448047269102,0,0.669697639550002,0.09480886242343702,1
leave_task_out,arousal,246,MAHNOB-HCI,arousal,all,gpu_mlp,20260829,0.75,0.0380674448767833,1,0.649994437031378,0.09480886242343702,1
leave_task_out,arousal,247,MAHNOB-HCI,arousal,all,gpu_mlp,20260829,1.0,0.011766825190949702,0,0.7948355384722275,0.09480886242343702,1
leave_task_out,arousal,248,MAHNOB-HCI,arousal,all,gpu_mlp,20260911,0.25,0.006211269635394199,0,0.7230856194848633,0.09480886242343702,1
leave_task_out,arousal,249,MAHNOB-HCI,arousal,all,gpu_mlp,20260911,0.5,0.022596915982129998,1,0.8028341834772127,0.09480886242343702,1
leave_task_out,arousal,250,MAHNOB-HCI,arousal,all,gpu_mlp,20260911,0.75,0.009352932699236299,0,0.8138004884540029,0.09480886242343702,1
leave_task_out,arousal,251,MAHNOB-HCI,arousal,all,gpu_mlp,20260911,1.0,0.0211197578901859,1,0.8350383138484909,0.09480886242343702,1
leave_task_out,arousal,252,MAHNOB-HCI,arousal,all,gpu_mlp,20260923,0.25,0.028714512177547197,1,0.7013329789244361,0.09480886242343702,1
leave_task_out,arousal,253,MAHNOB-HCI,arousal,all,gpu_mlp,20260923,0.5,0.0455685257241679,1,0.572480710091791,0.09480886242343702,1
leave_task_out,arousal,254,MAHNOB-HCI,arousal,all,gpu_mlp,20260923,0.75,0.06455541144257111,1,0.8132777876158123,0.09480886242343702,1
leave_task_out,arousal,255,MAHNOB-HCI,arousal,all,gpu_mlp,20260923,1.0,0.0276841043378009,1,0.787789128846629,0.09480886242343702,1
leave_task_out,arousal,256,MAHNOB-HCI,arousal,all,gpu_mlp,20261007,0.25,0.0400129701686121,1,0.5727269286296465,0.09480886242343702,1
leave_task_out,arousal,257,MAHNOB-HCI,arousal,all,gpu_mlp,20261007,0.5,0.0420521689004178,1,0.6878279137499669,0.09480886242343702,1
leave_task_out,arousal,258,MAHNOB-HCI,arousal,all,gpu_mlp,20261007,0.75,0.0263006196858336,1,0.8453048210178667,0.09480886242343702,1
leave_task_out,arousal,259,MAHNOB-HCI,arousal,all,gpu_mlp,20261007,1.0,0.0151895085747226,0,0.8543651565257296,0.09480886242343702,1
leave_task_out,arousal,260,MAHNOB-HCI,arousal,all,linear_logistic,20260813,0.25,0.0054618821155786,0,0.42457714131163327,0.09480886242343702,1
leave_task_out,arousal,261,MAHNOB-HCI,arousal,all,linear_logistic,20260813,0.5,0.0016645049718978996,0,0.4711347200978807,0.09480886242343702,1
leave_task_out,arousal,262,MAHNOB-HCI,arousal,all,linear_logistic,20260813,0.75,0.03213719556132,1,0.691635761042007,0.09480886242343702,1
leave_task_out,arousal,263,MAHNOB-HCI,arousal,all,linear_logistic,20260813,1.0,0.005087188355670701,0,0.7567675433301503,0.09480886242343702,1
leave_task_out,arousal,264,MAHNOB-HCI,arousal,all,linear_logistic,20260829,0.25,0.022877936302060697,1,0.6219988093798886,0.09480886242343702,1
leave_task_out,arousal,265,MAHNOB-HCI,arousal,all,linear_logistic,20260829,0.5,0.0110174376711341,0,0.6577701940495279,0.09480886242343702,1
leave_task_out,arousal,266,MAHNOB-HCI,arousal,all,linear_logistic,20260829,0.75,0.052882259691598196,1,0.6377403650669256,0.09480886242343702,1
leave_task_out,arousal,267,MAHNOB-HCI,arousal,all,linear_logistic,20260829,1.0,0.035466205505116,1,0.7859828178207218,0.09480886242343702,1
leave_task_out,arousal,268,MAHNOB-HCI,arousal,all,linear_logistic,20260911,0.25,0.0263006196858336,1,0.7122577191953922,0.09480886242343702,1
leave_task_out,arousal,269,MAHNOB-HCI,arousal,all,linear_logistic,20260911,0.5,0.0315751549214584,1,0.7942372523381951,0.09480886242343702,1
leave_task_out,arousal,270,MAHNOB-HCI,arousal,all,linear_logistic,20260911,0.75,0.0261132728058798,1,0.8055659134049729,0.09480886242343702,1
leave_task_out,arousal,271,MAHNOB-HCI,arousal,all,linear_logistic,20260911,1.0,0.0452875054042368,1,0.8275439336788952,0.09480886242343702,1
leave_task_out,arousal,272,MAHNOB-HCI,arousal,all,linear_logistic,20260923,0.25,0.0223158956621992,1,0.6900191402610377,0.09480886242343702,1
leave_task_out,arousal,273,MAHNOB-HCI,arousal,all,linear_logistic,20260923,0.5,0.026394293125810597,1,0.5593525781560617,0.09480886242343702,1
leave_task_out,arousal,274,MAHNOB-HCI,arousal,all,linear_logistic,20260923,0.75,0.033895373973195,1,0.8050256346848235,0.09480886242343702,1
leave_task_out,arousal,275,MAHNOB-HCI,arousal,all,linear_logistic,20260923,1.0,0.0239804006340971,1,0.778717007274008,0.09480886242343702,1
leave_task_out,arousal,276,MAHNOB-HCI,arousal,all,linear_logistic,20261007,0.25,-0.002601239371667301,0,0.5596005411027708,0.09480886242343702,1
leave_task_out,arousal,277,MAHNOB-HCI,arousal,all,linear_logistic,20261007,0.5,0.0029543161838882,0,0.6762386557078371,0.09480886242343702,1
leave_task_out,arousal,278,MAHNOB-HCI,arousal,all,linear_logistic,20261007,0.75,-0.0021328721717827,0,0.838186476519635,0.09480886242343702,1
leave_task_out,arousal,279,MAHNOB-HCI,arousal,all,linear_logistic,20261007,1.0,-0.003984724023634501,0,0.8475885549795584,0.09480886242343702,1
leave_task_out,arousal,280,MAHNOB-HCI,arousal,normalized_asymmetry,gpu_mlp,20260813,0.25,0.0011024643320363021,0,0.282600740570205,0.09480886242343702,1
leave_task_out,arousal,281,MAHNOB-HCI,arousal,normalized_asymmetry,gpu_mlp,20260813,0.5,-0.000374693759907601,0,0.2900976295336719,0.09480886242343702,1
leave_task_out,arousal,282,MAHNOB-HCI,arousal,normalized_asymmetry,gpu_mlp,20260813,0.75,0.0011024643320363021,0,0.4709743954936232,0.09480886242343702,1
leave_task_out,arousal,283,MAHNOB-HCI,arousal,normalized_asymmetry,gpu_mlp,20260813,1.0,0.0242614209540279,1,0.5131068172462061,0.09480886242343702,1
leave_task_out,arousal,284,MAHNOB-HCI,arousal,normalized_asymmetry,gpu_mlp,20260829,0.25,0.020557717250324202,1,0.4562321608533082,0.09480886242343702,1
leave_task_out,arousal,285,MAHNOB-HCI,arousal,normalized_asymmetry,gpu_mlp,20260829,0.5,0.0289955324974779,1,0.45371417432258593,0.09480886242343702,1
leave_task_out,arousal,286,MAHNOB-HCI,arousal,normalized_asymmetry,gpu_mlp,20260829,0.75,0.0190805591583801,0,0.39265601036359815,0.09480886242343702,1
leave_task_out,arousal,287,MAHNOB-HCI,arousal,normalized_asymmetry,gpu_mlp,20260829,1.0,0.0397319498486813,1,0.5328352080957763,0.09480886242343702,1
leave_task_out,arousal,288,MAHNOB-HCI,arousal,normalized_asymmetry,gpu_mlp,20260911,0.25,0.0092592592592592,0,0.563129377879015,0.09480886242343702,1
leave_task_out,arousal,289,MAHNOB-HCI,arousal,normalized_asymmetry,gpu_mlp,20260911,0.5,0.0408344141807176,1,0.6303874431525841,0.09480886242343702,1
leave_task_out,arousal,290,MAHNOB-HCI,arousal,normalized_asymmetry,gpu_mlp,20260911,0.75,0.0496469231877792,1,0.6096346071921067,0.09480886242343702,1
leave_task_out,arousal,291,MAHNOB-HCI,arousal,normalized_asymmetry,gpu_mlp,20260911,1.0,0.0433419801124081,1,0.6044532135586613,0.09480886242343702,1
leave_task_out,arousal,292,MAHNOB-HCI,arousal,normalized_asymmetry,gpu_mlp,20260923,0.25,0.029816976509583502,1,0.547194055103972,0.09480886242343702,1
leave_task_out,arousal,293,MAHNOB-HCI,arousal,normalized_asymmetry,gpu_mlp,20260923,0.5,0.049272229427871406,1,0.3727567506599596,0.09480886242343702,1
leave_task_out,arousal,294,MAHNOB-HCI,arousal,normalized_asymmetry,gpu_mlp,20260923,0.75,0.051217754719700206,1,0.6262743293929349,0.09480886242343702,1
leave_task_out,arousal,295,MAHNOB-HCI,arousal,normalized_asymmetry,gpu_mlp,20260923,1.0,0.0383484651967141,1,0.5510204592999317,0.09480886242343702,1
leave_task_out,arousal,296,MAHNOB-HCI,arousal,normalized_asymmetry,gpu_mlp,20261007,0.25,0.025198155353797304,1,0.39197925462762995,0.09480886242343702,1
leave_task_out,arousal,297,MAHNOB-HCI,arousal,normalized_asymmetry,gpu_mlp,20261007,0.5,0.0235336503818993,1,0.4739565112477358,0.09480886242343702,1
leave_task_out,arousal,298,MAHNOB-HCI,arousal,normalized_asymmetry,gpu_mlp,20261007,0.75,0.009352932699236101,0,0.6551508082077849,0.09480886242343702,1
leave_task_out,arousal,299,MAHNOB-HCI,arousal,normalized_asymmetry,gpu_mlp,20261007,1.0,-0.006939040207522699,0,0.6341208246444044,0.09480886242343702,1
leave_task_out,arousal,300,MAHNOB-HCI,arousal,normalized_asymmetry,linear_logistic,20260813,0.25,0.0172287073065284,0,0.27189246190303745,0.09480886242343702,1
leave_task_out,arousal,301,MAHNOB-HCI,arousal,normalized_asymmetry,linear_logistic,20260813,0.5,0.0149084882547918,0,0.27921584168467234,0.09480886242343702,1
leave_task_out,arousal,302,MAHNOB-HCI,arousal,normalized_asymmetry,linear_logistic,20260813,0.75,0.0304726905894221,1,0.457682034396511,0.09480886242343702,1
leave_task_out,arousal,303,MAHNOB-HCI,arousal,normalized_asymmetry,linear_logistic,20260813,1.0,0.01305663640294,0,0.4997486493948294,0.09480886242343702,1
leave_task_out,arousal,304,MAHNOB-HCI,arousal,normalized_asymmetry,linear_logistic,20260829,0.25,0.0246361147139358,1,0.44300745190127166,0.09480886242343702,1
leave_task_out,arousal,305,MAHNOB-HCI,arousal,normalized_asymmetry,linear_logistic,20260829,0.5,0.0190805591583803,0,0.44050332626358046,0.09480886242343702,1
leave_task_out,arousal,306,MAHNOB-HCI,arousal,normalized_asymmetry,linear_logistic,20260829,0.75,0.0167603401066437,0,0.37998636878730985,0.09480886242343702,1
leave_task_out,arousal,307,MAHNOB-HCI,arousal,normalized_asymmetry,linear_logistic,20260829,1.0,0.030566364029399197,1,0.5195114481266021,0.09480886242343702,1
leave_task_out,arousal,308,MAHNOB-HCI,arousal,normalized_asymmetry,linear_logistic,20260911,0.25,0.0056492289955326,0,0.5499398394678713,0.09480886242343702,1
leave_task_out,arousal,309,MAHNOB-HCI,arousal,normalized_asymmetry,linear_logistic,20260911,0.5,0.0167603401066437,0,0.6178504989721032,0.09480886242343702,1
leave_task_out,arousal,310,MAHNOB-HCI,arousal,normalized_asymmetry,linear_logistic,20260911,0.75,0.022409569102176195,1,0.5968439263856408,0.09480886242343702,1
leave_task_out,arousal,311,MAHNOB-HCI,arousal,normalized_asymmetry,linear_logistic,20260911,1.0,0.030191670269491398,1,0.5916064904452994,0.09480886242343702,1
leave_task_out,arousal,312,MAHNOB-HCI,arousal,normalized_asymmetry,linear_logistic,20260923,0.25,0.0095402795791901,0,0.5339216024073675,0.09480886242343702,1
leave_task_out,arousal,313,MAHNOB-HCI,arousal,normalized_asymmetry,linear_logistic,20260923,0.5,0.005930249315463303,0,0.36034823125989984,0.09480886242343702,1
leave_task_out,arousal,314,MAHNOB-HCI,arousal,normalized_asymmetry,linear_logistic,20260923,0.75,0.009914973339097903,0,0.6136833690173834,0.09480886242343702,1
leave_task_out,arousal,315,MAHNOB-HCI,arousal,normalized_asymmetry,linear_logistic,20260923,1.0,0.002694912811644301,0,0.5377654206764529,0.09480886242343702,1
leave_task_out,arousal,316,MAHNOB-HCI,arousal,normalized_asymmetry,linear_logistic,20261007,0.25,-0.0018518518518518996,0,0.37931781154367533,0.09480886242343702,1
leave_task_out,arousal,317,MAHNOB-HCI,arousal,normalized_asymmetry,linear_logistic,20261007,0.5,0.005742902435509302,0,0.46065327255197003,0.09480886242343702,1
leave_task_out,arousal,318,MAHNOB-HCI,arousal,normalized_asymmetry,linear_logistic,20261007,0.75,-0.0027885862516212993,0,0.6429781067337786,0.09480886242343702,1
leave_task_out,arousal,319,MAHNOB-HCI,arousal,normalized_asymmetry,linear_logistic,20261007,1.0,-0.0042657443435654,0,0.6216345069936865,0.09480886242343702,1
leave_task_out,arousal,320,MAHNOB-HCI,arousal,relative_power,gpu_mlp,20260813,0.25,0.0207450641302781,1,0.27794204515084914,0.09480886242343702,1
leave_task_out,arousal,321,MAHNOB-HCI,arousal,relative_power,gpu_mlp,20260813,0.5,0.007782101167315099,0,0.2843163034402879,0.09480886242343702,1
leave_task_out,arousal,322,MAHNOB-HCI,arousal,relative_power,gpu_mlp,20260813,0.75,-0.001008790892059401,0,0.4627240643978348,0.09480886242343702,1
leave_task_out,arousal,323,MAHNOB-HCI,arousal,relative_power,gpu_mlp,20260813,1.0,0.005836575875486298,0,0.5034782879213829,0.09480886242343702,1
leave_task_out,arousal,324,MAHNOB-HCI,arousal,relative_power,gpu_mlp,20260829,0.25,0.0296512465773165,1,0.4592943882876561,0.09480886242343702,1
leave_task_out,arousal,325,MAHNOB-HCI,arousal,relative_power,gpu_mlp,20260829,0.5,0.0101023202190516,0,0.4574705942558793,0.09480886242343702,1
leave_task_out,arousal,326,MAHNOB-HCI,arousal,relative_power,gpu_mlp,20260829,0.75,0.0382547917567372,1,0.39693426670652987,0.09480886242343702,1
leave_task_out,arousal,327,MAHNOB-HCI,arousal,relative_power,gpu_mlp,20260829,1.0,0.0540063409713214,1,0.5379967038182811,0.09480886242343702,1
leave_task_out,arousal,328,MAHNOB-HCI,arousal,relative_power,gpu_mlp,20260911,0.25,-0.029629629629629402,0,0.5588904761022525,0.09480886242343702,1
leave_task_out,arousal,329,MAHNOB-HCI,arousal,relative_power,gpu_mlp,20260911,0.5,-0.0230652831820145,0,0.6254303069316002,0.09480886242343702,1
leave_task_out,arousal,330,MAHNOB-HCI,arousal,relative_power,gpu_mlp,20260911,0.75,0.0035163568237499988,0,0.603647193928279,0.09480886242343702,1
leave_task_out,arousal,331,MAHNOB-HCI,arousal,relative_power,gpu_mlp,20260911,1.0,-0.0017581784118748008,0,0.5974504973581164,0.09480886242343702,1
leave_task_out,arousal,332,MAHNOB-HCI,arousal,relative_power,gpu_mlp,20260923,0.25,0.0285271652975931,1,0.5407326037442939,0.09480886242343702,1
leave_task_out,arousal,333,MAHNOB-HCI,arousal,relative_power,gpu_mlp,20260923,0.5,0.0365902867848392,1,0.36533979729311333,0.09480886242343702,1
leave_task_out,arousal,334,MAHNOB-HCI,arousal,relative_power,gpu_mlp,20260923,0.75,0.0419584954604408,1,0.6174677698228276,0.09480886242343702,1
leave_task_out,arousal,335,MAHNOB-HCI,arousal,relative_power,gpu_mlp,20260923,1.0,0.0266753134457414,1,0.5402614232033169,0.09480886242343702,1
leave_task_out,arousal,336,MAHNOB-HCI,arousal,relative_power,gpu_mlp,20261007,0.25,-0.0073137339674305,0,0.39463349589143587,0.09480886242343702,1
leave_task_out,arousal,337,MAHNOB-HCI,arousal,relative_power,gpu_mlp,20261007,0.5,0.0151895085747226,0,0.47734577914371296,0.09480886242343702,1
leave_task_out,arousal,338,MAHNOB-HCI,arousal,relative_power,gpu_mlp,20261007,0.75,0.0138060239227554,0,0.6587689170942764,0.09480886242343702,1
leave_task_out,arousal,339,MAHNOB-HCI,arousal,relative_power,gpu_mlp,20261007,1.0,0.007594754287361304,0,0.6384090304970229,0.09480886242343702,1
leave_task_out,arousal,340,MAHNOB-HCI,arousal,relative_power,linear_logistic,20260813,0.25,0.005742902435509499,0,0.26734450918489494,0.09480886242343702,1
leave_task_out,arousal,341,MAHNOB-HCI,arousal,relative_power,linear_logistic,20260813,0.5,0.0092592592592592,0,0.27356780772803435,0.09480886242343702,1
leave_task_out,arousal,342,MAHNOB-HCI,arousal,relative_power,linear_logistic,20260813,0.75,-0.0057429024355094005,0,0.44946672104754226,0.09480886242343702,1
leave_task_out,arousal,343,MAHNOB-HCI,arousal,relative_power,linear_logistic,20260813,1.0,0.0165729932266897,0,0.490118459594884,0.09480886242343702,1
leave_task_out,arousal,344,MAHNOB-HCI,arousal,relative_power,linear_logistic,20260829,0.25,0.015564202334630496,0,0.4460537285736253,0.09480886242343702,1
leave_task_out,arousal,345,MAHNOB-HCI,arousal,relative_power,linear_logistic,20260829,0.5,0.019455252918288,0,0.444239314675067,0.09480886242343702,1
leave_task_out,arousal,346,MAHNOB-HCI,arousal,relative_power,linear_logistic,20260829,0.75,0.027237354085603196,1,0.3842139094487448,0.09480886242343702,1
leave_task_out,arousal,347,MAHNOB-HCI,arousal,relative_power,linear_logistic,20260829,1.0,0.019736273238218797,0,0.5246888362226964,0.09480886242343702,1
leave_task_out,arousal,348,MAHNOB-HCI,arousal,relative_power,linear_logistic,20260911,0.25,0.0173223807465052,0,0.5456762105944357,0.09480886242343702,1
leave_task_out,arousal,349,MAHNOB-HCI,arousal,relative_power,linear_logistic,20260911,0.5,0.0095402795791899,0,0.612828490301475,0.09480886242343702,1
leave_task_out,arousal,350,MAHNOB-HCI,arousal,relative_power,linear_logistic,20260911,0.75,0.024355094394004802,1,0.5907920149534215,0.09480886242343702,1
leave_task_out,arousal,351,MAHNOB-HCI,arousal,relative_power,linear_logistic,20260911,1.0,0.0344574146130565,1,0.5845326647338002,0.09480886242343702,1
leave_task_out,arousal,352,MAHNOB-HCI,arousal,relative_power,linear_logistic,20260923,0.25,-0.0044530912235193,0,0.5274343206100497,0.09480886242343702,1
leave_task_out,arousal,353,MAHNOB-HCI,arousal,relative_power,linear_logistic,20260923,0.5,0.005087188355670701,0,0.353039211786777,0.09480886242343702,1
leave_task_out,arousal,354,MAHNOB-HCI,arousal,relative_power,linear_logistic,20260923,0.75,0.011204784551088004,0,0.6047673538604207,0.09480886242343702,1
leave_task_out,arousal,355,MAHNOB-HCI,arousal,relative_power,linear_logistic,20260923,1.0,0.010830090791180198,0,0.5269614320797295,0.09480886242343702,1
leave_task_out,arousal,356,MAHNOB-HCI,arousal,relative_power,linear_logistic,20261007,0.25,0.012775616083008996,0,0.38194017375783584,0.09480886242343702,1
leave_task_out,arousal,357,MAHNOB-HCI,arousal,relative_power,linear_logistic,20261007,0.5,0.007875774607292198,0,0.46403132594533,0.09480886242343702,1
leave_task_out,arousal,358,MAHNOB-HCI,arousal,relative_power,linear_logistic,20261007,0.75,0.0133376567228707,0,0.6466550492678798,0.09480886242343702,1
leave_task_out,arousal,359,MAHNOB-HCI,arousal,relative_power,linear_logistic,20261007,1.0,0.0326055627612047,1,0.6259827398410488,0.09480886242343702,1
leave_task_out,valence,120,DEAP,valence,all,gpu_mlp,20260813,0.25,0.0227403712389204,1,0.17517343232550078,0.3048444733349909,0
leave_task_out,valence,121,DEAP,valence,all,gpu_mlp,20260813,0.5,0.0110497237569061,0,0.1978642166133446,0.3048444733349909,0
leave_task_out,valence,122,DEAP,valence,all,gpu_mlp,20260813,0.75,-0.006856393338367899,0,0.24422342553854237,0.3048444733349909,0
leave_task_out,valence,123,DEAP,valence,all,gpu_mlp,20260813,1.0,0.0026829365237092014,0,0.2714708556237795,0.3048444733349909,0
leave_task_out,valence,124,DEAP,valence,all,gpu_mlp,20260829,0.25,0.006841488135458501,0,0.15308050287001101,0.3048444733349909,0
leave_task_out,valence,125,DEAP,valence,all,gpu_mlp,20260829,0.5,0.0231577169203863,1,0.13476522839952707,0.3048444733349909,0
leave_task_out,valence,126,DEAP,valence,all,gpu_mlp,20260829,0.75,0.0161721451568026,0,0.19435764644083364,0.3048444733349909,0
leave_task_out,valence,127,DEAP,valence,all,gpu_mlp,20260829,1.0,0.009589013871775501,0,0.23563367897142315,0.3048444733349909,0
leave_task_out,valence,128,DEAP,valence,all,gpu_mlp,20260911,0.25,-0.0190488493183354,0,0.13248778009754164,0.3048444733349909,0
leave_task_out,valence,129,DEAP,valence,all,gpu_mlp,20260911,0.5,0.0008346913629317977,0,0.14784303445568378,0.3048444733349909,0
leave_task_out,valence,130,DEAP,valence,all,gpu_mlp,20260911,0.75,-0.0080786199769467,0,0.15297690697241914,0.3048444733349909,0
leave_task_out,valence,131,DEAP,valence,all,gpu_mlp,20260911,1.0,0.014935013315314497,0,0.201357411369748,0.3048444733349909,0
leave_task_out,valence,132,DEAP,valence,all,gpu_mlp,20260923,0.25,0.016460312413053,0,0.12536324639794413,0.3048444733349909,0
leave_task_out,valence,133,DEAP,valence,all,gpu_mlp,20260923,0.5,0.0231726221232959,1,0.21239738610023412,0.3048444733349909,0
leave_task_out,valence,134,DEAP,valence,all,gpu_mlp,20260923,0.75,0.011467069438372,0,0.20691741822353726,0.3048444733349909,0
leave_task_out,valence,135,DEAP,valence,all,gpu_mlp,20260923,1.0,0.0258555586470052,1,0.22697199916176347,0.3048444733349909,0
leave_task_out,valence,136,DEAP,valence,all,gpu_mlp,20261007,0.25,0.0019277395762947996,0,0.15066159107079424,0.3048444733349909,0
leave_task_out,valence,137,DEAP,valence,all,gpu_mlp,20261007,0.5,-0.005942207559918899,0,0.17085299794261638,0.3048444733349909,0
leave_task_out,valence,138,DEAP,valence,all,gpu_mlp,20261007,0.75,0.037884057394968,1,0.23181402992174638,0.3048444733349909,0
leave_task_out,valence,139,DEAP,valence,all,gpu_mlp,20261007,1.0,0.0204598751937677,1,0.2613089561219426,0.3048444733349909,0
leave_task_out,valence,140,DEAP,valence,all,linear_logistic,20260813,0.25,0.013345125004968402,0,0.09995861387961592,0.3048444733349909,0
leave_task_out,valence,141,DEAP,valence,all,linear_logistic,20260813,0.5,0.005604356293970401,0,0.11425616766461315,0.3048444733349909,0
leave_task_out,valence,142,DEAP,valence,all,linear_logistic,20260813,0.75,0.0033884494614252,0,0.14455642734650903,0.3048444733349909,0
leave_task_out,valence,143,DEAP,valence,all,linear_logistic,20260813,1.0,0.0114024802257641,0,0.16308366820238773,0.3048444733349909,0
leave_task_out,valence,144,DEAP,valence,all,linear_logistic,20260829,0.25,0.0015252990977384995,0,0.08635861336824485,0.3048444733349909,0
leave_task_out,valence,145,DEAP,valence,all,linear_logistic,20260829,0.5,0.0031151874080846,0,0.0753163416479221,0.3048444733349909,0
leave_task_out,valence,146,DEAP,valence,all,linear_logistic,20260829,0.75,0.013633292261218802,0,0.11202437584185324,0.3048444733349909,0
leave_task_out,valence,147,DEAP,valence,all,linear_logistic,20260829,1.0,0.0068414881354586,0,0.13882822059697913,0.3048444733349909,0
leave_task_out,valence,148,DEAP,valence,all,linear_logistic,20260911,0.25,0.0093157518184346,0,0.07395766806523685,0.3048444733349909,0
leave_task_out,valence,149,DEAP,valence,all,linear_logistic,20260911,0.5,0.0148555188997971,0,0.08317975048405304,0.3048444733349909,0
leave_task_out,valence,150,DEAP,valence,all,linear_logistic,20260911,0.75,0.0115316586509796,0,0.08629557008579025,0.3048444733349909,0
leave_task_out,valence,151,DEAP,valence,all,linear_logistic,20260911,1.0,0.017473866210898602,0,0.11648765972873423,0.3048444733349909,0
leave_task_out,valence,152,DEAP,valence,all,linear_logistic,20260923,0.25,-0.0011725426288802972,0,0.0697276108773381,0.3048444733349909,0
leave_task_out,valence,153,DEAP,valence,all,linear_logistic,20260923,0.5,0.007661274295480702,0,0.12359452875075924,0.3048444733349909,0
leave_task_out,valence,154,DEAP,valence,all,linear_logistic,20260923,0.75,0.012639612067252299,0,0.12005647456981386,0.3048444733349909,0
leave_task_out,valence,155,DEAP,valence,all,linear_logistic,20260923,1.0,0.015402043006478804,0,0.13310535411080868,0.3048444733349909,0
leave_task_out,valence,156,DEAP,valence,all,linear_logistic,20261007,0.25,0.0111938073850311,0,0.08488833644920947,0.3048444733349909,0
leave_task_out,valence,157,DEAP,valence,all,linear_logistic,20261007,0.5,0.0187259032552962,0,0.09727448365304711,0.3048444733349909,0
leave_task_out,valence,158,DEAP,valence,all,linear_logistic,20261007,0.75,0.0157547994753367,0,0.13629798233997445,0.3048444733349909,0
leave_task_out,valence,159,DEAP,valence,all,linear_logistic,20261007,1.0,0.0159634723160697,0,0.1561096133121657,0.3048444733349909,0
leave_task_out,valence,160,DEAP,valence,normalized_asymmetry,gpu_mlp,20260813,0.25,0.0091070789777019,0,0.1271158000790443,0.3048444733349909,0
leave_task_out,valence,161,DEAP,valence,normalized_asymmetry,gpu_mlp,20260813,0.5,0.0121725823760881,0,0.13999593283691095,0.3048444733349909,0
leave_task_out,valence,162,DEAP,valence,normalized_asymmetry,gpu_mlp,20260813,0.75,0.0154020430064788,0,0.1704909653835147,0.3048444733349909,0
leave_task_out,valence,163,DEAP,valence,normalized_asymmetry,gpu_mlp,20260813,1.0,0.001992328788902601,0,0.18549486433211124,0.3048444733349909,0
leave_task_out,valence,164,DEAP,valence,normalized_asymmetry,gpu_mlp,20260829,0.25,-0.0022954012480623,0,0.11088810442847578,0.3048444733349909,0
leave_task_out,valence,165,DEAP,valence,normalized_asymmetry,gpu_mlp,20260829,0.5,-0.0165398068285703,0,0.09406185707083538,0.3048444733349909,0
leave_task_out,valence,166,DEAP,valence,normalized_asymmetry,gpu_mlp,20260829,0.75,0.00033785126594860007,0,0.134786386974749,0.3048444733349909,0
leave_task_out,valence,167,DEAP,valence,normalized_asymmetry,gpu_mlp,20260829,1.0,0.0178912118923645,0,0.16096560606604388,0.3048444733349909,0
leave_task_out,valence,168,DEAP,valence,normalized_asymmetry,gpu_mlp,20260911,0.25,-0.0031300926109940996,0,0.09452025641489657,0.3048444733349909,0
leave_task_out,valence,169,DEAP,valence,normalized_asymmetry,gpu_mlp,20260911,0.5,-0.0038505107516196998,0,0.10256880125413138,0.3048444733349909,0
leave_task_out,valence,170,DEAP,valence,normalized_asymmetry,gpu_mlp,20260911,0.75,-0.0056838507094876,0,0.10299748271208811,0.3048444733349909,0
leave_task_out,valence,171,DEAP,valence,normalized_asymmetry,gpu_mlp,20260911,1.0,0.0078401367303946,0,0.13364945234004366,0.3048444733349909,0
leave_task_out,valence,172,DEAP,valence,normalized_asymmetry,gpu_mlp,20260923,0.25,0.0142940895902062,0,0.08957266079412918,0.3048444733349909,0
leave_task_out,valence,173,DEAP,valence,normalized_asymmetry,gpu_mlp,20260923,0.5,0.0048193489407369,0,0.15120504012495298,0.3048444733349909,0
leave_task_out,valence,174,DEAP,valence,normalized_asymmetry,gpu_mlp,20260923,0.75,0.0164950912198417,0,0.1424957153250554,0.3048444733349909,0
leave_task_out,valence,175,DEAP,valence,normalized_asymmetry,gpu_mlp,20260923,1.0,0.035782423784729,1,0.15231727686258537,0.3048444733349909,0
leave_task_out,valence,176,DEAP,valence,normalized_asymmetry,gpu_mlp,20261007,0.25,0.0116608370761953,0,0.10762387552426092,0.3048444733349909,0
leave_task_out,valence,177,DEAP,valence,normalized_asymmetry,gpu_mlp,20261007,0.5,0.013459398227274499,0,0.11889052414373939,0.3048444733349909,0
leave_task_out,valence,178,DEAP,valence,normalized_asymmetry,gpu_mlp,20261007,0.75,0.0259549266664016,1,0.15997659909340767,0.3048444733349909,0
leave_task_out,valence,179,DEAP,valence,normalized_asymmetry,gpu_mlp,20261007,1.0,0.010135537978457,0,0.1768984070065776,0.3048444733349909,0
leave_task_out,valence,180,DEAP,valence,normalized_asymmetry,linear_logistic,20260813,0.25,-0.0005614293095909991,0,0.07076531767747231,0.3048444733349909,0
leave_task_out,valence,181,DEAP,valence,normalized_asymmetry,linear_logistic,20260813,0.5,-0.0018631503636869998,0,0.07844883741000129,0.3048444733349909,0
leave_task_out,valence,182,DEAP,valence,normalized_asymmetry,linear_logistic,20260813,0.75,-0.011144123375332899,0,0.09705011277461831,0.3048444733349909,0
leave_task_out,valence,183,DEAP,valence,normalized_asymmetry,linear_logistic,20260813,1.0,-0.010165348384276,0,0.10642008655918035,0.3048444733349909,0
leave_task_out,valence,184,DEAP,valence,normalized_asymmetry,linear_logistic,20260829,0.25,0.0053012838348105995,0,0.06122677442746181,0.3048444733349909,0
leave_task_out,valence,185,DEAP,valence,normalized_asymmetry,linear_logistic,20260829,0.5,0.019416510990103,0,0.05149969143852606,0.3048444733349909,0
leave_task_out,valence,186,DEAP,valence,normalized_asymmetry,linear_logistic,20260829,0.75,0.0255177073810565,1,0.07532897916303878,0.3048444733349909,0
leave_task_out,valence,187,DEAP,valence,normalized_asymmetry,linear_logistic,20260829,1.0,0.0245240271870901,1,0.09117690135838993,0.3048444733349909,0
leave_task_out,valence,188,DEAP,valence,normalized_asymmetry,linear_logistic,20260911,0.25,0.0042728248340554,0,0.0517625205358354,0.3048444733349909,0
leave_task_out,valence,189,DEAP,valence,normalized_asymmetry,linear_logistic,20260911,0.5,-0.003130092610994,0,0.05639694775384251,0.3048444733349909,0
leave_task_out,valence,190,DEAP,valence,normalized_asymmetry,linear_logistic,20260911,0.75,0.0068265829325489,0,0.05664483637322391,0.3048444733349909,0
leave_task_out,valence,191,DEAP,valence,normalized_asymmetry,linear_logistic,20260911,1.0,-0.004238046027266601,0,0.07465030114878289,0.3048444733349909,0
leave_task_out,valence,192,DEAP,valence,normalized_asymmetry,linear_logistic,20260923,0.25,0.011884415119837899,0,0.04893210008021907,0.3048444733349909,0
leave_task_out,valence,193,DEAP,valence,normalized_asymmetry,linear_logistic,20260923,0.5,0.0175384554235066,0,0.08521834026941782,0.3048444733349909,0
leave_task_out,valence,194,DEAP,valence,normalized_asymmetry,linear_logistic,20260923,0.75,0.010776461703565401,0,0.07995179801316234,0.3048444733349909,0
leave_task_out,valence,195,DEAP,valence,normalized_asymmetry,linear_logistic,20260923,1.0,0.0063595532413848995,0,0.08589430979966504,0.3048444733349909,0
leave_task_out,valence,196,DEAP,valence,normalized_asymmetry,linear_logistic,20261007,0.25,-0.002841925354743799,0,0.059326887233246965,0.3048444733349909,0
leave_task_out,valence,197,DEAP,valence,normalized_asymmetry,linear_logistic,20261007,0.5,-0.004238046027266601,0,0.06591098209719365,0.3048444733349909,0
leave_task_out,valence,198,DEAP,valence,normalized_asymmetry,linear_logistic,20261007,0.75,0.008272387614770001,0,0.0905704041700461,0.3048444733349909,0
leave_task_out,valence,199,DEAP,valence,normalized_asymmetry,linear_logistic,20261007,1.0,-0.003482849079852201,0,0.10103365407319878,0.3048444733349909,0
leave_task_out,valence,200,DEAP,valence,relative_power,gpu_mlp,20260813,0.25,-0.009941770340633399,0,0.12625095492003607,0.3048444733349909,0
leave_task_out,valence,201,DEAP,valence,relative_power,gpu_mlp,20260813,0.5,0.010582694065741902,0,0.1389623975232953,0.3048444733349909,0
leave_task_out,valence,202,DEAP,valence,relative_power,gpu_mlp,20260813,0.75,-0.0140208275368655,0,0.16916924098738687,0.3048444733349909,0
leave_task_out,valence,203,DEAP,valence,relative_power,gpu_mlp,20260813,1.0,-0.007855041933304099,0,0.18395853424863182,0.3048444733349909,0
leave_task_out,valence,204,DEAP,valence,relative_power,gpu_mlp,20260829,0.25,-0.016604396041178,0,0.11170482124606888,0.3048444733349909,0
leave_task_out,valence,205,DEAP,valence,relative_power,gpu_mlp,20260829,0.5,-0.0011874478317897997,0,0.09483372049629266,0.3048444733349909,0
leave_task_out,valence,206,DEAP,valence,relative_power,gpu_mlp,20260829,0.75,-0.0061359751977422515,0,0.13592539790556235,0.3048444733349909,0
leave_task_out,valence,207,DEAP,valence,relative_power,gpu_mlp,20260829,1.0,-0.0020221391947216,0,0.16239615507614572,0.3048444733349909,0
leave_task_out,valence,208,DEAP,valence,relative_power,gpu_mlp,20260911,0.25,0.0011725426288804013,0,0.09523254505406083,0.3048444733349909,0
leave_task_out,valence,209,DEAP,valence,relative_power,gpu_mlp,20260911,0.5,0.0086400492865376,0,0.10340931610076351,0.3048444733349909,0
leave_task_out,valence,210,DEAP,valence,relative_power,gpu_mlp,20260911,0.75,0.0090573949680035,0,0.10391319942059561,0.3048444733349909,0
leave_task_out,valence,211,DEAP,valence,relative_power,gpu_mlp,20260911,1.0,0.0127986008982869,0,0.134894193193458,0.3048444733349909,0
leave_task_out,valence,212,DEAP,valence,relative_power,gpu_mlp,20260923,0.25,0.0165249016256607,0,0.09034060323824057,0.3048444733349909,0
leave_task_out,valence,213,DEAP,valence,relative_power,gpu_mlp,20260923,0.5,0.0302078778965778,1,0.15253655764626128,0.3048444733349909,0
leave_task_out,valence,214,DEAP,valence,relative_power,gpu_mlp,20260923,0.75,0.0041436464088397,0,0.14387545679161953,0.3048444733349909,0
leave_task_out,valence,215,DEAP,valence,relative_power,gpu_mlp,20260923,1.0,0.002394769267459,0,0.15390469900426088,0.3048444733349909,0
leave_task_out,valence,216,DEAP,valence,relative_power,gpu_mlp,20261007,0.25,0.0109056401287809,0,0.10973363027783553,0.3048444733349909,0
leave_task_out,valence,217,DEAP,valence,relative_power,gpu_mlp,20261007,0.5,0.012495528439127199,0,0.12141715582536668,0.3048444733349909,0
leave_task_out,valence,218,DEAP,valence,relative_power,gpu_mlp,20261007,0.75,0.024186175921141598,1,0.16349949865441663,0.3048444733349909,0
leave_task_out,valence,219,DEAP,valence,relative_power,gpu_mlp,20261007,1.0,0.0100709487658493,0,0.18103178716875604,0.3048444733349909,0
leave_task_out,valence,220,DEAP,valence,relative_power,linear_logistic,20260813,0.25,0.0092014785961285,0,0.07025300234374494,0.3048444733349909,0
leave_task_out,valence,221,DEAP,valence,relative_power,linear_logistic,20260813,0.5,-0.0009489645852378999,0,0.07782856000251226,0.3048444733349909,0
leave_task_out,valence,222,DEAP,valence,relative_power,linear_logistic,20260813,0.75,0.0061011963909534,0,0.09623168544121441,0.3048444733349909,0
leave_task_out,valence,223,DEAP,valence,relative_power,linear_logistic,20260813,1.0,0.0043026352398743,0,0.105453887171166,0.3048444733349909,0
leave_task_out,valence,224,DEAP,valence,relative_power,linear_logistic,20260829,0.25,0.017473866210898602,0,0.06170310767117745,0.3048444733349909,0
leave_task_out,valence,225,DEAP,valence,relative_power,linear_logistic,20260829,0.5,0.010985134544298199,0,0.05194231847243832,0.3048444733349909,0
leave_task_out,valence,226,DEAP,valence,relative_power,linear_logistic,20260829,0.75,0.0122222663857863,0,0.07600968601245556,0.3048444733349909,0
leave_task_out,valence,227,DEAP,valence,relative_power,linear_logistic,20260829,1.0,0.0176030446361142,0,0.09205526678299879,0.3048444733349909,0
leave_task_out,valence,228,DEAP,valence,relative_power,linear_logistic,20260911,0.25,0.006280058825867501,0,0.05217115923325677,0.3048444733349909,0
leave_task_out,valence,229,DEAP,valence,relative_power,linear_logistic,20260911,0.5,-0.0014607098851306018,0,0.05688308290242376,0.3048444733349909,0
leave_task_out,valence,230,DEAP,valence,relative_power,linear_logistic,20260911,0.75,-0.0012023530346993022,0,0.057174714504142944,0.3048444733349909,0
leave_task_out,valence,231,DEAP,valence,relative_power,linear_logistic,20260911,1.0,0.011114312969513797,0,0.07539337349440069,0.3048444733349909,0
leave_task_out,valence,232,DEAP,valence,relative_power,linear_logistic,20260923,0.25,0.0071147501887992,0,0.049370509144319535,0.3048444733349909,0
leave_task_out,valence,233,DEAP,valence,relative_power,linear_logistic,20260923,0.5,0.013668071068007399,0,0.0860276705029244,0.3048444733349909,0
leave_task_out,valence,234,DEAP,valence,relative_power,linear_logistic,20260923,0.75,0.0209269048849318,1,0.08078299746302157,0.3048444733349909,0
leave_task_out,valence,235,DEAP,valence,relative_power,linear_logistic,20260923,1.0,0.0183731467864382,0,0.08686041750723611,0.3048444733349909,0
leave_task_out,valence,236,DEAP,valence,relative_power,linear_logistic,20261007,0.25,0.011531658650979802,0,0.06055411933792001,0.3048444733349909,0
leave_task_out,valence,237,DEAP,valence,relative_power,linear_logistic,20261007,0.5,0.0243153543463571,1,0.06739782875914489,0.3048444733349909,0
leave_task_out,valence,238,DEAP,valence,relative_power,linear_logistic,20261007,0.75,0.0062800588258675,0,0.09273361437071025,0.3048444733349909,0
leave_task_out,valence,239,DEAP,valence,relative_power,linear_logistic,20261007,1.0,0.009042489765094,0,0.10361754271050608,0.3048444733349909,0
leave_task_out,valence,360,MAHNOB-HCI,valence,all,gpu_mlp,20260813,0.25,-0.0031431475029035996,0,0.17014325162003952,0.3048444733349909,0
leave_task_out,valence,361,MAHNOB-HCI,valence,all,gpu_mlp,20260813,0.5,0.0149245063879208,0,0.2933423479368136,0.3048444733349909,0
leave_task_out,valence,362,MAHNOB-HCI,valence,all,gpu_mlp,20260813,0.75,0.0068960511033681,0,0.2965927666573003,0.3048444733349909,0
leave_task_out,valence,363,MAHNOB-HCI,valence,all,gpu_mlp,20260813,1.0,0.0076146922183506,0,0.4587260818781268,0.3048444733349909,1
leave_task_out,valence,364,MAHNOB-HCI,valence,all,gpu_mlp,20260829,0.25,-0.0114401858304298,0,0.1674357482387163,0.3048444733349909,0
leave_task_out,valence,365,MAHNOB-HCI,valence,all,gpu_mlp,20260829,0.5,0.008369628339140497,0,0.2166547104395948,0.3048444733349909,0
leave_task_out,valence,366,MAHNOB-HCI,valence,all,gpu_mlp,20260829,0.75,0.0024608013937282014,0,0.2510087927580537,0.3048444733349909,0
leave_task_out,valence,367,MAHNOB-HCI,valence,all,gpu_mlp,20260829,1.0,0.002424506387921098,0,0.29335025001143916,0.3048444733349909,0
leave_task_out,valence,368,MAHNOB-HCI,valence,all,gpu_mlp,20260911,0.25,0.0271196283391404,1,0.14158501595053752,0.3048444733349909,0
leave_task_out,valence,369,MAHNOB-HCI,valence,all,gpu_mlp,20260911,0.5,0.0326509872241579,1,0.2967320824342893,0.3048444733349909,0
leave_task_out,valence,370,MAHNOB-HCI,valence,all,gpu_mlp,20260911,0.75,0.023635307781649302,1,0.29849369594094655,0.3048444733349909,0
leave_task_out,valence,371,MAHNOB-HCI,valence,all,gpu_mlp,20260911,1.0,0.0114764808362369,0,0.38478914400287506,0.3048444733349909,1
leave_task_out,valence,372,MAHNOB-HCI,valence,all,gpu_mlp,20260923,0.25,-0.0045078397212543996,0,0.20996155409779513,0.3048444733349909,0
leave_task_out,valence,373,MAHNOB-HCI,valence,all,gpu_mlp,20260923,0.5,0.005872531939605099,0,0.25434669866099135,0.3048444733349909,0
leave_task_out,valence,374,MAHNOB-HCI,valence,all,gpu_mlp,20260923,0.75,0.014924506387921001,0,0.33023608244628605,0.3048444733349909,1
leave_task_out,valence,375,MAHNOB-HCI,valence,all,gpu_mlp,20260923,1.0,0.018372531939605103,0,0.3289930460752319,0.3048444733349909,1
leave_task_out,valence,376,MAHNOB-HCI,valence,all,gpu_mlp,20261007,0.25,-0.028520615563298497,0,0.11151792861316637,0.3048444733349909,0
leave_task_out,valence,377,MAHNOB-HCI,valence,all,gpu_mlp,20261007,0.5,-0.0292029616724739,0,0.25001898892548047,0.3048444733349909,0
leave_task_out,valence,378,MAHNOB-HCI,valence,all,gpu_mlp,20261007,0.75,-0.0365127758420441,0,0.17855169643642324,0.3048444733349909,0
leave_task_out,valence,379,MAHNOB-HCI,valence,all,gpu_mlp,20261007,1.0,-0.0159843205574914,0,0.3475970197536342,0.3048444733349909,1
leave_task_out,valence,380,MAHNOB-HCI,valence,all,linear_logistic,20260813,0.25,-0.007004936120789801,0,0.09683469542824358,0.3048444733349909,0
leave_task_out,valence,381,MAHNOB-HCI,valence,all,linear_logistic,20260813,0.5,0.010757839721254398,0,0.17836065963825348,0.3048444733349909,0
leave_task_out,valence,382,MAHNOB-HCI,valence,all,linear_logistic,20260813,0.75,0.004471544715447199,0,0.1806627347766141,0.3048444733349909,0
leave_task_out,valence,383,MAHNOB-HCI,valence,all,linear_logistic,20260813,1.0,-0.0014009872241580006,0,0.3070898209248387,0.3048444733349909,1
leave_task_out,valence,384,MAHNOB-HCI,valence,all,linear_logistic,20260829,0.25,0.006591173054587701,0,0.09515998660550407,0.3048444733349909,0
leave_task_out,valence,385,MAHNOB-HCI,valence,all,linear_logistic,20260829,0.5,0.006250000000000002,0,0.1263574427127209,0.3048444733349909,0
leave_task_out,valence,386,MAHNOB-HCI,valence,all,linear_logistic,20260829,0.75,-0.0031431475029035996,0,0.149119060166883,0.3048444733349909,0
leave_task_out,valence,387,MAHNOB-HCI,valence,all,linear_logistic,20260829,1.0,0.007237224157955802,0,0.1783662461342973,0.3048444733349909,0
leave_task_out,valence,388,MAHNOB-HCI,valence,all,linear_logistic,20260911,0.25,0.0323461091753774,1,0.0794038071062398,0.3048444733349909,0
leave_task_out,valence,389,MAHNOB-HCI,valence,all,linear_logistic,20260911,0.5,0.0465882694541231,1,0.18076158959140642,0.3048444733349909,0
leave_task_out,valence,390,MAHNOB-HCI,valence,all,linear_logistic,20260911,0.75,0.0381823461091754,1,0.18201290603649686,0.3048444733349909,0
leave_task_out,valence,391,MAHNOB-HCI,valence,all,linear_logistic,20260911,1.0,0.0357941347270615,1,0.24646463298362553,0.3048444733349909,0
leave_task_out,valence,392,MAHNOB-HCI,valence,all,linear_logistic,20260923,0.25,0.0270470383275261,1,0.1220193344332671,0.3048444733349909,0
leave_task_out,valence,393,MAHNOB-HCI,valence,all,linear_logistic,20260923,0.5,0.0249637049941928,1,0.15137587921740972,0.3048444733349909,0
leave_task_out,valence,394,MAHNOB-HCI,valence,all,linear_logistic,20260923,0.75,0.0472343205574913,1,0.20498806357842372,0.3048444733349909,0
leave_task_out,valence,395,MAHNOB-HCI,valence,all,linear_logistic,20260923,1.0,0.0332970383275261,1,0.20407282525423873,0.3048444733349909,0
leave_task_out,valence,396,MAHNOB-HCI,valence,all,linear_logistic,20261007,0.25,0.007992160278745601,0,0.06159407180543233,0.3048444733349909,0
leave_task_out,valence,397,MAHNOB-HCI,valence,all,linear_logistic,20261007,0.5,0.020869628339140498,1,0.14845140452476474,0.3048444733349909,0
leave_task_out,valence,398,MAHNOB-HCI,valence,all,linear_logistic,20261007,0.75,0.0096980255516841,0,0.10206583371048959,0.3048444733349909,0
leave_task_out,valence,399,MAHNOB-HCI,valence,all,linear_logistic,20261007,1.0,0.0037891986062718007,0,0.21790679280523914,0.3048444733349909,0
leave_task_out,valence,400,MAHNOB-HCI,valence,normalized_asymmetry,gpu_mlp,20260813,0.25,-0.0181039488966317,0,0.1094278917839235,0.3048444733349909,0
leave_task_out,valence,401,MAHNOB-HCI,valence,normalized_asymmetry,gpu_mlp,20260813,0.5,-0.0055313588850174,0,0.18323344232417152,0.3048444733349909,0
leave_task_out,valence,402,MAHNOB-HCI,valence,normalized_asymmetry,gpu_mlp,20260813,0.75,0.006286295005807199,0,0.1709397088295061,0.3048444733349909,0
leave_task_out,valence,403,MAHNOB-HCI,valence,normalized_asymmetry,gpu_mlp,20260813,1.0,-0.0034480255516841,0,0.2712329375458987,0.3048444733349909,0
leave_task_out,valence,404,MAHNOB-HCI,valence,normalized_asymmetry,gpu_mlp,20260829,0.25,-0.011171602787456499,0,0.10446426520164132,0.3048444733349909,0
leave_task_out,valence,405,MAHNOB-HCI,valence,normalized_asymmetry,gpu_mlp,20260829,0.5,-0.026437282229964998,0,0.12545995639093271,0.3048444733349909,0
leave_task_out,valence,406,MAHNOB-HCI,valence,normalized_asymmetry,gpu_mlp,20260829,0.75,-0.0034843205574912987,0,0.13449399817649255,0.3048444733349909,0
leave_task_out,valence,407,MAHNOB-HCI,valence,normalized_asymmetry,gpu_mlp,20260829,1.0,-0.008028455284552899,0,0.14709692230194604,0.3048444733349909,0
leave_task_out,valence,408,MAHNOB-HCI,valence,normalized_asymmetry,gpu_mlp,20260911,0.25,0.0090519744483159,0,0.08878406682015604,0.3048444733349909,0
leave_task_out,valence,409,MAHNOB-HCI,valence,normalized_asymmetry,gpu_mlp,20260911,0.5,-0.0080284552845528,0,0.18293235406558436,0.3048444733349909,0
leave_task_out,valence,410,MAHNOB-HCI,valence,normalized_asymmetry,gpu_mlp,20260911,0.75,0.00625,0,0.17006856865892375,0.3048444733349909,0
leave_task_out,valence,411,MAHNOB-HCI,valence,normalized_asymmetry,gpu_mlp,20260911,1.0,-0.0125725900116143,0,0.21102554843971244,0.3048444733349909,0
leave_task_out,valence,412,MAHNOB-HCI,valence,normalized_asymmetry,gpu_mlp,20260923,0.25,0.0493902439024389,1,0.13968889448410382,0.3048444733349909,0
leave_task_out,valence,413,MAHNOB-HCI,valence,normalized_asymmetry,gpu_mlp,20260923,0.5,0.0417029616724737,1,0.15949717010122758,0.3048444733349909,0
leave_task_out,valence,414,MAHNOB-HCI,valence,normalized_asymmetry,gpu_mlp,20260923,0.75,0.0368902439024389,1,0.20016691654891894,0.3048444733349909,0
leave_task_out,valence,415,MAHNOB-HCI,valence,normalized_asymmetry,gpu_mlp,20260923,1.0,0.0598432055749128,1,0.18436400084969728,0.3048444733349909,0
leave_task_out,valence,416,MAHNOB-HCI,valence,normalized_asymmetry,gpu_mlp,20261007,0.25,-0.0229166666666666,0,0.0678945644745834,0.3048444733349909,0
leave_task_out,valence,417,MAHNOB-HCI,valence,normalized_asymmetry,gpu_mlp,20261007,0.5,0.0006823461091754017,0,0.14831498565417509,0.3048444733349909,0
leave_task_out,valence,418,MAHNOB-HCI,valence,normalized_asymmetry,gpu_mlp,20261007,0.75,-0.0204921602787456,0,0.09315446508585368,0.3048444733349909,0
leave_task_out,valence,419,MAHNOB-HCI,valence,normalized_asymmetry,gpu_mlp,20261007,1.0,-0.0271196283391405,0,0.18408851365187898,0.3048444733349909,0
leave_task_out,valence,420,MAHNOB-HCI,valence,normalized_asymmetry,linear_logistic,20260813,0.25,-0.0097706155632984,0,0.060376111540131915,0.3048444733349909,0
leave_task_out,valence,421,MAHNOB-HCI,valence,normalized_asymmetry,linear_logistic,20260813,0.5,0.0010235191637631,0,0.10499841528259987,0.3048444733349909,0
leave_task_out,valence,422,MAHNOB-HCI,valence,normalized_asymmetry,linear_logistic,20260813,0.75,0.020492160278745702,1,0.09732823553843793,0.3048444733349909,0
leave_task_out,valence,423,MAHNOB-HCI,valence,normalized_asymmetry,linear_logistic,20260813,1.0,-0.0073098141695701006,0,0.16291949843148618,0.3048444733349909,0
leave_task_out,valence,424,MAHNOB-HCI,valence,normalized_asymmetry,linear_logistic,20260829,0.25,0.0010235191637631,0,0.057493822742859954,0.3048444733349909,0
leave_task_out,valence,425,MAHNOB-HCI,valence,normalized_asymmetry,linear_logistic,20260829,0.5,-0.0090882694541231,0,0.06978482584101006,0.3048444733349909,0
leave_task_out,valence,426,MAHNOB-HCI,valence,normalized_asymmetry,linear_logistic,20260829,0.75,-0.006627468060394901,0,0.0751543664150946,0.3048444733349909,0
leave_task_out,valence,427,MAHNOB-HCI,valence,normalized_asymmetry,linear_logistic,20260829,1.0,0.0055676538908245,0,0.08272829058771348,0.3048444733349909,0
leave_task_out,valence,428,MAHNOB-HCI,valence,normalized_asymmetry,linear_logistic,20260911,0.25,0.018140243902439,0,0.04848225039275628,0.3048444733349909,0
leave_task_out,valence,429,MAHNOB-HCI,valence,normalized_asymmetry,linear_logistic,20260911,0.5,0.0135598141695703,0,0.10480938589384954,0.3048444733349909,0
leave_task_out,valence,430,MAHNOB-HCI,valence,normalized_asymmetry,linear_logistic,20260911,0.75,0.016666666666666698,0,0.09678843761829271,0.3048444733349909,0
leave_task_out,valence,431,MAHNOB-HCI,valence,normalized_asymmetry,linear_logistic,20260911,1.0,0.0111716027874564,0,0.12270689342847023,0.3048444733349909,0
leave_task_out,valence,432,MAHNOB-HCI,valence,normalized_asymmetry,linear_logistic,20260923,0.25,0.010075493612079,0,0.07826449956500481,0.3048444733349909,0
leave_task_out,valence,433,MAHNOB-HCI,valence,normalized_asymmetry,linear_logistic,20260923,0.5,0.0010235191637631,0,0.09027662275791844,0.3048444733349909,0
leave_task_out,valence,434,MAHNOB-HCI,valence,normalized_asymmetry,linear_logistic,20260923,0.75,-0.0125362950058071,0,0.11572623463054069,0.3048444733349909,0
leave_task_out,valence,435,MAHNOB-HCI,valence,normalized_asymmetry,linear_logistic,20260923,1.0,0.0090156794425087,0,0.10570873465044199,0.3048444733349909,0
leave_task_out,valence,436,MAHNOB-HCI,valence,normalized_asymmetry,linear_logistic,20261007,0.25,0.0007186411149827012,0,0.03669329368354673,0.3048444733349909,0
leave_task_out,valence,437,MAHNOB-HCI,valence,normalized_asymmetry,linear_logistic,20261007,0.5,0.0128774680603948,0,0.08346549878107236,0.3048444733349909,0
leave_task_out,valence,438,MAHNOB-HCI,valence,normalized_asymmetry,linear_logistic,20261007,0.75,0.009051974448315937,0,0.0509797814478226,0.3048444733349909,0
leave_task_out,valence,439,MAHNOB-HCI,valence,normalized_asymmetry,linear_logistic,20261007,1.0,0.007992160278745601,0,0.1055355712128464,0.3048444733349909,0
leave_task_out,valence,440,MAHNOB-HCI,valence,relative_power,gpu_mlp,20260813,0.25,0.006591173054587701,0,0.10774728209073287,0.3048444733349909,0
leave_task_out,valence,441,MAHNOB-HCI,valence,relative_power,gpu_mlp,20260813,0.5,0.002693089430894302,0,0.180130804279021,0.3048444733349909,0
leave_task_out,valence,442,MAHNOB-HCI,valence,relative_power,gpu_mlp,20260813,0.75,0.0037529036004644994,0,0.16752884095700138,0.3048444733349909,0
leave_task_out,valence,443,MAHNOB-HCI,valence,relative_power,gpu_mlp,20260813,1.0,-0.0024970963995353986,0,0.26575210835185187,0.3048444733349909,0
leave_task_out,valence,444,MAHNOB-HCI,valence,relative_power,gpu_mlp,20260829,0.25,-0.0125362950058072,0,0.1053321051963676,0.3048444733349909,0
leave_task_out,valence,445,MAHNOB-HCI,valence,relative_power,gpu_mlp,20260829,0.5,0.009051974448316,0,0.12668729347862862,0.3048444733349909,0
leave_task_out,valence,446,MAHNOB-HCI,valence,relative_power,gpu_mlp,20260829,0.75,-0.004812717770034801,0,0.13601941363130018,0.3048444733349909,0
leave_task_out,valence,447,MAHNOB-HCI,valence,relative_power,gpu_mlp,20260829,1.0,-0.0198461091753774,0,0.14897685473384215,0.3048444733349909,0
leave_task_out,valence,448,MAHNOB-HCI,valence,relative_power,gpu_mlp,20260911,0.25,0.007346109175377501,0,0.08775124098501201,0.3048444733349909,0
leave_task_out,valence,449,MAHNOB-HCI,valence,relative_power,gpu_mlp,20260911,0.5,0.0055676538908246,0,0.1806343107690584,0.3048444733349909,0
leave_task_out,valence,450,MAHNOB-HCI,valence,relative_power,gpu_mlp,20260911,0.75,-0.0013646922183508,0,0.16756889061315158,0.3048444733349909,0
leave_task_out,valence,451,MAHNOB-HCI,valence,relative_power,gpu_mlp,20260911,1.0,0.001096109175377398,0,0.2075978262414232,0.3048444733349909,0
leave_task_out,valence,452,MAHNOB-HCI,valence,relative_power,gpu_mlp,20260923,0.25,-0.004849012775842099,0,0.13738329115345424,0.3048444733349909,0
leave_task_out,valence,453,MAHNOB-HCI,valence,relative_power,gpu_mlp,20260923,0.5,-0.0003411730545877026,0,0.15643885190403556,0.3048444733349909,0
leave_task_out,valence,454,MAHNOB-HCI,valence,relative_power,gpu_mlp,20260923,0.75,0.003520615563298496,0,0.19594385945045503,0.3048444733349909,0
leave_task_out,valence,455,MAHNOB-HCI,valence,relative_power,gpu_mlp,20260923,1.0,0.0010235191637631008,0,0.17984223605138433,0.3048444733349909,0
leave_task_out,valence,456,MAHNOB-HCI,valence,relative_power,gpu_mlp,20261007,0.25,-0.0305313588850174,0,0.06841975641460395,0.3048444733349909,0
leave_task_out,valence,457,MAHNOB-HCI,valence,relative_power,gpu_mlp,20261007,0.5,-0.004885307781649202,0,0.14956581890743884,0.3048444733349909,0
leave_task_out,valence,458,MAHNOB-HCI,valence,relative_power,gpu_mlp,20261007,0.75,-0.01875,0,0.09412112252120251,0.3048444733349909,0
leave_task_out,valence,459,MAHNOB-HCI,valence,relative_power,gpu_mlp,20261007,1.0,0.0055676538908246975,0,0.18605788348058638,0.3048444733349909,0
leave_task_out,valence,460,MAHNOB-HCI,valence,relative_power,linear_logistic,20260813,0.25,-0.0007549361207897999,0,0.059398600407419636,0.3048444733349909,0
leave_task_out,valence,461,MAHNOB-HCI,valence,relative_power,linear_logistic,20260813,0.5,0.0176901858304296,0,0.10305336356369708,0.3048444733349909,0
leave_task_out,valence,462,MAHNOB-HCI,valence,relative_power,linear_logistic,20260813,0.75,0.0026930894308941997,0,0.09521749045212591,0.3048444733349909,0
leave_task_out,valence,463,MAHNOB-HCI,valence,relative_power,linear_logistic,20260813,1.0,0.0086745063879209,0,0.15914939698449992,0.3048444733349909,0
leave_task_out,valence,464,MAHNOB-HCI,valence,relative_power,linear_logistic,20260829,0.25,0.0017784552845528014,0,0.05799672507830223,0.3048444733349909,0
leave_task_out,valence,465,MAHNOB-HCI,valence,relative_power,linear_logistic,20260829,0.5,0.012231416957026701,0,0.07051142351322982,0.3048444733349909,0
leave_task_out,valence,466,MAHNOB-HCI,valence,relative_power,linear_logistic,20260829,0.75,0.014997096399535401,0,0.07606590795366645,0.3048444733349909,0
leave_task_out,valence,467,MAHNOB-HCI,valence,relative_power,linear_logistic,20260829,1.0,-0.011817653890824498,0,0.08386646839195534,0.3048444733349909,0
leave_task_out,valence,468,MAHNOB-HCI,valence,relative_power,linear_logistic,20260911,0.25,0.0087470963995353,0,0.04789361411325908,0.3048444733349909,0
leave_task_out,valence,469,MAHNOB-HCI,valence,relative_power,linear_logistic,20260911,0.5,0.008405923344947698,0,0.10336858477469825,0.3048444733349909,0
leave_task_out,valence,470,MAHNOB-HCI,valence,relative_power,linear_logistic,20260911,0.75,0.0264372822299651,1,0.09524223103674455,0.3048444733349909,0
leave_task_out,valence,471,MAHNOB-HCI,valence,relative_power,linear_logistic,20260911,1.0,0.0149970963995354,0,0.12049465278694445,0.3048444733349909,0
leave_task_out,valence,472,MAHNOB-HCI,valence,relative_power,linear_logistic,20260923,0.25,0.018408826945412203,0,0.07688212154686141,0.3048444733349909,0
leave_task_out,valence,473,MAHNOB-HCI,valence,relative_power,linear_logistic,20260923,0.5,-0.0073461091753775,0,0.08840598417774963,0.3048444733349909,0
leave_task_out,valence,474,MAHNOB-HCI,valence,relative_power,linear_logistic,20260923,0.75,0.013900987224157899,0,0.11303291679677817,0.3048444733349909,0
leave_task_out,valence,475,MAHNOB-HCI,valence,relative_power,linear_logistic,20260923,1.0,0.0319686411149826,1,0.10287277953860138,0.3048444733349909,0
leave_task_out,valence,476,MAHNOB-HCI,valence,relative_power,linear_logistic,20261007,0.25,-0.0194686411149824,0,0.03698670830663903,0.3048444733349909,0
leave_task_out,valence,477,MAHNOB-HCI,valence,relative_power,linear_logistic,20261007,0.5,-0.0142784552845527,0,0.08422350045488468,0.3048444733349909,0
leave_task_out,valence,478,MAHNOB-HCI,valence,relative_power,linear_logistic,20261007,0.75,-0.0132186411149826,0,0.05153366526422912,0.3048444733349909,0
leave_task_out,valence,479,MAHNOB-HCI,valence,relative_power,linear_logistic,20261007,1.0,-0.006286295005807102,0,0.10677455897608772,0.3048444733349909,0
leave_representation_out,all,0,DEAP,arousal,all,gpu_mlp,20260813,0.25,-0.005216790551784603,0,0.11101079662430148,0.24597665982647418,0
leave_representation_out,all,1,DEAP,arousal,all,gpu_mlp,20260813,0.5,0.0210436606791662,1,0.140184108941676,0.24597665982647418,0
leave_representation_out,all,2,DEAP,arousal,all,gpu_mlp,20260813,0.75,0.007405371604925902,0,0.1704326987321921,0.24597665982647418,0
leave_representation_out,all,3,DEAP,arousal,all,gpu_mlp,20260813,1.0,0.0124229710239937,0,0.23179569592372207,0.24597665982647418,0
leave_representation_out,all,4,DEAP,arousal,all,gpu_mlp,20260829,0.25,0.0296416576736492,1,0.13089446128775298,0.24597665982647418,0
leave_representation_out,all,5,DEAP,arousal,all,gpu_mlp,20260829,0.5,0.0179045092838196,0,0.1906182858483842,0.24597665982647418,0
leave_representation_out,all,6,DEAP,arousal,all,gpu_mlp,20260829,0.75,0.0512828917509657,1,0.24670920323518508,0.24597665982647418,1
leave_representation_out,all,7,DEAP,arousal,all,gpu_mlp,20260829,1.0,0.0404080644673276,1,0.354664159025469,0.24597665982647418,1
leave_representation_out,all,8,DEAP,arousal,all,gpu_mlp,20260911,0.25,0.026348700466964498,1,0.09920894499174057,0.24597665982647418,0
leave_representation_out,all,9,DEAP,arousal,all,gpu_mlp,20260911,0.5,0.0036030902361044934,0,0.17661847758914956,0.24597665982647418,0
leave_representation_out,all,10,DEAP,arousal,all,gpu_mlp,20260911,0.75,0.0268353319684118,1,0.24341926829358415,0.24597665982647418,0
leave_representation_out,all,11,DEAP,arousal,all,gpu_mlp,20260911,1.0,0.04230920515173829,1,0.30583640863680284,0.24597665982647418,1
leave_representation_out,all,12,DEAP,arousal,all,gpu_mlp,20260923,0.25,0.007493620840939699,0,0.09890190876908136,0.24597665982647418,0
leave_representation_out,all,13,DEAP,arousal,all,gpu_mlp,20260923,0.5,-0.0023877721858577977,0,0.1374688283992091,0.24597665982647418,0
leave_representation_out,all,14,DEAP,arousal,all,gpu_mlp,20260923,0.75,0.024029006263174404,1,0.21358491350478537,0.24597665982647418,0
leave_representation_out,all,15,DEAP,arousal,all,gpu_mlp,20260923,1.0,0.016071446581476898,0,0.226800783180578,0.24597665982647418,0
leave_representation_out,all,16,DEAP,arousal,all,gpu_mlp,20261007,0.25,0.0250224405200149,1,0.14281090778115846,0.24597665982647418,0
leave_representation_out,all,17,DEAP,arousal,all,gpu_mlp,20261007,0.5,0.040453449788706096,1,0.17846223850379758,0.24597665982647418,0
leave_representation_out,all,18,DEAP,arousal,all,gpu_mlp,20261007,0.75,0.0232776270536858,1,0.24044423438045318,0.24597665982647418,0
leave_representation_out,all,19,DEAP,arousal,all,gpu_mlp,20261007,1.0,0.023829815130457496,1,0.31479348767583454,0.24597665982647418,1
leave_representation_out,all,20,DEAP,arousal,all,linear_logistic,20260813,0.25,0.007294429708222798,0,0.0730983180387216,0.24597665982647418,0
leave_representation_out,all,21,DEAP,arousal,all,linear_logistic,20260813,0.5,0.026038567437544603,1,0.09335460765093964,0.24597665982647418,0
leave_representation_out,all,22,DEAP,arousal,all,linear_logistic,20260813,0.75,0.0202922814696775,1,0.11484816273665394,0.24597665982647418,0
leave_representation_out,all,23,DEAP,arousal,all,linear_logistic,20260813,1.0,0.016114310496112,0,0.16005971027892327,0.24597665982647418,0
leave_representation_out,all,24,DEAP,arousal,all,linear_logistic,20260829,0.25,0.013771923631632398,0,0.08685475428500344,0.24597665982647418,0
leave_representation_out,all,25,DEAP,arousal,all,linear_logistic,20260829,0.5,0.0054159816845014,0,0.12947797960544863,0.24597665982647418,0
leave_representation_out,all,26,DEAP,arousal,all,linear_logistic,20260829,0.75,0.022392613286804898,1,0.17138750233691566,0.24597665982647418,0
leave_representation_out,all,27,DEAP,arousal,all,linear_logistic,20260829,1.0,0.0183255842099423,0,0.2576566343933544,0.24597665982647418,1
leave_representation_out,all,28,DEAP,arousal,all,linear_logistic,20260911,0.25,0.007581870076953497,0,0.0650321937870381,0.24597665982647418,0
leave_representation_out,all,29,DEAP,arousal,all,linear_logistic,20260911,0.5,0.0087316315518755,0,0.11930666625036948,0.24597665982647418,0
leave_representation_out,all,30,DEAP,arousal,all,linear_logistic,20260911,0.75,0.0199165918649334,0,0.1688768231314554,0.24597665982647418,0
leave_representation_out,all,31,DEAP,arousal,all,linear_logistic,20260911,1.0,0.0024533287611826007,0,0.2176793096771195,0.24597665982647418,0
leave_representation_out,all,32,DEAP,arousal,all,linear_logistic,20260923,0.25,0.006653992395437201,0,0.06482331766889554,0.24597665982647418,0
leave_representation_out,all,33,DEAP,arousal,all,linear_logistic,20260923,0.5,0.00039838226543350425,0,0.09144991127298432,0.24597665982647418,0
leave_representation_out,all,34,DEAP,arousal,all,linear_logistic,20260923,0.75,0.0161596958174905,0,0.14641066072689327,0.24597665982647418,0
leave_representation_out,all,35,DEAP,arousal,all,linear_logistic,20260923,1.0,0.0168228257909653,0,0.15629611244818387,0.24597665982647418,0
leave_representation_out,all,36,DEAP,arousal,all,linear_logistic,20261007,0.25,-0.0006858226341640988,0,0.09520106479911215,0.24597665982647418,0
leave_representation_out,all,37,DEAP,arousal,all,linear_logistic,20261007,0.5,0.012886909864751703,0,0.12063979610696601,0.24597665982647418,0
leave_representation_out,all,38,DEAP,arousal,all,linear_logistic,20261007,0.75,0.0216412340773163,1,0.16661220756365946,0.24597665982647418,0
leave_representation_out,all,39,DEAP,arousal,all,linear_logistic,20261007,1.0,0.003005516837954199,0,0.22489097698464405,0.24597665982647418,0
leave_representation_out,all,120,DEAP,valence,all,gpu_mlp,20260813,0.25,0.0227403712389204,1,0.07408371262493314,0.24597665982647418,0
leave_representation_out,all,121,DEAP,valence,all,gpu_mlp,20260813,0.5,0.0110497237569061,0,0.08837969792026806,0.24597665982647418,0
leave_representation_out,all,122,DEAP,valence,all,gpu_mlp,20260813,0.75,-0.006856393338367899,0,0.11355111015915018,0.24597665982647418,0
leave_representation_out,all,123,DEAP,valence,all,gpu_mlp,20260813,1.0,0.0026829365237092014,0,0.13411731176367123,0.24597665982647418,0
leave_representation_out,all,124,DEAP,valence,all,gpu_mlp,20260829,0.25,0.006841488135458501,0,0.06630137585711092,0.24597665982647418,0
leave_representation_out,all,125,DEAP,valence,all,gpu_mlp,20260829,0.5,0.0231577169203863,1,0.0639656101286063,0.24597665982647418,0
leave_representation_out,all,126,DEAP,valence,all,gpu_mlp,20260829,0.75,0.0161721451568026,0,0.0919171296793191,0.24597665982647418,0
leave_representation_out,all,127,DEAP,valence,all,gpu_mlp,20260829,1.0,0.009589013871775501,0,0.1160807499838388,0.24597665982647418,0
leave_representation_out,all,128,DEAP,valence,all,gpu_mlp,20260911,0.25,-0.0190488493183354,0,0.05950690463171827,0.24597665982647418,0
leave_representation_out,all,129,DEAP,valence,all,gpu_mlp,20260911,0.5,0.0008346913629317977,0,0.06980541074672922,0.24597665982647418,0
leave_representation_out,all,130,DEAP,valence,all,gpu_mlp,20260911,0.75,-0.0080786199769467,0,0.07678293479865296,0.24597665982647418,0
leave_representation_out,all,131,DEAP,valence,all,gpu_mlp,20260911,1.0,0.014935013315314497,0,0.10342694292758899,0.24597665982647418,0
leave_representation_out,all,132,DEAP,valence,all,gpu_mlp,20260923,0.25,0.016460312413053,0,0.056974936865576226,0.24597665982647418,0
leave_representation_out,all,133,DEAP,valence,all,gpu_mlp,20260923,0.5,0.0231726221232959,1,0.09488785565746312,0.24597665982647418,0
leave_representation_out,all,134,DEAP,valence,all,gpu_mlp,20260923,0.75,0.011467069438372,0,0.09940614330799799,0.24597665982647418,0
leave_representation_out,all,135,DEAP,valence,all,gpu_mlp,20260923,1.0,0.0258555586470052,1,0.1158445871038833,0.24597665982647418,0
leave_representation_out,all,136,DEAP,valence,all,gpu_mlp,20261007,0.25,0.0019277395762947996,0,0.06578361786455754,0.24597665982647418,0
leave_representation_out,all,137,DEAP,valence,all,gpu_mlp,20261007,0.5,-0.005942207559918899,0,0.07831505749171769,0.24597665982647418,0
leave_representation_out,all,138,DEAP,valence,all,gpu_mlp,20261007,0.75,0.037884057394968,1,0.1084889185428846,0.24597665982647418,0
leave_representation_out,all,139,DEAP,valence,all,gpu_mlp,20261007,1.0,0.0204598751937677,1,0.12890380105519322,0.24597665982647418,0
leave_representation_out,all,140,DEAP,valence,all,linear_logistic,20260813,0.25,0.013345125004968402,0,0.04810023684171809,0.24597665982647418,0
leave_representation_out,all,141,DEAP,valence,all,linear_logistic,20260813,0.5,0.005604356293970401,0,0.05769460235264183,0.24597665982647418,0
leave_representation_out,all,142,DEAP,valence,all,linear_logistic,20260813,0.75,0.0033884494614252,0,0.07484410283948842,0.24597665982647418,0
leave_representation_out,all,143,DEAP,valence,all,linear_logistic,20260813,1.0,0.0114024802257641,0,0.08910444082971897,0.24597665982647418,0
leave_representation_out,all,144,DEAP,valence,all,linear_logistic,20260829,0.25,0.0015252990977384995,0,0.04292088256844782,0.24597665982647418,0
leave_representation_out,all,145,DEAP,valence,all,linear_logistic,20260829,0.5,0.0031151874080846,0,0.04137230290194738,0.24597665982647418,0
leave_representation_out,all,146,DEAP,valence,all,linear_logistic,20260829,0.75,0.013633292261218802,0,0.06008480064292839,0.24597665982647418,0
leave_representation_out,all,147,DEAP,valence,all,linear_logistic,20260829,1.0,0.0068414881354586,0,0.07658594492923451,0.24597665982647418,0
leave_representation_out,all,148,DEAP,valence,all,linear_logistic,20260911,0.25,0.0093157518184346,0,0.03842381041239734,0.24597665982647418,0
leave_representation_out,all,149,DEAP,valence,all,linear_logistic,20260911,0.5,0.0148555188997971,0,0.04524913880229109,0.24597665982647418,0
leave_representation_out,all,150,DEAP,valence,all,linear_logistic,20260911,0.75,0.0115316586509796,0,0.04990378139531823,0.24597665982647418,0
leave_representation_out,all,151,DEAP,valence,all,linear_logistic,20260911,1.0,0.017473866210898602,0,0.06790666296379953,0.24597665982647418,0
leave_representation_out,all,152,DEAP,valence,all,linear_logistic,20260923,0.25,-0.0011725426288802972,0,0.03675385341419204,0.24597665982647418,0
leave_representation_out,all,153,DEAP,valence,all,linear_logistic,20260923,0.5,0.007661274295480702,0,0.062097070699241634,0.24597665982647418,0
leave_representation_out,all,154,DEAP,valence,all,linear_logistic,20260923,0.75,0.012639612067252299,0,0.06516637327234881,0.24597665982647418,0
leave_representation_out,all,155,DEAP,valence,all,linear_logistic,20260923,1.0,0.015402043006478804,0,0.07642318596493154,0.24597665982647418,0
leave_representation_out,all,156,DEAP,valence,all,linear_logistic,20261007,0.25,0.0111938073850311,0,0.04257738068750483,0.24597665982647418,0
leave_representation_out,all,157,DEAP,valence,all,linear_logistic,20261007,0.5,0.0187259032552962,0,0.05092914627054009,0.24597665982647418,0
leave_representation_out,all,158,DEAP,valence,all,linear_logistic,20261007,0.75,0.0157547994753367,0,0.0713685698490671,0.24597665982647418,0
leave_representation_out,all,159,DEAP,valence,all,linear_logistic,20261007,1.0,0.0159634723160697,0,0.08546799124498433,0.24597665982647418,0
leave_representation_out,all,240,MAHNOB-HCI,arousal,all,gpu_mlp,20260813,0.25,0.0121415189508574,0,0.1810724229990117,0.24597665982647418,0
leave_representation_out,all,241,MAHNOB-HCI,arousal,all,gpu_mlp,20260813,0.5,0.0175097276264592,0,0.26951112782701925,0.24597665982647418,1
leave_representation_out,all,242,MAHNOB-HCI,arousal,all,gpu_mlp,20260813,0.75,0.023065283182014697,1,0.45003174559085085,0.24597665982647418,1
leave_representation_out,all,243,MAHNOB-HCI,arousal,all,gpu_mlp,20260813,1.0,0.032418215881250795,1,0.595948815816785,0.24597665982647418,1
leave_representation_out,all,244,MAHNOB-HCI,arousal,all,gpu_mlp,20260829,0.25,-0.0207450641302782,0,0.23785773074433916,0.24597665982647418,0
leave_representation_out,all,245,MAHNOB-HCI,arousal,all,gpu_mlp,20260829,0.5,-0.007969448047269102,0,0.3419009367343484,0.24597665982647418,1
leave_representation_out,all,246,MAHNOB-HCI,arousal,all,gpu_mlp,20260829,0.75,0.0380674448767833,1,0.4369488807191428,0.24597665982647418,1
leave_representation_out,all,247,MAHNOB-HCI,arousal,all,gpu_mlp,20260829,1.0,0.011766825190949702,0,0.6229907114604275,0.24597665982647418,1
leave_representation_out,all,248,MAHNOB-HCI,arousal,all,gpu_mlp,20260911,0.25,0.006211269635394199,0,0.27413478745280595,0.24597665982647418,1
leave_representation_out,all,249,MAHNOB-HCI,arousal,all,gpu_mlp,20260911,0.5,0.022596915982129998,1,0.4168688273280463,0.24597665982647418,1
leave_representation_out,all,250,MAHNOB-HCI,arousal,all,gpu_mlp,20260911,0.75,0.009352932699236299,0,0.5331380801639843,0.24597665982647418,1
leave_representation_out,all,251,MAHNOB-HCI,arousal,all,gpu_mlp,20260911,1.0,0.0211197578901859,1,0.6591384893132014,0.24597665982647418,1
leave_representation_out,all,252,MAHNOB-HCI,arousal,all,gpu_mlp,20260923,0.25,0.028714512177547197,1,0.2622754307901464,0.24597665982647418,1
leave_representation_out,all,253,MAHNOB-HCI,arousal,all,gpu_mlp,20260923,0.5,0.0455685257241679,1,0.3013403063727794,0.24597665982647418,1
leave_representation_out,all,254,MAHNOB-HCI,arousal,all,gpu_mlp,20260923,0.75,0.06455541144257111,1,0.514750293853887,0.24597665982647418,1
leave_representation_out,all,255,MAHNOB-HCI,arousal,all,gpu_mlp,20260923,1.0,0.0276841043378009,1,0.6056915521934281,0.24597665982647418,1
leave_representation_out,all,256,MAHNOB-HCI,arousal,all,gpu_mlp,20261007,0.25,0.0400129701686121,1,0.21849045282254073,0.24597665982647418,0
leave_representation_out,all,257,MAHNOB-HCI,arousal,all,gpu_mlp,20261007,0.5,0.0420521689004178,1,0.34507845087481354,0.24597665982647418,1
leave_representation_out,all,258,MAHNOB-HCI,arousal,all,gpu_mlp,20261007,0.75,0.0263006196858336,1,0.5407616238410539,0.24597665982647418,1
leave_representation_out,all,259,MAHNOB-HCI,arousal,all,gpu_mlp,20261007,1.0,0.0151895085747226,0,0.650682951104272,0.24597665982647418,1
leave_representation_out,all,260,MAHNOB-HCI,arousal,all,linear_logistic,20260813,0.25,0.0054618821155786,0,0.12253040651293351,0.24597665982647418,0
leave_representation_out,all,261,MAHNOB-HCI,arousal,all,linear_logistic,20260813,0.5,0.0016645049718978996,0,0.18897428212598036,0.24597665982647418,0
leave_representation_out,all,262,MAHNOB-HCI,arousal,all,linear_logistic,20260813,0.75,0.03213719556132,1,0.3407110954610113,0.24597665982647418,1
leave_representation_out,all,263,MAHNOB-HCI,arousal,all,linear_logistic,20260813,1.0,0.005087188355670701,0,0.48226462010443355,0.24597665982647418,1
leave_representation_out,all,264,MAHNOB-HCI,arousal,all,linear_logistic,20260829,0.25,0.022877936302060697,1,0.16464776591075364,0.24597665982647418,0
leave_representation_out,all,265,MAHNOB-HCI,arousal,all,linear_logistic,20260829,0.5,0.0110174376711341,0,0.24704797779404053,0.24597665982647418,1
leave_representation_out,all,266,MAHNOB-HCI,arousal,all,linear_logistic,20260829,0.75,0.052882259691598196,1,0.32890566772465407,0.24597665982647418,1
leave_representation_out,all,267,MAHNOB-HCI,arousal,all,linear_logistic,20260829,1.0,0.035466205505116,1,0.5106676982569093,0.24597665982647418,1
leave_representation_out,all,268,MAHNOB-HCI,arousal,all,linear_logistic,20260911,0.25,0.0263006196858336,1,0.1925805260201118,0.24597665982647418,0
leave_representation_out,all,269,MAHNOB-HCI,arousal,all,linear_logistic,20260911,0.5,0.0315751549214584,1,0.31104784978698297,0.24597665982647418,1
leave_representation_out,all,270,MAHNOB-HCI,arousal,all,linear_logistic,20260911,0.75,0.0261132728058798,1,0.41901028190787704,0.24597665982647418,1
leave_representation_out,all,271,MAHNOB-HCI,arousal,all,linear_logistic,20260911,1.0,0.0452875054042368,1,0.5498025329542292,0.24597665982647418,1
leave_representation_out,all,272,MAHNOB-HCI,arousal,all,linear_logistic,20260923,0.25,0.0223158956621992,1,0.18335806607283336,0.24597665982647418,0
leave_representation_out,all,273,MAHNOB-HCI,arousal,all,linear_logistic,20260923,0.5,0.026394293125810597,1,0.21407952052706736,0.24597665982647418,0
leave_representation_out,all,274,MAHNOB-HCI,arousal,all,linear_logistic,20260923,0.75,0.033895373973195,1,0.4011763083843976,0.24597665982647418,1
leave_representation_out,all,275,MAHNOB-HCI,arousal,all,linear_logistic,20260923,1.0,0.0239804006340971,1,0.49241380381819727,0.24597665982647418,1
leave_representation_out,all,276,MAHNOB-HCI,arousal,all,linear_logistic,20261007,0.25,-0.002601239371667301,0,0.15006777806258448,0.24597665982647418,0
leave_representation_out,all,277,MAHNOB-HCI,arousal,all,linear_logistic,20261007,0.5,0.0029543161838882,0,0.24967840730871274,0.24597665982647418,1
leave_representation_out,all,278,MAHNOB-HCI,arousal,all,linear_logistic,20261007,0.75,-0.0021328721717827,0,0.4264927114852541,0.24597665982647418,1
leave_representation_out,all,279,MAHNOB-HCI,arousal,all,linear_logistic,20261007,1.0,-0.003984724023634501,0,0.5405254160116476,0.24597665982647418,1
leave_representation_out,all,360,MAHNOB-HCI,valence,all,gpu_mlp,20260813,0.25,-0.0031431475029035996,0,0.09955682083510237,0.24597665982647418,0
leave_representation_out,all,361,MAHNOB-HCI,valence,all,gpu_mlp,20260813,0.5,0.0149245063879208,0,0.17830465145697755,0.24597665982647418,0
leave_representation_out,all,362,MAHNOB-HCI,valence,all,gpu_mlp,20260813,0.75,0.0068960511033681,0,0.202230189644954,0.24597665982647418,0
leave_representation_out,all,363,MAHNOB-HCI,valence,all,gpu_mlp,20260813,1.0,0.0076146922183506,0,0.33232666255564547,0.24597665982647418,1
leave_representation_out,all,364,MAHNOB-HCI,valence,all,gpu_mlp,20260829,0.25,-0.0114401858304298,0,0.09858010397979446,0.24597665982647418,0
leave_representation_out,all,365,MAHNOB-HCI,valence,all,gpu_mlp,20260829,0.5,0.008369628339140497,0,0.13889073229051488,0.24597665982647418,0
leave_representation_out,all,366,MAHNOB-HCI,valence,all,gpu_mlp,20260829,0.75,0.0024608013937282014,0,0.17801541813344995,0.24597665982647418,0
leave_representation_out,all,367,MAHNOB-HCI,valence,all,gpu_mlp,20260829,1.0,0.002424506387921098,0,0.22761441732698234,0.24597665982647418,0
leave_representation_out,all,368,MAHNOB-HCI,valence,all,gpu_mlp,20260911,0.25,0.0271196283391404,1,0.0874203840458265,0.24597665982647418,0
leave_representation_out,all,369,MAHNOB-HCI,valence,all,gpu_mlp,20260911,0.5,0.0326509872241579,1,0.18283959154545626,0.24597665982647418,0
leave_representation_out,all,370,MAHNOB-HCI,valence,all,gpu_mlp,20260911,0.75,0.023635307781649302,1,0.20475957876117404,0.24597665982647418,0
leave_representation_out,all,371,MAHNOB-HCI,valence,all,gpu_mlp,20260911,1.0,0.0114764808362369,0,0.28794189691722183,0.24597665982647418,1
leave_representation_out,all,372,MAHNOB-HCI,valence,all,gpu_mlp,20260923,0.25,-0.0045078397212543996,0,0.12015454502219333,0.24597665982647418,0
leave_representation_out,all,373,MAHNOB-HCI,valence,all,gpu_mlp,20260923,0.5,0.005872531939605099,0,0.15836591338559652,0.24597665982647418,0
leave_representation_out,all,374,MAHNOB-HCI,valence,all,gpu_mlp,20260923,0.75,0.014924506387921001,0,0.220255195302577,0.24597665982647418,0
leave_representation_out,all,375,MAHNOB-HCI,valence,all,gpu_mlp,20260923,1.0,0.018372531939605103,0,0.2441158884741331,0.24597665982647418,0
leave_representation_out,all,376,MAHNOB-HCI,valence,all,gpu_mlp,20261007,0.25,-0.028520615563298497,0,0.07165739380257878,0.24597665982647418,0
leave_representation_out,all,377,MAHNOB-HCI,valence,all,gpu_mlp,20261007,0.5,-0.0292029616724739,0,0.15514916709316737,0.24597665982647418,0
leave_representation_out,all,378,MAHNOB-HCI,valence,all,gpu_mlp,20261007,0.75,-0.0365127758420441,0,0.13224936846687688,0.24597665982647418,0
leave_representation_out,all,379,MAHNOB-HCI,valence,all,gpu_mlp,20261007,1.0,-0.0159843205574914,0,0.2557304092925719,0.24597665982647418,1
leave_representation_out,all,380,MAHNOB-HCI,valence,all,linear_logistic,20260813,0.25,-0.007004936120789801,0,0.06526891229775234,0.24597665982647418,0
leave_representation_out,all,381,MAHNOB-HCI,valence,all,linear_logistic,20260813,0.5,0.010757839721254398,0,0.12052577715055592,0.24597665982647418,0
leave_representation_out,all,382,MAHNOB-HCI,valence,all,linear_logistic,20260813,0.75,0.004471544715447199,0,0.13800042519873856,0.24597665982647418,0
leave_representation_out,all,383,MAHNOB-HCI,valence,all,linear_logistic,20260813,1.0,-0.0014009872241580006,0,0.23916457779324835,0.24597665982647418,0
leave_representation_out,all,384,MAHNOB-HCI,valence,all,linear_logistic,20260829,0.25,0.006591173054587701,0,0.06460444716103118,0.24597665982647418,0
leave_representation_out,all,385,MAHNOB-HCI,valence,all,linear_logistic,20260829,0.5,0.006250000000000002,0,0.09244683770514318,0.24597665982647418,0
leave_representation_out,all,386,MAHNOB-HCI,valence,all,linear_logistic,20260829,0.75,-0.0031431475029035996,0,0.12031654503411687,0.24597665982647418,0
leave_representation_out,all,387,MAHNOB-HCI,valence,all,linear_logistic,20260829,1.0,0.007237224157955802,0,0.1569081436007524,0.24597665982647418,0
leave_representation_out,all,388,MAHNOB-HCI,valence,all,linear_logistic,20260911,0.25,0.0323461091753774,1,0.05704751569897233,0.24597665982647418,0
leave_representation_out,all,389,MAHNOB-HCI,valence,all,linear_logistic,20260911,0.5,0.0465882694541231,1,0.12381261666952209,0.24597665982647418,0
leave_representation_out,all,390,MAHNOB-HCI,valence,all,linear_logistic,20260911,0.75,0.0381823461091754,1,0.139867308146356,0.24597665982647418,0
leave_representation_out,all,391,MAHNOB-HCI,valence,all,linear_logistic,20260911,1.0,0.0357941347270615,1,0.20343125250589222,0.24597665982647418,0
leave_representation_out,all,392,MAHNOB-HCI,valence,all,linear_logistic,20260923,0.25,0.0270470383275261,1,0.0793981920006916,0.24597665982647418,0
leave_representation_out,all,393,MAHNOB-HCI,valence,all,linear_logistic,20260923,0.5,0.0249637049941928,1,0.10621294159463644,0.24597665982647418,0
leave_representation_out,all,394,MAHNOB-HCI,valence,all,linear_logistic,20260923,0.75,0.0472343205574913,1,0.15138692616169533,0.24597665982647418,0
leave_representation_out,all,395,MAHNOB-HCI,valence,all,linear_logistic,20260923,1.0,0.0332970383275261,1,0.1694078833104703,0.24597665982647418,0
leave_representation_out,all,396,MAHNOB-HCI,valence,all,linear_logistic,20261007,0.25,0.007992160278745601,0,0.046482183356634295,0.24597665982647418,0
leave_representation_out,all,397,MAHNOB-HCI,valence,all,linear_logistic,20261007,0.5,0.020869628339140498,1,0.10392472572481128,0.24597665982647418,0
leave_representation_out,all,398,MAHNOB-HCI,valence,all,linear_logistic,20261007,0.75,0.0096980255516841,0,0.0877998527753711,0.24597665982647418,0
leave_representation_out,all,399,MAHNOB-HCI,valence,all,linear_logistic,20261007,1.0,0.0037891986062718007,0,0.17830641776117834,0.24597665982647418,0
leave_representation_out,normalized_asymmetry,40,DEAP,arousal,normalized_asymmetry,gpu_mlp,20260813,0.25,-0.0037568960474426982,0,0.2044327530993905,0.2424345449970679,0
leave_representation_out,normalized_asymmetry,41,DEAP,arousal,normalized_asymmetry,gpu_mlp,20260813,0.5,0.0185247753426592,0,0.22297167806945536,0.2424345449970679,0
leave_representation_out,normalized_asymmetry,42,DEAP,arousal,normalized_asymmetry,gpu_mlp,20260813,0.75,-0.010345331867555603,0,0.23462267983601845,0.2424345449970679,0
leave_representation_out,normalized_asymmetry,43,DEAP,arousal,normalized_asymmetry,gpu_mlp,20260813,1.0,0.019387096448850796,0,0.2868224429728019,0.2424345449970679,1
leave_representation_out,normalized_asymmetry,44,DEAP,arousal,normalized_asymmetry,gpu_mlp,20260829,0.25,0.0037568960474428023,0,0.24438481006113877,0.2424345449970679,1
leave_representation_out,normalized_asymmetry,45,DEAP,arousal,normalized_asymmetry,gpu_mlp,20260829,0.5,0.008333249286442003,0,0.31328181122971266,0.2424345449970679,1
leave_representation_out,normalized_asymmetry,46,DEAP,arousal,normalized_asymmetry,gpu_mlp,20260829,0.75,0.0106327722362861,0,0.35435223989731635,0.2424345449970679,1
leave_representation_out,normalized_asymmetry,47,DEAP,arousal,normalized_asymmetry,gpu_mlp,20260829,1.0,-0.0029172676019404015,0,0.4600481472314623,0.2424345449970679,1
leave_representation_out,normalized_asymmetry,48,DEAP,arousal,normalized_asymmetry,gpu_mlp,20260911,0.25,0.017463263103750997,0,0.1706804286436432,0.2424345449970679,0
leave_representation_out,normalized_asymmetry,49,DEAP,arousal,normalized_asymmetry,gpu_mlp,20260911,0.5,0.0115833425784914,0,0.2826443691020401,0.2424345449970679,1
leave_representation_out,normalized_asymmetry,50,DEAP,arousal,normalized_asymmetry,gpu_mlp,20260911,0.75,0.010920212605016699,0,0.3452134532323834,0.2424345449970679,1
leave_representation_out,normalized_asymmetry,51,DEAP,arousal,normalized_asymmetry,gpu_mlp,20260911,1.0,0.005990862421962499,0,0.38288236890026855,0.2424345449970679,1
leave_representation_out,normalized_asymmetry,52,DEAP,arousal,normalized_asymmetry,gpu_mlp,20260923,0.25,-0.007317122368912098,0,0.17391842331332574,0.2424345449970679,0
leave_representation_out,normalized_asymmetry,53,DEAP,arousal,normalized_asymmetry,gpu_mlp,20260923,0.5,0.0006631299734747992,0,0.21421574679273436,0.2424345449970679,0
leave_representation_out,normalized_asymmetry,54,DEAP,arousal,normalized_asymmetry,gpu_mlp,20260923,0.75,0.010985769180341103,0,0.3063413045925028,0.2424345449970679,1
leave_representation_out,normalized_asymmetry,55,DEAP,arousal,normalized_asymmetry,gpu_mlp,20260923,1.0,0.018126393077225696,0,0.27472993851819927,0.2424345449970679,1
leave_representation_out,normalized_asymmetry,56,DEAP,arousal,normalized_asymmetry,gpu_mlp,20261007,0.25,-0.0052394832124738,0,0.266548523512143,0.2424345449970679,1
leave_representation_out,normalized_asymmetry,57,DEAP,arousal,normalized_asymmetry,gpu_mlp,20261007,0.5,-0.005791671289245601,0,0.285306510866343,0.2424345449970679,1
leave_representation_out,normalized_asymmetry,58,DEAP,arousal,normalized_asymmetry,gpu_mlp,20261007,0.75,0.002652519893899398,0,0.33793163204074683,0.2424345449970679,1
leave_representation_out,normalized_asymmetry,59,DEAP,arousal,normalized_asymmetry,gpu_mlp,20261007,1.0,0.0078920031063732,0,0.39403108536708775,0.2424345449970679,1
leave_representation_out,normalized_asymmetry,60,DEAP,arousal,normalized_asymmetry,linear_logistic,20260813,0.25,0.014611552077135,0,0.14597717031900692,0.2424345449970679,0
leave_representation_out,normalized_asymmetry,61,DEAP,arousal,normalized_asymmetry,linear_logistic,20260813,0.5,0.026527720345735396,1,0.16028306662123637,0.2424345449970679,0
leave_representation_out,normalized_asymmetry,62,DEAP,arousal,normalized_asymmetry,linear_logistic,20260813,0.75,0.0263285292130186,1,0.16937239885570426,0.2424345449970679,0
leave_representation_out,normalized_asymmetry,63,DEAP,arousal,normalized_asymmetry,linear_logistic,20260813,1.0,0.0370495506853185,1,0.2110582297395648,0.2424345449970679,0
leave_representation_out,normalized_asymmetry,64,DEAP,arousal,normalized_asymmetry,linear_logistic,20260829,0.25,0.0012153180502467026,0,0.17704762652332867,0.2424345449970679,0
leave_representation_out,normalized_asymmetry,65,DEAP,arousal,normalized_asymmetry,linear_logistic,20260829,0.5,0.015274682050609799,0,0.23280992239542792,0.2424345449970679,0
leave_representation_out,normalized_asymmetry,66,DEAP,arousal,normalized_asymmetry,linear_logistic,20260829,0.75,0.00017649847202760166,0,0.2674392103324099,0.2424345449970679,1
leave_representation_out,normalized_asymmetry,67,DEAP,arousal,normalized_asymmetry,linear_logistic,20260829,1.0,0.006278302790693004,0,0.36173533345682995,0.2424345449970679,1
leave_representation_out,normalized_asymmetry,68,DEAP,arousal,normalized_asymmetry,linear_logistic,20260911,0.25,-0.007781061209670101,0,0.12041522268979792,0.2424345449970679,0
leave_representation_out,normalized_asymmetry,69,DEAP,arousal,normalized_asymmetry,linear_logistic,20260911,0.5,-0.0017901987877076003,0,0.2076624383099931,0.2424345449970679,0
leave_representation_out,normalized_asymmetry,70,DEAP,arousal,normalized_asymmetry,linear_logistic,20260911,0.75,0.006477493923409797,0,0.25964052623846995,0.2424345449970679,1
leave_representation_out,normalized_asymmetry,71,DEAP,arousal,normalized_asymmetry,linear_logistic,20260911,1.0,0.007516313501628898,0,0.2921379234477662,0.2424345449970679,1
leave_representation_out,normalized_asymmetry,72,DEAP,arousal,normalized_asymmetry,linear_logistic,20260923,0.25,0.0045536605783098,0,0.12284087888245528,0.2424345449970679,0
leave_representation_out,normalized_asymmetry,73,DEAP,arousal,normalized_asymmetry,linear_logistic,20260923,0.5,0.0064548012627204995,0,0.15350255263334148,0.2424345449970679,0
leave_representation_out,normalized_asymmetry,74,DEAP,arousal,normalized_asymmetry,linear_logistic,20260923,0.75,0.008842573448578401,0,0.22706272790577967,0.2424345449970679,0
leave_representation_out,normalized_asymmetry,75,DEAP,arousal,normalized_asymmetry,linear_logistic,20260923,1.0,0.024515637764621602,1,0.20125854987170605,0.2424345449970679,0
leave_representation_out,normalized_asymmetry,76,DEAP,arousal,normalized_asymmetry,linear_logistic,20261007,0.25,0.00031013302941980056,0,0.1946778049908894,0.2424345449970679,0
leave_representation_out,normalized_asymmetry,77,DEAP,arousal,normalized_asymmetry,linear_logistic,20261007,0.5,0.017397706528426298,0,0.20982491927766522,0.2424345449970679,0
leave_representation_out,normalized_asymmetry,78,DEAP,arousal,normalized_asymmetry,linear_logistic,20261007,0.75,0.009483010761363899,0,0.25346502663279885,0.2424345449970679,1
leave_representation_out,normalized_asymmetry,79,DEAP,arousal,normalized_asymmetry,linear_logistic,20261007,1.0,0.014457746265796701,0,0.30193714603719984,0.2424345449970679,1
leave_representation_out,normalized_asymmetry,160,DEAP,valence,normalized_asymmetry,gpu_mlp,20260813,0.25,0.0091070789777019,0,0.1297294892670385,0.2424345449970679,0
leave_representation_out,normalized_asymmetry,161,DEAP,valence,normalized_asymmetry,gpu_mlp,20260813,0.5,0.0121725823760881,0,0.13874853795065678,0.2424345449970679,0
leave_representation_out,normalized_asymmetry,162,DEAP,valence,normalized_asymmetry,gpu_mlp,20260813,0.75,0.0154020430064788,0,0.16497101550183615,0.2424345449970679,0
leave_representation_out,normalized_asymmetry,163,DEAP,valence,normalized_asymmetry,gpu_mlp,20260813,1.0,0.001992328788902601,0,0.17442479386062762,0.2424345449970679,0
leave_representation_out,normalized_asymmetry,164,DEAP,valence,normalized_asymmetry,gpu_mlp,20260829,0.25,-0.0022954012480623,0,0.11292949275922057,0.2424345449970679,0
leave_representation_out,normalized_asymmetry,165,DEAP,valence,normalized_asymmetry,gpu_mlp,20260829,0.5,-0.0165398068285703,0,0.09257950466710094,0.2424345449970679,0
leave_representation_out,normalized_asymmetry,166,DEAP,valence,normalized_asymmetry,gpu_mlp,20260829,0.75,0.00033785126594860007,0,0.13047855930545224,0.2424345449970679,0
leave_representation_out,normalized_asymmetry,167,DEAP,valence,normalized_asymmetry,gpu_mlp,20260829,1.0,0.0178912118923645,0,0.15205014748788406,0.2424345449970679,0
leave_representation_out,normalized_asymmetry,168,DEAP,valence,normalized_asymmetry,gpu_mlp,20260911,0.25,-0.0031300926109940996,0,0.09518816822105235,0.2424345449970679,0
leave_representation_out,normalized_asymmetry,169,DEAP,valence,normalized_asymmetry,gpu_mlp,20260911,0.5,-0.0038505107516196998,0,0.10033164361892218,0.2424345449970679,0
leave_representation_out,normalized_asymmetry,170,DEAP,valence,normalized_asymmetry,gpu_mlp,20260911,0.75,-0.0056838507094876,0,0.09777252066505773,0.2424345449970679,0
leave_representation_out,normalized_asymmetry,171,DEAP,valence,normalized_asymmetry,gpu_mlp,20260911,1.0,0.0078401367303946,0,0.12398400152851274,0.2424345449970679,0
leave_representation_out,normalized_asymmetry,172,DEAP,valence,normalized_asymmetry,gpu_mlp,20260923,0.25,0.0142940895902062,0,0.09027158727582915,0.2424345449970679,0
leave_representation_out,normalized_asymmetry,173,DEAP,valence,normalized_asymmetry,gpu_mlp,20260923,0.5,0.0048193489407369,0,0.14959633029245978,0.2424345449970679,0
leave_representation_out,normalized_asymmetry,174,DEAP,valence,normalized_asymmetry,gpu_mlp,20260923,0.75,0.0164950912198417,0,0.13656872454430982,0.2424345449970679,0
leave_representation_out,normalized_asymmetry,175,DEAP,valence,normalized_asymmetry,gpu_mlp,20260923,1.0,0.035782423784729,1,0.1415906473853364,0.2424345449970679,0
leave_representation_out,normalized_asymmetry,176,DEAP,valence,normalized_asymmetry,gpu_mlp,20261007,0.25,0.0116608370761953,0,0.1086821428619444,0.2424345449970679,0
leave_representation_out,normalized_asymmetry,177,DEAP,valence,normalized_asymmetry,gpu_mlp,20261007,0.5,0.013459398227274499,0,0.11671357430931646,0.2424345449970679,0
leave_representation_out,normalized_asymmetry,178,DEAP,valence,normalized_asymmetry,gpu_mlp,20261007,0.75,0.0259549266664016,1,0.15387199228761878,0.2424345449970679,0
leave_representation_out,normalized_asymmetry,179,DEAP,valence,normalized_asymmetry,gpu_mlp,20261007,1.0,0.010135537978457,0,0.16578889545604217,0.2424345449970679,0
leave_representation_out,normalized_asymmetry,180,DEAP,valence,normalized_asymmetry,linear_logistic,20260813,0.25,-0.0005614293095909991,0,0.09021241802450485,0.2424345449970679,0
leave_representation_out,normalized_asymmetry,181,DEAP,valence,normalized_asymmetry,linear_logistic,20260813,0.5,-0.0018631503636869998,0,0.09678971195249547,0.2424345449970679,0
leave_representation_out,normalized_asymmetry,182,DEAP,valence,normalized_asymmetry,linear_logistic,20260813,0.75,-0.011144123375332899,0,0.11615173215316235,0.2424345449970679,0
leave_representation_out,normalized_asymmetry,183,DEAP,valence,normalized_asymmetry,linear_logistic,20260813,1.0,-0.010165348384276,0,0.12322071774803367,0.2424345449970679,0
leave_representation_out,normalized_asymmetry,184,DEAP,valence,normalized_asymmetry,linear_logistic,20260829,0.25,0.0053012838348105995,0,0.07807080931775374,0.2424345449970679,0
leave_representation_out,normalized_asymmetry,185,DEAP,valence,normalized_asymmetry,linear_logistic,20260829,0.5,0.019416510990103,0,0.06355235504408768,0.2424345449970679,0
leave_representation_out,normalized_asymmetry,186,DEAP,valence,normalized_asymmetry,linear_logistic,20260829,0.75,0.0255177073810565,1,0.09075710834902473,0.2424345449970679,0
leave_representation_out,normalized_asymmetry,187,DEAP,valence,normalized_asymmetry,linear_logistic,20260829,1.0,0.0245240271870901,1,0.10656651871886749,0.2424345449970679,0
leave_representation_out,normalized_asymmetry,188,DEAP,valence,normalized_asymmetry,linear_logistic,20260911,0.25,0.0042728248340554,0,0.06540205555720005,0.2424345449970679,0
leave_representation_out,normalized_asymmetry,189,DEAP,valence,normalized_asymmetry,linear_logistic,20260911,0.5,-0.003130092610994,0,0.06905888631243284,0.2424345449970679,0
leave_representation_out,normalized_asymmetry,190,DEAP,valence,normalized_asymmetry,linear_logistic,20260911,0.75,0.0068265829325489,0,0.06723781196027064,0.2424345449970679,0
leave_representation_out,normalized_asymmetry,191,DEAP,valence,normalized_asymmetry,linear_logistic,20260911,1.0,-0.004238046027266601,0,0.08604403371853624,0.2424345449970679,0
leave_representation_out,normalized_asymmetry,192,DEAP,valence,normalized_asymmetry,linear_logistic,20260923,0.25,0.011884415119837899,0,0.061918679585673354,0.2424345449970679,0
leave_representation_out,normalized_asymmetry,193,DEAP,valence,normalized_asymmetry,linear_logistic,20260923,0.5,0.0175384554235066,0,0.1047560442270239,0.2424345449970679,0
leave_representation_out,normalized_asymmetry,194,DEAP,valence,normalized_asymmetry,linear_logistic,20260923,0.75,0.010776461703565401,0,0.09519623155179219,0.2424345449970679,0
leave_representation_out,normalized_asymmetry,195,DEAP,valence,normalized_asymmetry,linear_logistic,20260923,1.0,0.0063595532413848995,0,0.09887100914969756,0.2424345449970679,0
leave_representation_out,normalized_asymmetry,196,DEAP,valence,normalized_asymmetry,linear_logistic,20261007,0.25,-0.002841925354743799,0,0.07502363448826797,0.2424345449970679,0
leave_representation_out,normalized_asymmetry,197,DEAP,valence,normalized_asymmetry,linear_logistic,20261007,0.5,-0.004238046027266601,0,0.08079321883649393,0.2424345449970679,0
leave_representation_out,normalized_asymmetry,198,DEAP,valence,normalized_asymmetry,linear_logistic,20261007,0.75,0.008272387614770001,0,0.10791274038650393,0.2424345449970679,0
leave_representation_out,normalized_asymmetry,199,DEAP,valence,normalized_asymmetry,linear_logistic,20261007,1.0,-0.003482849079852201,0,0.11676142299246686,0.2424345449970679,0
leave_representation_out,normalized_asymmetry,280,MAHNOB-HCI,arousal,normalized_asymmetry,gpu_mlp,20260813,0.25,0.0011024643320363021,0,0.1898858758830177,0.2424345449970679,0
leave_representation_out,normalized_asymmetry,281,MAHNOB-HCI,arousal,normalized_asymmetry,gpu_mlp,20260813,0.5,-0.000374693759907601,0,0.21879436101595856,0.2424345449970679,0
leave_representation_out,normalized_asymmetry,282,MAHNOB-HCI,arousal,normalized_asymmetry,gpu_mlp,20260813,0.75,0.0011024643320363021,0,0.33666268598759236,0.2424345449970679,1
leave_representation_out,normalized_asymmetry,283,MAHNOB-HCI,arousal,normalized_asymmetry,gpu_mlp,20260813,1.0,0.0242614209540279,1,0.3970711889410101,0.2424345449970679,1
leave_representation_out,normalized_asymmetry,284,MAHNOB-HCI,arousal,normalized_asymmetry,gpu_mlp,20260829,0.25,0.020557717250324202,1,0.2610852931499346,0.2424345449970679,1
leave_representation_out,normalized_asymmetry,285,MAHNOB-HCI,arousal,normalized_asymmetry,gpu_mlp,20260829,0.5,0.0289955324974779,1,0.29151922841040945,0.2424345449970679,1
leave_representation_out,normalized_asymmetry,286,MAHNOB-HCI,arousal,normalized_asymmetry,gpu_mlp,20260829,0.75,0.0190805591583801,0,0.2940839873187299,0.2424345449970679,1
leave_representation_out,normalized_asymmetry,287,MAHNOB-HCI,arousal,normalized_asymmetry,gpu_mlp,20260829,1.0,0.0397319498486813,1,0.4034119193030678,0.2424345449970679,1
leave_representation_out,normalized_asymmetry,288,MAHNOB-HCI,arousal,normalized_asymmetry,gpu_mlp,20260911,0.25,0.0092592592592592,0,0.31255340318245556,0.2424345449970679,1
leave_representation_out,normalized_asymmetry,289,MAHNOB-HCI,arousal,normalized_asymmetry,gpu_mlp,20260911,0.5,0.0408344141807176,1,0.38572226357887934,0.2424345449970679,1
leave_representation_out,normalized_asymmetry,290,MAHNOB-HCI,arousal,normalized_asymmetry,gpu_mlp,20260911,0.75,0.0496469231877792,1,0.4114399345702807,0.2424345449970679,1
leave_representation_out,normalized_asymmetry,291,MAHNOB-HCI,arousal,normalized_asymmetry,gpu_mlp,20260911,1.0,0.0433419801124081,1,0.44938001085524076,0.2424345449970679,1
leave_representation_out,normalized_asymmetry,292,MAHNOB-HCI,arousal,normalized_asymmetry,gpu_mlp,20260923,0.25,0.029816976509583502,1,0.30469362016892154,0.2424345449970679,1
leave_representation_out,normalized_asymmetry,293,MAHNOB-HCI,arousal,normalized_asymmetry,gpu_mlp,20260923,0.5,0.049272229427871406,1,0.254425627433278,0.2424345449970679,1
leave_representation_out,normalized_asymmetry,294,MAHNOB-HCI,arousal,normalized_asymmetry,gpu_mlp,20260923,0.75,0.051217754719700206,1,0.4174143991138963,0.2424345449970679,1
leave_representation_out,normalized_asymmetry,295,MAHNOB-HCI,arousal,normalized_asymmetry,gpu_mlp,20260923,1.0,0.0383484651967141,1,0.4128319570885865,0.2424345449970679,1
leave_representation_out,normalized_asymmetry,296,MAHNOB-HCI,arousal,normalized_asymmetry,gpu_mlp,20261007,0.25,0.025198155353797304,1,0.2296324792144335,0.2424345449970679,0
leave_representation_out,normalized_asymmetry,297,MAHNOB-HCI,arousal,normalized_asymmetry,gpu_mlp,20261007,0.5,0.0235336503818993,1,0.2956501750509913,0.2424345449970679,1
leave_representation_out,normalized_asymmetry,298,MAHNOB-HCI,arousal,normalized_asymmetry,gpu_mlp,20261007,0.75,0.009352932699236101,0,0.4277707883681025,0.2424345449970679,1
leave_representation_out,normalized_asymmetry,299,MAHNOB-HCI,arousal,normalized_asymmetry,gpu_mlp,20261007,1.0,-0.006939040207522699,0,0.45221224974127633,0.2424345449970679,1
leave_representation_out,normalized_asymmetry,300,MAHNOB-HCI,arousal,normalized_asymmetry,linear_logistic,20260813,0.25,0.0172287073065284,0,0.1348846029718474,0.2424345449970679,0
leave_representation_out,normalized_asymmetry,301,MAHNOB-HCI,arousal,normalized_asymmetry,linear_logistic,20260813,0.5,0.0149084882547918,0,0.1570428390398698,0.2424345449970679,0
leave_representation_out,normalized_asymmetry,302,MAHNOB-HCI,arousal,normalized_asymmetry,linear_logistic,20260813,0.75,0.0304726905894221,1,0.25239234296121327,0.2424345449970679,1
leave_representation_out,normalized_asymmetry,303,MAHNOB-HCI,arousal,normalized_asymmetry,linear_logistic,20260813,1.0,0.01305663640294,0,0.30462390163513237,0.2424345449970679,1
leave_representation_out,normalized_asymmetry,304,MAHNOB-HCI,arousal,normalized_asymmetry,linear_logistic,20260829,0.25,0.0246361147139358,1,0.19030543822203919,0.2424345449970679,0
leave_representation_out,normalized_asymmetry,305,MAHNOB-HCI,arousal,normalized_asymmetry,linear_logistic,20260829,0.5,0.0190805591583803,0,0.2148881817164857,0.2424345449970679,0
leave_representation_out,normalized_asymmetry,306,MAHNOB-HCI,arousal,normalized_asymmetry,linear_logistic,20260829,0.75,0.0167603401066437,0,0.21698523174868106,0.2424345449970679,0
leave_representation_out,normalized_asymmetry,307,MAHNOB-HCI,arousal,normalized_asymmetry,linear_logistic,20260829,1.0,0.030566364029399197,1,0.31024800479940284,0.2424345449970679,1
leave_representation_out,normalized_asymmetry,308,MAHNOB-HCI,arousal,normalized_asymmetry,linear_logistic,20260911,0.25,0.0056492289955326,0,0.23220535161340308,0.2424345449970679,0
leave_representation_out,normalized_asymmetry,309,MAHNOB-HCI,arousal,normalized_asymmetry,linear_logistic,20260911,0.5,0.0167603401066437,0,0.29462608984492317,0.2424345449970679,1
leave_representation_out,normalized_asymmetry,310,MAHNOB-HCI,arousal,normalized_asymmetry,linear_logistic,20260911,0.75,0.022409569102176195,1,0.3174084263761951,0.2424345449970679,1
leave_representation_out,normalized_asymmetry,311,MAHNOB-HCI,arousal,normalized_asymmetry,linear_logistic,20260911,1.0,0.030191670269491398,1,0.3518613556335191,0.2424345449970679,1
leave_representation_out,normalized_asymmetry,312,MAHNOB-HCI,arousal,normalized_asymmetry,linear_logistic,20260923,0.25,0.0095402795791901,0,0.22570270614642815,0.2424345449970679,0
leave_representation_out,normalized_asymmetry,313,MAHNOB-HCI,arousal,normalized_asymmetry,linear_logistic,20260923,0.5,0.005930249315463303,0,0.18499918105991994,0.2424345449970679,0
leave_representation_out,normalized_asymmetry,314,MAHNOB-HCI,arousal,normalized_asymmetry,linear_logistic,20260923,0.75,0.009914973339097903,0,0.32276626752312815,0.2424345449970679,1
leave_representation_out,normalized_asymmetry,315,MAHNOB-HCI,arousal,normalized_asymmetry,linear_logistic,20260923,1.0,0.002694912811644301,0,0.3186545559872098,0.2424345449970679,1
leave_representation_out,normalized_asymmetry,316,MAHNOB-HCI,arousal,normalized_asymmetry,linear_logistic,20261007,0.25,-0.0018518518518518996,0,0.16546997303300334,0.2424345449970679,0
leave_representation_out,normalized_asymmetry,317,MAHNOB-HCI,arousal,normalized_asymmetry,linear_logistic,20261007,0.5,0.005742902435509302,0,0.2182677755906757,0.2424345449970679,0
leave_representation_out,normalized_asymmetry,318,MAHNOB-HCI,arousal,normalized_asymmetry,linear_logistic,20261007,0.75,-0.0027885862516212993,0,0.33211304738755865,0.2424345449970679,1
leave_representation_out,normalized_asymmetry,319,MAHNOB-HCI,arousal,normalized_asymmetry,linear_logistic,20261007,1.0,-0.0042657443435654,0,0.35447465213229934,0.2424345449970679,1
leave_representation_out,normalized_asymmetry,400,MAHNOB-HCI,valence,normalized_asymmetry,gpu_mlp,20260813,0.25,-0.0181039488966317,0,0.09384956195788204,0.2424345449970679,0
leave_representation_out,normalized_asymmetry,401,MAHNOB-HCI,valence,normalized_asymmetry,gpu_mlp,20260813,0.5,-0.0055313588850174,0,0.15091146292818736,0.2424345449970679,0
leave_representation_out,normalized_asymmetry,402,MAHNOB-HCI,valence,normalized_asymmetry,gpu_mlp,20260813,0.75,0.006286295005807199,0,0.1313154903193141,0.2424345449970679,0
leave_representation_out,normalized_asymmetry,403,MAHNOB-HCI,valence,normalized_asymmetry,gpu_mlp,20260813,1.0,-0.0034480255516841,0,0.20357145540353025,0.2424345449970679,0
leave_representation_out,normalized_asymmetry,404,MAHNOB-HCI,valence,normalized_asymmetry,gpu_mlp,20260829,0.25,-0.011171602787456499,0,0.08821733034374558,0.2424345449970679,0
leave_representation_out,normalized_asymmetry,405,MAHNOB-HCI,valence,normalized_asymmetry,gpu_mlp,20260829,0.5,-0.026437282229964998,0,0.09956140978606327,0.2424345449970679,0
leave_representation_out,normalized_asymmetry,406,MAHNOB-HCI,valence,normalized_asymmetry,gpu_mlp,20260829,0.75,-0.0034843205574912987,0,0.09982685715911653,0.2424345449970679,0
leave_representation_out,normalized_asymmetry,407,MAHNOB-HCI,valence,normalized_asymmetry,gpu_mlp,20260829,1.0,-0.008028455284552899,0,0.10251217208339941,0.2424345449970679,0
leave_representation_out,normalized_asymmetry,408,MAHNOB-HCI,valence,normalized_asymmetry,gpu_mlp,20260911,0.25,0.0090519744483159,0,0.07452178426563164,0.2424345449970679,0
leave_representation_out,normalized_asymmetry,409,MAHNOB-HCI,valence,normalized_asymmetry,gpu_mlp,20260911,0.5,-0.0080284552845528,0,0.1488361835475905,0.2424345449970679,0
leave_representation_out,normalized_asymmetry,410,MAHNOB-HCI,valence,normalized_asymmetry,gpu_mlp,20260911,0.75,0.00625,0,0.12948639332174633,0.2424345449970679,0
leave_representation_out,normalized_asymmetry,411,MAHNOB-HCI,valence,normalized_asymmetry,gpu_mlp,20260911,1.0,-0.0125725900116143,0,0.15200563555493926,0.2424345449970679,0
leave_representation_out,normalized_asymmetry,412,MAHNOB-HCI,valence,normalized_asymmetry,gpu_mlp,20260923,0.25,0.0493902439024389,1,0.12098196136352954,0.2424345449970679,0
leave_representation_out,normalized_asymmetry,413,MAHNOB-HCI,valence,normalized_asymmetry,gpu_mlp,20260923,0.5,0.0417029616724737,1,0.13065939407135588,0.2424345449970679,0
leave_representation_out,normalized_asymmetry,414,MAHNOB-HCI,valence,normalized_asymmetry,gpu_mlp,20260923,0.75,0.0368902439024389,1,0.15688397040430413,0.2424345449970679,0
leave_representation_out,normalized_asymmetry,415,MAHNOB-HCI,valence,normalized_asymmetry,gpu_mlp,20260923,1.0,0.0598432055749128,1,0.1347044634008614,0.2424345449970679,0
leave_representation_out,normalized_asymmetry,416,MAHNOB-HCI,valence,normalized_asymmetry,gpu_mlp,20261007,0.25,-0.0229166666666666,0,0.056137687782167316,0.2424345449970679,0
leave_representation_out,normalized_asymmetry,417,MAHNOB-HCI,valence,normalized_asymmetry,gpu_mlp,20261007,0.5,0.0006823461091754017,0,0.11914193116447742,0.2424345449970679,0
leave_representation_out,normalized_asymmetry,418,MAHNOB-HCI,valence,normalized_asymmetry,gpu_mlp,20261007,0.75,-0.0204921602787456,0,0.0683809255722516,0.2424345449970679,0
leave_representation_out,normalized_asymmetry,419,MAHNOB-HCI,valence,normalized_asymmetry,gpu_mlp,20261007,1.0,-0.0271196283391405,0,0.1323414556076579,0.2424345449970679,0
leave_representation_out,normalized_asymmetry,420,MAHNOB-HCI,valence,normalized_asymmetry,linear_logistic,20260813,0.25,-0.0097706155632984,0,0.06445248590602953,0.2424345449970679,0
leave_representation_out,normalized_asymmetry,421,MAHNOB-HCI,valence,normalized_asymmetry,linear_logistic,20260813,0.5,0.0010235191637631,0,0.10572598527486796,0.2424345449970679,0
leave_representation_out,normalized_asymmetry,422,MAHNOB-HCI,valence,normalized_asymmetry,linear_logistic,20260813,0.75,0.020492160278745702,1,0.0913660252849057,0.2424345449970679,0
leave_representation_out,normalized_asymmetry,423,MAHNOB-HCI,valence,normalized_asymmetry,linear_logistic,20260813,1.0,-0.0073098141695701006,0,0.14531716731448785,0.2424345449970679,0
leave_representation_out,normalized_asymmetry,424,MAHNOB-HCI,valence,normalized_asymmetry,linear_logistic,20260829,0.25,0.0010235191637631,0,0.060466747873871,0.2424345449970679,0
leave_representation_out,normalized_asymmetry,425,MAHNOB-HCI,valence,normalized_asymmetry,linear_logistic,20260829,0.5,-0.0090882694541231,0,0.06851044757337331,0.2424345449970679,0
leave_representation_out,normalized_asymmetry,426,MAHNOB-HCI,valence,normalized_asymmetry,linear_logistic,20260829,0.75,-0.006627468060394901,0,0.06869942416815428,0.2424345449970679,0
leave_representation_out,normalized_asymmetry,427,MAHNOB-HCI,valence,normalized_asymmetry,linear_logistic,20260829,1.0,0.0055676538908245,0,0.07061310233618368,0.2424345449970679,0
leave_representation_out,normalized_asymmetry,428,MAHNOB-HCI,valence,normalized_asymmetry,linear_logistic,20260911,0.25,0.018140243902439,0,0.050839200895789756,0.2424345449970679,0
leave_representation_out,normalized_asymmetry,429,MAHNOB-HCI,valence,normalized_asymmetry,linear_logistic,20260911,0.5,0.0135598141695703,0,0.1041958282147971,0.2424345449970679,0
leave_representation_out,normalized_asymmetry,430,MAHNOB-HCI,valence,normalized_asymmetry,linear_logistic,20260911,0.75,0.016666666666666698,0,0.09003571087724148,0.2424345449970679,0
leave_representation_out,normalized_asymmetry,431,MAHNOB-HCI,valence,normalized_asymmetry,linear_logistic,20260911,1.0,0.0111716027874564,0,0.10653364902782428,0.2424345449970679,0
leave_representation_out,normalized_asymmetry,432,MAHNOB-HCI,valence,normalized_asymmetry,linear_logistic,20260923,0.25,0.010075493612079,0,0.08387268460265287,0.2424345449970679,0
leave_representation_out,normalized_asymmetry,433,MAHNOB-HCI,valence,normalized_asymmetry,linear_logistic,20260923,0.5,0.0010235191637631,0,0.09088864613933441,0.2424345449970679,0
leave_representation_out,normalized_asymmetry,434,MAHNOB-HCI,valence,normalized_asymmetry,linear_logistic,20260923,0.75,-0.0125362950058071,0,0.11014219289419432,0.2424345449970679,0
leave_representation_out,normalized_asymmetry,435,MAHNOB-HCI,valence,normalized_asymmetry,linear_logistic,20260923,1.0,0.0090156794425087,0,0.0938353576046637,0.2424345449970679,0
leave_representation_out,normalized_asymmetry,436,MAHNOB-HCI,valence,normalized_asymmetry,linear_logistic,20261007,0.25,0.0007186411149827012,0,0.038057214289330656,0.2424345449970679,0
leave_representation_out,normalized_asymmetry,437,MAHNOB-HCI,valence,normalized_asymmetry,linear_logistic,20261007,0.5,0.0128774680603948,0,0.0825440542901836,0.2424345449970679,0
leave_representation_out,normalized_asymmetry,438,MAHNOB-HCI,valence,normalized_asymmetry,linear_logistic,20261007,0.75,0.009051974448315937,0,0.04655170864753097,0.2424345449970679,0
leave_representation_out,normalized_asymmetry,439,MAHNOB-HCI,valence,normalized_asymmetry,linear_logistic,20261007,1.0,0.007992160278745601,0,0.09211296303167775,0.2424345449970679,0
leave_representation_out,relative_power,80,DEAP,arousal,relative_power,gpu_mlp,20260813,0.25,-0.013817308953011,0,0.22188884757883703,0.3344726642571768,0
leave_representation_out,relative_power,81,DEAP,arousal,relative_power,gpu_mlp,20260813,0.5,0.012312029127290697,0,0.24552876988626995,0.3344726642571768,0
leave_representation_out,relative_power,82,DEAP,arousal,relative_power,gpu_mlp,20260813,0.75,0.012841524543373301,0,0.262368597825955,0.3344726642571768,0
leave_representation_out,relative_power,83,DEAP,arousal,relative_power,gpu_mlp,20260813,1.0,0.006343859366017498,0,0.3216389203413173,0.3344726642571768,0
leave_representation_out,relative_power,84,DEAP,arousal,relative_power,gpu_mlp,20260829,0.25,0.0227909955522385,1,0.2661761005149957,0.3344726642571768,0
leave_representation_out,relative_power,85,DEAP,arousal,relative_power,gpu_mlp,20260829,0.5,0.0095057034220533,0,0.34223829206360595,0.3344726642571768,1
leave_representation_out,relative_power,86,DEAP,arousal,relative_power,gpu_mlp,20260829,0.75,0.011671591814505201,0,0.39028065560067926,0.3344726642571768,1
leave_representation_out,relative_power,87,DEAP,arousal,relative_power,gpu_mlp,20260829,1.0,0.013683674395618801,0,0.5017846046322583,0.3344726642571768,1
leave_representation_out,relative_power,88,DEAP,arousal,relative_power,gpu_mlp,20260911,0.25,0.029997176024447497,1,0.1912630566940691,0.3344726642571768,0
leave_representation_out,relative_power,89,DEAP,arousal,relative_power,gpu_mlp,20260911,0.5,0.014788050549162397,0,0.3128488768652864,0.3344726642571768,0
leave_representation_out,relative_power,90,DEAP,arousal,relative_power,gpu_mlp,20260911,0.75,0.0204687799417051,1,0.3829266254468045,0.3344726642571768,1
leave_representation_out,relative_power,91,DEAP,arousal,relative_power,gpu_mlp,20260911,1.0,0.023519682101037897,1,0.42779290372448336,0.3344726642571768,1
leave_representation_out,relative_power,92,DEAP,arousal,relative_power,gpu_mlp,20260923,0.25,0.0092384343072687,0,0.19377138596443558,0.3344726642571768,0
leave_representation_out,relative_power,93,DEAP,arousal,relative_power,gpu_mlp,20260923,0.5,0.0158041774666922,0,0.24068916968141882,0.3344726642571768,0
leave_representation_out,relative_power,94,DEAP,arousal,relative_power,gpu_mlp,20260923,0.75,0.004818408286351203,0,0.34148643488382774,0.3344726642571768,1
leave_representation_out,relative_power,95,DEAP,arousal,relative_power,gpu_mlp,20260923,1.0,0.006144668233300697,0,0.3151178302716871,0.3344726642571768,0
leave_representation_out,relative_power,96,DEAP,arousal,relative_power,gpu_mlp,20261007,0.25,0.011008461841030298,0,0.29295920483445825,0.3344726642571768,0
leave_representation_out,relative_power,97,DEAP,arousal,relative_power,gpu_mlp,20261007,0.5,0.0015481437403555998,0,0.3187462111763848,0.3344726642571768,0
leave_representation_out,relative_power,98,DEAP,arousal,relative_power,gpu_mlp,20261007,0.75,0.0210663533398554,1,0.37952572664676815,0.3344726642571768,1
leave_representation_out,relative_power,99,DEAP,arousal,relative_power,gpu_mlp,20261007,1.0,0.008686246230496998,0,0.4434132541231099,0.3344726642571768,1
leave_representation_out,relative_power,100,DEAP,arousal,relative_power,linear_logistic,20260813,0.25,-0.0024533287611826007,0,0.15346766527898192,0.3344726642571768,0
leave_representation_out,relative_power,101,DEAP,arousal,relative_power,linear_logistic,20260813,0.5,0.0056151728172181,0,0.1714239769355745,0.3344726642571768,0
leave_representation_out,relative_power,102,DEAP,arousal,relative_power,linear_logistic,20260813,0.75,2.2692660689199035e-05,0,0.18442363893716507,0.3344726642571768,0
leave_representation_out,relative_power,103,DEAP,arousal,relative_power,linear_logistic,20260813,1.0,0.007604562737642498,0,0.2316147415516917,0.3344726642571768,0
leave_representation_out,relative_power,104,DEAP,arousal,relative_power,linear_logistic,20260829,0.25,0.014699801313148702,0,0.18738735555485056,0.3344726642571768,0
leave_representation_out,relative_power,105,DEAP,arousal,relative_power,linear_logistic,20260829,0.5,-0.005879920525259499,0,0.24856111047731322,0.3344726642571768,0
leave_representation_out,relative_power,106,DEAP,arousal,relative_power,linear_logistic,20260829,0.75,0.002740769129913001,0,0.28923582394362307,0.3344726642571768,0
leave_representation_out,relative_power,107,DEAP,arousal,relative_power,linear_logistic,20260829,1.0,0.0135727324989158,0,0.39035333358454277,0.3344726642571768,1
leave_representation_out,relative_power,108,DEAP,arousal,relative_power,linear_logistic,20260911,0.25,0.0168001331302761,0,0.1306993203923205,0.3344726642571768,0
leave_representation_out,relative_power,109,DEAP,arousal,relative_power,linear_logistic,20260911,0.5,0.0159378120240844,0,0.22447085601799363,0.3344726642571768,0
leave_representation_out,relative_power,110,DEAP,arousal,relative_power,linear_logistic,20260911,0.75,0.021353793708586002,1,0.2829023504989146,0.3344726642571768,0
leave_representation_out,relative_power,111,DEAP,arousal,relative_power,linear_logistic,20260911,1.0,0.025244324313421,1,0.32216775042312307,0.3344726642571768,0
leave_representation_out,relative_power,112,DEAP,arousal,relative_power,linear_logistic,20260923,0.25,-0.003204707970670899,0,0.1325435553648864,0.3344726642571768,0
leave_representation_out,relative_power,113,DEAP,arousal,relative_power,linear_logistic,20260923,0.5,-0.001966697259734999,0,0.16772034047283416,0.3344726642571768,0
leave_representation_out,relative_power,114,DEAP,arousal,relative_power,linear_logistic,20260923,0.75,0.0043998547669716025,0,0.24793747738363162,0.3344726642571768,0
leave_representation_out,relative_power,115,DEAP,arousal,relative_power,linear_logistic,20260923,1.0,-0.0059681697612732,0,0.2263099422633407,0.3344726642571768,0
leave_representation_out,relative_power,116,DEAP,arousal,relative_power,linear_logistic,20261007,0.25,-0.0040897217375518,0,0.20849507370905257,0.3344726642571768,0
leave_representation_out,relative_power,117,DEAP,arousal,relative_power,linear_logistic,20261007,0.5,0.0130861009974685,0,0.2292580516590707,0.3344726642571768,0
leave_representation_out,relative_power,118,DEAP,arousal,relative_power,linear_logistic,20261007,0.75,0.0157386208913676,0,0.27998672712336664,0.3344726642571768,0
leave_representation_out,relative_power,119,DEAP,arousal,relative_power,linear_logistic,20261007,1.0,0.012576776835331899,0,0.33619735335493767,0.3344726642571768,1
leave_representation_out,relative_power,200,DEAP,valence,relative_power,gpu_mlp,20260813,0.25,-0.009941770340633399,0,0.1435354712877496,0.3344726642571768,0
leave_representation_out,relative_power,201,DEAP,valence,relative_power,gpu_mlp,20260813,0.5,0.010582694065741902,0,0.15541808305860094,0.3344726642571768,0
leave_representation_out,relative_power,202,DEAP,valence,relative_power,gpu_mlp,20260813,0.75,-0.0140208275368655,0,0.18570833841911402,0.3344726642571768,0
leave_representation_out,relative_power,203,DEAP,valence,relative_power,gpu_mlp,20260813,1.0,-0.007855041933304099,0,0.19876973860381614,0.3344726642571768,0
leave_representation_out,relative_power,204,DEAP,valence,relative_power,gpu_mlp,20260829,0.25,-0.016604396041178,0,0.12745861865316077,0.3344726642571768,0
leave_representation_out,relative_power,205,DEAP,valence,relative_power,gpu_mlp,20260829,0.5,-0.0011874478317897997,0,0.10729082527745712,0.3344726642571768,0
leave_representation_out,relative_power,206,DEAP,valence,relative_power,gpu_mlp,20260829,0.75,-0.0061359751977422515,0,0.1505600655361969,0.3344726642571768,0
leave_representation_out,relative_power,207,DEAP,valence,relative_power,gpu_mlp,20260829,1.0,-0.0020221391947216,0,0.1766666855655603,0.3344726642571768,0
leave_representation_out,relative_power,208,DEAP,valence,relative_power,gpu_mlp,20260911,0.25,0.0011725426288804013,0,0.10924700019775314,0.3344726642571768,0
leave_representation_out,relative_power,209,DEAP,valence,relative_power,gpu_mlp,20260911,0.5,0.0086400492865376,0,0.11680653150455739,0.3344726642571768,0
leave_representation_out,relative_power,210,DEAP,valence,relative_power,gpu_mlp,20260911,0.75,0.0090573949680035,0,0.115871143477934,0.3344726642571768,0
leave_representation_out,relative_power,211,DEAP,valence,relative_power,gpu_mlp,20260911,1.0,0.0127986008982869,0,0.14743212905878506,0.3344726642571768,0
leave_representation_out,relative_power,212,DEAP,valence,relative_power,gpu_mlp,20260923,0.25,0.0165249016256607,0,0.10357755699072076,0.3344726642571768,0
leave_representation_out,relative_power,213,DEAP,valence,relative_power,gpu_mlp,20260923,0.5,0.0302078778965778,1,0.16993092329270865,0.3344726642571768,0
leave_representation_out,relative_power,214,DEAP,valence,relative_power,gpu_mlp,20260923,0.75,0.0041436464088397,0,0.15852375119706522,0.3344726642571768,0
leave_representation_out,relative_power,215,DEAP,valence,relative_power,gpu_mlp,20260923,1.0,0.002394769267459,0,0.166909029080561,0.3344726642571768,0
leave_representation_out,relative_power,216,DEAP,valence,relative_power,gpu_mlp,20261007,0.25,0.0109056401287809,0,0.12520491477173626,0.3344726642571768,0
leave_representation_out,relative_power,217,DEAP,valence,relative_power,gpu_mlp,20261007,0.5,0.012495528439127199,0,0.1363154062457877,0.3344726642571768,0
leave_representation_out,relative_power,218,DEAP,valence,relative_power,gpu_mlp,20261007,0.75,0.024186175921141598,1,0.17968634172863482,0.3344726642571768,0
leave_representation_out,relative_power,219,DEAP,valence,relative_power,gpu_mlp,20261007,1.0,0.0100709487658493,0,0.19587178735034746,0.3344726642571768,0
leave_representation_out,relative_power,220,DEAP,valence,relative_power,linear_logistic,20260813,0.25,0.0092014785961285,0,0.09628544378495439,0.3344726642571768,0
leave_representation_out,relative_power,221,DEAP,valence,relative_power,linear_logistic,20260813,0.5,-0.0009489645852378999,0,0.1047347924770643,0.3344726642571768,0
leave_representation_out,relative_power,222,DEAP,valence,relative_power,linear_logistic,20260813,0.75,0.0061011963909534,0,0.12662811047031486,0.3344726642571768,0
leave_representation_out,relative_power,223,DEAP,valence,relative_power,linear_logistic,20260813,1.0,0.0043026352398743,0,0.13622939926087363,0.3344726642571768,0
leave_representation_out,relative_power,224,DEAP,valence,relative_power,linear_logistic,20260829,0.25,0.017473866210898602,0,0.08497579872184843,0.3344726642571768,0
leave_representation_out,relative_power,225,DEAP,valence,relative_power,linear_logistic,20260829,0.5,0.010985134544298199,0,0.07098321239870406,0.3344726642571768,0
leave_representation_out,relative_power,226,DEAP,valence,relative_power,linear_logistic,20260829,0.75,0.0122222663857863,0,0.10127105827160635,0.3344726642571768,0
leave_representation_out,relative_power,227,DEAP,valence,relative_power,linear_logistic,20260829,1.0,0.0176030446361142,0,0.12003888538087262,0.3344726642571768,0
leave_representation_out,relative_power,228,DEAP,valence,relative_power,linear_logistic,20260911,0.25,0.006280058825867501,0,0.07233104662065952,0.3344726642571768,0
leave_representation_out,relative_power,229,DEAP,valence,relative_power,linear_logistic,20260911,0.5,-0.0014607098851306018,0,0.0775585348906625,0.3344726642571768,0
leave_representation_out,relative_power,230,DEAP,valence,relative_power,linear_logistic,20260911,0.75,-0.0012023530346993022,0,0.07691007559521994,0.3344726642571768,0
leave_representation_out,relative_power,231,DEAP,valence,relative_power,linear_logistic,20260911,1.0,0.011114312969513797,0,0.0990477160964504,0.3344726642571768,0
leave_representation_out,relative_power,232,DEAP,valence,relative_power,linear_logistic,20260923,0.25,0.0071147501887992,0,0.06843020502041386,0.3344726642571768,0
leave_representation_out,relative_power,233,DEAP,valence,relative_power,linear_logistic,20260923,0.5,0.013668071068007399,0,0.11516018140944118,0.3344726642571768,0
leave_representation_out,relative_power,234,DEAP,valence,relative_power,linear_logistic,20260923,0.75,0.0209269048849318,1,0.10695593028001624,0.3344726642571768,0
leave_representation_out,relative_power,235,DEAP,valence,relative_power,linear_logistic,20260923,1.0,0.0183731467864382,0,0.11297971045229038,0.3344726642571768,0
leave_representation_out,relative_power,236,DEAP,valence,relative_power,linear_logistic,20261007,0.25,0.011531658650979802,0,0.08340146889669271,0.3344726642571768,0
leave_representation_out,relative_power,237,DEAP,valence,relative_power,linear_logistic,20261007,0.5,0.0243153543463571,1,0.09118907469228325,0.3344726642571768,0
leave_representation_out,relative_power,238,DEAP,valence,relative_power,linear_logistic,20261007,0.75,0.0062800588258675,0,0.12223433478740756,0.3344726642571768,0
leave_representation_out,relative_power,239,DEAP,valence,relative_power,linear_logistic,20261007,1.0,0.009042489765094,0,0.1340906553911103,0.3344726642571768,0
leave_representation_out,relative_power,320,MAHNOB-HCI,arousal,relative_power,gpu_mlp,20260813,0.25,0.0207450641302781,1,0.24441963624106763,0.3344726642571768,0
leave_representation_out,relative_power,321,MAHNOB-HCI,arousal,relative_power,gpu_mlp,20260813,0.5,0.007782101167315099,0,0.2912358929160155,0.3344726642571768,0
leave_representation_out,relative_power,322,MAHNOB-HCI,arousal,relative_power,gpu_mlp,20260813,0.75,-0.001008790892059401,0,0.43731706953817195,0.3344726642571768,1
leave_representation_out,relative_power,323,MAHNOB-HCI,arousal,relative_power,gpu_mlp,20260813,1.0,0.005836575875486298,0,0.5174110529715715,0.3344726642571768,1
leave_representation_out,relative_power,324,MAHNOB-HCI,arousal,relative_power,gpu_mlp,20260829,0.25,0.0296512465773165,1,0.3343091891533862,0.3344726642571768,0
leave_representation_out,relative_power,325,MAHNOB-HCI,arousal,relative_power,gpu_mlp,20260829,0.5,0.0101023202190516,0,0.3857346116018864,0.3344726642571768,1
leave_representation_out,relative_power,326,MAHNOB-HCI,arousal,relative_power,gpu_mlp,20260829,0.75,0.0382547917567372,1,0.4066282343348053,0.3344726642571768,1
leave_representation_out,relative_power,327,MAHNOB-HCI,arousal,relative_power,gpu_mlp,20260829,1.0,0.0540063409713214,1,0.5415229350163739,0.3344726642571768,1
leave_representation_out,relative_power,328,MAHNOB-HCI,arousal,relative_power,gpu_mlp,20260911,0.25,-0.029629629629629402,0,0.38554486013364114,0.3344726642571768,1
leave_representation_out,relative_power,329,MAHNOB-HCI,arousal,relative_power,gpu_mlp,20260911,0.5,-0.0230652831820145,0,0.47968641056079137,0.3344726642571768,1
leave_representation_out,relative_power,330,MAHNOB-HCI,arousal,relative_power,gpu_mlp,20260911,0.75,0.0035163568237499988,0,0.5233248167292756,0.3344726642571768,1
leave_representation_out,relative_power,331,MAHNOB-HCI,arousal,relative_power,gpu_mlp,20260911,1.0,-0.0017581784118748008,0,0.5788788953217022,0.3344726642571768,1
leave_representation_out,relative_power,332,MAHNOB-HCI,arousal,relative_power,gpu_mlp,20260923,0.25,0.0285271652975931,1,0.37323924711675466,0.3344726642571768,1
leave_representation_out,relative_power,333,MAHNOB-HCI,arousal,relative_power,gpu_mlp,20260923,0.5,0.0365902867848392,1,0.33368530555398307,0.3344726642571768,0
leave_representation_out,relative_power,334,MAHNOB-HCI,arousal,relative_power,gpu_mlp,20260923,0.75,0.0419584954604408,1,0.5221008161057649,0.3344726642571768,1
leave_representation_out,relative_power,335,MAHNOB-HCI,arousal,relative_power,gpu_mlp,20260923,1.0,0.0266753134457414,1,0.5348627533821131,0.3344726642571768,1
leave_representation_out,relative_power,336,MAHNOB-HCI,arousal,relative_power,gpu_mlp,20261007,0.25,-0.0073137339674305,0,0.3006631188199857,0.3344726642571768,0
leave_representation_out,relative_power,337,MAHNOB-HCI,arousal,relative_power,gpu_mlp,20261007,0.5,0.0151895085747226,0,0.39185541718073696,0.3344726642571768,1
leave_representation_out,relative_power,338,MAHNOB-HCI,arousal,relative_power,gpu_mlp,20261007,0.75,0.0138060239227554,0,0.5476977276053442,0.3344726642571768,1
leave_representation_out,relative_power,339,MAHNOB-HCI,arousal,relative_power,gpu_mlp,20261007,1.0,0.007594754287361304,0,0.5895377037668403,0.3344726642571768,1
leave_representation_out,relative_power,340,MAHNOB-HCI,arousal,relative_power,linear_logistic,20260813,0.25,0.005742902435509499,0,0.1705739159501061,0.3344726642571768,0
leave_representation_out,relative_power,341,MAHNOB-HCI,arousal,relative_power,linear_logistic,20260813,0.5,0.0092592592592592,0,0.20712306581809473,0.3344726642571768,0
leave_representation_out,relative_power,342,MAHNOB-HCI,arousal,relative_power,linear_logistic,20260813,0.75,-0.0057429024355094005,0,0.3306993980736228,0.3344726642571768,0
leave_representation_out,relative_power,343,MAHNOB-HCI,arousal,relative_power,linear_logistic,20260813,1.0,0.0165729932266897,0,0.40533283737745374,0.3344726642571768,1
leave_representation_out,relative_power,344,MAHNOB-HCI,arousal,relative_power,linear_logistic,20260829,0.25,0.015564202334630496,0,0.2420038402954059,0.3344726642571768,0
leave_representation_out,relative_power,345,MAHNOB-HCI,arousal,relative_power,linear_logistic,20260829,0.5,0.019455252918288,0,0.2853159986908509,0.3344726642571768,0
leave_representation_out,relative_power,346,MAHNOB-HCI,arousal,relative_power,linear_logistic,20260829,0.75,0.027237354085603196,1,0.3034574504243654,0.3344726642571768,0
leave_representation_out,relative_power,347,MAHNOB-HCI,arousal,relative_power,linear_logistic,20260829,1.0,0.019736273238218797,0,0.4288632575488372,0.3344726642571768,1
leave_representation_out,relative_power,348,MAHNOB-HCI,arousal,relative_power,linear_logistic,20260911,0.25,0.0173223807465052,0,0.28515271389345925,0.3344726642571768,0
leave_representation_out,relative_power,349,MAHNOB-HCI,arousal,relative_power,linear_logistic,20260911,0.5,0.0095402795791899,0,0.3695227421857426,0.3344726642571768,1
leave_representation_out,relative_power,350,MAHNOB-HCI,arousal,relative_power,linear_logistic,20260911,0.75,0.024355094394004802,1,0.41105672349236694,0.3344726642571768,1
leave_representation_out,relative_power,351,MAHNOB-HCI,arousal,relative_power,linear_logistic,20260911,1.0,0.0344574146130565,1,0.46635271761611685,0.3344726642571768,1
leave_representation_out,relative_power,352,MAHNOB-HCI,arousal,relative_power,linear_logistic,20260923,0.25,-0.0044530912235193,0,0.2746192778939708,0.3344726642571768,0
leave_representation_out,relative_power,353,MAHNOB-HCI,arousal,relative_power,linear_logistic,20260923,0.5,0.005087188355670701,0,0.24148972610743735,0.3344726642571768,0
leave_representation_out,relative_power,354,MAHNOB-HCI,arousal,relative_power,linear_logistic,20260923,0.75,0.011204784551088004,0,0.409869523678174,0.3344726642571768,1
leave_representation_out,relative_power,355,MAHNOB-HCI,arousal,relative_power,linear_logistic,20260923,1.0,0.010830090791180198,0,0.42231237207069555,0.3344726642571768,1
leave_representation_out,relative_power,356,MAHNOB-HCI,arousal,relative_power,linear_logistic,20261007,0.25,0.012775616083008996,0,0.21465216641492318,0.3344726642571768,0
leave_representation_out,relative_power,357,MAHNOB-HCI,arousal,relative_power,linear_logistic,20261007,0.5,0.007875774607292198,0,0.29059719316372035,0.3344726642571768,0
leave_representation_out,relative_power,358,MAHNOB-HCI,arousal,relative_power,linear_logistic,20261007,0.75,0.0133376567228707,0,0.43497219125944947,0.3344726642571768,1
leave_representation_out,relative_power,359,MAHNOB-HCI,arousal,relative_power,linear_logistic,20261007,1.0,0.0326055627612047,1,0.47728786806315987,0.3344726642571768,1
leave_representation_out,relative_power,440,MAHNOB-HCI,valence,relative_power,gpu_mlp,20260813,0.25,0.006591173054587701,0,0.1263906126725698,0.3344726642571768,0
leave_representation_out,relative_power,441,MAHNOB-HCI,valence,relative_power,gpu_mlp,20260813,0.5,0.002693089430894302,0,0.20374883388196077,0.3344726642571768,0
leave_representation_out,relative_power,442,MAHNOB-HCI,valence,relative_power,gpu_mlp,20260813,0.75,0.0037529036004644994,0,0.1868265092100282,0.3344726642571768,0
leave_representation_out,relative_power,443,MAHNOB-HCI,valence,relative_power,gpu_mlp,20260813,1.0,-0.0024970963995353986,0,0.2864265764632316,0.3344726642571768,0
leave_representation_out,relative_power,444,MAHNOB-HCI,valence,relative_power,gpu_mlp,20260829,0.25,-0.0125362950058072,0,0.12372865132766044,0.3344726642571768,0
leave_representation_out,relative_power,445,MAHNOB-HCI,valence,relative_power,gpu_mlp,20260829,0.5,0.009051974448316,0,0.1451832064481931,0.3344726642571768,0
leave_representation_out,relative_power,446,MAHNOB-HCI,valence,relative_power,gpu_mlp,20260829,0.75,-0.004812717770034801,0,0.1526717225814618,0.3344726642571768,0
leave_representation_out,relative_power,447,MAHNOB-HCI,valence,relative_power,gpu_mlp,20260829,1.0,-0.0198461091753774,0,0.16379671590825967,0.3344726642571768,0
leave_representation_out,relative_power,448,MAHNOB-HCI,valence,relative_power,gpu_mlp,20260911,0.25,0.007346109175377501,0,0.10387039961290978,0.3344726642571768,0
leave_representation_out,relative_power,449,MAHNOB-HCI,valence,relative_power,gpu_mlp,20260911,0.5,0.0055676538908246,0,0.20494105879920888,0.3344726642571768,0
leave_representation_out,relative_power,450,MAHNOB-HCI,valence,relative_power,gpu_mlp,20260911,0.75,-0.0013646922183508,0,0.18778292031894364,0.3344726642571768,0
leave_representation_out,relative_power,451,MAHNOB-HCI,valence,relative_power,gpu_mlp,20260911,1.0,0.001096109175377398,0,0.22669523418245716,0.3344726642571768,0
leave_representation_out,relative_power,452,MAHNOB-HCI,valence,relative_power,gpu_mlp,20260923,0.25,-0.004849012775842099,0,0.16041001111384315,0.3344726642571768,0
leave_representation_out,relative_power,453,MAHNOB-HCI,valence,relative_power,gpu_mlp,20260923,0.5,-0.0003411730545877026,0,0.1788764121825563,0.3344726642571768,0
leave_representation_out,relative_power,454,MAHNOB-HCI,valence,relative_power,gpu_mlp,20260923,0.75,0.003520615563298496,0,0.21877626610698198,0.3344726642571768,0
leave_representation_out,relative_power,455,MAHNOB-HCI,valence,relative_power,gpu_mlp,20260923,1.0,0.0010235191637631008,0,0.19828145484706983,0.3344726642571768,0
leave_representation_out,relative_power,456,MAHNOB-HCI,valence,relative_power,gpu_mlp,20261007,0.25,-0.0305313588850174,0,0.08167360856927891,0.3344726642571768,0
leave_representation_out,relative_power,457,MAHNOB-HCI,valence,relative_power,gpu_mlp,20261007,0.5,-0.004885307781649202,0,0.17140315245568874,0.3344726642571768,0
leave_representation_out,relative_power,458,MAHNOB-HCI,valence,relative_power,gpu_mlp,20261007,0.75,-0.01875,0,0.1076775058479,0.3344726642571768,0
leave_representation_out,relative_power,459,MAHNOB-HCI,valence,relative_power,gpu_mlp,20261007,1.0,0.0055676538908246975,0,0.20502179462905998,0.3344726642571768,0
leave_representation_out,relative_power,460,MAHNOB-HCI,valence,relative_power,linear_logistic,20260813,0.25,-0.0007549361207897999,0,0.08422940300967038,0.3344726642571768,0
leave_representation_out,relative_power,461,MAHNOB-HCI,valence,relative_power,linear_logistic,20260813,0.5,0.0176901858304296,0,0.13991545648775966,0.3344726642571768,0
leave_representation_out,relative_power,462,MAHNOB-HCI,valence,relative_power,linear_logistic,20260813,0.75,0.0026930894308941997,0,0.1274462282919765,0.3344726642571768,0
leave_representation_out,relative_power,463,MAHNOB-HCI,valence,relative_power,linear_logistic,20260813,1.0,0.0086745063879209,0,0.20330432029965548,0.3344726642571768,0
leave_representation_out,relative_power,464,MAHNOB-HCI,valence,relative_power,linear_logistic,20260829,0.25,0.0017784552845528014,0,0.0823716890679749,0.3344726642571768,0
leave_representation_out,relative_power,465,MAHNOB-HCI,valence,relative_power,linear_logistic,20260829,0.5,0.012231416957026701,0,0.0974524840372088,0.3344726642571768,0
leave_representation_out,relative_power,466,MAHNOB-HCI,valence,relative_power,linear_logistic,20260829,0.75,0.014997096399535401,0,0.10277506083163769,0.3344726642571768,0
leave_representation_out,relative_power,467,MAHNOB-HCI,valence,relative_power,linear_logistic,20260829,1.0,-0.011817653890824498,0,0.11073933331684174,0.3344726642571768,0
leave_representation_out,relative_power,468,MAHNOB-HCI,valence,relative_power,linear_logistic,20260911,0.25,0.0087470963995353,0,0.06863128428486619,0.3344726642571768,0
leave_representation_out,relative_power,469,MAHNOB-HCI,valence,relative_power,linear_logistic,20260911,0.5,0.008405923344947698,0,0.1408002126396223,0.3344726642571768,0
leave_representation_out,relative_power,470,MAHNOB-HCI,valence,relative_power,linear_logistic,20260911,0.75,0.0264372822299651,1,0.1281465610921102,0.3344726642571768,0
leave_representation_out,relative_power,471,MAHNOB-HCI,valence,relative_power,linear_logistic,20260911,1.0,0.0149970963995354,0,0.15709117994691812,0.3344726642571768,0
leave_representation_out,relative_power,472,MAHNOB-HCI,valence,relative_power,linear_logistic,20260923,0.25,0.018408826945412203,0,0.10830756672905471,0.3344726642571768,0
leave_representation_out,relative_power,473,MAHNOB-HCI,valence,relative_power,linear_logistic,20260923,0.5,-0.0073461091753775,0,0.12164496624001107,0.3344726642571768,0
leave_representation_out,relative_power,474,MAHNOB-HCI,valence,relative_power,linear_logistic,20260923,0.75,0.013900987224157899,0,0.15112845811716466,0.3344726642571768,0
leave_representation_out,relative_power,475,MAHNOB-HCI,valence,relative_power,linear_logistic,20260923,1.0,0.0319686411149826,1,0.13586869550799616,0.3344726642571768,0
leave_representation_out,relative_power,476,MAHNOB-HCI,valence,relative_power,linear_logistic,20261007,0.25,-0.0194686411149824,0,0.05351527814868763,0.3344726642571768,0
leave_representation_out,relative_power,477,MAHNOB-HCI,valence,relative_power,linear_logistic,20261007,0.5,-0.0142784552845527,0,0.11622433447906633,0.3344726642571768,0
leave_representation_out,relative_power,478,MAHNOB-HCI,valence,relative_power,linear_logistic,20261007,0.75,-0.0132186411149826,0,0.07124948264631135,0.3344726642571768,0
leave_representation_out,relative_power,479,MAHNOB-HCI,valence,relative_power,linear_logistic,20261007,1.0,-0.006286295005807102,0,0.14086015713191408,0.3344726642571768,0
leave_model_out,gpu_mlp,0,DEAP,arousal,all,gpu_mlp,20260813,0.25,-0.005216790551784603,0,0.1341425275755064,0.15083015714227727,0
leave_model_out,gpu_mlp,1,DEAP,arousal,all,gpu_mlp,20260813,0.5,0.0210436606791662,1,0.18528036786634555,0.15083015714227727,1
leave_model_out,gpu_mlp,2,DEAP,arousal,all,gpu_mlp,20260813,0.75,0.007405371604925902,0,0.24561370046550451,0.15083015714227727,1
leave_model_out,gpu_mlp,3,DEAP,arousal,all,gpu_mlp,20260813,1.0,0.0124229710239937,0,0.3389826536421523,0.15083015714227727,1
leave_model_out,gpu_mlp,4,DEAP,arousal,all,gpu_mlp,20260829,0.25,0.0296416576736492,1,0.14840015322740577,0.15083015714227727,0
leave_model_out,gpu_mlp,5,DEAP,arousal,all,gpu_mlp,20260829,0.5,0.0179045092838196,0,0.22385516495115315,0.15083015714227727,1
leave_model_out,gpu_mlp,6,DEAP,arousal,all,gpu_mlp,20260829,0.75,0.0512828917509657,1,0.3076557859239637,0.15083015714227727,1
leave_model_out,gpu_mlp,7,DEAP,arousal,all,gpu_mlp,20260829,1.0,0.0404080644673276,1,0.43431148559027605,0.15083015714227727,1
leave_model_out,gpu_mlp,8,DEAP,arousal,all,gpu_mlp,20260911,0.25,0.026348700466964498,1,0.12547431785209637,0.15083015714227727,0
leave_model_out,gpu_mlp,9,DEAP,arousal,all,gpu_mlp,20260911,0.5,0.0036030902361044934,0,0.21222583107311038,0.15083015714227727,1
leave_model_out,gpu_mlp,10,DEAP,arousal,all,gpu_mlp,20260911,0.75,0.0268353319684118,1,0.30205109939989405,0.15083015714227727,1
leave_model_out,gpu_mlp,11,DEAP,arousal,all,gpu_mlp,20260911,1.0,0.04230920515173829,1,0.3977688671285679,0.15083015714227727,1
leave_model_out,gpu_mlp,12,DEAP,arousal,all,gpu_mlp,20260923,0.25,0.007493620840939699,0,0.12438370164661505,0.15083015714227727,0
leave_model_out,gpu_mlp,13,DEAP,arousal,all,gpu_mlp,20260923,0.5,-0.0023877721858577977,0,0.18149392390337288,0.15083015714227727,1
leave_model_out,gpu_mlp,14,DEAP,arousal,all,gpu_mlp,20260923,0.75,0.024029006263174404,1,0.27499504126000107,0.15083015714227727,1
leave_model_out,gpu_mlp,15,DEAP,arousal,all,gpu_mlp,20260923,1.0,0.016071446581476898,0,0.33276612387336635,0.15083015714227727,1
leave_model_out,gpu_mlp,16,DEAP,arousal,all,gpu_mlp,20261007,0.25,0.0250224405200149,1,0.1557676415468478,0.15083015714227727,1
leave_model_out,gpu_mlp,17,DEAP,arousal,all,gpu_mlp,20261007,0.5,0.040453449788706096,1,0.21489467276359492,0.15083015714227727,1
leave_model_out,gpu_mlp,18,DEAP,arousal,all,gpu_mlp,20261007,0.75,0.0232776270536858,1,0.3027420156182083,0.15083015714227727,1
leave_model_out,gpu_mlp,19,DEAP,arousal,all,gpu_mlp,20261007,1.0,0.023829815130457496,1,0.40683001643706257,0.15083015714227727,1
leave_model_out,gpu_mlp,40,DEAP,arousal,normalized_asymmetry,gpu_mlp,20260813,0.25,-0.0037568960474426982,0,0.09791075938948454,0.15083015714227727,0
leave_model_out,gpu_mlp,41,DEAP,arousal,normalized_asymmetry,gpu_mlp,20260813,0.5,0.0185247753426592,0,0.1270389738644307,0.15083015714227727,0
leave_model_out,gpu_mlp,42,DEAP,arousal,normalized_asymmetry,gpu_mlp,20260813,0.75,-0.010345331867555603,0,0.1600917373540532,0.15083015714227727,1
leave_model_out,gpu_mlp,43,DEAP,arousal,normalized_asymmetry,gpu_mlp,20260813,1.0,0.019387096448850796,0,0.2151513328300582,0.15083015714227727,1
leave_model_out,gpu_mlp,44,DEAP,arousal,normalized_asymmetry,gpu_mlp,20260829,0.25,0.0037568960474428023,0,0.10845243671873556,0.15083015714227727,0
leave_model_out,gpu_mlp,45,DEAP,arousal,normalized_asymmetry,gpu_mlp,20260829,0.5,0.008333249286442003,0,0.15467176793743637,0.15083015714227727,1
leave_model_out,gpu_mlp,46,DEAP,arousal,normalized_asymmetry,gpu_mlp,20260829,0.75,0.0106327722362861,0,0.2040873718676177,0.15083015714227727,1
leave_model_out,gpu_mlp,47,DEAP,arousal,normalized_asymmetry,gpu_mlp,20260829,1.0,-0.0029172676019404015,0,0.2869516669138009,0.15083015714227727,1
leave_model_out,gpu_mlp,48,DEAP,arousal,normalized_asymmetry,gpu_mlp,20260911,0.25,0.017463263103750997,0,0.09050276568958412,0.15083015714227727,0
leave_model_out,gpu_mlp,49,DEAP,arousal,normalized_asymmetry,gpu_mlp,20260911,0.5,0.0115833425784914,0,0.14505790542454622,0.15083015714227727,0
leave_model_out,gpu_mlp,50,DEAP,arousal,normalized_asymmetry,gpu_mlp,20260911,0.75,0.010920212605016699,0,0.1984964683514833,0.15083015714227727,1
leave_model_out,gpu_mlp,51,DEAP,arousal,normalized_asymmetry,gpu_mlp,20260911,1.0,0.005990862421962499,0,0.255431638262598,0.15083015714227727,1
leave_model_out,gpu_mlp,52,DEAP,arousal,normalized_asymmetry,gpu_mlp,20260923,0.25,-0.007317122368912098,0,0.09053729101435336,0.15083015714227727,0
leave_model_out,gpu_mlp,53,DEAP,arousal,normalized_asymmetry,gpu_mlp,20260923,0.5,0.0006631299734747992,0,0.12432695092197808,0.15083015714227727,0
leave_model_out,gpu_mlp,54,DEAP,arousal,normalized_asymmetry,gpu_mlp,20260923,0.75,0.010985769180341103,0,0.18179143353901808,0.15083015714227727,1
leave_model_out,gpu_mlp,55,DEAP,arousal,normalized_asymmetry,gpu_mlp,20260923,1.0,0.018126393077225696,0,0.21044061964491845,0.15083015714227727,1
leave_model_out,gpu_mlp,56,DEAP,arousal,normalized_asymmetry,gpu_mlp,20261007,0.25,-0.0052394832124738,0,0.11287705049001272,0.15083015714227727,0
leave_model_out,gpu_mlp,57,DEAP,arousal,normalized_asymmetry,gpu_mlp,20261007,0.5,-0.005791671289245601,0,0.1460966284709367,0.15083015714227727,0
leave_model_out,gpu_mlp,58,DEAP,arousal,normalized_asymmetry,gpu_mlp,20261007,0.75,0.002652519893899398,0,0.19735608671601465,0.15083015714227727,1
leave_model_out,gpu_mlp,59,DEAP,arousal,normalized_asymmetry,gpu_mlp,20261007,1.0,0.0078920031063732,0,0.26043167721726135,0.15083015714227727,1
leave_model_out,gpu_mlp,80,DEAP,arousal,relative_power,gpu_mlp,20260813,0.25,-0.013817308953011,0,0.09726152817342791,0.15083015714227727,0
leave_model_out,gpu_mlp,81,DEAP,arousal,relative_power,gpu_mlp,20260813,0.5,0.012312029127290697,0,0.12601678162297064,0.15083015714227727,0
leave_model_out,gpu_mlp,82,DEAP,arousal,relative_power,gpu_mlp,20260813,0.75,0.012841524543373301,0,0.1586058227289945,0.15083015714227727,1
leave_model_out,gpu_mlp,83,DEAP,arousal,relative_power,gpu_mlp,20260813,1.0,0.006343859366017498,0,0.21296825479663528,0.15083015714227727,1
leave_model_out,gpu_mlp,84,DEAP,arousal,relative_power,gpu_mlp,20260829,0.25,0.0227909955522385,1,0.1092282631171078,0.15083015714227727,0
leave_model_out,gpu_mlp,85,DEAP,arousal,relative_power,gpu_mlp,20260829,0.5,0.0095057034220533,0,0.1560004860288847,0.15083015714227727,1
leave_model_out,gpu_mlp,86,DEAP,arousal,relative_power,gpu_mlp,20260829,0.75,0.011671591814505201,0,0.20608207584747776,0.15083015714227727,1
leave_model_out,gpu_mlp,87,DEAP,arousal,relative_power,gpu_mlp,20260829,1.0,0.013683674395618801,0,0.2899018218190113,0.15083015714227727,1
leave_model_out,gpu_mlp,88,DEAP,arousal,relative_power,gpu_mlp,20260911,0.25,0.029997176024447497,1,0.09116149190348528,0.15083015714227727,0
leave_model_out,gpu_mlp,89,DEAP,arousal,relative_power,gpu_mlp,20260911,0.5,0.014788050549162397,0,0.14631224854773905,0.15083015714227727,0
leave_model_out,gpu_mlp,90,DEAP,arousal,relative_power,gpu_mlp,20260911,0.75,0.0204687799417051,1,0.20043931318544464,0.15083015714227727,1
leave_model_out,gpu_mlp,91,DEAP,arousal,relative_power,gpu_mlp,20260911,1.0,0.023519682101037897,1,0.25815690649486434,0.15083015714227727,1
leave_model_out,gpu_mlp,92,DEAP,arousal,relative_power,gpu_mlp,20260923,0.25,0.0092384343072687,0,0.09126978948425356,0.15083015714227727,0
leave_model_out,gpu_mlp,93,DEAP,arousal,relative_power,gpu_mlp,20260923,0.5,0.0158041774666922,0,0.1255420569429263,0.15083015714227727,0
leave_model_out,gpu_mlp,94,DEAP,arousal,relative_power,gpu_mlp,20260923,0.75,0.004818408286351203,0,0.18378316180933374,0.15083015714227727,1
leave_model_out,gpu_mlp,95,DEAP,arousal,relative_power,gpu_mlp,20260923,1.0,0.006144668233300697,0,0.21304785243902047,0.15083015714227727,1
leave_model_out,gpu_mlp,96,DEAP,arousal,relative_power,gpu_mlp,20261007,0.25,0.011008461841030298,0,0.11499488831924312,0.15083015714227727,0
leave_model_out,gpu_mlp,97,DEAP,arousal,relative_power,gpu_mlp,20261007,0.5,0.0015481437403555998,0,0.1494369067018782,0.15083015714227727,0
leave_model_out,gpu_mlp,98,DEAP,arousal,relative_power,gpu_mlp,20261007,0.75,0.0210663533398554,1,0.20249036487523867,0.15083015714227727,1
leave_model_out,gpu_mlp,99,DEAP,arousal,relative_power,gpu_mlp,20261007,1.0,0.008686246230496998,0,0.2677451169404869,0.15083015714227727,1
leave_model_out,gpu_mlp,120,DEAP,valence,all,gpu_mlp,20260813,0.25,0.0227403712389204,1,0.10077885526699229,0.15083015714227727,0
leave_model_out,gpu_mlp,121,DEAP,valence,all,gpu_mlp,20260813,0.5,0.0110497237569061,0,0.12890962976540088,0.15083015714227727,0
leave_model_out,gpu_mlp,122,DEAP,valence,all,gpu_mlp,20260813,0.75,-0.006856393338367899,0,0.1697132519489952,0.15083015714227727,1
leave_model_out,gpu_mlp,123,DEAP,valence,all,gpu_mlp,20260813,1.0,0.0026829365237092014,0,0.21346278972387434,0.15083015714227727,1
leave_model_out,gpu_mlp,124,DEAP,valence,all,gpu_mlp,20260829,0.25,0.006841488135458501,0,0.09253264921378314,0.15083015714227727,0
leave_model_out,gpu_mlp,125,DEAP,valence,all,gpu_mlp,20260829,0.5,0.0231577169203863,1,0.10363531415482187,0.15083015714227727,0
leave_model_out,gpu_mlp,126,DEAP,valence,all,gpu_mlp,20260829,0.75,0.0161721451568026,0,0.14328820002044876,0.15083015714227727,0
leave_model_out,gpu_mlp,127,DEAP,valence,all,gpu_mlp,20260829,1.0,0.009589013871775501,0,0.18614359463749172,0.15083015714227727,1
leave_model_out,gpu_mlp,128,DEAP,valence,all,gpu_mlp,20260911,0.25,-0.0190488493183354,0,0.08701976815352977,0.15083015714227727,0
leave_model_out,gpu_mlp,129,DEAP,valence,all,gpu_mlp,20260911,0.5,0.0008346913629317977,0,0.10960485575018249,0.15083015714227727,0
leave_model_out,gpu_mlp,130,DEAP,valence,all,gpu_mlp,20260911,0.75,-0.0080786199769467,0,0.13184274634642057,0.15083015714227727,0
leave_model_out,gpu_mlp,131,DEAP,valence,all,gpu_mlp,20260911,1.0,0.014935013315314497,0,0.17796045227683166,0.15083015714227727,1
leave_model_out,gpu_mlp,132,DEAP,valence,all,gpu_mlp,20260923,0.25,0.016460312413053,0,0.08576134937232559,0.15083015714227727,0
leave_model_out,gpu_mlp,133,DEAP,valence,all,gpu_mlp,20260923,0.5,0.0231726221232959,1,0.13281305558914921,0.15083015714227727,0
leave_model_out,gpu_mlp,134,DEAP,valence,all,gpu_mlp,20260923,0.75,0.011467069438372,0,0.15578181822618617,0.15083015714227727,1
leave_model_out,gpu_mlp,135,DEAP,valence,all,gpu_mlp,20260923,1.0,0.0258555586470052,1,0.19501923242110394,0.15083015714227727,1
leave_model_out,gpu_mlp,136,DEAP,valence,all,gpu_mlp,20261007,0.25,0.0019277395762947996,0,0.09261844215654905,0.15083015714227727,0
leave_model_out,gpu_mlp,137,DEAP,valence,all,gpu_mlp,20261007,0.5,-0.005942207559918899,0,0.11764466372227643,0.15083015714227727,0
leave_model_out,gpu_mlp,138,DEAP,valence,all,gpu_mlp,20261007,0.75,0.037884057394968,1,0.16123792495412984,0.15083015714227727,1
leave_model_out,gpu_mlp,139,DEAP,valence,all,gpu_mlp,20261007,1.0,0.0204598751937677,1,0.2017453923483841,0.15083015714227727,1
leave_model_out,gpu_mlp,160,DEAP,valence,normalized_asymmetry,gpu_mlp,20260813,0.25,0.0091070789777019,0,0.07445054177153582,0.15083015714227727,0
leave_model_out,gpu_mlp,161,DEAP,valence,normalized_asymmetry,gpu_mlp,20260813,0.5,0.0121725823760881,0,0.0904501767486699,0.15083015714227727,0
leave_model_out,gpu_mlp,162,DEAP,valence,normalized_asymmetry,gpu_mlp,20260813,0.75,0.0154020430064788,0,0.11420017429647693,0.15083015714227727,0
leave_model_out,gpu_mlp,163,DEAP,valence,normalized_asymmetry,gpu_mlp,20260813,1.0,0.001992328788902601,0,0.13780739755930688,0.15083015714227727,0
leave_model_out,gpu_mlp,164,DEAP,valence,normalized_asymmetry,gpu_mlp,20260829,0.25,-0.0022954012480623,0,0.06874064422801175,0.15083015714227727,0
leave_model_out,gpu_mlp,165,DEAP,valence,normalized_asymmetry,gpu_mlp,20260829,0.5,-0.0165398068285703,0,0.0731108931931843,0.15083015714227727,0
leave_model_out,gpu_mlp,166,DEAP,valence,normalized_asymmetry,gpu_mlp,20260829,0.75,0.00033785126594860007,0,0.09750328044533775,0.15083015714227727,0
leave_model_out,gpu_mlp,167,DEAP,valence,normalized_asymmetry,gpu_mlp,20260829,1.0,0.0178912118923645,0,0.1217665367552582,0.15083015714227727,0
leave_model_out,gpu_mlp,168,DEAP,valence,normalized_asymmetry,gpu_mlp,20260911,0.25,-0.0031300926109940996,0,0.06396235569042509,0.15083015714227727,0
leave_model_out,gpu_mlp,169,DEAP,valence,normalized_asymmetry,gpu_mlp,20260911,0.5,-0.0038505107516196998,0,0.07649562698889081,0.15083015714227727,0
leave_model_out,gpu_mlp,170,DEAP,valence,normalized_asymmetry,gpu_mlp,20260911,0.75,-0.0056838507094876,0,0.08770441156812911,0.15083015714227727,0
leave_model_out,gpu_mlp,171,DEAP,valence,normalized_asymmetry,gpu_mlp,20260911,1.0,0.0078401367303946,0,0.11371642706968471,0.15083015714227727,0
leave_model_out,gpu_mlp,172,DEAP,valence,normalized_asymmetry,gpu_mlp,20260923,0.25,0.0142940895902062,0,0.0631347460142024,0.15083015714227727,0
leave_model_out,gpu_mlp,173,DEAP,valence,normalized_asymmetry,gpu_mlp,20260923,0.5,0.0048193489407369,0,0.09338236910800692,0.15083015714227727,0
leave_model_out,gpu_mlp,174,DEAP,valence,normalized_asymmetry,gpu_mlp,20260923,0.75,0.0164950912198417,0,0.10439379946051512,0.15083015714227727,0
leave_model_out,gpu_mlp,175,DEAP,valence,normalized_asymmetry,gpu_mlp,20260923,1.0,0.035782423784729,1,0.1250168520750492,0.15083015714227727,0
leave_model_out,gpu_mlp,176,DEAP,valence,normalized_asymmetry,gpu_mlp,20261007,0.25,0.0116608370761953,0,0.06788692119765188,0.15083015714227727,0
leave_model_out,gpu_mlp,177,DEAP,valence,normalized_asymmetry,gpu_mlp,20261007,0.5,0.013459398227274499,0,0.0818837304745569,0.15083015714227727,0
leave_model_out,gpu_mlp,178,DEAP,valence,normalized_asymmetry,gpu_mlp,20261007,0.75,0.0259549266664016,1,0.10768538373884809,0.15083015714227727,0
leave_model_out,gpu_mlp,179,DEAP,valence,normalized_asymmetry,gpu_mlp,20261007,1.0,0.010135537978457,0,0.12939330413252542,0.15083015714227727,0
leave_model_out,gpu_mlp,200,DEAP,valence,relative_power,gpu_mlp,20260813,0.25,-0.009941770340633399,0,0.07397844265017683,0.15083015714227727,0
leave_model_out,gpu_mlp,201,DEAP,valence,relative_power,gpu_mlp,20260813,0.5,0.010582694065741902,0,0.08977490447957857,0.15083015714227727,0
leave_model_out,gpu_mlp,202,DEAP,valence,relative_power,gpu_mlp,20260813,0.75,-0.0140208275368655,0,0.1132378085407862,0.15083015714227727,0
leave_model_out,gpu_mlp,203,DEAP,valence,relative_power,gpu_mlp,20260813,1.0,-0.007855041933304099,0,0.1365092522281131,0.15083015714227727,0
leave_model_out,gpu_mlp,204,DEAP,valence,relative_power,gpu_mlp,20260829,0.25,-0.016604396041178,0,0.0692023450796579,0.15083015714227727,0
leave_model_out,gpu_mlp,205,DEAP,valence,relative_power,gpu_mlp,20260829,0.5,-0.0011874478317897997,0,0.0736896316137923,0.15083015714227727,0
leave_model_out,gpu_mlp,206,DEAP,valence,relative_power,gpu_mlp,20260829,0.75,-0.0061359751977422515,0,0.09836243745040953,0.15083015714227727,0
leave_model_out,gpu_mlp,207,DEAP,valence,relative_power,gpu_mlp,20260829,1.0,-0.0020221391947216,0,0.12296272080361391,0.15083015714227727,0
leave_model_out,gpu_mlp,208,DEAP,valence,relative_power,gpu_mlp,20260911,0.25,0.0011725426288804013,0,0.06439804365347082,0.15083015714227727,0
leave_model_out,gpu_mlp,209,DEAP,valence,relative_power,gpu_mlp,20260911,0.5,0.0086400492865376,0,0.07710791639869263,0.15083015714227727,0
leave_model_out,gpu_mlp,210,DEAP,valence,relative_power,gpu_mlp,20260911,0.75,0.0090573949680035,0,0.08850516589645173,0.15083015714227727,0
leave_model_out,gpu_mlp,211,DEAP,valence,relative_power,gpu_mlp,20260911,1.0,0.0127986008982869,0,0.11487072678912776,0.15083015714227727,0
leave_model_out,gpu_mlp,212,DEAP,valence,relative_power,gpu_mlp,20260923,0.25,0.0165249016256607,0,0.06362423051834568,0.15083015714227727,0
leave_model_out,gpu_mlp,213,DEAP,valence,relative_power,gpu_mlp,20260923,0.5,0.0302078778965778,1,0.09422306674634602,0.15083015714227727,0
leave_model_out,gpu_mlp,214,DEAP,valence,relative_power,gpu_mlp,20260923,0.75,0.0041436464088397,0,0.10546942908830625,0.15083015714227727,0
leave_model_out,gpu_mlp,215,DEAP,valence,relative_power,gpu_mlp,20260923,1.0,0.002394769267459,0,0.1264639897328604,0.15083015714227727,0
leave_model_out,gpu_mlp,216,DEAP,valence,relative_power,gpu_mlp,20261007,0.25,0.0109056401287809,0,0.06910262712523292,0.15083015714227727,0
leave_model_out,gpu_mlp,217,DEAP,valence,relative_power,gpu_mlp,20261007,0.5,0.012495528439127199,0,0.08360649470707998,0.15083015714227727,0
leave_model_out,gpu_mlp,218,DEAP,valence,relative_power,gpu_mlp,20261007,0.75,0.024186175921141598,1,0.1102369191267614,0.15083015714227727,0
leave_model_out,gpu_mlp,219,DEAP,valence,relative_power,gpu_mlp,20261007,1.0,0.0100709487658493,0,0.13280720695762543,0.15083015714227727,0
leave_model_out,gpu_mlp,240,MAHNOB-HCI,arousal,all,gpu_mlp,20260813,0.25,0.0121415189508574,0,0.17440039658963669,0.15083015714227727,1
leave_model_out,gpu_mlp,241,MAHNOB-HCI,arousal,all,gpu_mlp,20260813,0.5,0.0175097276264592,0,0.306173356730693,0.15083015714227727,1
leave_model_out,gpu_mlp,242,MAHNOB-HCI,arousal,all,gpu_mlp,20260813,0.75,0.023065283182014697,1,0.5167172282812135,0.15083015714227727,1
leave_model_out,gpu_mlp,243,MAHNOB-HCI,arousal,all,gpu_mlp,20260813,1.0,0.032418215881250795,1,0.7045031125011935,0.15083015714227727,1
leave_model_out,gpu_mlp,244,MAHNOB-HCI,arousal,all,gpu_mlp,20260829,0.25,-0.0207450641302782,0,0.20712386334935776,0.15083015714227727,1
leave_model_out,gpu_mlp,245,MAHNOB-HCI,arousal,all,gpu_mlp,20260829,0.5,-0.007969448047269102,0,0.35532037628801555,0.15083015714227727,1
leave_model_out,gpu_mlp,246,MAHNOB-HCI,arousal,all,gpu_mlp,20260829,0.75,0.0380674448767833,1,0.5197956309769414,0.15083015714227727,1
leave_model_out,gpu_mlp,247,MAHNOB-HCI,arousal,all,gpu_mlp,20260829,1.0,0.011766825190949702,0,0.7265657496431113,0.15083015714227727,1
leave_model_out,gpu_mlp,248,MAHNOB-HCI,arousal,all,gpu_mlp,20260911,0.25,0.006211269635394199,0,0.22516624298819085,0.15083015714227727,1
leave_model_out,gpu_mlp,249,MAHNOB-HCI,arousal,all,gpu_mlp,20260911,0.5,0.022596915982129998,1,0.40021075900615594,0.15083015714227727,1
leave_model_out,gpu_mlp,250,MAHNOB-HCI,arousal,all,gpu_mlp,20260911,0.75,0.009352932699236299,0,0.5772118785173701,0.15083015714227727,1
leave_model_out,gpu_mlp,251,MAHNOB-HCI,arousal,all,gpu_mlp,20260911,1.0,0.0211197578901859,1,0.7481073590964991,0.15083015714227727,1
leave_model_out,gpu_mlp,252,MAHNOB-HCI,arousal,all,gpu_mlp,20260923,0.25,0.028714512177547197,1,0.2122911132422144,0.15083015714227727,1
leave_model_out,gpu_mlp,253,MAHNOB-HCI,arousal,all,gpu_mlp,20260923,0.5,0.0455685257241679,1,0.31624948553007454,0.15083015714227727,1
leave_model_out,gpu_mlp,254,MAHNOB-HCI,arousal,all,gpu_mlp,20260923,0.75,0.06455541144257111,1,0.542919176809479,0.15083015714227727,1
leave_model_out,gpu_mlp,255,MAHNOB-HCI,arousal,all,gpu_mlp,20260923,1.0,0.0276841043378009,1,0.6957798472870313,0.15083015714227727,1
leave_model_out,gpu_mlp,256,MAHNOB-HCI,arousal,all,gpu_mlp,20261007,0.25,0.0400129701686121,1,0.1923305384150359,0.15083015714227727,1
leave_model_out,gpu_mlp,257,MAHNOB-HCI,arousal,all,gpu_mlp,20261007,0.5,0.0420521689004178,1,0.3469472261624744,0.15083015714227727,1
leave_model_out,gpu_mlp,258,MAHNOB-HCI,arousal,all,gpu_mlp,20261007,0.75,0.0263006196858336,1,0.5672702679132,0.15083015714227727,1
leave_model_out,gpu_mlp,259,MAHNOB-HCI,arousal,all,gpu_mlp,20261007,1.0,0.0151895085747226,0,0.7253281278002771,0.15083015714227727,1
leave_model_out,gpu_mlp,280,MAHNOB-HCI,arousal,normalized_asymmetry,gpu_mlp,20260813,0.25,0.0011024643320363021,0,0.10753916876739134,0.15083015714227727,0
leave_model_out,gpu_mlp,281,MAHNOB-HCI,arousal,normalized_asymmetry,gpu_mlp,20260813,0.5,-0.000374693759907601,0,0.16514077624977644,0.15083015714227727,1
leave_model_out,gpu_mlp,282,MAHNOB-HCI,arousal,normalized_asymmetry,gpu_mlp,20260813,0.75,0.0011024643320363021,0,0.27581141402547144,0.15083015714227727,1
leave_model_out,gpu_mlp,283,MAHNOB-HCI,arousal,normalized_asymmetry,gpu_mlp,20260813,1.0,0.0242614209540279,1,0.3976410001517148,0.15083015714227727,1
leave_model_out,gpu_mlp,284,MAHNOB-HCI,arousal,normalized_asymmetry,gpu_mlp,20260829,0.25,0.020557717250324202,1,0.12513477229227163,0.15083015714227727,0
leave_model_out,gpu_mlp,285,MAHNOB-HCI,arousal,normalized_asymmetry,gpu_mlp,20260829,0.5,0.0289955324974779,1,0.1883251479429475,0.15083015714227727,1
leave_model_out,gpu_mlp,286,MAHNOB-HCI,arousal,normalized_asymmetry,gpu_mlp,20260829,0.75,0.0190805591583801,0,0.2603043690408623,0.15083015714227727,1
leave_model_out,gpu_mlp,287,MAHNOB-HCI,arousal,normalized_asymmetry,gpu_mlp,20260829,1.0,0.0397319498486813,1,0.3982900315713939,0.15083015714227727,1
leave_model_out,gpu_mlp,288,MAHNOB-HCI,arousal,normalized_asymmetry,gpu_mlp,20260911,0.25,0.0092592592592592,0,0.13897568197519544,0.15083015714227727,0
leave_model_out,gpu_mlp,289,MAHNOB-HCI,arousal,normalized_asymmetry,gpu_mlp,20260911,0.5,0.0408344141807176,1,0.22208668755740127,0.15083015714227727,1
leave_model_out,gpu_mlp,290,MAHNOB-HCI,arousal,normalized_asymmetry,gpu_mlp,20260911,0.75,0.0496469231877792,1,0.31216415564222355,0.15083015714227727,1
leave_model_out,gpu_mlp,291,MAHNOB-HCI,arousal,normalized_asymmetry,gpu_mlp,20260911,1.0,0.0433419801124081,1,0.43030378976102274,0.15083015714227727,1
leave_model_out,gpu_mlp,292,MAHNOB-HCI,arousal,normalized_asymmetry,gpu_mlp,20260923,0.25,0.029816976509583502,1,0.13493443337284755,0.15083015714227727,0
leave_model_out,gpu_mlp,293,MAHNOB-HCI,arousal,normalized_asymmetry,gpu_mlp,20260923,0.5,0.049272229427871406,1,0.17463652087784753,0.15083015714227727,1
leave_model_out,gpu_mlp,294,MAHNOB-HCI,arousal,normalized_asymmetry,gpu_mlp,20260923,0.75,0.051217754719700206,1,0.30221333047448035,0.15083015714227727,1
leave_model_out,gpu_mlp,295,MAHNOB-HCI,arousal,normalized_asymmetry,gpu_mlp,20260923,1.0,0.0383484651967141,1,0.3959135917271602,0.15083015714227727,1
leave_model_out,gpu_mlp,296,MAHNOB-HCI,arousal,normalized_asymmetry,gpu_mlp,20261007,0.25,0.025198155353797304,1,0.1152702900746458,0.15083015714227727,0
leave_model_out,gpu_mlp,297,MAHNOB-HCI,arousal,normalized_asymmetry,gpu_mlp,20261007,0.5,0.0235336503818993,1,0.18342646450483147,0.15083015714227727,1
leave_model_out,gpu_mlp,298,MAHNOB-HCI,arousal,normalized_asymmetry,gpu_mlp,20261007,0.75,0.009352932699236101,0,0.2998966325202107,0.15083015714227727,1
leave_model_out,gpu_mlp,299,MAHNOB-HCI,arousal,normalized_asymmetry,gpu_mlp,20261007,1.0,-0.006939040207522699,0,0.3998415615787178,0.15083015714227727,1
leave_model_out,gpu_mlp,320,MAHNOB-HCI,arousal,relative_power,gpu_mlp,20260813,0.25,0.0207450641302781,1,0.10572566666542932,0.15083015714227727,0
leave_model_out,gpu_mlp,321,MAHNOB-HCI,arousal,relative_power,gpu_mlp,20260813,0.5,0.007782101167315099,0,0.16142330866748714,0.15083015714227727,1
leave_model_out,gpu_mlp,322,MAHNOB-HCI,arousal,relative_power,gpu_mlp,20260813,0.75,-0.001008790892059401,0,0.26887462511013305,0.15083015714227727,1
leave_model_out,gpu_mlp,323,MAHNOB-HCI,arousal,relative_power,gpu_mlp,20260813,1.0,0.005836575875486298,0,0.38725815809142283,0.15083015714227727,1
leave_model_out,gpu_mlp,324,MAHNOB-HCI,arousal,relative_power,gpu_mlp,20260829,0.25,0.0296512465773165,1,0.12625804944490007,0.15083015714227727,0
leave_model_out,gpu_mlp,325,MAHNOB-HCI,arousal,relative_power,gpu_mlp,20260829,0.5,0.0101023202190516,0,0.1905796985999652,0.15083015714227727,1
leave_model_out,gpu_mlp,326,MAHNOB-HCI,arousal,relative_power,gpu_mlp,20260829,0.75,0.0382547917567372,1,0.26399242633650233,0.15083015714227727,1
leave_model_out,gpu_mlp,327,MAHNOB-HCI,arousal,relative_power,gpu_mlp,20260829,1.0,0.0540063409713214,1,0.4039557162718731,0.15083015714227727,1
leave_model_out,gpu_mlp,328,MAHNOB-HCI,arousal,relative_power,gpu_mlp,20260911,0.25,-0.029629629629629402,0,0.13726900443024387,0.15083015714227727,0
leave_model_out,gpu_mlp,329,MAHNOB-HCI,arousal,relative_power,gpu_mlp,20260911,0.5,-0.0230652831820145,0,0.21853124714937394,0.15083015714227727,1
leave_model_out,gpu_mlp,330,MAHNOB-HCI,arousal,relative_power,gpu_mlp,20260911,0.75,0.0035163568237499988,0,0.30642768617913096,0.15083015714227727,1
leave_model_out,gpu_mlp,331,MAHNOB-HCI,arousal,relative_power,gpu_mlp,20260911,1.0,-0.0017581784118748008,0,0.4221402113247085,0.15083015714227727,1
leave_model_out,gpu_mlp,332,MAHNOB-HCI,arousal,relative_power,gpu_mlp,20260923,0.25,0.0285271652975931,1,0.13245113963966446,0.15083015714227727,0
leave_model_out,gpu_mlp,333,MAHNOB-HCI,arousal,relative_power,gpu_mlp,20260923,0.5,0.0365902867848392,1,0.17026063018080367,0.15083015714227727,1
leave_model_out,gpu_mlp,334,MAHNOB-HCI,arousal,relative_power,gpu_mlp,20260923,0.75,0.0419584954604408,1,0.29393716955675997,0.15083015714227727,1
leave_model_out,gpu_mlp,335,MAHNOB-HCI,arousal,relative_power,gpu_mlp,20260923,1.0,0.0266753134457414,1,0.3842551958693612,0.15083015714227727,1
leave_model_out,gpu_mlp,336,MAHNOB-HCI,arousal,relative_power,gpu_mlp,20261007,0.25,-0.0073137339674305,0,0.11620820106081937,0.15083015714227727,0
leave_model_out,gpu_mlp,337,MAHNOB-HCI,arousal,relative_power,gpu_mlp,20261007,0.5,0.0151895085747226,0,0.18539391207022546,0.15083015714227727,1
leave_model_out,gpu_mlp,338,MAHNOB-HCI,arousal,relative_power,gpu_mlp,20261007,0.75,0.0138060239227554,0,0.3034774517396985,0.15083015714227727,1
leave_model_out,gpu_mlp,339,MAHNOB-HCI,arousal,relative_power,gpu_mlp,20261007,1.0,0.007594754287361304,0,0.40487397268983777,0.15083015714227727,1
leave_model_out,gpu_mlp,360,MAHNOB-HCI,valence,all,gpu_mlp,20260813,0.25,-0.0031431475029035996,0,0.11121767257606727,0.15083015714227727,0
leave_model_out,gpu_mlp,361,MAHNOB-HCI,valence,all,gpu_mlp,20260813,0.5,0.0149245063879208,0,0.20431835377265217,0.15083015714227727,1
leave_model_out,gpu_mlp,362,MAHNOB-HCI,valence,all,gpu_mlp,20260813,0.75,0.0068960511033681,0,0.2772432401993782,0.15083015714227727,1
leave_model_out,gpu_mlp,363,MAHNOB-HCI,valence,all,gpu_mlp,20260813,1.0,0.0076146922183506,0,0.4436417297518698,0.15083015714227727,1
leave_model_out,gpu_mlp,364,MAHNOB-HCI,valence,all,gpu_mlp,20260829,0.25,-0.0114401858304298,0,0.1106862047734458,0.15083015714227727,0
leave_model_out,gpu_mlp,365,MAHNOB-HCI,valence,all,gpu_mlp,20260829,0.5,0.008369628339140497,0,0.1782076374411773,0.15083015714227727,1
leave_model_out,gpu_mlp,366,MAHNOB-HCI,valence,all,gpu_mlp,20260829,0.75,0.0024608013937282014,0,0.26348950309844615,0.15083015714227727,1
leave_model_out,gpu_mlp,367,MAHNOB-HCI,valence,all,gpu_mlp,20260829,1.0,0.002424506387921098,0,0.37144388954180224,0.15083015714227727,1
leave_model_out,gpu_mlp,368,MAHNOB-HCI,valence,all,gpu_mlp,20260911,0.25,0.0271196283391404,1,0.10183186067010414,0.15083015714227727,0
leave_model_out,gpu_mlp,369,MAHNOB-HCI,valence,all,gpu_mlp,20260911,0.5,0.0326509872241579,1,0.20515737524964064,0.15083015714227727,1
leave_model_out,gpu_mlp,370,MAHNOB-HCI,valence,all,gpu_mlp,20260911,0.75,0.023635307781649302,1,0.27258139362905204,0.15083015714227727,1
leave_model_out,gpu_mlp,371,MAHNOB-HCI,valence,all,gpu_mlp,20260911,1.0,0.0114764808362369,0,0.41110525309639573,0.15083015714227727,1
leave_model_out,gpu_mlp,372,MAHNOB-HCI,valence,all,gpu_mlp,20260923,0.25,-0.0045078397212543996,0,0.11823884897980479,0.15083015714227727,0
leave_model_out,gpu_mlp,373,MAHNOB-HCI,valence,all,gpu_mlp,20260923,0.5,0.005872531939605099,0,0.178282740564619,0.15083015714227727,1
leave_model_out,gpu_mlp,374,MAHNOB-HCI,valence,all,gpu_mlp,20260923,0.75,0.014924506387921001,0,0.26850274937664775,0.15083015714227727,1
leave_model_out,gpu_mlp,375,MAHNOB-HCI,valence,all,gpu_mlp,20260923,1.0,0.018372531939605103,0,0.3489320669235561,0.15083015714227727,1
leave_model_out,gpu_mlp,376,MAHNOB-HCI,valence,all,gpu_mlp,20261007,0.25,-0.028520615563298497,0,0.08896646679925478,0.15083015714227727,0
leave_model_out,gpu_mlp,377,MAHNOB-HCI,valence,all,gpu_mlp,20261007,0.5,-0.0292029616724739,0,0.18041684571671243,0.15083015714227727,1
leave_model_out,gpu_mlp,378,MAHNOB-HCI,valence,all,gpu_mlp,20261007,0.75,-0.0365127758420441,0,0.2077712660690443,0.15083015714227727,1
leave_model_out,gpu_mlp,379,MAHNOB-HCI,valence,all,gpu_mlp,20261007,1.0,-0.0159843205574914,0,0.3671388718455839,0.15083015714227727,1
leave_model_out,gpu_mlp,400,MAHNOB-HCI,valence,normalized_asymmetry,gpu_mlp,20260813,0.25,-0.0181039488966317,0,0.07065400212079428,0.15083015714227727,0
leave_model_out,gpu_mlp,401,MAHNOB-HCI,valence,normalized_asymmetry,gpu_mlp,20260813,0.5,-0.0055313588850174,0,0.11551837823919982,0.15083015714227727,0
leave_model_out,gpu_mlp,402,MAHNOB-HCI,valence,normalized_asymmetry,gpu_mlp,20260813,0.75,0.006286295005807199,0,0.14110436412467406,0.15083015714227727,0
leave_model_out,gpu_mlp,403,MAHNOB-HCI,valence,normalized_asymmetry,gpu_mlp,20260813,1.0,-0.0034480255516841,0,0.22112245981844647,0.15083015714227727,1
leave_model_out,gpu_mlp,404,MAHNOB-HCI,valence,normalized_asymmetry,gpu_mlp,20260829,0.25,-0.011171602787456499,0,0.0681968682581163,0.15083015714227727,0
leave_model_out,gpu_mlp,405,MAHNOB-HCI,valence,normalized_asymmetry,gpu_mlp,20260829,0.5,-0.026437282229964998,0,0.09520841850378424,0.15083015714227727,0
leave_model_out,gpu_mlp,406,MAHNOB-HCI,valence,normalized_asymmetry,gpu_mlp,20260829,0.75,-0.0034843205574912987,0,0.12524064750163072,0.15083015714227727,0
leave_model_out,gpu_mlp,407,MAHNOB-HCI,valence,normalized_asymmetry,gpu_mlp,20260829,1.0,-0.008028455284552899,0,0.16374665531788135,0.15083015714227727,1
leave_model_out,gpu_mlp,408,MAHNOB-HCI,valence,normalized_asymmetry,gpu_mlp,20260911,0.25,0.0090519744483159,0,0.0635290963908282,0.15083015714227727,0
leave_model_out,gpu_mlp,409,MAHNOB-HCI,valence,normalized_asymmetry,gpu_mlp,20260911,0.5,-0.0080284552845528,0,0.11380960857092765,0.15083015714227727,0
leave_model_out,gpu_mlp,410,MAHNOB-HCI,valence,normalized_asymmetry,gpu_mlp,20260911,0.75,0.00625,0,0.13631177015134763,0.15083015714227727,0
leave_model_out,gpu_mlp,411,MAHNOB-HCI,valence,normalized_asymmetry,gpu_mlp,20260911,1.0,-0.0125725900116143,0,0.19335721548625973,0.15083015714227727,1
leave_model_out,gpu_mlp,412,MAHNOB-HCI,valence,normalized_asymmetry,gpu_mlp,20260923,0.25,0.0493902439024389,1,0.07704121390480564,0.15083015714227727,0
leave_model_out,gpu_mlp,413,MAHNOB-HCI,valence,normalized_asymmetry,gpu_mlp,20260923,0.5,0.0417029616724737,1,0.10311360819016258,0.15083015714227727,0
leave_model_out,gpu_mlp,414,MAHNOB-HCI,valence,normalized_asymmetry,gpu_mlp,20260923,0.75,0.0368902439024389,1,0.14246562329554102,0.15083015714227727,0
leave_model_out,gpu_mlp,415,MAHNOB-HCI,valence,normalized_asymmetry,gpu_mlp,20260923,1.0,0.0598432055749128,1,0.1705432800671546,0.15083015714227727,1
leave_model_out,gpu_mlp,416,MAHNOB-HCI,valence,normalized_asymmetry,gpu_mlp,20261007,0.25,-0.0229166666666666,0,0.05462128947092975,0.15083015714227727,0
leave_model_out,gpu_mlp,417,MAHNOB-HCI,valence,normalized_asymmetry,gpu_mlp,20261007,0.5,0.0006823461091754017,0,0.09803943646635112,0.15083015714227727,0
leave_model_out,gpu_mlp,418,MAHNOB-HCI,valence,normalized_asymmetry,gpu_mlp,20261007,0.75,-0.0204921602787456,0,0.09830178426685662,0.15083015714227727,0
leave_model_out,gpu_mlp,419,MAHNOB-HCI,valence,normalized_asymmetry,gpu_mlp,20261007,1.0,-0.0271196283391405,0,0.16645314226899124,0.15083015714227727,1
leave_model_out,gpu_mlp,440,MAHNOB-HCI,valence,relative_power,gpu_mlp,20260813,0.25,0.006591173054587701,0,0.06955237871411153,0.15083015714227727,0
leave_model_out,gpu_mlp,441,MAHNOB-HCI,valence,relative_power,gpu_mlp,20260813,0.5,0.002693089430894302,0,0.11319645638998012,0.15083015714227727,0
leave_model_out,gpu_mlp,442,MAHNOB-HCI,valence,relative_power,gpu_mlp,20260813,0.75,0.0037529036004644994,0,0.13765506946996886,0.15083015714227727,0
leave_model_out,gpu_mlp,443,MAHNOB-HCI,valence,relative_power,gpu_mlp,20260813,1.0,-0.0024970963995353986,0,0.2151495428707286,0.15083015714227727,1
leave_model_out,gpu_mlp,444,MAHNOB-HCI,valence,relative_power,gpu_mlp,20260829,0.25,-0.0125362950058072,0,0.06877167410428495,0.15083015714227727,0
leave_model_out,gpu_mlp,445,MAHNOB-HCI,valence,relative_power,gpu_mlp,20260829,0.5,0.009051974448316,0,0.09627072286179271,0.15083015714227727,0
leave_model_out,gpu_mlp,446,MAHNOB-HCI,valence,relative_power,gpu_mlp,20260829,0.75,-0.004812717770034801,0,0.12695316201955711,0.15083015714227727,0
leave_model_out,gpu_mlp,447,MAHNOB-HCI,valence,relative_power,gpu_mlp,20260829,1.0,-0.0198461091753774,0,0.1663295874679679,0.15083015714227727,1
leave_model_out,gpu_mlp,448,MAHNOB-HCI,valence,relative_power,gpu_mlp,20260911,0.25,0.007346109175377501,0,0.06278818491044018,0.15083015714227727,0
leave_model_out,gpu_mlp,449,MAHNOB-HCI,valence,relative_power,gpu_mlp,20260911,0.5,0.0055676538908246,0,0.1121043572662425,0.15083015714227727,0
leave_model_out,gpu_mlp,450,MAHNOB-HCI,valence,relative_power,gpu_mlp,20260911,0.75,-0.0013646922183508,0,0.13384866703762052,0.15083015714227727,0
leave_model_out,gpu_mlp,451,MAHNOB-HCI,valence,relative_power,gpu_mlp,20260911,1.0,0.001096109175377398,0,0.18932472105482387,0.15083015714227727,1
leave_model_out,gpu_mlp,452,MAHNOB-HCI,valence,relative_power,gpu_mlp,20260923,0.25,-0.004849012775842099,0,0.07572994588501825,0.15083015714227727,0
leave_model_out,gpu_mlp,453,MAHNOB-HCI,valence,relative_power,gpu_mlp,20260923,0.5,-0.0003411730545877026,0,0.10083338639411096,0.15083015714227727,0
leave_model_out,gpu_mlp,454,MAHNOB-HCI,valence,relative_power,gpu_mlp,20260923,0.75,0.003520615563298496,0,0.13871031641351833,0.15083015714227727,0
leave_model_out,gpu_mlp,455,MAHNOB-HCI,valence,relative_power,gpu_mlp,20260923,1.0,0.0010235191637631008,0,0.16529501395788138,0.15083015714227727,1
leave_model_out,gpu_mlp,456,MAHNOB-HCI,valence,relative_power,gpu_mlp,20261007,0.25,-0.0305313588850174,0,0.05503460128437839,0.15083015714227727,0
leave_model_out,gpu_mlp,457,MAHNOB-HCI,valence,relative_power,gpu_mlp,20261007,0.5,-0.004885307781649202,0,0.09899180192619421,0.15083015714227727,0
leave_model_out,gpu_mlp,458,MAHNOB-HCI,valence,relative_power,gpu_mlp,20261007,0.75,-0.01875,0,0.09949055003418826,0.15083015714227727,0
leave_model_out,gpu_mlp,459,MAHNOB-HCI,valence,relative_power,gpu_mlp,20261007,1.0,0.0055676538908246975,0,0.16871388809712204,0.15083015714227727,1
leave_model_out,linear_logistic,20,DEAP,arousal,all,linear_logistic,20260813,0.25,0.007294429708222798,0,0.33211248004651983,0.2711698797291079,1
leave_model_out,linear_logistic,21,DEAP,arousal,all,linear_logistic,20260813,0.5,0.026038567437544603,1,0.3441984584574645,0.2711698797291079,1
leave_model_out,linear_logistic,22,DEAP,arousal,all,linear_logistic,20260813,0.75,0.0202922814696775,1,0.34437662214058007,0.2711698797291079,1
leave_model_out,linear_logistic,23,DEAP,arousal,all,linear_logistic,20260813,1.0,0.016114310496112,0,0.4033634446531053,0.2711698797291079,1
leave_model_out,linear_logistic,24,DEAP,arousal,all,linear_logistic,20260829,0.25,0.013771923631632398,0,0.3963944145584232,0.2711698797291079,1
leave_model_out,linear_logistic,25,DEAP,arousal,all,linear_logistic,20260829,0.5,0.0054159816845014,0,0.4791886027462175,0.2711698797291079,1
leave_model_out,linear_logistic,26,DEAP,arousal,all,linear_logistic,20260829,0.75,0.022392613286804898,1,0.514632650000227,0.2711698797291079,1
leave_model_out,linear_logistic,27,DEAP,arousal,all,linear_logistic,20260829,1.0,0.0183255842099423,0,0.6256278862074156,0.2711698797291079,1
leave_model_out,linear_logistic,28,DEAP,arousal,all,linear_logistic,20260911,0.25,0.007581870076953497,0,0.2772597433709126,0.2711698797291079,1
leave_model_out,linear_logistic,29,DEAP,arousal,all,linear_logistic,20260911,0.5,0.0087316315518755,0,0.44000536087510567,0.2711698797291079,1
leave_model_out,linear_logistic,30,DEAP,arousal,all,linear_logistic,20260911,0.75,0.0199165918649334,0,0.5086699631224608,0.2711698797291079,1
leave_model_out,linear_logistic,31,DEAP,arousal,all,linear_logistic,20260911,1.0,0.0024533287611826007,0,0.5377353053369156,0.2711698797291079,1
leave_model_out,linear_logistic,32,DEAP,arousal,all,linear_logistic,20260923,0.25,0.006653992395437201,0,0.2809308071111377,0.2711698797291079,1
leave_model_out,linear_logistic,33,DEAP,arousal,all,linear_logistic,20260923,0.5,0.00039838226543350425,0,0.3312996687910115,0.2711698797291079,1
leave_model_out,linear_logistic,34,DEAP,arousal,all,linear_logistic,20260923,0.75,0.0161596958174905,0,0.4532763601362021,0.2711698797291079,1
leave_model_out,linear_logistic,35,DEAP,arousal,all,linear_logistic,20260923,1.0,0.0168228257909653,0,0.3872126558394932,0.2711698797291079,1
leave_model_out,linear_logistic,36,DEAP,arousal,all,linear_logistic,20261007,0.25,-0.0006858226341640988,0,0.4376846748100903,0.2711698797291079,1
leave_model_out,linear_logistic,37,DEAP,arousal,all,linear_logistic,20261007,0.5,0.012886909864751703,0,0.4455756437655947,0.2711698797291079,1
leave_model_out,linear_logistic,38,DEAP,arousal,all,linear_logistic,20261007,0.75,0.0216412340773163,1,0.5000606023651633,0.2711698797291079,1
leave_model_out,linear_logistic,39,DEAP,arousal,all,linear_logistic,20261007,1.0,0.003005516837954199,0,0.5535904050939583,0.2711698797291079,1
leave_model_out,linear_logistic,60,DEAP,arousal,normalized_asymmetry,linear_logistic,20260813,0.25,0.014611552077135,0,0.23915436873119672,0.2711698797291079,0
leave_model_out,linear_logistic,61,DEAP,arousal,normalized_asymmetry,linear_logistic,20260813,0.5,0.026527720345735396,1,0.24522317553939244,0.2711698797291079,0
leave_model_out,linear_logistic,62,DEAP,arousal,normalized_asymmetry,linear_logistic,20260813,0.75,0.0263285292130186,1,0.24158094898800017,0.2711698797291079,0
leave_model_out,linear_logistic,63,DEAP,arousal,normalized_asymmetry,linear_logistic,20260813,1.0,0.0370495506853185,1,0.28645450438279163,0.2711698797291079,1
leave_model_out,linear_logistic,64,DEAP,arousal,normalized_asymmetry,linear_logistic,20260829,0.25,0.0012153180502467026,0,0.29371276420602854,0.2711698797291079,1
leave_model_out,linear_logistic,65,DEAP,arousal,normalized_asymmetry,linear_logistic,20260829,0.5,0.015274682050609799,0,0.363013440870021,0.2711698797291079,1
leave_model_out,linear_logistic,66,DEAP,arousal,normalized_asymmetry,linear_logistic,20260829,0.75,0.00017649847202760166,0,0.3911760624460363,0.2711698797291079,1
leave_model_out,linear_logistic,67,DEAP,arousal,normalized_asymmetry,linear_logistic,20260829,1.0,0.006278302790693004,0,0.4975925149410392,0.2711698797291079,1
leave_model_out,linear_logistic,68,DEAP,arousal,normalized_asymmetry,linear_logistic,20260911,0.25,-0.007781061209670101,0,0.19398802730502715,0.2711698797291079,0
leave_model_out,linear_logistic,69,DEAP,arousal,normalized_asymmetry,linear_logistic,20260911,0.5,-0.0017901987877076003,0,0.32527541514706265,0.2711698797291079,1
leave_model_out,linear_logistic,70,DEAP,arousal,normalized_asymmetry,linear_logistic,20260911,0.75,0.006477493923409797,0,0.3832067081627597,0.2711698797291079,1
leave_model_out,linear_logistic,71,DEAP,arousal,normalized_asymmetry,linear_logistic,20260911,1.0,0.007516313501628898,0,0.40568921780741996,0.2711698797291079,1
leave_model_out,linear_logistic,72,DEAP,arousal,normalized_asymmetry,linear_logistic,20260923,0.25,0.0045536605783098,0,0.19822675852054128,0.2711698797291079,0
leave_model_out,linear_logistic,73,DEAP,arousal,normalized_asymmetry,linear_logistic,20260923,0.5,0.0064548012627204995,0,0.23491792966110425,0.2711698797291079,0
leave_model_out,linear_logistic,74,DEAP,arousal,normalized_asymmetry,linear_logistic,20260923,0.75,0.008842573448578401,0,0.33482306302359477,0.2711698797291079,1
leave_model_out,linear_logistic,75,DEAP,arousal,normalized_asymmetry,linear_logistic,20260923,1.0,0.024515637764621602,1,0.27303887338847643,0.2711698797291079,1
leave_model_out,linear_logistic,76,DEAP,arousal,normalized_asymmetry,linear_logistic,20261007,0.25,0.00031013302941980056,0,0.32666984555495376,0.2711698797291079,1
leave_model_out,linear_logistic,77,DEAP,arousal,normalized_asymmetry,linear_logistic,20261007,0.5,0.017397706528426298,0,0.3287161639131847,0.2711698797291079,1
leave_model_out,linear_logistic,78,DEAP,arousal,normalized_asymmetry,linear_logistic,20261007,0.75,0.009483010761363899,0,0.37331603093721727,0.2711698797291079,1
leave_model_out,linear_logistic,79,DEAP,arousal,normalized_asymmetry,linear_logistic,20261007,1.0,0.014457746265796701,0,0.4192806416134389,0.2711698797291079,1
leave_model_out,linear_logistic,100,DEAP,arousal,relative_power,linear_logistic,20260813,0.25,-0.0024533287611826007,0,0.23742950676442898,0.2711698797291079,0
leave_model_out,linear_logistic,101,DEAP,arousal,relative_power,linear_logistic,20260813,0.5,0.0056151728172181,0,0.24338865500446508,0.2711698797291079,0
leave_model_out,linear_logistic,102,DEAP,arousal,relative_power,linear_logistic,20260813,0.75,2.2692660689199035e-05,0,0.2396873573752427,0.2711698797291079,0
leave_model_out,linear_logistic,103,DEAP,arousal,relative_power,linear_logistic,20260813,1.0,0.007604562737642498,0,0.28425245596788,0.2711698797291079,1
leave_model_out,linear_logistic,104,DEAP,arousal,relative_power,linear_logistic,20260829,0.25,0.014699801313148702,0,0.29582641175297486,0.2711698797291079,1
leave_model_out,linear_logistic,105,DEAP,arousal,relative_power,linear_logistic,20260829,0.5,-0.005879920525259499,0,0.3654818871129419,0.2711698797291079,1
leave_model_out,linear_logistic,106,DEAP,arousal,relative_power,linear_logistic,20260829,0.75,0.002740769129913001,0,0.39383400119218664,0.2711698797291079,1
leave_model_out,linear_logistic,107,DEAP,arousal,relative_power,linear_logistic,20260829,1.0,0.0135727324989158,0,0.5005028467565005,0.2711698797291079,1
leave_model_out,linear_logistic,108,DEAP,arousal,relative_power,linear_logistic,20260911,0.25,0.0168001331302761,0,0.19558195312287183,0.2711698797291079,0
leave_model_out,linear_logistic,109,DEAP,arousal,relative_power,linear_logistic,20260911,0.5,0.0159378120240844,0,0.3276167516551021,0.2711698797291079,1
leave_model_out,linear_logistic,110,DEAP,arousal,relative_power,linear_logistic,20260911,0.75,0.021353793708586002,1,0.38584106314236827,0.2711698797291079,1
leave_model_out,linear_logistic,111,DEAP,arousal,relative_power,linear_logistic,20260911,1.0,0.025244324313421,1,0.4084937805517345,0.2711698797291079,1
leave_model_out,linear_logistic,112,DEAP,arousal,relative_power,linear_logistic,20260923,0.25,-0.003204707970670899,0,0.2000460188716154,0.2711698797291079,0
leave_model_out,linear_logistic,113,DEAP,arousal,relative_power,linear_logistic,20260923,0.5,-0.001966697259734999,0,0.23706849115879525,0.2711698797291079,0
leave_model_out,linear_logistic,114,DEAP,arousal,relative_power,linear_logistic,20260923,0.75,0.0043998547669716025,0,0.3375994777349646,0.2711698797291079,1
leave_model_out,linear_logistic,115,DEAP,arousal,relative_power,linear_logistic,20260923,1.0,-0.0059681697612732,0,0.2756207049708715,0.2711698797291079,1
leave_model_out,linear_logistic,116,DEAP,arousal,relative_power,linear_logistic,20261007,0.25,-0.0040897217375518,0,0.3325665127328156,0.2711698797291079,1
leave_model_out,linear_logistic,117,DEAP,arousal,relative_power,linear_logistic,20261007,0.5,0.0130861009974685,0,0.33491694621340695,0.2711698797291079,1
leave_model_out,linear_logistic,118,DEAP,arousal,relative_power,linear_logistic,20261007,0.75,0.0157386208913676,0,0.3801856136664917,0.2711698797291079,1
leave_model_out,linear_logistic,119,DEAP,arousal,relative_power,linear_logistic,20261007,1.0,0.012576776835331899,0,0.42673335939442186,0.2711698797291079,1
leave_model_out,linear_logistic,140,DEAP,valence,all,linear_logistic,20260813,0.25,0.013345125004968402,0,0.20617914585523286,0.2711698797291079,0
leave_model_out,linear_logistic,141,DEAP,valence,all,linear_logistic,20260813,0.5,0.005604356293970401,0,0.21213743114564512,0.2711698797291079,0
leave_model_out,linear_logistic,142,DEAP,valence,all,linear_logistic,20260813,0.75,0.0033884494614252,0,0.2463906587107647,0.2711698797291079,0
leave_model_out,linear_logistic,143,DEAP,valence,all,linear_logistic,20260813,1.0,0.0114024802257641,0,0.2502364195498349,0.2711698797291079,0
leave_model_out,linear_logistic,144,DEAP,valence,all,linear_logistic,20260829,0.25,0.0015252990977384995,0,0.1769619373964959,0.2711698797291079,0
leave_model_out,linear_logistic,145,DEAP,valence,all,linear_logistic,20260829,0.5,0.0031151874080846,0,0.13425250420037949,0.2711698797291079,0
leave_model_out,linear_logistic,146,DEAP,valence,all,linear_logistic,20260829,0.75,0.013633292261218802,0,0.19188067165436526,0.2711698797291079,0
leave_model_out,linear_logistic,147,DEAP,valence,all,linear_logistic,20260829,1.0,0.0068414881354586,0,0.21824754294723075,0.2711698797291079,0
leave_model_out,linear_logistic,148,DEAP,valence,all,linear_logistic,20260911,0.25,0.0093157518184346,0,0.14720695286840854,0.2711698797291079,0
leave_model_out,linear_logistic,149,DEAP,valence,all,linear_logistic,20260911,0.5,0.0148555188997971,0,0.1493351004977024,0.2711698797291079,0
leave_model_out,linear_logistic,150,DEAP,valence,all,linear_logistic,20260911,0.75,0.0115316586509796,0,0.1384477830034032,0.2711698797291079,0
leave_model_out,linear_logistic,151,DEAP,valence,all,linear_logistic,20260911,1.0,0.017473866210898602,0,0.17418021643113407,0.2711698797291079,0
leave_model_out,linear_logistic,152,DEAP,valence,all,linear_logistic,20260923,0.25,-0.0011725426288802972,0,0.1364569548446706,0.2711698797291079,0
leave_model_out,linear_logistic,153,DEAP,valence,all,linear_logistic,20260923,0.5,0.007661274295480702,0,0.23177176607675862,0.2711698797291079,0
leave_model_out,linear_logistic,154,DEAP,valence,all,linear_logistic,20260923,0.75,0.012639612067252299,0,0.2000969188525745,0.2711698797291079,0
leave_model_out,linear_logistic,155,DEAP,valence,all,linear_logistic,20260923,1.0,0.015402043006478804,0,0.1985114716329406,0.2711698797291079,0
leave_model_out,linear_logistic,156,DEAP,valence,all,linear_logistic,20261007,0.25,0.0111938073850311,0,0.17250705744062736,0.2711698797291079,0
leave_model_out,linear_logistic,157,DEAP,valence,all,linear_logistic,20261007,0.5,0.0187259032552962,0,0.1788797791202193,0.2711698797291079,0
leave_model_out,linear_logistic,158,DEAP,valence,all,linear_logistic,20261007,0.75,0.0157547994753367,0,0.23428027831722556,0.2711698797291079,0
leave_model_out,linear_logistic,159,DEAP,valence,all,linear_logistic,20261007,1.0,0.0159634723160697,0,0.2440557386747655,0.2711698797291079,0
leave_model_out,linear_logistic,180,DEAP,valence,normalized_asymmetry,linear_logistic,20260813,0.25,-0.0005614293095909991,0,0.14170546282729904,0.2711698797291079,0
leave_model_out,linear_logistic,181,DEAP,valence,normalized_asymmetry,linear_logistic,20260813,0.5,-0.0018631503636869998,0,0.14425397708347604,0.2711698797291079,0
leave_model_out,linear_logistic,182,DEAP,valence,normalized_asymmetry,linear_logistic,20260813,0.75,-0.011144123375332899,0,0.16785440290088063,0.2711698797291079,0
leave_model_out,linear_logistic,183,DEAP,valence,normalized_asymmetry,linear_logistic,20260813,1.0,-0.010165348384276,0,0.1685195973145444,0.2711698797291079,0
leave_model_out,linear_logistic,184,DEAP,valence,normalized_asymmetry,linear_logistic,20260829,0.25,0.0053012838348105995,0,0.12072570153702206,0.2711698797291079,0
leave_model_out,linear_logistic,185,DEAP,valence,normalized_asymmetry,linear_logistic,20260829,0.5,0.019416510990103,0,0.08898569244046957,0.2711698797291079,0
leave_model_out,linear_logistic,186,DEAP,valence,normalized_asymmetry,linear_logistic,20260829,0.75,0.0255177073810565,1,0.1286800597291881,0.2711698797291079,0
leave_model_out,linear_logistic,187,DEAP,valence,normalized_asymmetry,linear_logistic,20260829,1.0,0.0245240271870901,1,0.1461113733203455,0.2711698797291079,0
leave_model_out,linear_logistic,188,DEAP,valence,normalized_asymmetry,linear_logistic,20260911,0.25,0.0042728248340554,0,0.09839184293754934,0.2711698797291079,0
leave_model_out,linear_logistic,189,DEAP,valence,normalized_asymmetry,linear_logistic,20260911,0.5,-0.003130092610994,0,0.09858740477826493,0.2711698797291079,0
leave_model_out,linear_logistic,190,DEAP,valence,normalized_asymmetry,linear_logistic,20260911,0.75,0.0068265829325489,0,0.08984303571838645,0.2711698797291079,0
leave_model_out,linear_logistic,191,DEAP,valence,normalized_asymmetry,linear_logistic,20260911,1.0,-0.004238046027266601,0,0.11316387848871678,0.2711698797291079,0
leave_model_out,linear_logistic,192,DEAP,valence,normalized_asymmetry,linear_logistic,20260923,0.25,0.011884415119837899,0,0.09138258021943789,0.2711698797291079,0
leave_model_out,linear_logistic,193,DEAP,valence,normalized_asymmetry,linear_logistic,20260923,0.5,0.0175384554235066,0,0.15903638097899803,0.2711698797291079,0
leave_model_out,linear_logistic,194,DEAP,valence,normalized_asymmetry,linear_logistic,20260923,0.75,0.010776461703565401,0,0.13385948491470734,0.2711698797291079,0
leave_model_out,linear_logistic,195,DEAP,valence,normalized_asymmetry,linear_logistic,20260923,1.0,0.0063595532413848995,0,0.1308957011973734,0.2711698797291079,0
leave_model_out,linear_logistic,196,DEAP,valence,normalized_asymmetry,linear_logistic,20261007,0.25,-0.002841925354743799,0,0.11580138862262891,0.2711698797291079,0
leave_model_out,linear_logistic,197,DEAP,valence,normalized_asymmetry,linear_logistic,20261007,0.5,-0.004238046027266601,0,0.11881271738990093,0.2711698797291079,0
leave_model_out,linear_logistic,198,DEAP,valence,normalized_asymmetry,linear_logistic,20261007,0.75,0.008272387614770001,0,0.15726327706502138,0.2711698797291079,0
leave_model_out,linear_logistic,199,DEAP,valence,normalized_asymmetry,linear_logistic,20261007,1.0,-0.003482849079852201,0,0.16244972087918294,0.2711698797291079,0
leave_model_out,linear_logistic,220,DEAP,valence,relative_power,linear_logistic,20260813,0.25,0.0092014785961285,0,0.14056759142016986,0.2711698797291079,0
leave_model_out,linear_logistic,221,DEAP,valence,relative_power,linear_logistic,20260813,0.5,-0.0009489645852378999,0,0.14306037968336668,0.2711698797291079,0
leave_model_out,linear_logistic,222,DEAP,valence,relative_power,linear_logistic,20260813,0.75,0.0061011963909534,0,0.16646141754786442,0.2711698797291079,0
leave_model_out,linear_logistic,223,DEAP,valence,relative_power,linear_logistic,20260813,1.0,0.0043026352398743,0,0.167076498989341,0.2711698797291079,0
leave_model_out,linear_logistic,224,DEAP,valence,relative_power,linear_logistic,20260829,0.25,0.017473866210898602,0,0.12178918066882055,0.2711698797291079,0
leave_model_out,linear_logistic,225,DEAP,valence,relative_power,linear_logistic,20260829,0.5,0.010985134544298199,0,0.08982305557333835,0.2711698797291079,0
leave_model_out,linear_logistic,226,DEAP,valence,relative_power,linear_logistic,20260829,0.75,0.0122222663857863,0,0.12986947711214203,0.2711698797291079,0
leave_model_out,linear_logistic,227,DEAP,valence,relative_power,linear_logistic,20260829,1.0,0.0176030446361142,0,0.14747571442108717,0.2711698797291079,0
leave_model_out,linear_logistic,228,DEAP,valence,relative_power,linear_logistic,20260911,0.25,0.006280058825867501,0,0.09928212113125219,0.2711698797291079,0
leave_model_out,linear_logistic,229,DEAP,valence,relative_power,linear_logistic,20260911,0.5,-0.0014607098851306018,0,0.09950786778840078,0.2711698797291079,0
leave_model_out,linear_logistic,230,DEAP,valence,relative_power,linear_logistic,20260911,0.75,-0.0012023530346993022,0,0.09071544979582286,0.2711698797291079,0
leave_model_out,linear_logistic,231,DEAP,valence,relative_power,linear_logistic,20260911,1.0,0.011114312969513797,0,0.11426791432081175,0.2711698797291079,0
leave_model_out,linear_logistic,232,DEAP,valence,relative_power,linear_logistic,20260923,0.25,0.0071147501887992,0,0.09232221352525483,0.2711698797291079,0
leave_model_out,linear_logistic,233,DEAP,valence,relative_power,linear_logistic,20260923,0.5,0.013668071068007399,0,0.16059997735419188,0.2711698797291079,0
leave_model_out,linear_logistic,234,DEAP,valence,relative_power,linear_logistic,20260923,0.75,0.0209269048849318,1,0.13525758511655506,0.2711698797291079,0
leave_model_out,linear_logistic,235,DEAP,valence,relative_power,linear_logistic,20260923,1.0,0.0183731467864382,0,0.13231299194751642,0.2711698797291079,0
leave_model_out,linear_logistic,236,DEAP,valence,relative_power,linear_logistic,20261007,0.25,0.011531658650979802,0,0.11851546150801566,0.2711698797291079,0
leave_model_out,linear_logistic,237,DEAP,valence,relative_power,linear_logistic,20261007,0.5,0.0243153543463571,1,0.1216776684967023,0.2711698797291079,0
leave_model_out,linear_logistic,238,DEAP,valence,relative_power,linear_logistic,20261007,0.75,0.0062800588258675,0,0.16099793783563254,0.2711698797291079,0
leave_model_out,linear_logistic,239,DEAP,valence,relative_power,linear_logistic,20261007,1.0,0.009042489765094,0,0.16640150407109866,0.2711698797291079,0
leave_model_out,linear_logistic,260,MAHNOB-HCI,arousal,all,linear_logistic,20260813,0.25,0.0054618821155786,0,0.3631217873935241,0.2711698797291079,1
leave_model_out,linear_logistic,261,MAHNOB-HCI,arousal,all,linear_logistic,20260813,0.5,0.0016645049718978996,0,0.39196988472008315,0.2711698797291079,1
leave_model_out,linear_logistic,262,MAHNOB-HCI,arousal,all,linear_logistic,20260813,0.75,0.03213719556132,1,0.5502605898268328,0.2711698797291079,1
leave_model_out,linear_logistic,263,MAHNOB-HCI,arousal,all,linear_logistic,20260813,1.0,0.005087188355670701,0,0.603923528161049,0.2711698797291079,1
leave_model_out,linear_logistic,264,MAHNOB-HCI,arousal,all,linear_logistic,20260829,0.25,0.022877936302060697,1,0.5005681582299972,0.2711698797291079,1
leave_model_out,linear_logistic,265,MAHNOB-HCI,arousal,all,linear_logistic,20260829,0.5,0.0110174376711341,0,0.5254051717042036,0.2711698797291079,1
leave_model_out,linear_logistic,266,MAHNOB-HCI,arousal,all,linear_logistic,20260829,0.75,0.052882259691598196,1,0.5075272187379466,0.2711698797291079,1
leave_model_out,linear_logistic,267,MAHNOB-HCI,arousal,all,linear_logistic,20260829,1.0,0.035466205505116,1,0.6313011283393277,0.2711698797291079,1
leave_model_out,linear_logistic,268,MAHNOB-HCI,arousal,all,linear_logistic,20260911,0.25,0.0263006196858336,1,0.5711539019966472,0.2711698797291079,1
leave_model_out,linear_logistic,269,MAHNOB-HCI,arousal,all,linear_logistic,20260911,0.5,0.0315751549214584,1,0.6435417750384187,0.2711698797291079,1
leave_model_out,linear_logistic,270,MAHNOB-HCI,arousal,all,linear_logistic,20260911,0.75,0.0261132728058798,1,0.6530045864022616,0.2711698797291079,1
leave_model_out,linear_logistic,271,MAHNOB-HCI,arousal,all,linear_logistic,20260911,1.0,0.0452875054042368,1,0.674109955091184,0.2711698797291079,1
leave_model_out,linear_logistic,272,MAHNOB-HCI,arousal,all,linear_logistic,20260923,0.25,0.0223158956621992,1,0.5522370713350208,0.2711698797291079,1
leave_model_out,linear_logistic,273,MAHNOB-HCI,arousal,all,linear_logistic,20260923,0.5,0.026394293125810597,1,0.4519779297371473,0.2711698797291079,1
leave_model_out,linear_logistic,274,MAHNOB-HCI,arousal,all,linear_logistic,20260923,0.75,0.033895373973195,1,0.6527560882339333,0.2711698797291079,1
leave_model_out,linear_logistic,275,MAHNOB-HCI,arousal,all,linear_logistic,20260923,1.0,0.0239804006340971,1,0.6251785061180173,0.2711698797291079,1
leave_model_out,linear_logistic,276,MAHNOB-HCI,arousal,all,linear_logistic,20261007,0.25,-0.002601239371667301,0,0.4545755743161601,0.2711698797291079,1
leave_model_out,linear_logistic,277,MAHNOB-HCI,arousal,all,linear_logistic,20261007,0.5,0.0029543161838882,0,0.5397821663767907,0.2711698797291079,1
leave_model_out,linear_logistic,278,MAHNOB-HCI,arousal,all,linear_logistic,20261007,0.75,-0.0021328721717827,0,0.6879851334874602,0.2711698797291079,1
leave_model_out,linear_logistic,279,MAHNOB-HCI,arousal,all,linear_logistic,20261007,1.0,-0.003984724023634501,0,0.6968625633427514,0.2711698797291079,1
leave_model_out,linear_logistic,300,MAHNOB-HCI,arousal,normalized_asymmetry,linear_logistic,20260813,0.25,0.0172287073065284,0,0.24139935430172793,0.2711698797291079,0
leave_model_out,linear_logistic,301,MAHNOB-HCI,arousal,normalized_asymmetry,linear_logistic,20260813,0.5,0.0149084882547918,0,0.253897086807825,0.2711698797291079,0
leave_model_out,linear_logistic,302,MAHNOB-HCI,arousal,normalized_asymmetry,linear_logistic,20260813,0.75,0.0304726905894221,1,0.37982344157890424,0.2711698797291079,1
leave_model_out,linear_logistic,303,MAHNOB-HCI,arousal,normalized_asymmetry,linear_logistic,20260813,1.0,0.01305663640294,0,0.4186275169898909,0.2711698797291079,1
leave_model_out,linear_logistic,304,MAHNOB-HCI,arousal,normalized_asymmetry,linear_logistic,20260829,0.25,0.0246361147139358,1,0.350163340193633,0.2711698797291079,1
leave_model_out,linear_logistic,305,MAHNOB-HCI,arousal,normalized_asymmetry,linear_logistic,20260829,0.5,0.0190805591583803,0,0.3590136902068592,0.2711698797291079,1
leave_model_out,linear_logistic,306,MAHNOB-HCI,arousal,normalized_asymmetry,linear_logistic,20260829,0.75,0.0167603401066437,0,0.32938291931728114,0.2711698797291079,1
leave_model_out,linear_logistic,307,MAHNOB-HCI,arousal,normalized_asymmetry,linear_logistic,20260829,1.0,0.030566364029399197,1,0.4341767871313774,0.2711698797291079,1
leave_model_out,linear_logistic,308,MAHNOB-HCI,arousal,normalized_asymmetry,linear_logistic,20260911,0.25,0.0056492289955326,0,0.42212627141314907,0.2711698797291079,1
leave_model_out,linear_logistic,309,MAHNOB-HCI,arousal,normalized_asymmetry,linear_logistic,20260911,0.5,0.0167603401066437,0,0.48246736600217144,0.2711698797291079,1
leave_model_out,linear_logistic,310,MAHNOB-HCI,arousal,normalized_asymmetry,linear_logistic,20260911,0.75,0.022409569102176195,1,0.47826404253180077,0.2711698797291079,1
leave_model_out,linear_logistic,311,MAHNOB-HCI,arousal,normalized_asymmetry,linear_logistic,20260911,1.0,0.030191670269491398,1,0.4864185541656754,0.2711698797291079,1
leave_model_out,linear_logistic,312,MAHNOB-HCI,arousal,normalized_asymmetry,linear_logistic,20260923,0.25,0.0095402795791901,0,0.4110488795631378,0.2711698797291079,1
leave_model_out,linear_logistic,313,MAHNOB-HCI,arousal,normalized_asymmetry,linear_logistic,20260923,0.5,0.005930249315463303,0,0.30652935011944415,0.2711698797291079,1
leave_model_out,linear_logistic,314,MAHNOB-HCI,arousal,normalized_asymmetry,linear_logistic,20260923,0.75,0.009914973339097903,0,0.488759952533303,0.2711698797291079,1
leave_model_out,linear_logistic,315,MAHNOB-HCI,arousal,normalized_asymmetry,linear_logistic,20260923,1.0,0.002694912811644301,0,0.44516005757438365,0.2711698797291079,1
leave_model_out,linear_logistic,316,MAHNOB-HCI,arousal,normalized_asymmetry,linear_logistic,20261007,0.25,-0.0018518518518518996,0,0.3080579445384337,0.2711698797291079,1
leave_model_out,linear_logistic,317,MAHNOB-HCI,arousal,normalized_asymmetry,linear_logistic,20261007,0.5,0.005742902435509302,0,0.37118695833949333,0.2711698797291079,1
leave_model_out,linear_logistic,318,MAHNOB-HCI,arousal,normalized_asymmetry,linear_logistic,20261007,0.75,-0.0027885862516212993,0,0.511137248760752,0.2711698797291079,1
leave_model_out,linear_logistic,319,MAHNOB-HCI,arousal,normalized_asymmetry,linear_logistic,20261007,1.0,-0.0042657443435654,0,0.5066127851104982,0.2711698797291079,1
leave_model_out,linear_logistic,340,MAHNOB-HCI,arousal,relative_power,linear_logistic,20260813,0.25,0.005742902435509499,0,0.23779620629964077,0.2711698797291079,0
leave_model_out,linear_logistic,341,MAHNOB-HCI,arousal,relative_power,linear_logistic,20260813,0.5,0.0092592592592592,0,0.24981467051448752,0.2711698797291079,0
leave_model_out,linear_logistic,342,MAHNOB-HCI,arousal,relative_power,linear_logistic,20260813,0.75,-0.0057429024355094005,0,0.3743111607769715,0.2711698797291079,1
leave_model_out,linear_logistic,343,MAHNOB-HCI,arousal,relative_power,linear_logistic,20260813,1.0,0.0165729932266897,0,0.412448425487295,0.2711698797291079,1
leave_model_out,linear_logistic,344,MAHNOB-HCI,arousal,relative_power,linear_logistic,20260829,0.25,0.015564202334630496,0,0.35256347233849317,0.2711698797291079,1
leave_model_out,linear_logistic,345,MAHNOB-HCI,arousal,relative_power,linear_logistic,20260829,0.5,0.019455252918288,0,0.3616787585922877,0.2711698797291079,1
leave_model_out,linear_logistic,346,MAHNOB-HCI,arousal,relative_power,linear_logistic,20260829,0.75,0.027237354085603196,1,0.33216675623751274,0.2711698797291079,1
leave_model_out,linear_logistic,347,MAHNOB-HCI,arousal,relative_power,linear_logistic,20260829,1.0,0.019736273238218797,0,0.437525808335261,0.2711698797291079,1
leave_model_out,linear_logistic,348,MAHNOB-HCI,arousal,relative_power,linear_logistic,20260911,0.25,0.0173223807465052,0,0.41855826952221314,0.2711698797291079,1
leave_model_out,linear_logistic,349,MAHNOB-HCI,arousal,relative_power,linear_logistic,20260911,0.5,0.0095402795791899,0,0.4784449463993157,0.2711698797291079,1
leave_model_out,linear_logistic,350,MAHNOB-HCI,arousal,relative_power,linear_logistic,20260911,0.75,0.024355094394004802,1,0.47388989531583875,0.2711698797291079,1
leave_model_out,linear_logistic,351,MAHNOB-HCI,arousal,relative_power,linear_logistic,20260911,1.0,0.0344574146130565,1,0.48166192054442686,0.2711698797291079,1
leave_model_out,linear_logistic,352,MAHNOB-HCI,arousal,relative_power,linear_logistic,20260923,0.25,-0.0044530912235193,0,0.40565548513719163,0.2711698797291079,1
leave_model_out,linear_logistic,353,MAHNOB-HCI,arousal,relative_power,linear_logistic,20260923,0.5,0.005087188355670701,0,0.3013555772600915,0.2711698797291079,1
leave_model_out,linear_logistic,354,MAHNOB-HCI,arousal,relative_power,linear_logistic,20260923,0.75,0.011204784551088004,0,0.482137809278109,0.2711698797291079,1
leave_model_out,linear_logistic,355,MAHNOB-HCI,arousal,relative_power,linear_logistic,20260923,1.0,0.010830090791180198,0,0.4380842316862957,0.2711698797291079,1
leave_model_out,linear_logistic,356,MAHNOB-HCI,arousal,relative_power,linear_logistic,20261007,0.25,0.012775616083008996,0,0.3100926888901295,0.2711698797291079,1
leave_model_out,linear_logistic,357,MAHNOB-HCI,arousal,relative_power,linear_logistic,20261007,0.5,0.007875774607292198,0,0.37362551521102777,0.2711698797291079,1
leave_model_out,linear_logistic,358,MAHNOB-HCI,arousal,relative_power,linear_logistic,20261007,0.75,0.0133376567228707,0,0.5139701769021598,0.2711698797291079,1
leave_model_out,linear_logistic,359,MAHNOB-HCI,arousal,relative_power,linear_logistic,20261007,1.0,0.0326055627612047,1,0.50967383013764,0.2711698797291079,1
leave_model_out,linear_logistic,380,MAHNOB-HCI,valence,all,linear_logistic,20260813,0.25,-0.007004936120789801,0,0.17601770279277573,0.2711698797291079,0
leave_model_out,linear_logistic,381,MAHNOB-HCI,valence,all,linear_logistic,20260813,0.5,0.010757839721254398,0,0.27907777416195106,0.2711698797291079,1
leave_model_out,linear_logistic,382,MAHNOB-HCI,valence,all,linear_logistic,20260813,0.75,0.004471544715447199,0,0.22834961409774374,0.2711698797291079,0
leave_model_out,linear_logistic,383,MAHNOB-HCI,valence,all,linear_logistic,20260813,1.0,-0.0014009872241580006,0,0.3443009718367258,0.2711698797291079,1
leave_model_out,linear_logistic,384,MAHNOB-HCI,valence,all,linear_logistic,20260829,0.25,0.006591173054587701,0,0.17211160539340015,0.2711698797291079,0
leave_model_out,linear_logistic,385,MAHNOB-HCI,valence,all,linear_logistic,20260829,0.5,0.006250000000000002,0,0.18683131316127513,0.2711698797291079,0
leave_model_out,linear_logistic,386,MAHNOB-HCI,valence,all,linear_logistic,20260829,0.75,-0.0031431475029035996,0,0.177720944146533,0.2711698797291079,0
leave_model_out,linear_logistic,387,MAHNOB-HCI,valence,all,linear_logistic,20260829,1.0,0.007237224157955802,0,0.17380243848858318,0.2711698797291079,0
leave_model_out,linear_logistic,388,MAHNOB-HCI,valence,all,linear_logistic,20260911,0.25,0.0323461091753774,1,0.13932457248722965,0.2711698797291079,0
leave_model_out,linear_logistic,389,MAHNOB-HCI,valence,all,linear_logistic,20260911,0.5,0.0465882694541231,1,0.2826874582522497,0.2711698797291079,1
leave_model_out,linear_logistic,390,MAHNOB-HCI,valence,all,linear_logistic,20260911,0.75,0.0381823461091754,1,0.2331584274300806,0.2711698797291079,0
leave_model_out,linear_logistic,391,MAHNOB-HCI,valence,all,linear_logistic,20260911,1.0,0.0357941347270615,1,0.2623022321990377,0.2711698797291079,0
leave_model_out,linear_logistic,392,MAHNOB-HCI,valence,all,linear_logistic,20260923,0.25,0.0270470383275261,1,0.2334239754924897,0.2711698797291079,0
leave_model_out,linear_logistic,393,MAHNOB-HCI,valence,all,linear_logistic,20260923,0.5,0.0249637049941928,1,0.24141584466522786,0.2711698797291079,0
leave_model_out,linear_logistic,394,MAHNOB-HCI,valence,all,linear_logistic,20260923,0.75,0.0472343205574913,1,0.27995716204374044,0.2711698797291079,1
leave_model_out,linear_logistic,395,MAHNOB-HCI,valence,all,linear_logistic,20260923,1.0,0.0332970383275261,1,0.2260568553259666,0.2711698797291079,0
leave_model_out,linear_logistic,396,MAHNOB-HCI,valence,all,linear_logistic,20261007,0.25,0.007992160278745601,0,0.10479339664148749,0.2711698797291079,0
leave_model_out,linear_logistic,397,MAHNOB-HCI,valence,all,linear_logistic,20261007,0.5,0.020869628339140498,1,0.23353440835290656,0.2711698797291079,0
leave_model_out,linear_logistic,398,MAHNOB-HCI,valence,all,linear_logistic,20261007,0.75,0.0096980255516841,0,0.11964757370146711,0.2711698797291079,0
leave_model_out,linear_logistic,399,MAHNOB-HCI,valence,all,linear_logistic,20261007,1.0,0.0037891986062718007,0,0.23998109844786805,0.2711698797291079,0
leave_model_out,linear_logistic,420,MAHNOB-HCI,valence,normalized_asymmetry,linear_logistic,20260813,0.25,-0.0097706155632984,0,0.10791923168233554,0.2711698797291079,0
leave_model_out,linear_logistic,421,MAHNOB-HCI,valence,normalized_asymmetry,linear_logistic,20260813,0.5,0.0010235191637631,0,0.17382867989572182,0.2711698797291079,0
leave_model_out,linear_logistic,422,MAHNOB-HCI,valence,normalized_asymmetry,linear_logistic,20260813,0.75,0.020492160278745702,1,0.13387951703678758,0.2711698797291079,0
leave_model_out,linear_logistic,423,MAHNOB-HCI,valence,normalized_asymmetry,linear_logistic,20260813,1.0,-0.0073098141695701006,0,0.2081149346042876,0.2711698797291079,0
leave_model_out,linear_logistic,424,MAHNOB-HCI,valence,normalized_asymmetry,linear_logistic,20260829,0.25,0.0010235191637631,0,0.10203317710243387,0.2711698797291079,0
leave_model_out,linear_logistic,425,MAHNOB-HCI,valence,normalized_asymmetry,linear_logistic,20260829,0.5,-0.0090882694541231,0,0.10724059771349027,0.2711698797291079,0
leave_model_out,linear_logistic,426,MAHNOB-HCI,valence,normalized_asymmetry,linear_logistic,20260829,0.75,-0.006627468060394901,0,0.09753500457442879,0.2711698797291079,0
leave_model_out,linear_logistic,427,MAHNOB-HCI,valence,normalized_asymmetry,linear_logistic,20260829,1.0,0.0055676538908245,0,0.09148760988439644,0.2711698797291079,0
leave_model_out,linear_logistic,428,MAHNOB-HCI,valence,normalized_asymmetry,linear_logistic,20260911,0.25,0.018140243902439,0,0.08284397227113974,0.2711698797291079,0
leave_model_out,linear_logistic,429,MAHNOB-HCI,valence,normalized_asymmetry,linear_logistic,20260911,0.5,0.0135598141695703,0,0.17404689026041736,0.2711698797291079,0
leave_model_out,linear_logistic,430,MAHNOB-HCI,valence,normalized_asymmetry,linear_logistic,20260911,0.75,0.016666666666666698,0,0.13527169789691285,0.2711698797291079,0
leave_model_out,linear_logistic,431,MAHNOB-HCI,valence,normalized_asymmetry,linear_logistic,20260911,1.0,0.0111716027874564,0,0.148575810021438,0.2711698797291079,0
leave_model_out,linear_logistic,432,MAHNOB-HCI,valence,normalized_asymmetry,linear_logistic,20260923,0.25,0.010075493612079,0,0.14911103322742458,0.2711698797291079,0
leave_model_out,linear_logistic,433,MAHNOB-HCI,valence,normalized_asymmetry,linear_logistic,20260923,0.5,0.0010235191637631,0,0.14999110661534393,0.2711698797291079,0
leave_model_out,linear_logistic,434,MAHNOB-HCI,valence,normalized_asymmetry,linear_logistic,20260923,0.75,-0.0125362950058071,0,0.1720946336074021,0.2711698797291079,0
leave_model_out,linear_logistic,435,MAHNOB-HCI,valence,normalized_asymmetry,linear_logistic,20260923,1.0,0.0090156794425087,0,0.13066348248072104,0.2711698797291079,0
leave_model_out,linear_logistic,436,MAHNOB-HCI,valence,normalized_asymmetry,linear_logistic,20261007,0.25,0.0007186411149827012,0,0.05986132883529398,0.2711698797291079,0
leave_model_out,linear_logistic,437,MAHNOB-HCI,valence,normalized_asymmetry,linear_logistic,20261007,0.5,0.0128774680603948,0,0.1371467673918547,0.2711698797291079,0
leave_model_out,linear_logistic,438,MAHNOB-HCI,valence,normalized_asymmetry,linear_logistic,20261007,0.75,0.009051974448315937,0,0.06378680285199939,0.2711698797291079,0
leave_model_out,linear_logistic,439,MAHNOB-HCI,valence,normalized_asymmetry,linear_logistic,20261007,1.0,0.007992160278745601,0,0.13159691580644609,0.2711698797291079,0
leave_model_out,linear_logistic,460,MAHNOB-HCI,valence,relative_power,linear_logistic,20260813,0.25,-0.0007549361207897999,0,0.1060768054413752,0.2711698797291079,0
leave_model_out,linear_logistic,461,MAHNOB-HCI,valence,relative_power,linear_logistic,20260813,0.5,0.0176901858304296,0,0.17087934009436315,0.2711698797291079,0
leave_model_out,linear_logistic,462,MAHNOB-HCI,valence,relative_power,linear_logistic,20260813,0.75,0.0026930894308941997,0,0.13134627130239285,0.2711698797291079,0
leave_model_out,linear_logistic,463,MAHNOB-HCI,valence,relative_power,linear_logistic,20260813,1.0,0.0086745063879209,0,0.2042731584505869,0.2711698797291079,0
leave_model_out,linear_logistic,464,MAHNOB-HCI,valence,relative_power,linear_logistic,20260829,0.25,0.0017784552845528014,0,0.10297626669681381,0.2711698797291079,0
leave_model_out,linear_logistic,465,MAHNOB-HCI,valence,relative_power,linear_logistic,20260829,0.5,0.012231416957026701,0,0.10829877377136206,0.2711698797291079,0
leave_model_out,linear_logistic,466,MAHNOB-HCI,valence,relative_power,linear_logistic,20260829,0.75,0.014997096399535401,0,0.09857512579096311,0.2711698797291079,0
leave_model_out,linear_logistic,467,MAHNOB-HCI,valence,relative_power,linear_logistic,20260829,1.0,-0.011817653890824498,0,0.09253201001194923,0.2711698797291079,0
leave_model_out,linear_logistic,468,MAHNOB-HCI,valence,relative_power,linear_logistic,20260911,0.25,0.0087470963995353,0,0.08176959140624998,0.2711698797291079,0
leave_model_out,linear_logistic,469,MAHNOB-HCI,valence,relative_power,linear_logistic,20260911,0.5,0.008405923344947698,0,0.17186355094001618,0.2711698797291079,0
leave_model_out,linear_logistic,470,MAHNOB-HCI,valence,relative_power,linear_logistic,20260911,0.75,0.0264372822299651,1,0.1333875439009848,0.2711698797291079,0
leave_model_out,linear_logistic,471,MAHNOB-HCI,valence,relative_power,linear_logistic,20260911,1.0,0.0149970963995354,0,0.14639385261208665,0.2711698797291079,0
leave_model_out,linear_logistic,472,MAHNOB-HCI,valence,relative_power,linear_logistic,20260923,0.25,0.018408826945412203,0,0.146383228591271,0.2711698797291079,0
leave_model_out,linear_logistic,473,MAHNOB-HCI,valence,relative_power,linear_logistic,20260923,0.5,-0.0073461091753775,0,0.1470668065337054,0.2711698797291079,0
leave_model_out,linear_logistic,474,MAHNOB-HCI,valence,relative_power,linear_logistic,20260923,0.75,0.013900987224157899,0,0.1686245726345102,0.2711698797291079,0
leave_model_out,linear_logistic,475,MAHNOB-HCI,valence,relative_power,linear_logistic,20260923,1.0,0.0319686411149826,1,0.12773273589215856,0.2711698797291079,0
leave_model_out,linear_logistic,476,MAHNOB-HCI,valence,relative_power,linear_logistic,20261007,0.25,-0.0194686411149824,0,0.06038422520292532,0.2711698797291079,0
leave_model_out,linear_logistic,477,MAHNOB-HCI,valence,relative_power,linear_logistic,20261007,0.5,-0.0142784552845527,0,0.13832118139468097,0.2711698797291079,0
leave_model_out,linear_logistic,478,MAHNOB-HCI,valence,relative_power,linear_logistic,20261007,0.75,-0.0132186411149826,0,0.06441632667127237,0.2711698797291079,0
leave_model_out,linear_logistic,479,MAHNOB-HCI,valence,relative_power,linear_logistic,20261007,1.0,-0.006286295005807102,0,0.13287706997444612,0.2711698797291079,0
