dataset,task,representation,n_features,model,split_seed,exposure_effect,axis,metadata_prior_opportunity,label_opportunity,conditional_label_entropy,identity_rate_std,identity_probe_balanced_accuracy,identity_probe_chance,encoding_margin,n_rows,n_subjects,n_repeated_units,repeated_measure_completeness,positive_fraction,class_balance,source,nominal_dose,achieved_dose,unseen_balanced_accuracy,dose_balanced_accuracy,opportunity_min,opportunity_max,opportunity_encoding_interaction,model_capacity,log_n_rows,dose_zero_exposure_effect,dose_zero_label_opportunity,dose_zero_metadata_prior_opportunity,dose_induced_amplification,opportunity_delta,metadata_prior_delta,dose_encoding_interaction,material_optimism_event,risk_row_id
DEAP,arousal,all,72,gpu_mlp,20260813,0.0337994573932688,subject,0.0644246145346276,0.0379342309283137,,,0.92109375,0.03125,0.88984375,1280,32,40,1.0,0.5890625,0.8218749999999999,counterfactual_dose,0.25,0.2498568920110395,0.4933434861978195,0.5271429435910884,0.0131108129825088,0.1124653171134664,0.03375553830261665,4.0,7.154615356913663,0.0390162479450534,0.0131108129825088,0.0492670681429953,-0.005216790551784603,0.024823417945804904,0.015157546391632297,0.022088963312712335,0,0
DEAP,arousal,all,72,gpu_mlp,20260813,0.0600599086242196,subject,0.061002066430879,0.0628947724372778,,,0.92109375,0.03125,0.88984375,1280,32,40,1.0,0.5890625,0.8218749999999999,counterfactual_dose,0.5,0.5009287084465756,0.4933434861978195,0.5534033948220392,0.0131108129825088,0.1124653171134664,0.05596652016098392,4.0,7.154615356913663,0.0390162479450534,0.0131108129825088,0.0492670681429953,0.0210436606791662,0.049783959454769,0.0117349982878837,0.04429994517107961,1,1
DEAP,arousal,all,72,gpu_mlp,20260813,0.0464216195499793,subject,0.0549701731025371,0.0874128828270123,,,0.92109375,0.03125,0.88984375,1280,32,40,1.0,0.5890625,0.8218749999999999,counterfactual_dose,0.75,0.7477285219009511,0.4933434861978195,0.5397651057477988,0.0131108129825088,0.1124653171134664,0.07778380745309924,4.0,7.154615356913663,0.0390162479450534,0.0131108129825088,0.0492670681429953,0.007405371604925902,0.07430206984450351,0.005703104959541801,0.06611723246319492,0,2
DEAP,arousal,all,72,gpu_mlp,20260813,0.0514392189690471,subject,0.0616600251321203,0.1124653171134664,,,0.92109375,0.03125,0.88984375,1280,32,40,1.0,0.5890625,0.8218749999999999,counterfactual_dose,1.0,1.0,0.4933434861978195,0.5447827051668667,0.0131108129825088,0.1124653171134664,0.10007655952518613,4.0,7.154615356913663,0.0390162479450534,0.0131108129825088,0.0492670681429953,0.0124229710239937,0.0993545041309576,0.012392956989125,0.0884099845352818,0,3
DEAP,arousal,all,72,gpu_mlp,20260829,0.0569888352109408,subject,0.0786728965680969,0.0384570592666282,,,0.915625,0.03125,0.884375,1280,32,40,1.0,0.5890625,0.8218749999999999,counterfactual_dose,0.25,0.2501128705175056,0.4967902492158424,0.5537790844267834,0.0119520183875184,0.1179549771742002,0.034010461788924314,4.0,7.154615356913663,0.0273471775372916,0.0119520183875184,0.0303276833207938,0.0296416576736492,0.0265050408791098,0.04834521324730309,0.02344039552746273,1,4
DEAP,arousal,all,72,gpu_mlp,20260829,0.0452516868211112,subject,0.0893516539506682,0.0649933973276896,,,0.915625,0.03125,0.884375,1280,32,40,1.0,0.5890625,0.8218749999999999,counterfactual_dose,0.5,0.500236492842161,0.4967902492158424,0.5420419360369537,0.0119520183875184,0.1179549771742002,0.0574785357616755,4.0,7.154615356913663,0.0273471775372916,0.0119520183875184,0.0303276833207938,0.0179045092838196,0.053041378940171205,0.0590239706298744,0.04690846950021391,0,5
DEAP,arousal,all,72,gpu_mlp,20260829,0.0786300692882573,subject,0.0901085052444977,0.0912862631792768,,,0.915625,0.03125,0.884375,1280,32,40,1.0,0.5890625,0.8218749999999999,counterfactual_dose,0.75,0.7482968123229785,0.4967902492158424,0.5754203185040998,0.0119520183875184,0.1179549771742002,0.08073128899917292,4.0,7.154615356913663,0.0273471775372916,0.0119520183875184,0.0303276833207938,0.0512828917509657,0.0793342447917584,0.0597808219237039,0.07016122273771133,1,6
DEAP,arousal,all,72,gpu_mlp,20260829,0.0677552420046192,subject,0.1067700870296718,0.1179549771742002,,,0.915625,0.03125,0.884375,1280,32,40,1.0,0.5890625,0.8218749999999999,counterfactual_dose,1.0,1.0,0.4967902492158424,0.5645454912204617,0.0119520183875184,0.1179549771742002,0.1043164329384333,4.0,7.154615356913663,0.0273471775372916,0.0119520183875184,0.0303276833207938,0.0404080644673276,0.1060029587866818,0.076442403708878,0.09374636667697171,1,7
DEAP,arousal,all,72,gpu_mlp,20260911,0.062735121178808,subject,0.0516318965810277,0.038854474709368,,,0.911328125,0.03125,0.880078125,1280,32,40,1.0,0.5890625,0.8218749999999999,counterfactual_dose,0.25,0.2502142582383338,0.5063413379592743,0.5690764591380824,0.0126240897781276,0.1174446589850672,0.034194973250080515,4.0,7.154615356913663,0.0363864207118435,0.0126240897781276,0.0548379274568029,0.026348700466964498,0.0262303849312404,-0.003206030875775201,0.023084787988314304,1,8
DEAP,arousal,all,72,gpu_mlp,20260911,0.039989510947948,subject,0.0818109747026205,0.0650583639526406,,,0.911328125,0.03125,0.880078125,1280,32,40,1.0,0.5890625,0.8218749999999999,counterfactual_dose,0.5,0.5001754796308471,0.5063413379592743,0.5463308489072223,0.0126240897781276,0.1174446589850672,0.05725644296300753,4.0,7.154615356913663,0.0363864207118435,0.0126240897781276,0.0548379274568029,0.0036030902361044934,0.052434274174513,0.026973047245817595,0.046146257701241325,0,9
DEAP,arousal,all,72,gpu_mlp,20260911,0.0632217526802553,subject,0.0894910512446965,0.091104319889083,,,0.911328125,0.03125,0.880078125,1280,32,40,1.0,0.5890625,0.8218749999999999,counterfactual_dose,0.75,0.7498711083123482,0.5063413379592743,0.5695630906395296,0.0126240897781276,0.1174446589850672,0.08017891902738439,4.0,7.154615356913663,0.0363864207118435,0.0126240897781276,0.0548379274568029,0.0268353319684118,0.07848023011095541,0.0346531237878936,0.06906873376561819,1,10
DEAP,arousal,all,72,gpu_mlp,20260911,0.0786956258635818,subject,0.0889609573105153,0.1174446589850672,,,0.911328125,0.03125,0.880078125,1280,32,40,1.0,0.5890625,0.8218749999999999,counterfactual_dose,1.0,1.0,0.5063413379592743,0.5850369638228561,0.0126240897781276,0.1174446589850672,0.10336047527084236,4.0,7.154615356913663,0.0363864207118435,0.0126240897781276,0.0548379274568029,0.04230920515173829,0.1048205692069396,0.0341230298537124,0.09225029000907616,1,11
DEAP,arousal,all,72,gpu_mlp,20260923,0.0760632772236286,subject,0.052702406108427,0.0366050602487406,,,0.91328125,0.03125,0.88203125,1280,32,40,1.0,0.5890625,0.8218749999999999,counterfactual_dose,0.25,0.2503427494251778,0.4787319341206846,0.5547952113443132,0.0115940881270749,0.1114964861241677,0.03228680704752198,4.0,7.154615356913663,0.0685696563826889,0.0115940881270749,0.0544230136822242,0.007493620840939699,0.025010972121665698,-0.0017206075737972032,0.02206045900418795,0,12
DEAP,arousal,all,72,gpu_mlp,20260923,0.0661818841968311,subject,0.0586895313033368,0.0615519706342296,,,0.91328125,0.03125,0.88203125,1280,32,40,1.0,0.5890625,0.8218749999999999,counterfactual_dose,0.5,0.4999943147562614,0.4787319341206846,0.5449138183175157,0.0115940881270749,0.1114964861241677,0.05429076159847283,4.0,7.154615356913663,0.0685696563826889,0.0115940881270749,0.0544230136822242,-0.0023877721858577977,0.049957882507154695,0.004266517621112603,0.04406441355513879,0,13
DEAP,arousal,all,72,gpu_mlp,20260923,0.0925986626458633,subject,0.0789325997367781,0.0861475285136236,,,0.91328125,0.03125,0.88203125,1280,32,40,1.0,0.5890625,0.8218749999999999,counterfactual_dose,0.75,0.7456613574215292,0.4787319341206846,0.571330596766548,0.0115940881270749,0.1114964861241677,0.07598481225928207,4.0,7.154615356913663,0.0685696563826889,0.0115940881270749,0.0544230136822242,0.024029006263174404,0.07455344038654871,0.024509586054553903,0.06575846421594804,1,14
DEAP,arousal,all,72,gpu_mlp,20260923,0.0846411029641658,subject,0.0588081553687957,0.1114964861241677,,,0.91328125,0.03125,0.88203125,1280,32,40,1.0,0.5890625,0.8218749999999999,counterfactual_dose,1.0,1.0,0.4787319341206846,0.5633730370848504,0.0115940881270749,0.1114964861241677,0.0983433850267073,4.0,7.154615356913663,0.0685696563826889,0.0115940881270749,0.0544230136822242,0.016071446581476898,0.0999023979970928,0.004385141686571503,0.08811703698337327,0,15
DEAP,arousal,all,72,gpu_mlp,20261007,0.0429496424645237,subject,0.0874741650738292,0.0381532167767122,,,0.9144531250000001,0.03125,0.8832031250000001,1280,32,40,1.0,0.5890625,0.8218749999999999,counterfactual_dose,0.25,0.2503886555990415,0.5034896269326583,0.546439269397182,0.0117336164553045,0.1172610494604619,0.03369704028599464,4.0,7.154615356913663,0.0179272019445088,0.0117336164553045,0.0325605615180068,0.0250224405200149,0.0264196003214077,0.0549136035558224,0.023333873565118287,1,16
DEAP,arousal,all,72,gpu_mlp,20261007,0.0583806517332149,subject,0.0826103726744643,0.0645006045419157,,,0.9144531250000001,0.03125,0.8832031250000001,1280,32,40,1.0,0.5890625,0.8218749999999999,counterfactual_dose,0.5,0.5002646601890488,0.5034896269326583,0.5618702786658732,0.0117336164553045,0.1172610494604619,0.05696713549580914,4.0,7.154615356913663,0.0179272019445088,0.0117336164553045,0.0325605615180068,0.040453449788706096,0.0527669880866112,0.050049811156457506,0.04660396877493279,1,17
DEAP,arousal,all,72,gpu_mlp,20261007,0.0412048289981946,subject,0.0872582986269332,0.090979186777726,,,0.9144531250000001,0.03125,0.8832031250000001,1280,32,40,1.0,0.5890625,0.8218749999999999,counterfactual_dose,0.75,0.7510836816523201,0.5034896269326583,0.544694455930853,0.0117336164553045,0.1172610494604619,0.0803531020720463,4.0,7.154615356913663,0.0179272019445088,0.0117336164553045,0.0325605615180068,0.0232776270536858,0.0792455703224215,0.0546977371089264,0.06998993535116993,1,18
DEAP,arousal,all,72,gpu_mlp,20261007,0.0417570170749663,subject,0.0917575348080217,0.1172610494604619,,,0.9144531250000001,0.03125,0.8832031250000001,1280,32,40,1.0,0.5890625,0.8218749999999999,counterfactual_dose,1.0,1.0,0.5034896269326583,0.5452466440076247,0.0117336164553045,0.1172610494604619,0.10356532532425952,4.0,7.154615356913663,0.0179272019445088,0.0117336164553045,0.0325605615180068,0.023829815130457496,0.10552743300515739,0.05919697329001491,0.09320215860338316,1,19
DEAP,arousal,all,72,linear_logistic,20260813,0.0400979314379078,subject,0.0644246145346276,0.0379342309283137,,,0.92109375,0.03125,0.88984375,1280,32,40,1.0,0.5890625,0.8218749999999999,counterfactual_dose,0.25,0.2498568920110395,0.5012380107109359,0.5413359421488437,0.0131108129825088,0.1124653171134664,0.03375553830261665,1.0,7.154615356913663,0.032803501729685,0.0131108129825088,0.0492670681429953,0.007294429708222798,0.024823417945804904,0.015157546391632297,0.022088963312712335,0,20
DEAP,arousal,all,72,linear_logistic,20260813,0.0588420691672296,subject,0.061002066430879,0.0628947724372778,,,0.92109375,0.03125,0.88984375,1280,32,40,1.0,0.5890625,0.8218749999999999,counterfactual_dose,0.5,0.5009287084465756,0.5012380107109359,0.5600800798781655,0.0131108129825088,0.1124653171134664,0.05596652016098392,1.0,7.154615356913663,0.032803501729685,0.0131108129825088,0.0492670681429953,0.026038567437544603,0.049783959454769,0.0117349982878837,0.04429994517107961,1,21
DEAP,arousal,all,72,linear_logistic,20260813,0.0530957831993625,subject,0.0549701731025371,0.0874128828270123,,,0.92109375,0.03125,0.88984375,1280,32,40,1.0,0.5890625,0.8218749999999999,counterfactual_dose,0.75,0.7477285219009511,0.5012380107109359,0.5543337939102985,0.0131108129825088,0.1124653171134664,0.07778380745309924,1.0,7.154615356913663,0.032803501729685,0.0131108129825088,0.0492670681429953,0.0202922814696775,0.07430206984450351,0.005703104959541801,0.06611723246319492,1,22
DEAP,arousal,all,72,linear_logistic,20260813,0.048917812225797,subject,0.0616600251321203,0.1124653171134664,,,0.92109375,0.03125,0.88984375,1280,32,40,1.0,0.5890625,0.8218749999999999,counterfactual_dose,1.0,1.0,0.5012380107109359,0.5501558229367329,0.0131108129825088,0.1124653171134664,0.10007655952518613,1.0,7.154615356913663,0.032803501729685,0.0131108129825088,0.0492670681429953,0.016114310496112,0.0993545041309576,0.012392956989125,0.0884099845352818,0,23
DEAP,arousal,all,72,linear_logistic,20260829,0.0440363687708645,subject,0.0786728965680969,0.0384570592666282,,,0.915625,0.03125,0.884375,1280,32,40,1.0,0.5890625,0.8218749999999999,counterfactual_dose,0.25,0.2501128705175056,0.4917726497967746,0.5358090185676392,0.0119520183875184,0.1179549771742002,0.034010461788924314,1.0,7.154615356913663,0.0302644451392321,0.0119520183875184,0.0303276833207938,0.013771923631632398,0.0265050408791098,0.04834521324730309,0.02344039552746273,0,24
DEAP,arousal,all,72,linear_logistic,20260829,0.0356804268237335,subject,0.0893516539506682,0.0649933973276896,,,0.915625,0.03125,0.884375,1280,32,40,1.0,0.5890625,0.8218749999999999,counterfactual_dose,0.5,0.500236492842161,0.4917726497967746,0.5274530766205081,0.0119520183875184,0.1179549771742002,0.0574785357616755,1.0,7.154615356913663,0.0302644451392321,0.0119520183875184,0.0303276833207938,0.0054159816845014,0.053041378940171205,0.0590239706298744,0.04690846950021391,0,25
DEAP,arousal,all,72,linear_logistic,20260829,0.052657058426037,subject,0.0901085052444977,0.0912862631792768,,,0.915625,0.03125,0.884375,1280,32,40,1.0,0.5890625,0.8218749999999999,counterfactual_dose,0.75,0.7482968123229785,0.4917726497967746,0.5444297082228117,0.0119520183875184,0.1179549771742002,0.08073128899917292,1.0,7.154615356913663,0.0302644451392321,0.0119520183875184,0.0303276833207938,0.022392613286804898,0.0793342447917584,0.0597808219237039,0.07016122273771133,1,26
DEAP,arousal,all,72,linear_logistic,20260829,0.0485900293491744,subject,0.1067700870296718,0.1179549771742002,,,0.915625,0.03125,0.884375,1280,32,40,1.0,0.5890625,0.8218749999999999,counterfactual_dose,1.0,1.0,0.4917726497967746,0.540362679145949,0.0119520183875184,0.1179549771742002,0.1043164329384333,1.0,7.154615356913663,0.0302644451392321,0.0119520183875184,0.0303276833207938,0.0183255842099423,0.1060029587866818,0.076442403708878,0.09374636667697171,0,27
DEAP,arousal,all,72,linear_logistic,20260911,0.0446768060836502,subject,0.0516318965810277,0.038854474709368,,,0.911328125,0.03125,0.880078125,1280,32,40,1.0,0.5890625,0.8218749999999999,counterfactual_dose,0.25,0.2502142582383338,0.5040645076701193,0.5487413137537696,0.0126240897781276,0.1174446589850672,0.034194973250080515,1.0,7.154615356913663,0.0370949360066967,0.0126240897781276,0.0548379274568029,0.007581870076953497,0.0262303849312404,-0.003206030875775201,0.023084787988314304,0,28
DEAP,arousal,all,72,linear_logistic,20260911,0.0458265675585722,subject,0.0818109747026205,0.0650583639526406,,,0.911328125,0.03125,0.880078125,1280,32,40,1.0,0.5890625,0.8218749999999999,counterfactual_dose,0.5,0.5001754796308471,0.5040645076701193,0.5498910752286916,0.0126240897781276,0.1174446589850672,0.05725644296300753,1.0,7.154615356913663,0.0370949360066967,0.0126240897781276,0.0548379274568029,0.0087316315518755,0.052434274174513,0.026973047245817595,0.046146257701241325,0,29
DEAP,arousal,all,72,linear_logistic,20260911,0.0570115278716301,subject,0.0894910512446965,0.091104319889083,,,0.911328125,0.03125,0.880078125,1280,32,40,1.0,0.5890625,0.8218749999999999,counterfactual_dose,0.75,0.7498711083123482,0.5040645076701193,0.5610760355417495,0.0126240897781276,0.1174446589850672,0.08017891902738439,1.0,7.154615356913663,0.0370949360066967,0.0126240897781276,0.0548379274568029,0.0199165918649334,0.07848023011095541,0.0346531237878936,0.06906873376561819,0,30
DEAP,arousal,all,72,linear_logistic,20260911,0.0395482647678793,subject,0.0889609573105153,0.1174446589850672,,,0.911328125,0.03125,0.880078125,1280,32,40,1.0,0.5890625,0.8218749999999999,counterfactual_dose,1.0,1.0,0.5040645076701193,0.5436127724379987,0.0126240897781276,0.1174446589850672,0.10336047527084236,1.0,7.154615356913663,0.0370949360066967,0.0126240897781276,0.0548379274568029,0.0024533287611826007,0.1048205692069396,0.0341230298537124,0.09225029000907616,0,31
DEAP,arousal,all,72,linear_logistic,20260923,0.0478134360722534,subject,0.052702406108427,0.0366050602487406,,,0.91328125,0.03125,0.88203125,1280,32,40,1.0,0.5890625,0.8218749999999999,counterfactual_dose,0.25,0.2503427494251778,0.4797278897842684,0.5275413258565218,0.0115940881270749,0.1114964861241677,0.03228680704752198,1.0,7.154615356913663,0.0411594436768162,0.0115940881270749,0.0544230136822242,0.006653992395437201,0.025010972121665698,-0.0017206075737972032,0.02206045900418795,0,32
DEAP,arousal,all,72,linear_logistic,20260923,0.0415578259422497,subject,0.0586895313033368,0.0615519706342296,,,0.91328125,0.03125,0.88203125,1280,32,40,1.0,0.5890625,0.8218749999999999,counterfactual_dose,0.5,0.4999943147562614,0.4797278897842684,0.5212857157265182,0.0115940881270749,0.1114964861241677,0.05429076159847283,1.0,7.154615356913663,0.0411594436768162,0.0115940881270749,0.0544230136822242,0.00039838226543350425,0.049957882507154695,0.004266517621112603,0.04406441355513879,0,33
DEAP,arousal,all,72,linear_logistic,20260923,0.0573191394943067,subject,0.0789325997367781,0.0861475285136236,,,0.91328125,0.03125,0.88203125,1280,32,40,1.0,0.5890625,0.8218749999999999,counterfactual_dose,0.75,0.7456613574215292,0.4797278897842684,0.5370470292785752,0.0115940881270749,0.1114964861241677,0.07598481225928207,1.0,7.154615356913663,0.0411594436768162,0.0115940881270749,0.0544230136822242,0.0161596958174905,0.07455344038654871,0.024509586054553903,0.06575846421594804,0,34
DEAP,arousal,all,72,linear_logistic,20260923,0.0579822694677815,subject,0.0588081553687957,0.1114964861241677,,,0.91328125,0.03125,0.88203125,1280,32,40,1.0,0.5890625,0.8218749999999999,counterfactual_dose,1.0,1.0,0.4797278897842684,0.5377101592520499,0.0115940881270749,0.1114964861241677,0.0983433850267073,1.0,7.154615356913663,0.0411594436768162,0.0115940881270749,0.0544230136822242,0.0168228257909653,0.0999023979970928,0.004385141686571503,0.08811703698337327,0,35
DEAP,arousal,all,72,linear_logistic,20261007,0.0287818579742009,subject,0.0874741650738292,0.0381532167767122,,,0.9144531250000001,0.03125,0.8832031250000001,1280,32,40,1.0,0.5890625,0.8218749999999999,counterfactual_dose,0.25,0.2503886555990415,0.5005950519914071,0.529376909965608,0.0117336164553045,0.1172610494604619,0.03369704028599464,1.0,7.154615356913663,0.029467680608365,0.0117336164553045,0.0325605615180068,-0.0006858226341640988,0.0264196003214077,0.0549136035558224,0.023333873565118287,0,36
DEAP,arousal,all,72,linear_logistic,20261007,0.0423545904731167,subject,0.0826103726744643,0.0645006045419157,,,0.9144531250000001,0.03125,0.8832031250000001,1280,32,40,1.0,0.5890625,0.8218749999999999,counterfactual_dose,0.5,0.5002646601890488,0.5005950519914071,0.5429496424645238,0.0117336164553045,0.1172610494604619,0.05696713549580914,1.0,7.154615356913663,0.029467680608365,0.0117336164553045,0.0325605615180068,0.012886909864751703,0.0527669880866112,0.050049811156457506,0.04660396877493279,0,37
DEAP,arousal,all,72,linear_logistic,20261007,0.0511089146856813,subject,0.0872582986269332,0.090979186777726,,,0.9144531250000001,0.03125,0.8832031250000001,1280,32,40,1.0,0.5890625,0.8218749999999999,counterfactual_dose,0.75,0.7510836816523201,0.5005950519914071,0.5517039666770884,0.0117336164553045,0.1172610494604619,0.0803531020720463,1.0,7.154615356913663,0.029467680608365,0.0117336164553045,0.0325605615180068,0.0216412340773163,0.0792455703224215,0.0546977371089264,0.06998993535116993,1,38
DEAP,arousal,all,72,linear_logistic,20261007,0.0324731974463192,subject,0.0917575348080217,0.1172610494604619,,,0.9144531250000001,0.03125,0.8832031250000001,1280,32,40,1.0,0.5890625,0.8218749999999999,counterfactual_dose,1.0,1.0,0.5005950519914071,0.5330682494377263,0.0117336164553045,0.1172610494604619,0.10356532532425952,1.0,7.154615356913663,0.029467680608365,0.0117336164553045,0.0325605615180068,0.003005516837954199,0.10552743300515739,0.05919697329001491,0.09320215860338316,0,39
DEAP,arousal,normalized_asymmetry,12,gpu_mlp,20260813,0.0380001210275237,subject,0.0644246145346276,0.0379342309283137,,,0.6382812499999999,0.03125,0.6070312499999999,1280,32,40,1.0,0.5890625,0.8218749999999999,counterfactual_dose,0.25,0.2498568920110395,0.4751288438845801,0.5131289649121038,0.0131108129825088,0.1124653171134664,0.023027263618202926,4.0,7.154615356913663,0.0417570170749664,0.0131108129825088,0.0492670681429953,-0.0037568960474426982,0.024823417945804904,0.015157546391632297,0.015068590424914381,0,40
DEAP,arousal,normalized_asymmetry,12,gpu_mlp,20260813,0.0602817924176256,subject,0.061002066430879,0.0628947724372778,,,0.6382812499999999,0.03125,0.6070312499999999,1280,32,40,1.0,0.5890625,0.8218749999999999,counterfactual_dose,0.5,0.5009287084465756,0.4751288438845801,0.5354106363022058,0.0131108129825088,0.1124653171134664,0.03817909233106628,4.0,7.154615356913663,0.0417570170749664,0.0131108129825088,0.0492670681429953,0.0185247753426592,0.049783959454769,0.0117349982878837,0.030220419137777742,0,41
DEAP,arousal,normalized_asymmetry,12,gpu_mlp,20260813,0.0314116852074108,subject,0.0549701731025371,0.0874128828270123,,,0.6382812499999999,0.03125,0.6070312499999999,1280,32,40,1.0,0.5890625,0.8218749999999999,counterfactual_dose,0.75,0.7477285219009511,0.4751288438845801,0.506540529091991,0.0131108129825088,0.1124653171134664,0.0530623515285848,4.0,7.154615356913663,0.0417570170749664,0.0131108129825088,0.0492670681429953,-0.010345331867555603,0.07430206984450351,0.005703104959541801,0.045103678335296264,0,42
DEAP,arousal,normalized_asymmetry,12,gpu_mlp,20260813,0.0611441135238172,subject,0.0616600251321203,0.1124653171134664,,,0.6382812499999999,0.03125,0.6070312499999999,1280,32,40,1.0,0.5890625,0.8218749999999999,counterfactual_dose,1.0,1.0,0.4751288438845801,0.5362729574083973,0.0131108129825088,0.1124653171134664,0.06826996202903389,4.0,7.154615356913663,0.0417570170749664,0.0131108129825088,0.0492670681429953,0.019387096448850796,0.0993545041309576,0.012392956989125,0.060311288835745346,0,43
DEAP,arousal,normalized_asymmetry,12,gpu_mlp,20260829,0.0410081592722211,subject,0.0786728965680969,0.0384570592666282,,,0.634765625,0.03125,0.603515625,1280,32,40,1.0,0.5890625,0.8218749999999999,counterfactual_dose,0.25,0.2501128705175056,0.5041956208207683,0.5452037800929894,0.0119520183875184,0.1179549771742002,0.02320943615896116,4.0,7.154615356913663,0.0372512632247783,0.0119520183875184,0.0303276833207938,0.0037568960474428023,0.0265050408791098,0.04834521324730309,0.0159962063118065,0,44
DEAP,arousal,normalized_asymmetry,12,gpu_mlp,20260829,0.0455845125112203,subject,0.0893516539506682,0.0649933973276896,,,0.634765625,0.03125,0.603515625,1280,32,40,1.0,0.5890625,0.8218749999999999,counterfactual_dose,0.5,0.500236492842161,0.5041956208207683,0.5497801333319886,0.0119520183875184,0.1179549771742002,0.039224530809093924,4.0,7.154615356913663,0.0372512632247783,0.0119520183875184,0.0303276833207938,0.008333249286442003,0.053041378940171205,0.0590239706298744,0.032011300961939264,0,45
DEAP,arousal,normalized_asymmetry,12,gpu_mlp,20260829,0.0478840354610644,subject,0.0901085052444977,0.0912862631792768,,,0.634765625,0.03125,0.603515625,1280,32,40,1.0,0.5890625,0.8218749999999999,counterfactual_dose,0.75,0.7482968123229785,0.5041956208207683,0.5520796562818328,0.0119520183875184,0.1179549771742002,0.05509268617655572,4.0,7.154615356913663,0.0372512632247783,0.0119520183875184,0.0303276833207938,0.0106327722362861,0.0793342447917584,0.0597808219237039,0.04787945632940106,0,46
DEAP,arousal,normalized_asymmetry,12,gpu_mlp,20260829,0.0343339956228379,subject,0.1067700870296718,0.1179549771742002,,,0.634765625,0.03125,0.603515625,1280,32,40,1.0,0.5890625,0.8218749999999999,counterfactual_dose,1.0,1.0,0.5041956208207683,0.5385296164436062,0.0119520183875184,0.1179549771742002,0.07118767177114817,4.0,7.154615356913663,0.0372512632247783,0.0119520183875184,0.0303276833207938,-0.0029172676019404015,0.1060029587866818,0.076442403708878,0.0639744419239935,0,47
DEAP,arousal,normalized_asymmetry,12,gpu_mlp,20260911,0.0364746699478574,subject,0.0516318965810277,0.038854474709368,,,0.6246093749999999,0.03125,0.5933593749999999,1280,32,40,1.0,0.5890625,0.8218749999999999,counterfactual_dose,0.25,0.2502142582383338,0.5074028501981825,0.54387752014604,0.0126240897781276,0.1174446589850672,0.0230546668295039,4.0,7.154615356913663,0.0190114068441064,0.0126240897781276,0.0548379274568029,0.017463263103750997,0.0262303849312404,-0.003206030875775201,0.01556404480881022,0,48
DEAP,arousal,normalized_asymmetry,12,gpu_mlp,20260911,0.0305947494225978,subject,0.0818109747026205,0.0650583639526406,,,0.6246093749999999,0.03125,0.5933593749999999,1280,32,40,1.0,0.5890625,0.8218749999999999,counterfactual_dose,0.5,0.5001754796308471,0.5074028501981825,0.5379975996207804,0.0126240897781276,0.1174446589850672,0.03860299017346135,4.0,7.154615356913663,0.0190114068441064,0.0126240897781276,0.0548379274568029,0.0115833425784914,0.052434274174513,0.026973047245817595,0.031112368152767668,0,49
DEAP,arousal,normalized_asymmetry,12,gpu_mlp,20260911,0.0299316194491231,subject,0.0894910512446965,0.091104319889083,,,0.6246093749999999,0.03125,0.5933593749999999,1280,32,40,1.0,0.5890625,0.8218749999999999,counterfactual_dose,0.75,0.7498711083123482,0.5074028501981825,0.5373344696473057,0.0126240897781276,0.1174446589850672,0.05405760230918635,4.0,7.154615356913663,0.0190114068441064,0.0126240897781276,0.0548379274568029,0.010920212605016699,0.07848023011095541,0.0346531237878936,0.046566980288492675,0,50
DEAP,arousal,normalized_asymmetry,12,gpu_mlp,20260911,0.0250022692660689,subject,0.0889609573105153,0.1174446589850672,,,0.6246093749999999,0.03125,0.5933593749999999,1280,32,40,1.0,0.5890625,0.8218749999999999,counterfactual_dose,1.0,1.0,0.5074028501981825,0.5324051194642515,0.0126240897781276,0.1174446589850672,0.06968688945246759,4.0,7.154615356913663,0.0190114068441064,0.0126240897781276,0.0548379274568029,0.005990862421962499,0.1048205692069396,0.0341230298537124,0.06219626743177392,0,51
DEAP,arousal,normalized_asymmetry,12,gpu_mlp,20260923,0.0406526409214228,subject,0.052702406108427,0.0366050602487406,,,0.63125,0.03125,0.6,1280,32,40,1.0,0.5890625,0.8218749999999999,counterfactual_dose,0.25,0.2503427494251778,0.4856960595455416,0.5263487004669645,0.0115940881270749,0.1114964861241677,0.021963036149244358,4.0,7.154615356913663,0.0479697632903349,0.0115940881270749,0.0544230136822242,-0.007317122368912098,0.025010972121665698,-0.0017206075737972032,0.015006583272999419,0,52
DEAP,arousal,normalized_asymmetry,12,gpu_mlp,20260923,0.0486328932638097,subject,0.0586895313033368,0.0615519706342296,,,0.63125,0.03125,0.6,1280,32,40,1.0,0.5890625,0.8218749999999999,counterfactual_dose,0.5,0.4999943147562614,0.4856960595455416,0.5343289528093513,0.0115940881270749,0.1114964861241677,0.036931182380537754,4.0,7.154615356913663,0.0479697632903349,0.0115940881270749,0.0544230136822242,0.0006631299734747992,0.049957882507154695,0.004266517621112603,0.029974729504292814,0,53
DEAP,arousal,normalized_asymmetry,12,gpu_mlp,20260923,0.058955532470676,subject,0.0789325997367781,0.0861475285136236,,,0.63125,0.03125,0.6,1280,32,40,1.0,0.5890625,0.8218749999999999,counterfactual_dose,0.75,0.7456613574215292,0.4856960595455416,0.5446515920162177,0.0115940881270749,0.1114964861241677,0.05168851710817416,4.0,7.154615356913663,0.0479697632903349,0.0115940881270749,0.0544230136822242,0.010985769180341103,0.07455344038654871,0.024509586054553903,0.04473206423192922,0,54
DEAP,arousal,normalized_asymmetry,12,gpu_mlp,20260923,0.0660961563675606,subject,0.0588081553687957,0.1114964861241677,,,0.63125,0.03125,0.6,1280,32,40,1.0,0.5890625,0.8218749999999999,counterfactual_dose,1.0,1.0,0.4856960595455416,0.5517922159131022,0.0115940881270749,0.1114964861241677,0.06689789167450061,4.0,7.154615356913663,0.0479697632903349,0.0115940881270749,0.0544230136822242,0.018126393077225696,0.0999023979970928,0.004385141686571503,0.059941438798255677,0,55
DEAP,arousal,normalized_asymmetry,12,gpu_mlp,20261007,0.0115177860031668,subject,0.0874741650738292,0.0381532167767122,,,0.623828125,0.03125,0.592578125,1280,32,40,1.0,0.5890625,0.8218749999999999,counterfactual_dose,0.25,0.2503886555990415,0.525617492511422,0.5371352785145889,0.0117336164553045,0.1172610494604619,0.022608761660262655,4.0,7.154615356913663,0.0167572692156406,0.0117336164553045,0.0325605615180068,-0.0052394832124738,0.0264196003214077,0.0549136035558224,0.01565567722170917,0,56
DEAP,arousal,normalized_asymmetry,12,gpu_mlp,20261007,0.010965597926395,subject,0.0826103726744643,0.0645006045419157,,,0.623828125,0.03125,0.592578125,1280,32,40,1.0,0.5890625,0.8218749999999999,counterfactual_dose,0.5,0.5002646601890488,0.525617492511422,0.536583090437817,0.0117336164553045,0.1172610494604619,0.038221647300814884,4.0,7.154615356913663,0.0167572692156406,0.0117336164553045,0.0325605615180068,-0.005791671289245601,0.0527669880866112,0.050049811156457506,0.0312685628622614,0,57
DEAP,arousal,normalized_asymmetry,12,gpu_mlp,20261007,0.01940978910954,subject,0.0872582986269332,0.090979186777726,,,0.623828125,0.03125,0.592578125,1280,32,40,1.0,0.5890625,0.8218749999999999,counterfactual_dose,0.75,0.7510836816523201,0.525617492511422,0.545027281620962,0.0117336164553045,0.1172610494604619,0.05391227591476966,4.0,7.154615356913663,0.0167572692156406,0.0117336164553045,0.0325605615180068,0.002652519893899398,0.0792455703224215,0.0546977371089264,0.04695919147621617,0,58
DEAP,arousal,normalized_asymmetry,12,gpu_mlp,20261007,0.0246492723220138,subject,0.0917575348080217,0.1172610494604619,,,0.623828125,0.03125,0.592578125,1280,32,40,1.0,0.5890625,0.8218749999999999,counterfactual_dose,1.0,1.0,0.525617492511422,0.5502667648334358,0.0117336164553045,0.1172610494604619,0.06948633282481277,4.0,7.154615356913663,0.0167572692156406,0.0117336164553045,0.0325605615180068,0.0078920031063732,0.10552743300515739,0.05919697329001491,0.06253324838625927,0,59
DEAP,arousal,normalized_asymmetry,12,linear_logistic,20260813,0.0258645903722605,subject,0.0644246145346276,0.0379342309283137,,,0.6382812499999999,0.03125,0.6070312499999999,1280,32,40,1.0,0.5890625,0.8218749999999999,counterfactual_dose,0.25,0.2498568920110395,0.4658450242559329,0.4917096146281934,0.0131108129825088,0.1124653171134664,0.023027263618202926,1.0,7.154615356913663,0.0112530382951255,0.0131108129825088,0.0492670681429953,0.014611552077135,0.024823417945804904,0.015157546391632297,0.015068590424914381,0,60
DEAP,arousal,normalized_asymmetry,12,linear_logistic,20260813,0.0377807586408609,subject,0.061002066430879,0.0628947724372778,,,0.6382812499999999,0.03125,0.6070312499999999,1280,32,40,1.0,0.5890625,0.8218749999999999,counterfactual_dose,0.5,0.5009287084465756,0.4658450242559329,0.5036257828967938,0.0131108129825088,0.1124653171134664,0.03817909233106628,1.0,7.154615356913663,0.0112530382951255,0.0131108129825088,0.0492670681429953,0.026527720345735396,0.049783959454769,0.0117349982878837,0.030220419137777742,1,61
DEAP,arousal,normalized_asymmetry,12,linear_logistic,20260813,0.0375815675081441,subject,0.0549701731025371,0.0874128828270123,,,0.6382812499999999,0.03125,0.6070312499999999,1280,32,40,1.0,0.5890625,0.8218749999999999,counterfactual_dose,0.75,0.7477285219009511,0.4658450242559329,0.503426591764077,0.0131108129825088,0.1124653171134664,0.0530623515285848,1.0,7.154615356913663,0.0112530382951255,0.0131108129825088,0.0492670681429953,0.0263285292130186,0.07430206984450351,0.005703104959541801,0.045103678335296264,1,62
DEAP,arousal,normalized_asymmetry,12,linear_logistic,20260813,0.048302588980444,subject,0.0616600251321203,0.1124653171134664,,,0.6382812499999999,0.03125,0.6070312499999999,1280,32,40,1.0,0.5890625,0.8218749999999999,counterfactual_dose,1.0,1.0,0.4658450242559329,0.5141476132363769,0.0131108129825088,0.1124653171134664,0.06826996202903389,1.0,7.154615356913663,0.0112530382951255,0.0131108129825088,0.0492670681429953,0.0370495506853185,0.0993545041309576,0.012392956989125,0.060311288835745346,1,63
DEAP,arousal,normalized_asymmetry,12,linear_logistic,20260829,0.0301988885639076,subject,0.0786728965680969,0.0384570592666282,,,0.634765625,0.03125,0.603515625,1280,32,40,1.0,0.5890625,0.8218749999999999,counterfactual_dose,0.25,0.2501128705175056,0.4770728484836259,0.5072717370475336,0.0119520183875184,0.1179549771742002,0.02320943615896116,1.0,7.154615356913663,0.0289835705136609,0.0119520183875184,0.0303276833207938,0.0012153180502467026,0.0265050408791098,0.04834521324730309,0.0159962063118065,0,64
DEAP,arousal,normalized_asymmetry,12,linear_logistic,20260829,0.0442582525642707,subject,0.0893516539506682,0.0649933973276896,,,0.634765625,0.03125,0.603515625,1280,32,40,1.0,0.5890625,0.8218749999999999,counterfactual_dose,0.5,0.500236492842161,0.4770728484836259,0.5213311010478967,0.0119520183875184,0.1179549771742002,0.039224530809093924,1.0,7.154615356913663,0.0289835705136609,0.0119520183875184,0.0303276833207938,0.015274682050609799,0.053041378940171205,0.0590239706298744,0.032011300961939264,0,65
DEAP,arousal,normalized_asymmetry,12,linear_logistic,20260829,0.0291600689856885,subject,0.0901085052444977,0.0912862631792768,,,0.634765625,0.03125,0.603515625,1280,32,40,1.0,0.5890625,0.8218749999999999,counterfactual_dose,0.75,0.7482968123229785,0.4770728484836259,0.5062329174693145,0.0119520183875184,0.1179549771742002,0.05509268617655572,1.0,7.154615356913663,0.0289835705136609,0.0119520183875184,0.0303276833207938,0.00017649847202760166,0.0793342447917584,0.0597808219237039,0.04787945632940106,0,66
DEAP,arousal,normalized_asymmetry,12,linear_logistic,20260829,0.0352618733043539,subject,0.1067700870296718,0.1179549771742002,,,0.634765625,0.03125,0.603515625,1280,32,40,1.0,0.5890625,0.8218749999999999,counterfactual_dose,1.0,1.0,0.4770728484836259,0.5123347217879799,0.0119520183875184,0.1179549771742002,0.07118767177114817,1.0,7.154615356913663,0.0289835705136609,0.0119520183875184,0.0303276833207938,0.006278302790693004,0.1060029587866818,0.076442403708878,0.0639744419239935,0,67
DEAP,arousal,normalized_asymmetry,12,linear_logistic,20260911,0.0118506116932758,subject,0.0516318965810277,0.038854474709368,,,0.6246093749999999,0.03125,0.5933593749999999,1280,32,40,1.0,0.5890625,0.8218749999999999,counterfactual_dose,0.25,0.2502142582383338,0.4666846527014352,0.478535264394711,0.0126240897781276,0.1174446589850672,0.0230546668295039,1.0,7.154615356913663,0.0196316729029459,0.0126240897781276,0.0548379274568029,-0.007781061209670101,0.0262303849312404,-0.003206030875775201,0.01556404480881022,0,68
DEAP,arousal,normalized_asymmetry,12,linear_logistic,20260911,0.0178414741152383,subject,0.0818109747026205,0.0650583639526406,,,0.6246093749999999,0.03125,0.5933593749999999,1280,32,40,1.0,0.5890625,0.8218749999999999,counterfactual_dose,0.5,0.5001754796308471,0.4666846527014352,0.4845261268166735,0.0126240897781276,0.1174446589850672,0.03860299017346135,1.0,7.154615356913663,0.0196316729029459,0.0126240897781276,0.0548379274568029,-0.0017901987877076003,0.052434274174513,0.026973047245817595,0.031112368152767668,0,69
DEAP,arousal,normalized_asymmetry,12,linear_logistic,20260911,0.0261091668263557,subject,0.0894910512446965,0.091104319889083,,,0.6246093749999999,0.03125,0.5933593749999999,1280,32,40,1.0,0.5890625,0.8218749999999999,counterfactual_dose,0.75,0.7498711083123482,0.4666846527014352,0.4927938195277909,0.0126240897781276,0.1174446589850672,0.05405760230918635,1.0,7.154615356913663,0.0196316729029459,0.0126240897781276,0.0548379274568029,0.006477493923409797,0.07848023011095541,0.0346531237878936,0.046566980288492675,0,70
DEAP,arousal,normalized_asymmetry,12,linear_logistic,20260911,0.0271479864045748,subject,0.0889609573105153,0.1174446589850672,,,0.6246093749999999,0.03125,0.5933593749999999,1280,32,40,1.0,0.5890625,0.8218749999999999,counterfactual_dose,1.0,1.0,0.4666846527014352,0.49383263910601,0.0126240897781276,0.1174446589850672,0.06968688945246759,1.0,7.154615356913663,0.0196316729029459,0.0126240897781276,0.0548379274568029,0.007516313501628898,0.1048205692069396,0.0341230298537124,0.06219626743177392,0,71
DEAP,arousal,normalized_asymmetry,12,linear_logistic,20260923,0.0148561285312301,subject,0.052702406108427,0.0366050602487406,,,0.63125,0.03125,0.6,1280,32,40,1.0,0.5890625,0.8218749999999999,counterfactual_dose,0.25,0.2503427494251778,0.4678571068370465,0.4827132353682767,0.0115940881270749,0.1114964861241677,0.021963036149244358,1.0,7.154615356913663,0.0103024679529203,0.0115940881270749,0.0544230136822242,0.0045536605783098,0.025010972121665698,-0.0017206075737972032,0.015006583272999419,0,72
DEAP,arousal,normalized_asymmetry,12,linear_logistic,20260923,0.0167572692156408,subject,0.0586895313033368,0.0615519706342296,,,0.63125,0.03125,0.6,1280,32,40,1.0,0.5890625,0.8218749999999999,counterfactual_dose,0.5,0.4999943147562614,0.4678571068370465,0.4846143760526873,0.0115940881270749,0.1114964861241677,0.036931182380537754,1.0,7.154615356913663,0.0103024679529203,0.0115940881270749,0.0544230136822242,0.0064548012627204995,0.049957882507154695,0.004266517621112603,0.029974729504292814,0,73
DEAP,arousal,normalized_asymmetry,12,linear_logistic,20260923,0.0191450414014987,subject,0.0789325997367781,0.0861475285136236,,,0.63125,0.03125,0.6,1280,32,40,1.0,0.5890625,0.8218749999999999,counterfactual_dose,0.75,0.7456613574215292,0.4678571068370465,0.4870021482385452,0.0115940881270749,0.1114964861241677,0.05168851710817416,1.0,7.154615356913663,0.0103024679529203,0.0115940881270749,0.0544230136822242,0.008842573448578401,0.07455344038654871,0.024509586054553903,0.04473206423192922,0,74
DEAP,arousal,normalized_asymmetry,12,linear_logistic,20260923,0.0348181057175419,subject,0.0588081553687957,0.1114964861241677,,,0.63125,0.03125,0.6,1280,32,40,1.0,0.5890625,0.8218749999999999,counterfactual_dose,1.0,1.0,0.4678571068370465,0.5026752125545885,0.0115940881270749,0.1114964861241677,0.06689789167450061,1.0,7.154615356913663,0.0103024679529203,0.0115940881270749,0.0544230136822242,0.024515637764621602,0.0999023979970928,0.004385141686571503,0.059941438798255677,1,75
DEAP,arousal,normalized_asymmetry,12,linear_logistic,20261007,0.0234995108470918,subject,0.0874741650738292,0.0381532167767122,,,0.623828125,0.03125,0.592578125,1280,32,40,1.0,0.5890625,0.8218749999999999,counterfactual_dose,0.25,0.2503886555990415,0.4753961129993646,0.4988956238464564,0.0117336164553045,0.1172610494604619,0.022608761660262655,1.0,7.154615356913663,0.023189377817672,0.0117336164553045,0.0325605615180068,0.00031013302941980056,0.0264196003214077,0.0549136035558224,0.01565567722170917,0,76
DEAP,arousal,normalized_asymmetry,12,linear_logistic,20261007,0.0405870843460983,subject,0.0826103726744643,0.0645006045419157,,,0.623828125,0.03125,0.592578125,1280,32,40,1.0,0.5890625,0.8218749999999999,counterfactual_dose,0.5,0.5002646601890488,0.4753961129993646,0.5159831973454629,0.0117336164553045,0.1172610494604619,0.038221647300814884,1.0,7.154615356913663,0.023189377817672,0.0117336164553045,0.0325605615180068,0.017397706528426298,0.0527669880866112,0.050049811156457506,0.0312685628622614,0,77
DEAP,arousal,normalized_asymmetry,12,linear_logistic,20261007,0.0326723885790359,subject,0.0872582986269332,0.090979186777726,,,0.623828125,0.03125,0.592578125,1280,32,40,1.0,0.5890625,0.8218749999999999,counterfactual_dose,0.75,0.7510836816523201,0.4753961129993646,0.5080685015784006,0.0117336164553045,0.1172610494604619,0.05391227591476966,1.0,7.154615356913663,0.023189377817672,0.0117336164553045,0.0325605615180068,0.009483010761363899,0.0792455703224215,0.0546977371089264,0.04695919147621617,0,78
DEAP,arousal,normalized_asymmetry,12,linear_logistic,20261007,0.0376471240834687,subject,0.0917575348080217,0.1172610494604619,,,0.623828125,0.03125,0.592578125,1280,32,40,1.0,0.5890625,0.8218749999999999,counterfactual_dose,1.0,1.0,0.4753961129993646,0.5130432370828333,0.0117336164553045,0.1172610494604619,0.06948633282481277,1.0,7.154615356913663,0.023189377817672,0.0117336164553045,0.0325605615180068,0.014457746265796701,0.10552743300515739,0.05919697329001491,0.06253324838625927,0,79
DEAP,arousal,relative_power,24,gpu_mlp,20260813,0.006762412885397,subject,0.0644246145346276,0.0379342309283137,,,0.632421875,0.03125,0.601171875,1280,32,40,1.0,0.5890625,0.8218749999999999,counterfactual_dose,0.25,0.2498568920110395,0.5179927585198334,0.5247551714052304,0.0131108129825088,0.1124653171134664,0.02280499273385734,4.0,7.154615356913663,0.020579721838408,0.0131108129825088,0.0492670681429953,-0.013817308953011,0.024823417945804904,0.015157546391632297,0.014923140710388182,0,80
DEAP,arousal,relative_power,24,gpu_mlp,20260813,0.0328917509656987,subject,0.061002066430879,0.0628947724372778,,,0.632421875,0.03125,0.601171875,1280,32,40,1.0,0.5890625,0.8218749999999999,counterfactual_dose,0.5,0.5009287084465756,0.5179927585198334,0.5508845094855321,0.0131108129825088,0.1124653171134664,0.03781056827381662,4.0,7.154615356913663,0.020579721838408,0.0131108129825088,0.0492670681429953,0.012312029127290697,0.049783959454769,0.0117349982878837,0.02992871625034746,0,81
DEAP,arousal,relative_power,24,gpu_mlp,20260813,0.0334212463817813,subject,0.0549701731025371,0.0874128828270123,,,0.632421875,0.03125,0.601171875,1280,32,40,1.0,0.5890625,0.8218749999999999,counterfactual_dose,0.75,0.7477285219009511,0.5179927585198334,0.5514140049016147,0.0131108129825088,0.1124653171134664,0.05255016666827029,4.0,7.154615356913663,0.020579721838408,0.0131108129825088,0.0492670681429953,0.012841524543373301,0.07430206984450351,0.005703104959541801,0.04466831464480114,0,82
DEAP,arousal,relative_power,24,gpu_mlp,20260813,0.0269235812044255,subject,0.0616600251321203,0.1124653171134664,,,0.632421875,0.03125,0.601171875,1280,32,40,1.0,0.5890625,0.8218749999999999,counterfactual_dose,1.0,1.0,0.5179927585198334,0.5449163397242589,0.0131108129825088,0.1124653171134664,0.06761098556157219,4.0,7.154615356913663,0.020579721838408,0.0131108129825088,0.0492670681429953,0.006343859366017498,0.0993545041309576,0.012392956989125,0.05972913353810303,0,83
DEAP,arousal,relative_power,24,gpu_mlp,20260829,0.0432824681546327,subject,0.0786728965680969,0.0384570592666282,,,0.641015625,0.03125,0.609765625,1280,32,40,1.0,0.5890625,0.8218749999999999,counterfactual_dose,0.25,0.2501128705175056,0.513060886930036,0.5563433550846688,0.0119520183875184,0.1179549771742002,0.023449792779377584,4.0,7.154615356913663,0.0204914726023942,0.0119520183875184,0.0303276833207938,0.0227909955522385,0.0265050408791098,0.04834521324730309,0.016161862817300934,1,84
DEAP,arousal,relative_power,24,gpu_mlp,20260829,0.0299971760244475,subject,0.0893516539506682,0.0649933973276896,,,0.641015625,0.03125,0.609765625,1280,32,40,1.0,0.5890625,0.8218749999999999,counterfactual_dose,0.5,0.500236492842161,0.513060886930036,0.5430580629544836,0.0119520183875184,0.1179549771742002,0.039630739542391984,4.0,7.154615356913663,0.0204914726023942,0.0119520183875184,0.0303276833207938,0.0095057034220533,0.053041378940171205,0.0590239706298744,0.03234280958031533,0,85
DEAP,arousal,relative_power,24,gpu_mlp,20260829,0.0321630644168994,subject,0.0901085052444977,0.0912862631792768,,,0.641015625,0.03125,0.609765625,1280,32,40,1.0,0.5890625,0.8218749999999999,counterfactual_dose,0.75,0.7482968123229785,0.513060886930036,0.5452239513469355,0.0119520183875184,0.1179549771742002,0.0556632253214262,4.0,7.154615356913663,0.0204914726023942,0.0119520183875184,0.0303276833207938,0.011671591814505201,0.0793342447917584,0.0597808219237039,0.04837529535934955,0,86
DEAP,arousal,relative_power,24,gpu_mlp,20260829,0.034175146998013,subject,0.1067700870296718,0.1179549771742002,,,0.641015625,0.03125,0.609765625,1280,32,40,1.0,0.5890625,0.8218749999999999,counterfactual_dose,1.0,1.0,0.513060886930036,0.5472360339280491,0.0119520183875184,0.1179549771742002,0.07192489037848691,4.0,7.154615356913663,0.0204914726023942,0.0119520183875184,0.0303276833207938,0.013683674395618801,0.1060029587866818,0.076442403708878,0.06463696041641026,0,87
DEAP,arousal,relative_power,24,gpu_mlp,20260911,0.0506878397595585,subject,0.0516318965810277,0.038854474709368,,,0.630859375,0.03125,0.599609375,1280,32,40,1.0,0.5890625,0.8218749999999999,counterfactual_dose,0.25,0.2502142582383338,0.5024054220330607,0.5530932617926193,0.0126240897781276,0.1174446589850672,0.023297507296437453,4.0,7.154615356913663,0.020690663735111,0.0126240897781276,0.0548379274568029,0.029997176024447497,0.0262303849312404,-0.003206030875775201,0.015727984714630473,1,88
DEAP,arousal,relative_power,24,gpu_mlp,20260911,0.0354787142842734,subject,0.0818109747026205,0.0650583639526406,,,0.630859375,0.03125,0.599609375,1280,32,40,1.0,0.5890625,0.8218749999999999,counterfactual_dose,0.5,0.5001754796308471,0.5024054220330607,0.5378841363173341,0.0126240897781276,0.1174446589850672,0.03900960494816536,4.0,7.154615356913663,0.020690663735111,0.0126240897781276,0.0548379274568029,0.014788050549162397,0.052434274174513,0.026973047245817595,0.03144008236635838,0,89
DEAP,arousal,relative_power,24,gpu_mlp,20260911,0.0411594436768161,subject,0.0894910512446965,0.091104319889083,,,0.630859375,0.03125,0.599609375,1280,32,40,1.0,0.5890625,0.8218749999999999,counterfactual_dose,0.75,0.7498711083123482,0.5024054220330607,0.5435648657098768,0.0126240897781276,0.1174446589850672,0.05462700430849313,4.0,7.154615356913663,0.020690663735111,0.0126240897781276,0.0548379274568029,0.0204687799417051,0.07848023011095541,0.0346531237878936,0.047057481726686154,1,90
DEAP,arousal,relative_power,24,gpu_mlp,20260911,0.0442103458361489,subject,0.0889609573105153,0.1174446589850672,,,0.630859375,0.03125,0.599609375,1280,32,40,1.0,0.5890625,0.8218749999999999,counterfactual_dose,1.0,1.0,0.5024054220330607,0.5466157678692096,0.0126240897781276,0.1174446589850672,0.07042091857112429,4.0,7.154615356913663,0.020690663735111,0.0126240897781276,0.0548379274568029,0.023519682101037897,0.1048205692069396,0.0341230298537124,0.0628513959893173,1,91
DEAP,arousal,relative_power,24,gpu_mlp,20260923,0.0542455446742846,subject,0.052702406108427,0.0366050602487406,,,0.63828125,0.03125,0.60703125,1280,32,40,1.0,0.5890625,0.8218749999999999,counterfactual_dose,0.25,0.2503427494251778,0.4852749846194188,0.5395205292937035,0.0115940881270749,0.1114964861241677,0.022220415479118318,4.0,7.154615356913663,0.0450071103670159,0.0115940881270749,0.0544230136822242,0.0092384343072687,0.025010972121665698,-0.0017206075737972032,0.015182441670729881,0,92
DEAP,arousal,relative_power,24,gpu_mlp,20260923,0.0608112878337081,subject,0.0586895313033368,0.0615519706342296,,,0.63828125,0.03125,0.60703125,1280,32,40,1.0,0.5890625,0.8218749999999999,counterfactual_dose,0.5,0.4999943147562614,0.4852749846194188,0.546086272453127,0.0115940881270749,0.1114964861241677,0.03736396967405969,4.0,7.154615356913663,0.0450071103670159,0.0115940881270749,0.0544230136822242,0.0158041774666922,0.049957882507154695,0.004266517621112603,0.03032599586567125,0,93
DEAP,arousal,relative_power,24,gpu_mlp,20260923,0.0498255186533671,subject,0.0789325997367781,0.0861475285136236,,,0.63828125,0.03125,0.60703125,1280,32,40,1.0,0.5890625,0.8218749999999999,counterfactual_dose,0.75,0.7456613574215292,0.4852749846194188,0.535100503272786,0.0115940881270749,0.1114964861241677,0.052294241918035576,4.0,7.154615356913663,0.0450071103670159,0.0115940881270749,0.0544230136822242,0.004818408286351203,0.07455344038654871,0.024509586054553903,0.04525626810964715,0,94
DEAP,arousal,relative_power,24,gpu_mlp,20260923,0.0511517786003166,subject,0.0588081553687957,0.1114964861241677,,,0.63828125,0.03125,0.60703125,1280,32,40,1.0,0.5890625,0.8218749999999999,counterfactual_dose,1.0,1.0,0.4852749846194188,0.5364267632197355,0.0115940881270749,0.1114964861241677,0.06768185134256118,4.0,7.154615356913663,0.0450071103670159,0.0115940881270749,0.0544230136822242,0.006144668233300697,0.0999023979970928,0.004385141686571503,0.06064387753417274,0,95
DEAP,arousal,relative_power,24,gpu_mlp,20261007,0.0190769634194309,subject,0.0874741650738292,0.0381532167767122,,,0.640234375,0.03125,0.608984375,1280,32,40,1.0,0.5890625,0.8218749999999999,counterfactual_dose,0.25,0.2503886555990415,0.5189861927766739,0.5380631561961049,0.0117336164553045,0.1172610494604619,0.023234712873005593,4.0,7.154615356913663,0.0080685015784006,0.0117336164553045,0.0325605615180068,0.011008461841030298,0.0264196003214077,0.0549136035558224,0.016089123789482268,0,96
DEAP,arousal,relative_power,24,gpu_mlp,20261007,0.0096166453187562,subject,0.0826103726744643,0.0645006045419157,,,0.640234375,0.03125,0.608984375,1280,32,40,1.0,0.5890625,0.8218749999999999,counterfactual_dose,0.5,0.5002646601890488,0.5189861927766739,0.5286028380954302,0.0117336164553045,0.1172610494604619,0.039279860344080694,4.0,7.154615356913663,0.0080685015784006,0.0117336164553045,0.0325605615180068,0.0015481437403555998,0.0527669880866112,0.050049811156457506,0.032134271260557366,0,97
DEAP,arousal,relative_power,24,gpu_mlp,20261007,0.029134854918256,subject,0.0872582986269332,0.090979186777726,,,0.640234375,0.03125,0.608984375,1280,32,40,1.0,0.5890625,0.8218749999999999,counterfactual_dose,0.75,0.7510836816523201,0.5189861927766739,0.54812104769493,0.0117336164553045,0.1172610494604619,0.055404903197841734,4.0,7.154615356913663,0.0080685015784006,0.0117336164553045,0.0325605615180068,0.0210663533398554,0.0792455703224215,0.0546977371089264,0.048259314114318407,1,98
DEAP,arousal,relative_power,24,gpu_mlp,20261007,0.0167547478088976,subject,0.0917575348080217,0.1172610494604619,,,0.640234375,0.03125,0.608984375,1280,32,40,1.0,0.5890625,0.8218749999999999,counterfactual_dose,1.0,1.0,0.5189861927766739,0.5357409405855715,0.0117336164553045,0.1172610494604619,0.07141014691752348,4.0,7.154615356913663,0.0080685015784006,0.0117336164553045,0.0325605615180068,0.008686246230496998,0.10552743300515739,0.05919697329001491,0.06426455783400015,0,99
DEAP,arousal,relative_power,24,linear_logistic,20260813,0.0174405704430615,subject,0.0644246145346276,0.0379342309283137,,,0.632421875,0.03125,0.601171875,1280,32,40,1.0,0.5890625,0.8218749999999999,counterfactual_dose,0.25,0.2498568920110395,0.5317419894907767,0.5491825599338382,0.0131108129825088,0.1124653171134664,0.02280499273385734,1.0,7.154615356913663,0.0198938992042441,0.0131108129825088,0.0492670681429953,-0.0024533287611826007,0.024823417945804904,0.015157546391632297,0.014923140710388182,0,100
DEAP,arousal,relative_power,24,linear_logistic,20260813,0.0255090720214622,subject,0.061002066430879,0.0628947724372778,,,0.632421875,0.03125,0.601171875,1280,32,40,1.0,0.5890625,0.8218749999999999,counterfactual_dose,0.5,0.5009287084465756,0.5317419894907767,0.5572510615122389,0.0131108129825088,0.1124653171134664,0.03781056827381662,1.0,7.154615356913663,0.0198938992042441,0.0131108129825088,0.0492670681429953,0.0056151728172181,0.049783959454769,0.0117349982878837,0.02992871625034746,0,101
DEAP,arousal,relative_power,24,linear_logistic,20260813,0.0199165918649333,subject,0.0549701731025371,0.0874128828270123,,,0.632421875,0.03125,0.601171875,1280,32,40,1.0,0.5890625,0.8218749999999999,counterfactual_dose,0.75,0.7477285219009511,0.5317419894907767,0.55165858135571,0.0131108129825088,0.1124653171134664,0.05255016666827029,1.0,7.154615356913663,0.0198938992042441,0.0131108129825088,0.0492670681429953,2.2692660689199035e-05,0.07430206984450351,0.005703104959541801,0.04466831464480114,0,102
DEAP,arousal,relative_power,24,linear_logistic,20260813,0.0274984619418866,subject,0.0616600251321203,0.1124653171134664,,,0.632421875,0.03125,0.601171875,1280,32,40,1.0,0.5890625,0.8218749999999999,counterfactual_dose,1.0,1.0,0.5317419894907767,0.5592404514326633,0.0131108129825088,0.1124653171134664,0.06761098556157219,1.0,7.154615356913663,0.0198938992042441,0.0131108129825088,0.0492670681429953,0.007604562737642498,0.0993545041309576,0.012392956989125,0.05972913353810303,0,103
DEAP,arousal,relative_power,24,linear_logistic,20260829,0.0247576928119737,subject,0.0786728965680969,0.0384570592666282,,,0.641015625,0.03125,0.609765625,1280,32,40,1.0,0.5890625,0.8218749999999999,counterfactual_dose,0.25,0.2501128705175056,0.5367595889098445,0.5615172817218183,0.0119520183875184,0.1179549771742002,0.023449792779377584,1.0,7.154615356913663,0.010057891498825,0.0119520183875184,0.0303276833207938,0.014699801313148702,0.0265050408791098,0.04834521324730309,0.016161862817300934,0,104
DEAP,arousal,relative_power,24,linear_logistic,20260829,0.0041779709735655,subject,0.0893516539506682,0.0649933973276896,,,0.641015625,0.03125,0.609765625,1280,32,40,1.0,0.5890625,0.8218749999999999,counterfactual_dose,0.5,0.500236492842161,0.5367595889098445,0.5409375598834101,0.0119520183875184,0.1179549771742002,0.039630739542391984,1.0,7.154615356913663,0.010057891498825,0.0119520183875184,0.0303276833207938,-0.005879920525259499,0.053041378940171205,0.0590239706298744,0.03234280958031533,0,105
DEAP,arousal,relative_power,24,linear_logistic,20260829,0.012798660628738,subject,0.0901085052444977,0.0912862631792768,,,0.641015625,0.03125,0.609765625,1280,32,40,1.0,0.5890625,0.8218749999999999,counterfactual_dose,0.75,0.7482968123229785,0.5367595889098445,0.5495582495385826,0.0119520183875184,0.1179549771742002,0.0556632253214262,1.0,7.154615356913663,0.010057891498825,0.0119520183875184,0.0303276833207938,0.002740769129913001,0.0793342447917584,0.0597808219237039,0.04837529535934955,0,106
DEAP,arousal,relative_power,24,linear_logistic,20260829,0.0236306239977408,subject,0.1067700870296718,0.1179549771742002,,,0.641015625,0.03125,0.609765625,1280,32,40,1.0,0.5890625,0.8218749999999999,counterfactual_dose,1.0,1.0,0.5367595889098445,0.5603902129075854,0.0119520183875184,0.1179549771742002,0.07192489037848691,1.0,7.154615356913663,0.010057891498825,0.0119520183875184,0.0303276833207938,0.0135727324989158,0.1060029587866818,0.076442403708878,0.06463696041641026,0,107
DEAP,arousal,relative_power,24,linear_logistic,20260911,0.0178616453691844,subject,0.0516318965810277,0.038854474709368,,,0.630859375,0.03125,0.599609375,1280,32,40,1.0,0.5890625,0.8218749999999999,counterfactual_dose,0.25,0.2502142582383338,0.5297954634849875,0.547657108854172,0.0126240897781276,0.1174446589850672,0.023297507296437453,1.0,7.154615356913663,0.0010615122389083,0.0126240897781276,0.0548379274568029,0.0168001331302761,0.0262303849312404,-0.003206030875775201,0.015727984714630473,0,108
DEAP,arousal,relative_power,24,linear_logistic,20260911,0.0169993242629927,subject,0.0818109747026205,0.0650583639526406,,,0.630859375,0.03125,0.599609375,1280,32,40,1.0,0.5890625,0.8218749999999999,counterfactual_dose,0.5,0.5001754796308471,0.5297954634849875,0.5467947877479803,0.0126240897781276,0.1174446589850672,0.03900960494816536,1.0,7.154615356913663,0.0010615122389083,0.0126240897781276,0.0548379274568029,0.0159378120240844,0.052434274174513,0.026973047245817595,0.03144008236635838,0,109
DEAP,arousal,relative_power,24,linear_logistic,20260911,0.0224153059474943,subject,0.0894910512446965,0.091104319889083,,,0.630859375,0.03125,0.599609375,1280,32,40,1.0,0.5890625,0.8218749999999999,counterfactual_dose,0.75,0.7498711083123482,0.5297954634849875,0.5522107694324818,0.0126240897781276,0.1174446589850672,0.05462700430849313,1.0,7.154615356913663,0.0010615122389083,0.0126240897781276,0.0548379274568029,0.021353793708586002,0.07848023011095541,0.0346531237878936,0.047057481726686154,1,110
DEAP,arousal,relative_power,24,linear_logistic,20260911,0.0263058365523293,subject,0.0889609573105153,0.1174446589850672,,,0.630859375,0.03125,0.599609375,1280,32,40,1.0,0.5890625,0.8218749999999999,counterfactual_dose,1.0,1.0,0.5297954634849875,0.5561013000373168,0.0126240897781276,0.1174446589850672,0.07042091857112429,1.0,7.154615356913663,0.0010615122389083,0.0126240897781276,0.0548379274568029,0.025244324313421,0.1048205692069396,0.0341230298537124,0.0628513959893173,1,111
DEAP,arousal,relative_power,24,linear_logistic,20260923,0.0107437141329891,subject,0.052702406108427,0.0366050602487406,,,0.63828125,0.03125,0.60703125,1280,32,40,1.0,0.5890625,0.8218749999999999,counterfactual_dose,0.25,0.2503427494251778,0.5088829159564704,0.5196266300894595,0.0115940881270749,0.1114964861241677,0.022220415479118318,1.0,7.154615356913663,0.01394842210366,0.0115940881270749,0.0544230136822242,-0.003204707970670899,0.025010972121665698,-0.0017206075737972032,0.015182441670729881,0,112
DEAP,arousal,relative_power,24,linear_logistic,20260923,0.011981724843925,subject,0.0586895313033368,0.0615519706342296,,,0.63828125,0.03125,0.60703125,1280,32,40,1.0,0.5890625,0.8218749999999999,counterfactual_dose,0.5,0.4999943147562614,0.5088829159564704,0.5208646408003954,0.0115940881270749,0.1114964861241677,0.03736396967405969,1.0,7.154615356913663,0.01394842210366,0.0115940881270749,0.0544230136822242,-0.001966697259734999,0.049957882507154695,0.004266517621112603,0.03032599586567125,0,113
DEAP,arousal,relative_power,24,linear_logistic,20260923,0.0183482768706316,subject,0.0789325997367781,0.0861475285136236,,,0.63828125,0.03125,0.60703125,1280,32,40,1.0,0.5890625,0.8218749999999999,counterfactual_dose,0.75,0.7456613574215292,0.5088829159564704,0.5272311928271021,0.0115940881270749,0.1114964861241677,0.052294241918035576,1.0,7.154615356913663,0.01394842210366,0.0115940881270749,0.0544230136822242,0.0043998547669716025,0.07455344038654871,0.024509586054553903,0.04525626810964715,0,114
DEAP,arousal,relative_power,24,linear_logistic,20260923,0.0079802523423868,subject,0.0588081553687957,0.1114964861241677,,,0.63828125,0.03125,0.60703125,1280,32,40,1.0,0.5890625,0.8218749999999999,counterfactual_dose,1.0,1.0,0.5088829159564704,0.5168631682988573,0.0115940881270749,0.1114964861241677,0.06768185134256118,1.0,7.154615356913663,0.01394842210366,0.0115940881270749,0.0544230136822242,-0.0059681697612732,0.0999023979970928,0.004385141686571503,0.06064387753417274,0,115
DEAP,arousal,relative_power,24,linear_logistic,20261007,0.0128440459501165,subject,0.0874741650738292,0.0381532167767122,,,0.640234375,0.03125,0.608984375,1280,32,40,1.0,0.5890625,0.8218749999999999,counterfactual_dose,0.25,0.2503886555990415,0.5233633548829563,0.5362074008330728,0.0117336164553045,0.1172610494604619,0.023234712873005593,1.0,7.154615356913663,0.0169337676876683,0.0117336164553045,0.0325605615180068,-0.0040897217375518,0.0264196003214077,0.0549136035558224,0.016089123789482268,0,116
DEAP,arousal,relative_power,24,linear_logistic,20261007,0.0300198686851368,subject,0.0826103726744643,0.0645006045419157,,,0.640234375,0.03125,0.608984375,1280,32,40,1.0,0.5890625,0.8218749999999999,counterfactual_dose,0.5,0.5002646601890488,0.5233633548829563,0.5533832235680931,0.0117336164553045,0.1172610494604619,0.039279860344080694,1.0,7.154615356913663,0.0169337676876683,0.0117336164553045,0.0325605615180068,0.0130861009974685,0.0527669880866112,0.050049811156457506,0.032134271260557366,0,117
DEAP,arousal,relative_power,24,linear_logistic,20261007,0.0326723885790359,subject,0.0872582986269332,0.090979186777726,,,0.640234375,0.03125,0.608984375,1280,32,40,1.0,0.5890625,0.8218749999999999,counterfactual_dose,0.75,0.7510836816523201,0.5233633548829563,0.5560357434619922,0.0117336164553045,0.1172610494604619,0.055404903197841734,1.0,7.154615356913663,0.0169337676876683,0.0117336164553045,0.0325605615180068,0.0157386208913676,0.0792455703224215,0.0546977371089264,0.048259314114318407,0,118
DEAP,arousal,relative_power,24,linear_logistic,20261007,0.0295105445230002,subject,0.0917575348080217,0.1172610494604619,,,0.640234375,0.03125,0.608984375,1280,32,40,1.0,0.5890625,0.8218749999999999,counterfactual_dose,1.0,1.0,0.5233633548829563,0.5528738994059565,0.0117336164553045,0.1172610494604619,0.07141014691752348,1.0,7.154615356913663,0.0169337676876683,0.0117336164553045,0.0325605615180068,0.012576776835331899,0.10552743300515739,0.05919697329001491,0.06426455783400015,0,119
DEAP,valence,all,72,gpu_mlp,20260813,0.0322300170912992,subject,0.0328933109392397,0.0209744455560002,,,0.92109375,0.03125,0.88984375,1280,32,40,1.0,0.565625,0.8687499999999999,counterfactual_dose,0.25,0.2499729218828634,0.4924082833180969,0.5246383004093962,0.0028159470883091,0.0754765680387855,0.01866397928772205,4.0,7.154615356913663,0.0094896458523788,0.0028159470883091,-0.0031047821971308,0.0227403712389204,0.0181584984676911,0.0359980931363705,0.016158226370859504,1,120
DEAP,valence,all,72,gpu_mlp,20260813,0.0205393696092849,subject,0.030238915593215,0.039123555219364,,,0.92109375,0.03125,0.88984375,1280,32,40,1.0,0.565625,0.8687499999999999,counterfactual_dose,0.5,0.4996402395124553,0.4924082833180969,0.5129476529273819,0.0028159470883091,0.0754765680387855,0.03481385108973093,4.0,7.154615356913663,0.0094896458523788,0.0028159470883091,-0.0031047821971308,0.0110497237569061,0.036307608131054894,0.0333436977903458,0.03230809817286838,0,121
DEAP,valence,all,72,gpu_mlp,20260813,0.0026332525140109,subject,0.0358334161886138,0.0565827953888861,,,0.92109375,0.03125,0.88984375,1280,32,40,1.0,0.565625,0.8687499999999999,counterfactual_dose,0.75,0.7422349087305308,0.4924082833180969,0.4950415358321078,0.0028159470883091,0.0754765680387855,0.05034984683432912,4.0,7.154615356913663,0.0094896458523788,0.0028159470883091,-0.0031047821971308,-0.006856393338367899,0.053766848300577,0.038938198385744596,0.047844093917466565,0,122
DEAP,valence,all,72,gpu_mlp,20260813,0.012172582376088,subject,0.0322068210905434,0.0754765680387855,,,0.92109375,0.03125,0.88984375,1280,32,40,1.0,0.565625,0.8687499999999999,counterfactual_dose,1.0,1.0,0.4924082833180969,0.504580865694185,0.0028159470883091,0.0754765680387855,0.06716235234076304,4.0,7.154615356913663,0.0094896458523788,0.0028159470883091,-0.0031047821971308,0.0026829365237092014,0.0726606209504764,0.0353116032876742,0.0646565994239005,0,123
DEAP,valence,all,72,gpu_mlp,20260829,-0.006940856154855,subject,0.0241157717268078,0.0188812378624406,,,0.915625,0.03125,0.884375,1280,32,40,1.0,0.565625,0.8687499999999999,counterfactual_dose,0.25,0.2502379253424993,0.4950266306291982,0.4880857744743432,0.0024598495437352,0.0681153721242294,0.016698094734595905,4.0,7.154615356913663,-0.0137823442903135,0.0024598495437352,0.0058514252410852,0.006841488135458501,0.0164213883187054,0.0182643464857226,0.01452266529435509,0,124
DEAP,valence,all,72,gpu_mlp,20260829,0.0093753726300728,subject,0.0033586040155094,0.0353313205548277,,,0.915625,0.03125,0.884375,1280,32,40,1.0,0.565625,0.8687499999999999,counterfactual_dose,0.5,0.5007723664085064,0.4950266306291982,0.5044020032592711,0.0024598495437352,0.0681153721242294,0.031246136615675744,4.0,7.154615356913663,-0.0137823442903135,0.0024598495437352,0.0058514252410852,0.0231577169203863,0.032871471011092494,-0.0024928212255758,0.029070707175434925,1,125
DEAP,valence,all,72,gpu_mlp,20260829,0.0023898008664891,subject,0.0213824221683907,0.0504944655335732,,,0.915625,0.03125,0.884375,1280,32,40,1.0,0.565625,0.8687499999999999,counterfactual_dose,0.75,0.7350515810401548,0.4950266306291982,0.4974164314956874,0.0024598495437352,0.0681153721242294,0.0446560429562538,4.0,7.154615356913663,-0.0137823442903135,0.0024598495437352,0.0058514252410852,0.0161721451568026,0.048034615989838,0.015530996927305498,0.04248061351601298,0,126
DEAP,valence,all,72,gpu_mlp,20260829,-0.004193330418538,subject,0.0253060628003875,0.0681153721242294,,,0.915625,0.03125,0.884375,1280,32,40,1.0,0.565625,0.8687499999999999,counterfactual_dose,1.0,1.0,0.4950266306291982,0.4908333002106602,0.0024598495437352,0.0681153721242294,0.060239532222365375,4.0,7.154615356913663,-0.0137823442903135,0.0024598495437352,0.0058514252410852,0.009589013871775501,0.0656555225804942,0.0194546375593023,0.05806410278212456,0,127
DEAP,valence,all,72,gpu_mlp,20260911,0.0084760920545331,subject,0.0130495025185526,0.0199863407201609,,,0.911328125,0.03125,0.880078125,1280,32,40,1.0,0.565625,0.8687499999999999,counterfactual_dose,0.25,0.2495987043005631,0.4931287014587225,0.5016047935132557,0.0027657848269967,0.0717150046310113,0.017589541266610356,4.0,7.154615356913663,0.0275249413728685,0.0027657848269967,-0.0059605093414125,-0.0190488493183354,0.0172205558931642,0.0190100118599651,0.015155434541913652,0,128
DEAP,valence,all,72,gpu_mlp,20260911,0.0283596327358003,subject,0.0096698548483843,0.0372119076295814,,,0.911328125,0.03125,0.880078125,1280,32,40,1.0,0.565625,0.8687499999999999,counterfactual_dose,0.5,0.4995593800000685,0.4931287014587225,0.5214883341945229,0.0027657848269967,0.0717150046310113,0.0327493858943152,4.0,7.154615356913663,0.0275249413728685,0.0027657848269967,-0.0059605093414125,0.0008346913629317977,0.0344461228025847,0.0156303641897968,0.030315279169618493,0,129
DEAP,valence,all,72,gpu_mlp,20260911,0.0194463213959218,subject,0.001066178309827,0.053810804077882,,,0.911328125,0.03125,0.880078125,1280,32,40,1.0,0.565625,0.8687499999999999,counterfactual_dose,0.75,0.7416060208639793,0.4931287014587225,0.5125750228546444,0.0027657848269967,0.0717150046310113,0.04735771155760475,4.0,7.154615356913663,0.0275249413728685,0.0027657848269967,-0.0059605093414125,-0.0080786199769467,0.0510450192508853,0.0070266876512395,0.04492360483290805,0,130
DEAP,valence,all,72,gpu_mlp,20260911,0.042459954688183,subject,0.010553028869582,0.0717150046310113,,,0.911328125,0.03125,0.880078125,1280,32,40,1.0,0.565625,0.8687499999999999,counterfactual_dose,1.0,1.0,0.4931287014587225,0.5355886561469057,0.0027657848269967,0.0717150046310113,0.06311480681002675,4.0,7.154615356913663,0.0275249413728685,0.0027657848269967,-0.0059605093414125,0.014935013315314497,0.0689492198040146,0.0165135382109945,0.06068070008533004,0,131
DEAP,valence,all,72,gpu_mlp,20260923,0.0174241822012003,subject,0.0081438548128095,0.0209774598028625,,,0.91328125,0.03125,0.88203125,1280,32,40,1.0,0.565625,0.8687499999999999,counterfactual_dose,0.25,0.249912336992291,0.4865306649707858,0.5039548471719861,0.0028164612131075,0.075492083481796,0.018502775091743563,4.0,7.154615356913663,0.0009638697881473,0.0028164612131075,0.0016218607838818,0.016460312413053,0.018160998589755,0.006521994028927699,0.01601856828736984,0,132
DEAP,valence,all,72,gpu_mlp,20260923,0.0241364919114432,subject,0.0366921646250727,0.0392035943219379,,,0.91328125,0.03125,0.88203125,1280,32,40,1.0,0.565625,0.8687499999999999,counterfactual_dose,0.5,0.5006307840912296,0.4865306649707858,0.5106671568822291,0.0028164612131075,0.075492083481796,0.03457879530427179,4.0,7.154615356913663,0.0009638697881473,0.0028164612131075,0.0016218607838818,0.0231726221232959,0.0363871331088304,0.0350703038411909,0.03209458849989806,1,133
DEAP,valence,all,72,gpu_mlp,20260923,0.0124309392265193,subject,0.0228518061337626,0.056520258304226,,,0.91328125,0.03125,0.88203125,1280,32,40,1.0,0.565625,0.8687499999999999,counterfactual_dose,0.75,0.7411923599308257,0.4865306649707858,0.4989616041973051,0.0028164612131075,0.075492083481796,0.049852634082399344,4.0,7.154615356913663,0.0009638697881473,0.0028164612131075,0.0016218607838818,0.011467069438372,0.0537037970911185,0.0212299453498808,0.047368427278025614,0,134
DEAP,valence,all,72,gpu_mlp,20260923,0.0268194284351525,subject,0.0176680673606448,0.075492083481796,,,0.91328125,0.03125,0.88203125,1280,32,40,1.0,0.565625,0.8687499999999999,counterfactual_dose,1.0,1.0,0.4865306649707858,0.5133500934059383,0.0028164612131075,0.075492083481796,0.06658637675855288,4.0,7.154615356913663,0.0009638697881473,0.0028164612131075,0.0016218607838818,0.0258555586470052,0.0726756222686885,0.016046206576763002,0.06410216995417915,1,135
DEAP,valence,all,72,gpu_mlp,20261007,0.016460312413053,subject,0.0224212639544474,0.0209163690629879,,,0.9144531250000001,0.03125,0.8832031250000001,1280,32,40,1.0,0.565625,0.8687499999999999,counterfactual_dose,0.25,0.2500027314661849,0.486257402917445,0.502717715330498,0.0036367940050801,0.0727693948914015,0.018473402520084236,4.0,7.154615356913663,0.0145325728367582,0.0036367940050801,0.0040597943064736,0.0019277395762947996,0.017279575057907802,0.018361469647973798,0.015261374689816228,0,136
DEAP,valence,all,72,gpu_mlp,20261007,0.0085903652768393,subject,0.0203995367042508,0.0382282735165877,,,0.9144531250000001,0.03125,0.8832031250000001,1280,32,40,1.0,0.565625,0.8687499999999999,counterfactual_dose,0.5,0.5003264698555798,0.486257402917445,0.4948477681942843,0.0036367940050801,0.0727693948914015,0.033763330633205,4.0,7.154615356913663,0.0145325728367582,0.0036367940050801,0.0040597943064736,-0.005942207559918899,0.0345914795115076,0.016339742397777197,0.03055130280293699,0,137
DEAP,valence,all,72,gpu_mlp,20261007,0.0524166302317262,subject,0.0335557087726282,0.0552451189017264,,,0.9144531250000001,0.03125,0.8832031250000001,1280,32,40,1.0,0.565625,0.8687499999999999,counterfactual_dose,0.75,0.7508598955068633,0.486257402917445,0.5386740331491713,0.0036367940050801,0.0727693948914015,0.048792661655001325,4.0,7.154615356913663,0.0145325728367582,0.0036367940050801,0.0040597943064736,0.037884057394968,0.051608324896646296,0.0294959144661546,0.04558063382473331,1,138
DEAP,valence,all,72,gpu_mlp,20261007,0.0349924480305259,subject,0.0319782131501178,0.0727693948914015,,,0.9144531250000001,0.03125,0.8832031250000001,1280,32,40,1.0,0.565625,0.8687499999999999,counterfactual_dose,1.0,1.0,0.486257402917445,0.5212498509479709,0.0036367940050801,0.0727693948914015,0.06427015697244484,4.0,7.154615356913663,0.0145325728367582,0.0036367940050801,0.0040597943064736,0.0204598751937677,0.0691326008863214,0.027918418843644197,0.06105812914217683,1,139
DEAP,valence,all,72,linear_logistic,20260813,0.0226260980166143,subject,0.0328933109392397,0.0209744455560002,,,0.92109375,0.03125,0.88984375,1280,32,40,1.0,0.565625,0.8687499999999999,counterfactual_dose,0.25,0.2499729218828634,0.4939633928216543,0.5165894908382687,0.0028159470883091,0.0754765680387855,0.01866397928772205,1.0,7.154615356913663,0.0092809730116459,0.0028159470883091,-0.0031047821971308,0.013345125004968402,0.0181584984676911,0.0359980931363705,0.016158226370859504,0,140
DEAP,valence,all,72,linear_logistic,20260813,0.0148853293056163,subject,0.030238915593215,0.039123555219364,,,0.92109375,0.03125,0.88984375,1280,32,40,1.0,0.565625,0.8687499999999999,counterfactual_dose,0.5,0.4996402395124553,0.4939633928216543,0.5088487221272706,0.0028159470883091,0.0754765680387855,0.03481385108973093,1.0,7.154615356913663,0.0092809730116459,0.0028159470883091,-0.0031047821971308,0.005604356293970401,0.036307608131054894,0.0333436977903458,0.03230809817286838,0,141
DEAP,valence,all,72,linear_logistic,20260813,0.0126694224730711,subject,0.0358334161886138,0.0565827953888861,,,0.92109375,0.03125,0.88984375,1280,32,40,1.0,0.565625,0.8687499999999999,counterfactual_dose,0.75,0.7422349087305308,0.4939633928216543,0.5066328152947255,0.0028159470883091,0.0754765680387855,0.05034984683432912,1.0,7.154615356913663,0.0092809730116459,0.0028159470883091,-0.0031047821971308,0.0033884494614252,0.053766848300577,0.038938198385744596,0.047844093917466565,0,142
DEAP,valence,all,72,linear_logistic,20260813,0.02068345323741,subject,0.0322068210905434,0.0754765680387855,,,0.92109375,0.03125,0.88984375,1280,32,40,1.0,0.565625,0.8687499999999999,counterfactual_dose,1.0,1.0,0.4939633928216543,0.5146468460590643,0.0028159470883091,0.0754765680387855,0.06716235234076304,1.0,7.154615356913663,0.0092809730116459,0.0028159470883091,-0.0031047821971308,0.0114024802257641,0.0726606209504764,0.0353116032876742,0.0646565994239005,0,143
DEAP,valence,all,72,linear_logistic,20260829,0.0080587463730673,subject,0.0241157717268078,0.0188812378624406,,,0.915625,0.03125,0.884375,1280,32,40,1.0,0.565625,0.8687499999999999,counterfactual_dose,0.25,0.2502379253424993,0.5057534083230653,0.5138121546961326,0.0024598495437352,0.0681153721242294,0.016698094734595905,1.0,7.154615356913663,0.0065334472753288,0.0024598495437352,0.0058514252410852,0.0015252990977384995,0.0164213883187054,0.0182643464857226,0.01452266529435509,0,144
DEAP,valence,all,72,linear_logistic,20260829,0.0096486346834134,subject,0.0033586040155094,0.0353313205548277,,,0.915625,0.03125,0.884375,1280,32,40,1.0,0.565625,0.8687499999999999,counterfactual_dose,0.5,0.5007723664085064,0.5057534083230653,0.5154020430064787,0.0024598495437352,0.0681153721242294,0.031246136615675744,1.0,7.154615356913663,0.0065334472753288,0.0024598495437352,0.0058514252410852,0.0031151874080846,0.032871471011092494,-0.0024928212255758,0.029070707175434925,0,145
DEAP,valence,all,72,linear_logistic,20260829,0.0201667395365476,subject,0.0213824221683907,0.0504944655335732,,,0.915625,0.03125,0.884375,1280,32,40,1.0,0.565625,0.8687499999999999,counterfactual_dose,0.75,0.7350515810401548,0.5057534083230653,0.5259201478596129,0.0024598495437352,0.0681153721242294,0.0446560429562538,1.0,7.154615356913663,0.0065334472753288,0.0024598495437352,0.0058514252410852,0.013633292261218802,0.048034615989838,0.015530996927305498,0.04248061351601298,0,146
DEAP,valence,all,72,linear_logistic,20260829,0.0133749354107874,subject,0.0253060628003875,0.0681153721242294,,,0.915625,0.03125,0.884375,1280,32,40,1.0,0.565625,0.8687499999999999,counterfactual_dose,1.0,1.0,0.5057534083230653,0.5191283437338527,0.0024598495437352,0.0681153721242294,0.060239532222365375,1.0,7.154615356913663,0.0065334472753288,0.0024598495437352,0.0058514252410852,0.0068414881354586,0.0656555225804942,0.0194546375593023,0.05806410278212456,0,147
DEAP,valence,all,72,linear_logistic,20260911,0.0054453674629356,subject,0.0130495025185526,0.0199863407201609,,,0.911328125,0.03125,0.880078125,1280,32,40,1.0,0.565625,0.8687499999999999,counterfactual_dose,0.25,0.2495987043005631,0.4913102667037641,0.4967556341666997,0.0027657848269967,0.0717150046310113,0.017589541266610356,1.0,7.154615356913663,-0.003870384355499,0.0027657848269967,-0.0059605093414125,0.0093157518184346,0.0172205558931642,0.0190100118599651,0.015155434541913652,0,148
DEAP,valence,all,72,linear_logistic,20260911,0.0109851345442981,subject,0.0096698548483843,0.0372119076295814,,,0.911328125,0.03125,0.880078125,1280,32,40,1.0,0.565625,0.8687499999999999,counterfactual_dose,0.5,0.4995593800000685,0.4913102667037641,0.5022954012480623,0.0027657848269967,0.0717150046310113,0.0327493858943152,1.0,7.154615356913663,-0.003870384355499,0.0027657848269967,-0.0059605093414125,0.0148555188997971,0.0344461228025847,0.0156303641897968,0.030315279169618493,0,149
DEAP,valence,all,72,linear_logistic,20260911,0.0076612742954806,subject,0.001066178309827,0.053810804077882,,,0.911328125,0.03125,0.880078125,1280,32,40,1.0,0.565625,0.8687499999999999,counterfactual_dose,0.75,0.7416060208639793,0.4913102667037641,0.4989715409992448,0.0027657848269967,0.0717150046310113,0.04735771155760475,1.0,7.154615356913663,-0.003870384355499,0.0027657848269967,-0.0059605093414125,0.0115316586509796,0.0510450192508853,0.0070266876512395,0.04492360483290805,0,150
DEAP,valence,all,72,linear_logistic,20260911,0.0136034818553996,subject,0.010553028869582,0.0717150046310113,,,0.911328125,0.03125,0.880078125,1280,32,40,1.0,0.565625,0.8687499999999999,counterfactual_dose,1.0,1.0,0.4913102667037641,0.5049137485591637,0.0027657848269967,0.0717150046310113,0.06311480681002675,1.0,7.154615356913663,-0.003870384355499,0.0027657848269967,-0.0059605093414125,0.017473866210898602,0.0689492198040146,0.0165135382109945,0.06068070008533004,0,151
DEAP,valence,all,72,linear_logistic,20260923,0.0279422870543344,subject,0.0081438548128095,0.0209774598028625,,,0.91328125,0.03125,0.88203125,1280,32,40,1.0,0.565625,0.8687499999999999,counterfactual_dose,0.25,0.249912336992291,0.4641728606065424,0.4921151476608768,0.0028164612131075,0.075492083481796,0.018502775091743563,1.0,7.154615356913663,0.0291148296832147,0.0028164612131075,0.0016218607838818,-0.0011725426288802972,0.018160998589755,0.006521994028927699,0.01601856828736984,0,152
DEAP,valence,all,72,linear_logistic,20260923,0.0367761039786954,subject,0.0366921646250727,0.0392035943219379,,,0.91328125,0.03125,0.88203125,1280,32,40,1.0,0.565625,0.8687499999999999,counterfactual_dose,0.5,0.5006307840912296,0.4641728606065424,0.5009489645852379,0.0028164612131075,0.075492083481796,0.03457879530427179,1.0,7.154615356913663,0.0291148296832147,0.0028164612131075,0.0016218607838818,0.007661274295480702,0.0363871331088304,0.0350703038411909,0.03209458849989806,0,153
DEAP,valence,all,72,linear_logistic,20260923,0.041754441750467,subject,0.0228518061337626,0.056520258304226,,,0.91328125,0.03125,0.88203125,1280,32,40,1.0,0.565625,0.8687499999999999,counterfactual_dose,0.75,0.7411923599308257,0.4641728606065424,0.5059273023570094,0.0028164612131075,0.075492083481796,0.049852634082399344,1.0,7.154615356913663,0.0291148296832147,0.0028164612131075,0.0016218607838818,0.012639612067252299,0.0537037970911185,0.0212299453498808,0.047368427278025614,0,154
DEAP,valence,all,72,linear_logistic,20260923,0.0445168726896935,subject,0.0176680673606448,0.075492083481796,,,0.91328125,0.03125,0.88203125,1280,32,40,1.0,0.565625,0.8687499999999999,counterfactual_dose,1.0,1.0,0.4641728606065424,0.5086897332962359,0.0028164612131075,0.075492083481796,0.06658637675855288,1.0,7.154615356913663,0.0291148296832147,0.0028164612131075,0.0016218607838818,0.015402043006478804,0.0726756222686885,0.016046206576763002,0.06410216995417915,0,155
DEAP,valence,all,72,linear_logistic,20261007,0.0109702293413887,subject,0.0224212639544474,0.0209163690629879,,,0.9144531250000001,0.03125,0.8832031250000001,1280,32,40,1.0,0.565625,0.8687499999999999,counterfactual_dose,0.25,0.2500027314661849,0.4812095075320959,0.4921797368734846,0.0036367940050801,0.0727693948914015,0.018473402520084236,1.0,7.154615356913663,-0.0002235780436424,0.0036367940050801,0.0040597943064736,0.0111938073850311,0.017279575057907802,0.018361469647973798,0.015261374689816228,0,156
DEAP,valence,all,72,linear_logistic,20261007,0.0185023252116538,subject,0.0203995367042508,0.0382282735165877,,,0.9144531250000001,0.03125,0.8832031250000001,1280,32,40,1.0,0.565625,0.8687499999999999,counterfactual_dose,0.5,0.5003264698555798,0.4812095075320959,0.4997118327437497,0.0036367940050801,0.0727693948914015,0.033763330633205,1.0,7.154615356913663,-0.0002235780436424,0.0036367940050801,0.0040597943064736,0.0187259032552962,0.0345914795115076,0.016339742397777197,0.03055130280293699,0,157
DEAP,valence,all,72,linear_logistic,20261007,0.0155312214316943,subject,0.0335557087726282,0.0552451189017264,,,0.9144531250000001,0.03125,0.8832031250000001,1280,32,40,1.0,0.565625,0.8687499999999999,counterfactual_dose,0.75,0.7508598955068633,0.4812095075320959,0.4967407289637903,0.0036367940050801,0.0727693948914015,0.048792661655001325,1.0,7.154615356913663,-0.0002235780436424,0.0036367940050801,0.0040597943064736,0.0157547994753367,0.051608324896646296,0.0294959144661546,0.04558063382473331,0,158
DEAP,valence,all,72,linear_logistic,20261007,0.0157398942724273,subject,0.0319782131501178,0.0727693948914015,,,0.9144531250000001,0.03125,0.8832031250000001,1280,32,40,1.0,0.565625,0.8687499999999999,counterfactual_dose,1.0,1.0,0.4812095075320959,0.4969494018045232,0.0036367940050801,0.0727693948914015,0.06427015697244484,1.0,7.154615356913663,-0.0002235780436424,0.0036367940050801,0.0040597943064736,0.0159634723160697,0.0691326008863214,0.027918418843644197,0.06105812914217683,0,159
DEAP,valence,normalized_asymmetry,12,gpu_mlp,20260813,0.0287769784172662,subject,0.0328933109392397,0.0209744455560002,,,0.6382812499999999,0.03125,0.6070312499999999,1280,32,40,1.0,0.565625,0.8687499999999999,counterfactual_dose,0.25,0.2499729218828634,0.4692505663977105,0.4980275448149768,0.0028159470883091,0.0754765680387855,0.012732143903915744,4.0,7.154615356913663,0.0196698994395643,0.0028159470883091,-0.0031047821971308,0.0091070789777019,0.0181584984676911,0.0359980931363705,0.011022776022965612,0,160
DEAP,valence,normalized_asymmetry,12,gpu_mlp,20260813,0.0318424818156524,subject,0.030238915593215,0.039123555219364,,,0.6382812499999999,0.03125,0.6070312499999999,1280,32,40,1.0,0.565625,0.8687499999999999,counterfactual_dose,0.5,0.4996402395124553,0.4692505663977105,0.501093048213363,0.0028159470883091,0.0754765680387855,0.02374922062925455,4.0,7.154615356913663,0.0196698994395643,0.0028159470883091,-0.0031047821971308,0.0121725823760881,0.036307608131054894,0.0333436977903458,0.022039852748304414,0,161
DEAP,valence,normalized_asymmetry,12,gpu_mlp,20260813,0.0350719424460431,subject,0.0358334161886138,0.0565827953888861,,,0.6382812499999999,0.03125,0.6070312499999999,1280,32,40,1.0,0.565625,0.8687499999999999,counterfactual_dose,0.75,0.7422349087305308,0.4692505663977105,0.5043225088437537,0.0028159470883091,0.0754765680387855,0.03434752501340976,4.0,7.154615356913663,0.0196698994395643,0.0028159470883091,-0.0031047821971308,0.0154020430064788,0.053766848300577,0.038938198385744596,0.03263815713245963,0,162
DEAP,valence,normalized_asymmetry,12,gpu_mlp,20260813,0.0216622282284669,subject,0.0322068210905434,0.0754765680387855,,,0.6382812499999999,0.03125,0.6070312499999999,1280,32,40,1.0,0.565625,0.8687499999999999,counterfactual_dose,1.0,1.0,0.4692505663977105,0.4909127946261775,0.0028159470883091,0.0754765680387855,0.045816635442294,4.0,7.154615356913663,0.0196698994395643,0.0028159470883091,-0.0031047821971308,0.001992328788902601,0.0726606209504764,0.0353116032876742,0.04410726756134387,0,163
DEAP,valence,normalized_asymmetry,12,gpu_mlp,20260829,-0.0053161890377201,subject,0.0241157717268078,0.0188812378624406,,,0.634765625,0.03125,0.603515625,1280,32,40,1.0,0.565625,0.8687499999999999,counterfactual_dose,0.25,0.2502379253424993,0.485402837950634,0.4800866489129138,0.0024598495437352,0.0681153721242294,0.011395122069324503,4.0,7.154615356913663,-0.0030207877896578,0.0024598495437352,0.0058514252410852,-0.0022954012480623,0.0164213883187054,0.0182643464857226,0.009910564434531189,0,164
DEAP,valence,normalized_asymmetry,12,gpu_mlp,20260829,-0.0195605946182281,subject,0.0033586040155094,0.0353313205548277,,,0.634765625,0.03125,0.603515625,1280,32,40,1.0,0.565625,0.8687499999999999,counterfactual_dose,0.5,0.5007723664085064,0.485402837950634,0.4658422433324058,0.0024598495437352,0.0681153721242294,0.021323004006722185,4.0,7.154615356913663,-0.0030207877896578,0.0024598495437352,0.0058514252410852,-0.0165398068285703,0.032871471011092494,-0.0024928212255758,0.01983844637192887,0,165
DEAP,valence,normalized_asymmetry,12,gpu_mlp,20260829,-0.0026829365237092,subject,0.0213824221683907,0.0504944655335732,,,0.634765625,0.03125,0.603515625,1280,32,40,1.0,0.565625,0.8687499999999999,counterfactual_dose,0.75,0.7350515810401548,0.485402837950634,0.4827199014269248,0.0024598495437352,0.0681153721242294,0.03047419892553539,4.0,7.154615356913663,-0.0030207877896578,0.0024598495437352,0.0058514252410852,0.00033785126594860007,0.048034615989838,0.015530996927305498,0.028989641290742073,0,166
DEAP,valence,normalized_asymmetry,12,gpu_mlp,20260829,0.0148704241027067,subject,0.0253060628003875,0.0681153721242294,,,0.634765625,0.03125,0.603515625,1280,32,40,1.0,0.565625,0.8687499999999999,counterfactual_dose,1.0,1.0,0.485402837950634,0.5002732620533408,0.0024598495437352,0.0681153721242294,0.04110869137966188,4.0,7.154615356913663,-0.0030207877896578,0.0024598495437352,0.0058514252410852,0.0178912118923645,0.0656555225804942,0.0194546375593023,0.03962413374486857,0,167
DEAP,valence,normalized_asymmetry,12,gpu_mlp,20260911,-0.0028916093644422,subject,0.0130495025185526,0.0199863407201609,,,0.6246093749999999,0.03125,0.5933593749999999,1280,32,40,1.0,0.565625,0.8687499999999999,counterfactual_dose,0.25,0.2495987043005631,0.4753964783973926,0.4725048690329504,0.0027657848269967,0.0717150046310113,0.01185908263825172,4.0,7.154615356913663,0.0002384832465519,0.0027657848269967,-0.0059605093414125,-0.0031300926109940996,0.0172205558931642,0.0190100118599651,0.010217978281920476,0,168
DEAP,valence,normalized_asymmetry,12,gpu_mlp,20260911,-0.0036120275050678,subject,0.0096698548483843,0.0372119076295814,,,0.6246093749999999,0.03125,0.5933593749999999,1280,32,40,1.0,0.565625,0.8687499999999999,counterfactual_dose,0.5,0.4995593800000685,0.4753964783973926,0.4717844508923248,0.0027657848269967,0.0717150046310113,0.02208003425364615,4.0,7.154615356913663,0.0002384832465519,0.0027657848269967,-0.0059605093414125,-0.0038505107516196998,0.0344461228025847,0.0156303641897968,0.020438929897314904,0,169
DEAP,valence,normalized_asymmetry,12,gpu_mlp,20260911,-0.0054453674629357,subject,0.001066178309827,0.053810804077882,,,0.6246093749999999,0.03125,0.5933593749999999,1280,32,40,1.0,0.565625,0.8687499999999999,counterfactual_dose,0.75,0.7416060208639793,0.4753964783973926,0.4699511109344568,0.0027657848269967,0.0717150046310113,0.031929145075899515,4.0,7.154615356913663,0.0002384832465519,0.0027657848269967,-0.0059605093414125,-0.0056838507094876,0.0510450192508853,0.0070266876512395,0.03028804071956827,0,170
DEAP,valence,normalized_asymmetry,12,gpu_mlp,20260911,0.0080786199769465,subject,0.010553028869582,0.0717150046310113,,,0.6246093749999999,0.03125,0.5933593749999999,1280,32,40,1.0,0.565625,0.8687499999999999,counterfactual_dose,1.0,1.0,0.4753964783973926,0.4834750983743392,0.0027657848269967,0.0717150046310113,0.04255277032597896,4.0,7.154615356913663,0.0002384832465519,0.0027657848269967,-0.0059605093414125,0.0078401367303946,0.0689492198040146,0.0165135382109945,0.040911665969647716,0,171
DEAP,valence,normalized_asymmetry,12,gpu_mlp,20260923,0.0021364124170277,subject,0.0081438548128095,0.0209774598028625,,,0.63125,0.03125,0.6,1280,32,40,1.0,0.565625,0.8687499999999999,counterfactual_dose,0.25,0.249912336992291,0.4666123454827298,0.4687487578997575,0.0028164612131075,0.075492083481796,0.012586475881717499,4.0,7.154615356913663,-0.0121576771731785,0.0028164612131075,0.0016218607838818,0.0142940895902062,0.018160998589755,0.006521994028927699,0.010896599153853,0,172
DEAP,valence,normalized_asymmetry,12,gpu_mlp,20260923,-0.0073383282324416,subject,0.0366921646250727,0.0392035943219379,,,0.63125,0.03125,0.6,1280,32,40,1.0,0.565625,0.8687499999999999,counterfactual_dose,0.5,0.5006307840912296,0.4666123454827298,0.4592740172502881,0.0028164612131075,0.075492083481796,0.02352215659316274,4.0,7.154615356913663,-0.0121576771731785,0.0028164612131075,0.0016218607838818,0.0048193489407369,0.0363871331088304,0.0350703038411909,0.02183227986529824,0,173
DEAP,valence,normalized_asymmetry,12,gpu_mlp,20260923,0.0043374140466632,subject,0.0228518061337626,0.056520258304226,,,0.63125,0.03125,0.6,1280,32,40,1.0,0.565625,0.8687499999999999,counterfactual_dose,0.75,0.7411923599308257,0.4666123454827298,0.470949759529393,0.0028164612131075,0.075492083481796,0.0339121549825356,4.0,7.154615356913663,-0.0121576771731785,0.0028164612131075,0.0016218607838818,0.0164950912198417,0.0537037970911185,0.0212299453498808,0.0322222782546711,0,174
DEAP,valence,normalized_asymmetry,12,gpu_mlp,20260923,0.0236247466115505,subject,0.0176680673606448,0.075492083481796,,,0.63125,0.03125,0.6,1280,32,40,1.0,0.565625,0.8687499999999999,counterfactual_dose,1.0,1.0,0.4666123454827298,0.4902370920942803,0.0028164612131075,0.075492083481796,0.045295250089077595,4.0,7.154615356913663,-0.0121576771731785,0.0028164612131075,0.0016218607838818,0.035782423784729,0.0726756222686885,0.016046206576763002,0.0436053733612131,1,175
DEAP,valence,normalized_asymmetry,12,gpu_mlp,20261007,0.0151436861560474,subject,0.0224212639544474,0.0209163690629879,,,0.623828125,0.03125,0.592578125,1280,32,40,1.0,0.565625,0.8687499999999999,counterfactual_dose,0.25,0.2500027314661849,0.4774683016018125,0.4926119877578599,0.0036367940050801,0.0727693948914015,0.012394582761153376,4.0,7.154615356913663,0.0034828490798521,0.0036367940050801,0.0040597943064736,0.0116608370761953,0.017279575057907802,0.018361469647973798,0.010239498188611772,0,176
DEAP,valence,normalized_asymmetry,12,gpu_mlp,20261007,0.0169422473071266,subject,0.0203995367042508,0.0382282735165877,,,0.623828125,0.03125,0.592578125,1280,32,40,1.0,0.565625,0.8687499999999999,counterfactual_dose,0.5,0.5003264698555798,0.4774683016018125,0.4944105489089391,0.0036367940050801,0.0727693948914015,0.022653238642446696,4.0,7.154615356913663,0.0034828490798521,0.0036367940050801,0.0040597943064736,0.013459398227274499,0.0345914795115076,0.016339742397777197,0.02049815406990509,0,177
DEAP,valence,normalized_asymmetry,12,gpu_mlp,20261007,0.0294377757462537,subject,0.0335557087726282,0.0552451189017264,,,0.623828125,0.03125,0.592578125,1280,32,40,1.0,0.565625,0.8687499999999999,counterfactual_dose,0.75,0.7508598955068633,0.4774683016018125,0.5069060773480663,0.0036367940050801,0.0727693948914015,0.03273704897418708,4.0,7.154615356913663,0.0034828490798521,0.0036367940050801,0.0040597943064736,0.0259549266664016,0.051608324896646296,0.0294959144661546,0.030581964401645477,1,178
DEAP,valence,normalized_asymmetry,12,gpu_mlp,20261007,0.0136183870583091,subject,0.0319782131501178,0.0727693948914015,,,0.623828125,0.03125,0.592578125,1280,32,40,1.0,0.565625,0.8687499999999999,counterfactual_dose,1.0,1.0,0.4774683016018125,0.4910866886601216,0.0036367940050801,0.0727693948914015,0.043121551582131275,4.0,7.154615356913663,0.0034828490798521,0.0036367940050801,0.0040597943064736,0.010135537978457,0.0691326008863214,0.027918418843644197,0.04096646700958967,0,179
DEAP,valence,normalized_asymmetry,12,linear_logistic,20260813,0.0146468460590643,subject,0.0328933109392397,0.0209744455560002,,,0.6382812499999999,0.03125,0.6070312499999999,1280,32,40,1.0,0.565625,0.8687499999999999,counterfactual_dose,0.25,0.2499729218828634,0.4749145435033189,0.4895613895623832,0.0028159470883091,0.0754765680387855,0.012732143903915744,1.0,7.154615356913663,0.0152082753686553,0.0028159470883091,-0.0031047821971308,-0.0005614293095909991,0.0181584984676911,0.0359980931363705,0.011022776022965612,0,180
DEAP,valence,normalized_asymmetry,12,linear_logistic,20260813,0.0133451250049683,subject,0.030238915593215,0.039123555219364,,,0.6382812499999999,0.03125,0.6070312499999999,1280,32,40,1.0,0.565625,0.8687499999999999,counterfactual_dose,0.5,0.4996402395124553,0.4749145435033189,0.4882596685082873,0.0028159470883091,0.0754765680387855,0.02374922062925455,1.0,7.154615356913663,0.0152082753686553,0.0028159470883091,-0.0031047821971308,-0.0018631503636869998,0.036307608131054894,0.0333436977903458,0.022039852748304414,0,181
DEAP,valence,normalized_asymmetry,12,linear_logistic,20260813,0.0040641519933224,subject,0.0358334161886138,0.0565827953888861,,,0.6382812499999999,0.03125,0.6070312499999999,1280,32,40,1.0,0.565625,0.8687499999999999,counterfactual_dose,0.75,0.7422349087305308,0.4749145435033189,0.4789786954966413,0.0028159470883091,0.0754765680387855,0.03434752501340976,1.0,7.154615356913663,0.0152082753686553,0.0028159470883091,-0.0031047821971308,-0.011144123375332899,0.053766848300577,0.038938198385744596,0.03263815713245963,0,182
DEAP,valence,normalized_asymmetry,12,linear_logistic,20260813,0.0050429269843793,subject,0.0322068210905434,0.0754765680387855,,,0.6382812499999999,0.03125,0.6070312499999999,1280,32,40,1.0,0.565625,0.8687499999999999,counterfactual_dose,1.0,1.0,0.4749145435033189,0.4799574704876982,0.0028159470883091,0.0754765680387855,0.045816635442294,1.0,7.154615356913663,0.0152082753686553,0.0028159470883091,-0.0031047821971308,-0.010165348384276,0.0726606209504764,0.0353116032876742,0.04410726756134387,0,183
DEAP,valence,normalized_asymmetry,12,linear_logistic,20260829,0.0058627131444015,subject,0.0241157717268078,0.0188812378624406,,,0.634765625,0.03125,0.603515625,1280,32,40,1.0,0.565625,0.8687499999999999,counterfactual_dose,0.25,0.2502379253424993,0.4593535116658055,0.4652162248102071,0.0024598495437352,0.0681153721242294,0.011395122069324503,1.0,7.154615356913663,0.0005614293095909,0.0024598495437352,0.0058514252410852,0.0053012838348105995,0.0164213883187054,0.0182643464857226,0.009910564434531189,0,184
DEAP,valence,normalized_asymmetry,12,linear_logistic,20260829,0.0199779402996939,subject,0.0033586040155094,0.0353313205548277,,,0.634765625,0.03125,0.603515625,1280,32,40,1.0,0.565625,0.8687499999999999,counterfactual_dose,0.5,0.5007723664085064,0.4593535116658055,0.4793314519654994,0.0024598495437352,0.0681153721242294,0.021323004006722185,1.0,7.154615356913663,0.0005614293095909,0.0024598495437352,0.0058514252410852,0.019416510990103,0.032871471011092494,-0.0024928212255758,0.01983844637192887,0,185
DEAP,valence,normalized_asymmetry,12,linear_logistic,20260829,0.0260791366906474,subject,0.0213824221683907,0.0504944655335732,,,0.634765625,0.03125,0.603515625,1280,32,40,1.0,0.565625,0.8687499999999999,counterfactual_dose,0.75,0.7350515810401548,0.4593535116658055,0.4854326483564529,0.0024598495437352,0.0681153721242294,0.03047419892553539,1.0,7.154615356913663,0.0005614293095909,0.0024598495437352,0.0058514252410852,0.0255177073810565,0.048034615989838,0.015530996927305498,0.028989641290742073,1,186
DEAP,valence,normalized_asymmetry,12,linear_logistic,20260829,0.025085456496681,subject,0.0253060628003875,0.0681153721242294,,,0.634765625,0.03125,0.603515625,1280,32,40,1.0,0.565625,0.8687499999999999,counterfactual_dose,1.0,1.0,0.4593535116658055,0.4844389681624865,0.0024598495437352,0.0681153721242294,0.04110869137966188,1.0,7.154615356913663,0.0005614293095909,0.0024598495437352,0.0058514252410852,0.0245240271870901,0.0656555225804942,0.0194546375593023,0.03962413374486857,1,187
DEAP,valence,normalized_asymmetry,12,linear_logistic,20260911,0.0007899757542033,subject,0.0130495025185526,0.0199863407201609,,,0.6246093749999999,0.03125,0.5933593749999999,1280,32,40,1.0,0.565625,0.8687499999999999,counterfactual_dose,0.25,0.2495987043005631,0.4735631384395246,0.4743531141937279,0.0027657848269967,0.0717150046310113,0.01185908263825172,1.0,7.154615356913663,-0.0034828490798521,0.0027657848269967,-0.0059605093414125,0.0042728248340554,0.0172205558931642,0.0190100118599651,0.010217978281920476,0,188
DEAP,valence,normalized_asymmetry,12,linear_logistic,20260911,-0.0066129416908461,subject,0.0096698548483843,0.0372119076295814,,,0.6246093749999999,0.03125,0.5933593749999999,1280,32,40,1.0,0.565625,0.8687499999999999,counterfactual_dose,0.5,0.4995593800000685,0.4735631384395246,0.4669501967486784,0.0027657848269967,0.0717150046310113,0.02208003425364615,1.0,7.154615356913663,-0.0034828490798521,0.0027657848269967,-0.0059605093414125,-0.003130092610994,0.0344461228025847,0.0156303641897968,0.020438929897314904,0,189
DEAP,valence,normalized_asymmetry,12,linear_logistic,20260911,0.0033437338526968,subject,0.001066178309827,0.053810804077882,,,0.6246093749999999,0.03125,0.5933593749999999,1280,32,40,1.0,0.565625,0.8687499999999999,counterfactual_dose,0.75,0.7416060208639793,0.4735631384395246,0.4769068722922214,0.0027657848269967,0.0717150046310113,0.031929145075899515,1.0,7.154615356913663,-0.0034828490798521,0.0027657848269967,-0.0059605093414125,0.0068265829325489,0.0510450192508853,0.0070266876512395,0.03028804071956827,0,190
DEAP,valence,normalized_asymmetry,12,linear_logistic,20260911,-0.0077208951071187,subject,0.010553028869582,0.0717150046310113,,,0.6246093749999999,0.03125,0.5933593749999999,1280,32,40,1.0,0.565625,0.8687499999999999,counterfactual_dose,1.0,1.0,0.4735631384395246,0.4658422433324058,0.0027657848269967,0.0717150046310113,0.04255277032597896,1.0,7.154615356913663,-0.0034828490798521,0.0027657848269967,-0.0059605093414125,-0.004238046027266601,0.0689492198040146,0.0165135382109945,0.040911665969647716,0,191
DEAP,valence,normalized_asymmetry,12,linear_logistic,20260923,0.0147412456774911,subject,0.0081438548128095,0.0209774598028625,,,0.63125,0.03125,0.6,1280,32,40,1.0,0.565625,0.8687499999999999,counterfactual_dose,0.25,0.249912336992291,0.4662595890138717,0.4810008346913629,0.0028164612131075,0.075492083481796,0.012586475881717499,1.0,7.154615356913663,0.0028568305576532,0.0028164612131075,0.0016218607838818,0.011884415119837899,0.018160998589755,0.006521994028927699,0.010896599153853,0,192
DEAP,valence,normalized_asymmetry,12,linear_logistic,20260923,0.0203952859811598,subject,0.0366921646250727,0.0392035943219379,,,0.63125,0.03125,0.6,1280,32,40,1.0,0.565625,0.8687499999999999,counterfactual_dose,0.5,0.5006307840912296,0.4662595890138717,0.4866548749950315,0.0028164612131075,0.075492083481796,0.02352215659316274,1.0,7.154615356913663,0.0028568305576532,0.0028164612131075,0.0016218607838818,0.0175384554235066,0.0363871331088304,0.0350703038411909,0.02183227986529824,0,193
DEAP,valence,normalized_asymmetry,12,linear_logistic,20260923,0.0136332922612186,subject,0.0228518061337626,0.056520258304226,,,0.63125,0.03125,0.6,1280,32,40,1.0,0.565625,0.8687499999999999,counterfactual_dose,0.75,0.7411923599308257,0.4662595890138717,0.4798928812750904,0.0028164612131075,0.075492083481796,0.0339121549825356,1.0,7.154615356913663,0.0028568305576532,0.0028164612131075,0.0016218607838818,0.010776461703565401,0.0537037970911185,0.0212299453498808,0.0322222782546711,0,194
DEAP,valence,normalized_asymmetry,12,linear_logistic,20260923,0.0092163837990381,subject,0.0176680673606448,0.075492083481796,,,0.63125,0.03125,0.6,1280,32,40,1.0,0.565625,0.8687499999999999,counterfactual_dose,1.0,1.0,0.4662595890138717,0.4754759728129099,0.0028164612131075,0.075492083481796,0.045295250089077595,1.0,7.154615356913663,0.0028568305576532,0.0028164612131075,0.0016218607838818,0.0063595532413848995,0.0726756222686885,0.016046206576763002,0.0436053733612131,0,195
DEAP,valence,normalized_asymmetry,12,linear_logistic,20261007,0.0182737787670416,subject,0.0224212639544474,0.0209163690629879,,,0.623828125,0.03125,0.592578125,1280,32,40,1.0,0.565625,0.8687499999999999,counterfactual_dose,0.25,0.2500027314661849,0.4578282125680671,0.4761019913351087,0.0036367940050801,0.0727693948914015,0.012394582761153376,1.0,7.154615356913663,0.0211157041217854,0.0036367940050801,0.0040597943064736,-0.002841925354743799,0.017279575057907802,0.018361469647973798,0.010239498188611772,0,196
DEAP,valence,normalized_asymmetry,12,linear_logistic,20261007,0.0168776580945188,subject,0.0203995367042508,0.0382282735165877,,,0.623828125,0.03125,0.592578125,1280,32,40,1.0,0.565625,0.8687499999999999,counterfactual_dose,0.5,0.5003264698555798,0.4578282125680671,0.4747058706625859,0.0036367940050801,0.0727693948914015,0.022653238642446696,1.0,7.154615356913663,0.0211157041217854,0.0036367940050801,0.0040597943064736,-0.004238046027266601,0.0345914795115076,0.016339742397777197,0.02049815406990509,0,197
DEAP,valence,normalized_asymmetry,12,linear_logistic,20261007,0.0293880917365554,subject,0.0335557087726282,0.0552451189017264,,,0.623828125,0.03125,0.592578125,1280,32,40,1.0,0.565625,0.8687499999999999,counterfactual_dose,0.75,0.7508598955068633,0.4578282125680671,0.4872163043046226,0.0036367940050801,0.0727693948914015,0.03273704897418708,1.0,7.154615356913663,0.0211157041217854,0.0036367940050801,0.0040597943064736,0.008272387614770001,0.051608324896646296,0.0294959144661546,0.030581964401645477,0,198
DEAP,valence,normalized_asymmetry,12,linear_logistic,20261007,0.0176328550419332,subject,0.0319782131501178,0.0727693948914015,,,0.623828125,0.03125,0.592578125,1280,32,40,1.0,0.565625,0.8687499999999999,counterfactual_dose,1.0,1.0,0.4578282125680671,0.4754610676100004,0.0036367940050801,0.0727693948914015,0.043121551582131275,1.0,7.154615356913663,0.0211157041217854,0.0036367940050801,0.0040597943064736,-0.003482849079852201,0.0691326008863214,0.027918418843644197,0.04096646700958967,0,199
DEAP,valence,relative_power,24,gpu_mlp,20260813,0.0099218967367543,subject,0.0328933109392397,0.0209744455560002,,,0.632421875,0.03125,0.601171875,1280,32,40,1.0,0.565625,0.8687499999999999,counterfactual_dose,0.25,0.2499729218828634,0.4892930959100123,0.4992149926467666,0.0028159470883091,0.0754765680387855,0.012609246761986057,4.0,7.154615356913663,0.0198636670773877,0.0028159470883091,-0.0031047821971308,-0.009941770340633399,0.0181584984676911,0.0359980931363705,0.010916378571006486,0,200
DEAP,valence,relative_power,24,gpu_mlp,20260813,0.0304463611431296,subject,0.030238915593215,0.039123555219364,,,0.632421875,0.03125,0.601171875,1280,32,40,1.0,0.565625,0.8687499999999999,counterfactual_dose,0.5,0.4996402395124553,0.4892930959100123,0.519739457053142,0.0028159470883091,0.0754765680387855,0.023519981047891093,4.0,7.154615356913663,0.0198636670773877,0.0028159470883091,-0.0031047821971308,0.010582694065741902,0.036307608131054894,0.0333436977903458,0.021827112856911517,0,201
DEAP,valence,relative_power,24,gpu_mlp,20260813,0.0058428395405222,subject,0.0358334161886138,0.0565827953888861,,,0.632421875,0.03125,0.601171875,1280,32,40,1.0,0.565625,0.8687499999999999,counterfactual_dose,0.75,0.7422349087305308,0.4892930959100123,0.4951359354505346,0.0028159470883091,0.0754765680387855,0.03401598519667801,4.0,7.154615356913663,0.0198636670773877,0.0028159470883091,-0.0031047821971308,-0.0140208275368655,0.053766848300577,0.038938198385744596,0.03232311700569844,0,202
DEAP,valence,relative_power,24,gpu_mlp,20260813,0.0120086251440836,subject,0.0322068210905434,0.0754765680387855,,,0.632421875,0.03125,0.601171875,1280,32,40,1.0,0.565625,0.8687499999999999,counterfactual_dose,1.0,1.0,0.4892930959100123,0.501301721054096,0.0028159470883091,0.0754765680387855,0.04537438992644175,4.0,7.154615356913663,0.0198636670773877,0.0028159470883091,-0.0031047821971308,-0.007855041933304099,0.0726606209504764,0.0353116032876742,0.043681521735462185,0,203
DEAP,valence,relative_power,24,gpu_mlp,20260829,-0.0104733892444055,subject,0.0241157717268078,0.0188812378624406,,,0.641015625,0.03125,0.609765625,1280,32,40,1.0,0.565625,0.8687499999999999,counterfactual_dose,0.25,0.2502379253424993,0.50324933423427,0.4927759449898644,0.0024598495437352,0.0681153721242294,0.011513129805964755,4.0,7.154615356913663,0.0061310067967725,0.0024598495437352,0.0058514252410852,-0.016604396041178,0.0164213883187054,0.0182643464857226,0.010013198111523097,0,204
DEAP,valence,relative_power,24,gpu_mlp,20260829,0.0049435589649827,subject,0.0033586040155094,0.0353313205548277,,,0.641015625,0.03125,0.609765625,1280,32,40,1.0,0.565625,0.8687499999999999,counterfactual_dose,0.5,0.5007723664085064,0.50324933423427,0.5081928931992528,0.0024598495437352,0.0681153721242294,0.021543824760189855,4.0,7.154615356913663,0.0061310067967725,0.0024598495437352,0.0058514252410852,-0.0011874478317897997,0.032871471011092494,-0.0024928212255758,0.020043893065748195,0,205
DEAP,valence,relative_power,24,gpu_mlp,20260829,-4.968400969751485e-06,subject,0.0213824221683907,0.0504944655335732,,,0.641015625,0.03125,0.609765625,1280,32,40,1.0,0.565625,0.8687499999999999,counterfactual_dose,0.75,0.7350515810401548,0.50324933423427,0.5032443658333002,0.0024598495437352,0.0681153721242294,0.03078978933512022,4.0,7.154615356913663,0.0061310067967725,0.0024598495437352,0.0058514252410852,-0.0061359751977422515,0.048034615989838,0.015530996927305498,0.02928985764067856,0,206
DEAP,valence,relative_power,24,gpu_mlp,20260829,0.0041088676020509,subject,0.0253060628003875,0.0681153721242294,,,0.641015625,0.03125,0.609765625,1280,32,40,1.0,0.565625,0.8687499999999999,counterfactual_dose,1.0,1.0,0.50324933423427,0.507358201836321,0.0024598495437352,0.0681153721242294,0.04153441245543831,4.0,7.154615356913663,0.0061310067967725,0.0024598495437352,0.0058514252410852,-0.0020221391947216,0.0656555225804942,0.0194546375593023,0.04003448076099666,0,207
DEAP,valence,relative_power,24,gpu_mlp,20260911,-0.0146319408561548,subject,0.0130495025185526,0.0199863407201609,,,0.630859375,0.03125,0.599609375,1280,32,40,1.0,0.565625,0.8687499999999999,counterfactual_dose,0.25,0.2495987043005631,0.4906097221670178,0.4759777813108629,0.0027657848269967,0.0717150046310113,0.011983997267752728,4.0,7.154615356913663,-0.0158044834850352,0.0027657848269967,-0.0059605093414125,0.0011725426288804013,0.0172205558931642,0.0190100118599651,0.010325606756252752,0,208
DEAP,valence,relative_power,24,gpu_mlp,20260911,-0.0071644341984976,subject,0.0096698548483843,0.0372119076295814,,,0.630859375,0.03125,0.599609375,1280,32,40,1.0,0.565625,0.8687499999999999,counterfactual_dose,0.5,0.4995593800000685,0.4906097221670178,0.4834452879685201,0.0027657848269967,0.0717150046310113,0.022312608676331037,4.0,7.154615356913663,-0.0158044834850352,0.0027657848269967,-0.0059605093414125,0.0086400492865376,0.0344461228025847,0.0156303641897968,0.02065421816483106,0,209
DEAP,valence,relative_power,24,gpu_mlp,20260911,-0.0067470885170317,subject,0.001066178309827,0.053810804077882,,,0.630859375,0.03125,0.599609375,1280,32,40,1.0,0.565625,0.8687499999999999,counterfactual_dose,0.75,0.7416060208639793,0.4906097221670178,0.4838626336499861,0.0027657848269967,0.0717150046310113,0.032265462601386276,4.0,7.154615356913663,-0.0158044834850352,0.0027657848269967,-0.0059605093414125,0.0090573949680035,0.0510450192508853,0.0070266876512395,0.030607072089886306,0,210
DEAP,valence,relative_power,24,gpu_mlp,20260911,-0.0030058825867483,subject,0.010553028869582,0.0717150046310113,,,0.630859375,0.03125,0.599609375,1280,32,40,1.0,0.565625,0.8687499999999999,counterfactual_dose,1.0,1.0,0.4906097221670178,0.4876038395802694,0.0027657848269967,0.0717150046310113,0.04300098910492279,4.0,7.154615356913663,-0.0158044834850352,0.0027657848269967,-0.0059605093414125,0.0127986008982869,0.0689492198040146,0.0165135382109945,0.04134259859342281,0,211
DEAP,valence,relative_power,24,gpu_mlp,20260923,0.018258873564132,subject,0.0081438548128095,0.0209774598028625,,,0.63828125,0.03125,0.60703125,1280,32,40,1.0,0.565625,0.8687499999999999,counterfactual_dose,0.25,0.249912336992291,0.4888409714217576,0.5070998449858897,0.0028164612131075,0.075492083481796,0.012733973645956376,4.0,7.154615356913663,0.0017339719384713,0.0028164612131075,0.0016218607838818,0.0165249016256607,0.018160998589755,0.006521994028927699,0.011024293675187214,0,212
DEAP,valence,relative_power,24,gpu_mlp,20260923,0.0319418498350491,subject,0.0366921646250727,0.0392035943219379,,,0.63828125,0.03125,0.60703125,1280,32,40,1.0,0.565625,0.8687499999999999,counterfactual_dose,0.5,0.5006307840912296,0.4888409714217576,0.5207828212568067,0.0028164612131075,0.075492083481796,0.023797806865738867,4.0,7.154615356913663,0.0017339719384713,0.0028164612131075,0.0016218607838818,0.0302078778965778,0.0363871331088304,0.0350703038411909,0.022088126894969702,1,213
DEAP,valence,relative_power,24,gpu_mlp,20260923,0.005877618347311,subject,0.0228518061337626,0.056520258304226,,,0.63828125,0.03125,0.60703125,1280,32,40,1.0,0.565625,0.8687499999999999,counterfactual_dose,0.75,0.7411923599308257,0.4888409714217576,0.4947185897690687,0.0028164612131075,0.075492083481796,0.03430956304873719,4.0,7.154615356913663,0.0017339719384713,0.0028164612131075,0.0016218607838818,0.0041436464088397,0.0537037970911185,0.0212299453498808,0.03259988307796803,0,214
DEAP,valence,relative_power,24,gpu_mlp,20260923,0.0041287412059303,subject,0.0176680673606448,0.075492083481796,,,0.63828125,0.03125,0.60703125,1280,32,40,1.0,0.565625,0.8687499999999999,counterfactual_dose,1.0,1.0,0.4888409714217576,0.4929697126276879,0.0028164612131075,0.075492083481796,0.045826053801058975,4.0,7.154615356913663,0.0017339719384713,0.0028164612131075,0.0016218607838818,0.002394769267459,0.0726756222686885,0.016046206576763002,0.044116373830289816,0,215
DEAP,valence,relative_power,24,gpu_mlp,20261007,0.0193668269804045,subject,0.0224212639544474,0.0209163690629879,,,0.640234375,0.03125,0.608984375,1280,32,40,1.0,0.565625,0.8687499999999999,counterfactual_dose,0.25,0.2500027314661849,0.4902221868913708,0.5095890138717755,0.0036367940050801,0.0727693948914015,0.012737741941093023,4.0,7.154615356913663,0.0084611868516236,0.0036367940050801,0.0040597943064736,0.0109056401287809,0.017279575057907802,0.018361469647973798,0.010522991216905572,0,216
DEAP,valence,relative_power,24,gpu_mlp,20261007,0.0209567152907508,subject,0.0203995367042508,0.0382282735165877,,,0.640234375,0.03125,0.608984375,1280,32,40,1.0,0.565625,0.8687499999999999,counterfactual_dose,0.5,0.5003264698555798,0.4902221868913708,0.5111789021821217,0.0036367940050801,0.0727693948914015,0.023280421254828217,4.0,7.154615356913663,0.0084611868516236,0.0036367940050801,0.0040597943064736,0.012495528439127199,0.0345914795115076,0.016339742397777197,0.021065670530640762,0,217
DEAP,valence,relative_power,24,gpu_mlp,20261007,0.0326473627727652,subject,0.0335557087726282,0.0552451189017264,,,0.640234375,0.03125,0.608984375,1280,32,40,1.0,0.565625,0.8687499999999999,counterfactual_dose,0.75,0.7508598955068633,0.4902221868913708,0.5228695496641361,0.0036367940050801,0.0727693948914015,0.03364341420616854,4.0,7.154615356913663,0.0084611868516236,0.0036367940050801,0.0040597943064736,0.024186175921141598,0.051608324896646296,0.0294959144661546,0.03142866348198108,1,218
DEAP,valence,relative_power,24,gpu_mlp,20261007,0.0185321356174729,subject,0.0319782131501178,0.0727693948914015,,,0.640234375,0.03125,0.608984375,1280,32,40,1.0,0.565625,0.8687499999999999,counterfactual_dose,1.0,1.0,0.4902221868913708,0.5087543225088438,0.0036367940050801,0.0727693948914015,0.044315424467068334,4.0,7.154615356913663,0.0084611868516236,0.0036367940050801,0.0040597943064736,0.0100709487658493,0.0691326008863214,0.027918418843644197,0.04210067374288088,0,219
DEAP,valence,relative_power,24,linear_logistic,20260813,0.0072091498072259,subject,0.0328933109392397,0.0209744455560002,,,0.632421875,0.03125,0.601171875,1280,32,40,1.0,0.565625,0.8687499999999999,counterfactual_dose,0.25,0.2499729218828634,0.5173645613895624,0.5245737111967884,0.0028159470883091,0.0754765680387855,0.012609246761986057,1.0,7.154615356913663,-0.0019923287889026,0.0028159470883091,-0.0031047821971308,0.0092014785961285,0.0181584984676911,0.0359980931363705,0.010916378571006486,0,220
DEAP,valence,relative_power,24,linear_logistic,20260813,-0.0029412933741405,subject,0.030238915593215,0.039123555219364,,,0.632421875,0.03125,0.601171875,1280,32,40,1.0,0.565625,0.8687499999999999,counterfactual_dose,0.5,0.4996402395124553,0.5173645613895624,0.5144232680154219,0.0028159470883091,0.0754765680387855,0.023519981047891093,1.0,7.154615356913663,-0.0019923287889026,0.0028159470883091,-0.0031047821971308,-0.0009489645852378999,0.036307608131054894,0.0333436977903458,0.021827112856911517,0,221
DEAP,valence,relative_power,24,linear_logistic,20260813,0.0041088676020508,subject,0.0358334161886138,0.0565827953888861,,,0.632421875,0.03125,0.601171875,1280,32,40,1.0,0.565625,0.8687499999999999,counterfactual_dose,0.75,0.7422349087305308,0.5173645613895624,0.5214734289916133,0.0028159470883091,0.0754765680387855,0.03401598519667801,1.0,7.154615356913663,-0.0019923287889026,0.0028159470883091,-0.0031047821971308,0.0061011963909534,0.053766848300577,0.038938198385744596,0.03232311700569844,0,222
DEAP,valence,relative_power,24,linear_logistic,20260813,0.0023103064509717,subject,0.0322068210905434,0.0754765680387855,,,0.632421875,0.03125,0.601171875,1280,32,40,1.0,0.565625,0.8687499999999999,counterfactual_dose,1.0,1.0,0.5173645613895624,0.5196748678405342,0.0028159470883091,0.0754765680387855,0.04537438992644175,1.0,7.154615356913663,-0.0019923287889026,0.0028159470883091,-0.0031047821971308,0.0043026352398743,0.0726606209504764,0.0353116032876742,0.043681521735462185,0,223
DEAP,valence,relative_power,24,linear_logistic,20260829,0.0147561508804006,subject,0.0241157717268078,0.0188812378624406,,,0.641015625,0.03125,0.609765625,1280,32,40,1.0,0.565625,0.8687499999999999,counterfactual_dose,0.25,0.2502379253424993,0.5091269525815811,0.5238831034619817,0.0024598495437352,0.0681153721242294,0.011513129805964755,1.0,7.154615356913663,-0.002717715330498,0.0024598495437352,0.0058514252410852,0.017473866210898602,0.0164213883187054,0.0182643464857226,0.010013198111523097,0,224
DEAP,valence,relative_power,24,linear_logistic,20260829,0.0082674192138002,subject,0.0033586040155094,0.0353313205548277,,,0.641015625,0.03125,0.609765625,1280,32,40,1.0,0.565625,0.8687499999999999,counterfactual_dose,0.5,0.5007723664085064,0.5091269525815811,0.5173943717953814,0.0024598495437352,0.0681153721242294,0.021543824760189855,1.0,7.154615356913663,-0.002717715330498,0.0024598495437352,0.0058514252410852,0.010985134544298199,0.032871471011092494,-0.0024928212255758,0.020043893065748195,0,225
DEAP,valence,relative_power,24,linear_logistic,20260829,0.0095045510552883,subject,0.0213824221683907,0.0504944655335732,,,0.641015625,0.03125,0.609765625,1280,32,40,1.0,0.565625,0.8687499999999999,counterfactual_dose,0.75,0.7350515810401548,0.5091269525815811,0.5186315036368695,0.0024598495437352,0.0681153721242294,0.03078978933512022,1.0,7.154615356913663,-0.002717715330498,0.0024598495437352,0.0058514252410852,0.0122222663857863,0.048034615989838,0.015530996927305498,0.02928985764067856,0,226
DEAP,valence,relative_power,24,linear_logistic,20260829,0.0148853293056162,subject,0.0253060628003875,0.0681153721242294,,,0.641015625,0.03125,0.609765625,1280,32,40,1.0,0.565625,0.8687499999999999,counterfactual_dose,1.0,1.0,0.5091269525815811,0.5240122818871974,0.0024598495437352,0.0681153721242294,0.04153441245543831,1.0,7.154615356913663,-0.002717715330498,0.0024598495437352,0.0058514252410852,0.0176030446361142,0.0656555225804942,0.0194546375593023,0.04003448076099666,0,227
DEAP,valence,relative_power,24,linear_logistic,20260911,0.0291645136929131,subject,0.0130495025185526,0.0199863407201609,,,0.630859375,0.03125,0.599609375,1280,32,40,1.0,0.565625,0.8687499999999999,counterfactual_dose,0.25,0.2495987043005631,0.4704827298382288,0.499647243531142,0.0027657848269967,0.0717150046310113,0.011983997267752728,1.0,7.154615356913663,0.0228844548670456,0.0027657848269967,-0.0059605093414125,0.006280058825867501,0.0172205558931642,0.0190100118599651,0.010325606756252752,0,228
DEAP,valence,relative_power,24,linear_logistic,20260911,0.021423744981915,subject,0.0096698548483843,0.0372119076295814,,,0.630859375,0.03125,0.599609375,1280,32,40,1.0,0.565625,0.8687499999999999,counterfactual_dose,0.5,0.4995593800000685,0.4704827298382288,0.4919064748201439,0.0027657848269967,0.0717150046310113,0.022312608676331037,1.0,7.154615356913663,0.0228844548670456,0.0027657848269967,-0.0059605093414125,-0.0014607098851306018,0.0344461228025847,0.0156303641897968,0.02065421816483106,0,229
DEAP,valence,relative_power,24,linear_logistic,20260911,0.0216821018323463,subject,0.001066178309827,0.053810804077882,,,0.630859375,0.03125,0.599609375,1280,32,40,1.0,0.565625,0.8687499999999999,counterfactual_dose,0.75,0.7416060208639793,0.4704827298382288,0.4921648316705752,0.0027657848269967,0.0717150046310113,0.032265462601386276,1.0,7.154615356913663,0.0228844548670456,0.0027657848269967,-0.0059605093414125,-0.0012023530346993022,0.0510450192508853,0.0070266876512395,0.030607072089886306,0,230
DEAP,valence,relative_power,24,linear_logistic,20260911,0.0339987678365594,subject,0.010553028869582,0.0717150046310113,,,0.630859375,0.03125,0.599609375,1280,32,40,1.0,0.565625,0.8687499999999999,counterfactual_dose,1.0,1.0,0.4704827298382288,0.5044814976747883,0.0027657848269967,0.0717150046310113,0.04300098910492279,1.0,7.154615356913663,0.0228844548670456,0.0027657848269967,-0.0059605093414125,0.011114312969513797,0.0689492198040146,0.0165135382109945,0.04134259859342281,0,231
DEAP,valence,relative_power,24,linear_logistic,20260923,0.0009638697881474,subject,0.0081438548128095,0.0209774598028625,,,0.63828125,0.03125,0.60703125,1280,32,40,1.0,0.565625,0.8687499999999999,counterfactual_dose,0.25,0.249912336992291,0.4890645494654,0.4900284192535474,0.0028164612131075,0.075492083481796,0.012733973645956376,1.0,7.154615356913663,-0.0061508804006518,0.0028164612131075,0.0016218607838818,0.0071147501887992,0.018160998589755,0.006521994028927699,0.011024293675187214,0,232
DEAP,valence,relative_power,24,linear_logistic,20260923,0.0075171906673556,subject,0.0366921646250727,0.0392035943219379,,,0.63828125,0.03125,0.60703125,1280,32,40,1.0,0.565625,0.8687499999999999,counterfactual_dose,0.5,0.5006307840912296,0.4890645494654,0.4965817401327557,0.0028164612131075,0.075492083481796,0.023797806865738867,1.0,7.154615356913663,-0.0061508804006518,0.0028164612131075,0.0016218607838818,0.013668071068007399,0.0363871331088304,0.0350703038411909,0.022088126894969702,0,233
DEAP,valence,relative_power,24,linear_logistic,20260923,0.01477602448428,subject,0.0228518061337626,0.056520258304226,,,0.63828125,0.03125,0.60703125,1280,32,40,1.0,0.565625,0.8687499999999999,counterfactual_dose,0.75,0.7411923599308257,0.4890645494654,0.5038405739496801,0.0028164612131075,0.075492083481796,0.03430956304873719,1.0,7.154615356913663,-0.0061508804006518,0.0028164612131075,0.0016218607838818,0.0209269048849318,0.0537037970911185,0.0212299453498808,0.03259988307796803,1,234
DEAP,valence,relative_power,24,linear_logistic,20260923,0.0122222663857864,subject,0.0176680673606448,0.075492083481796,,,0.63828125,0.03125,0.60703125,1280,32,40,1.0,0.565625,0.8687499999999999,counterfactual_dose,1.0,1.0,0.4890645494654,0.5012868158511865,0.0028164612131075,0.075492083481796,0.045826053801058975,1.0,7.154615356913663,-0.0061508804006518,0.0028164612131075,0.0016218607838818,0.0183731467864382,0.0726756222686885,0.016046206576763002,0.044116373830289816,0,235
DEAP,valence,relative_power,24,linear_logistic,20261007,0.0169770261139154,subject,0.0224212639544474,0.0209163690629879,,,0.640234375,0.03125,0.608984375,1280,32,40,1.0,0.565625,0.8687499999999999,counterfactual_dose,0.25,0.2500027314661849,0.4946043165467626,0.5115813426606781,0.0036367940050801,0.0727693948914015,0.012737741941093023,1.0,7.154615356913663,0.0054453674629356,0.0036367940050801,0.0040597943064736,0.011531658650979802,0.017279575057907802,0.018361469647973798,0.010522991216905572,0,236
DEAP,valence,relative_power,24,linear_logistic,20261007,0.0297607218092927,subject,0.0203995367042508,0.0382282735165877,,,0.640234375,0.03125,0.608984375,1280,32,40,1.0,0.565625,0.8687499999999999,counterfactual_dose,0.5,0.5003264698555798,0.4946043165467626,0.5243650383560554,0.0036367940050801,0.0727693948914015,0.023280421254828217,1.0,7.154615356913663,0.0054453674629356,0.0036367940050801,0.0040597943064736,0.0243153543463571,0.0345914795115076,0.016339742397777197,0.021065670530640762,1,237
DEAP,valence,relative_power,24,linear_logistic,20261007,0.0117254262888031,subject,0.0335557087726282,0.0552451189017264,,,0.640234375,0.03125,0.608984375,1280,32,40,1.0,0.565625,0.8687499999999999,counterfactual_dose,0.75,0.7508598955068633,0.4946043165467626,0.5063297428355658,0.0036367940050801,0.0727693948914015,0.03364341420616854,1.0,7.154615356913663,0.0054453674629356,0.0036367940050801,0.0040597943064736,0.0062800588258675,0.051608324896646296,0.0294959144661546,0.03142866348198108,0,238
DEAP,valence,relative_power,24,linear_logistic,20261007,0.0144878572280296,subject,0.0319782131501178,0.0727693948914015,,,0.640234375,0.03125,0.608984375,1280,32,40,1.0,0.565625,0.8687499999999999,counterfactual_dose,1.0,1.0,0.4946043165467626,0.5090921737747923,0.0036367940050801,0.0727693948914015,0.044315424467068334,1.0,7.154615356913663,0.0054453674629356,0.0036367940050801,0.0040597943064736,0.009042489765094,0.0691326008863214,0.027918418843644197,0.04210067374288088,0,239
MAHNOB-HCI,arousal,all,72,gpu_mlp,20260813,0.0216817985300475,subject,0.0790085665968019,0.0692754385692257,,,0.7540655150949269,0.037037037037037,0.7170284780578899,527,27,20,0.975925925925926,0.5123339658444023,0.9753320683111955,counterfactual_dose,0.25,0.2502221938490175,0.5122712206369794,0.533953019167027,0.0140857678566835,0.234614977100928,0.049672462284084756,4.0,6.267200548541362,0.0095402795791901,0.0140857678566835,0.0360137068813539,0.0121415189508574,0.0551896707125422,0.042994859715448,0.03957256559553024,0,240
MAHNOB-HCI,arousal,all,72,gpu_mlp,20260813,0.0270500072056493,subject,0.0730714008214008,0.1244115902858697,,,0.7540655150949269,0.037037037037037,0.7170284780578899,527,27,20,0.975925925925926,0.5123339658444023,0.9753320683111955,counterfactual_dose,0.5,0.5000775106990603,0.5122712206369794,0.5393212278426287,0.0140857678566835,0.234614977100928,0.08920665323543892,4.0,6.267200548541362,0.0095402795791901,0.0140857678566835,0.0360137068813539,0.0175097276264592,0.1103258224291862,0.037057693940046904,0.0791067565468844,0,241
MAHNOB-HCI,arousal,all,72,gpu_mlp,20260813,0.0326055627612048,subject,0.0941643617820088,0.1769882465844567,,,0.7540655150949269,0.037037037037037,0.7170284780578899,527,27,20,0.975925925925926,0.5123339658444023,0.9753320683111955,counterfactual_dose,0.75,0.7384630849021738,0.5122712206369794,0.5448767833981842,0.0140857678566835,0.234614977100928,0.12690561308258752,4.0,6.267200548541362,0.0095402795791901,0.0140857678566835,0.0360137068813539,0.023065283182014697,0.1629024787277732,0.05815065490065491,0.116805716394033,1,242
MAHNOB-HCI,arousal,all,72,gpu_mlp,20260813,0.0419584954604409,subject,0.0926475746475746,0.234614977100928,,,0.7540655150949269,0.037037037037037,0.7170284780578899,527,27,20,0.975925925925926,0.5123339658444023,0.9753320683111955,counterfactual_dose,1.0,1.0,0.5122712206369794,0.5542297160974203,0.0140857678566835,0.234614977100928,0.16822561996026508,4.0,6.267200548541362,0.0095402795791901,0.0140857678566835,0.0360137068813539,0.032418215881250795,0.2205292092442445,0.0566338677662207,0.15812572327171057,1,243
MAHNOB-HCI,arousal,all,72,gpu_mlp,20260829,0.0316688283614353,subject,0.107642321730557,0.0736283200154783,,,0.752740818549642,0.037037037037037,0.715703781512605,527,27,20,0.975925925925926,0.5123339658444023,0.9753320683111955,counterfactual_dose,0.25,0.2499462881732268,0.4869073353509151,0.5185761637123505,0.0170681449609202,0.2433256480780411,0.05269606706149804,4.0,6.267200548541362,0.0524138924917135,0.0170681449609202,0.0865615087526852,-0.0207450641302782,0.0565601750545581,0.021080812977871802,0.04048033116956214,0,244
MAHNOB-HCI,arousal,all,72,gpu_mlp,20260829,0.0444444444444444,subject,0.1001891507185624,0.1302708640119373,,,0.752740818549642,0.037037037037037,0.715703781512605,527,27,20,0.975925925925926,0.5123339658444023,0.9753320683111955,counterfactual_dose,0.5,0.5002489404712455,0.4869073353509151,0.5313517797953595,0.0170681449609202,0.2433256480780411,0.09323534999425785,4.0,6.267200548541362,0.0524138924917135,0.0170681449609202,0.0865615087526852,-0.007969448047269102,0.1132027190510171,0.013627641965877194,0.08101961410232196,0,245
MAHNOB-HCI,arousal,all,72,gpu_mlp,20260829,0.0904813373684968,subject,0.0842100350629762,0.1859539186893404,,,0.752740818549642,0.037037037037037,0.715703781512605,527,27,20,0.975925925925926,0.5123339658444023,0.9753320683111955,counterfactual_dose,0.75,0.7463859338664887,0.4869073353509151,0.577388672719412,0.0170681449609202,0.2433256480780411,0.1330879227930484,4.0,6.267200548541362,0.0524138924917135,0.0170681449609202,0.0865615087526852,0.0380674448767833,0.16888577372842017,-0.002351473689709005,0.12087218690111248,1,246
MAHNOB-HCI,arousal,all,72,gpu_mlp,20260829,0.0641807176826632,subject,0.0974537635567047,0.2433256480780411,,,0.752740818549642,0.037037037037037,0.715703781512605,527,27,20,0.975925925925926,0.5123339658444023,0.9753320683111955,counterfactual_dose,1.0,1.0,0.4869073353509151,0.5510880530335783,0.0170681449609202,0.2433256480780411,0.17414908646845936,4.0,6.267200548541362,0.0524138924917135,0.0170681449609202,0.0865615087526852,0.011766825190949702,0.2262575031171209,0.010892254804019494,0.16193335057652344,0,247
MAHNOB-HCI,arousal,all,72,gpu_mlp,20260911,-0.0110174376711342,subject,0.1227264891970774,0.0785478733941444,,,0.7426937441643324,0.037037037037037,0.7056567071272954,527,27,20,0.975925925925926,0.5123339658444023,0.9753320683111955,counterfactual_dose,0.25,0.2497540141925925,0.5443147427583226,0.5332973050871883,0.0205257884508196,0.2529070923200868,0.055427833691163636,4.0,6.267200548541362,-0.0172287073065284,0.0205257884508196,0.0823916916416916,0.006211269635394199,0.0580220849433248,0.0403347975553858,0.04094367340176681,0,248
MAHNOB-HCI,arousal,all,72,gpu_mlp,20260911,0.0053682086756016,subject,0.1254693133663721,0.1367938741307088,,,0.7426937441643324,0.037037037037037,0.7056567071272954,527,27,20,0.975925925925926,0.5123339658444023,0.9753320683111955,counterfactual_dose,0.5,0.5007307166416114,0.5443147427583226,0.5496829514339242,0.0205257884508196,0.2529070923200868,0.0965295147742617,4.0,6.267200548541362,-0.0172287073065284,0.0205257884508196,0.0823916916416916,0.022596915982129998,0.1162680856798892,0.04307762172468049,0.08204535448486486,1,249
MAHNOB-HCI,arousal,all,72,gpu_mlp,20260911,-0.0078757746072921,subject,0.1152094033417562,0.1931320852913517,,,0.7426937441643324,0.037037037037037,0.7056567071272954,527,27,20,0.975925925925926,0.5123339658444023,0.9753320683111955,counterfactual_dose,0.75,0.7412292693721525,0.5443147427583226,0.5364389681510304,0.0205257884508196,0.2529070923200868,0.1362849513473232,4.0,6.267200548541362,-0.0172287073065284,0.0205257884508196,0.0823916916416916,0.009352932699236299,0.1726062968405321,0.03281771170006459,0.12180079105792639,0,250
MAHNOB-HCI,arousal,all,72,gpu_mlp,20260911,0.0038910505836575,subject,0.1069050443021031,0.2529070923200868,,,0.7426937441643324,0.037037037037037,0.7056567071272954,527,27,20,0.975925925925926,0.5123339658444023,0.9753320683111955,counterfactual_dose,1.0,1.0,0.5443147427583226,0.5482057933419802,0.0205257884508196,0.2529070923200868,0.17846558597573137,4.0,6.267200548541362,-0.0172287073065284,0.0205257884508196,0.0823916916416916,0.0211197578901859,0.2323813038692672,0.02451335266041149,0.16398142568633453,1,251
MAHNOB-HCI,arousal,all,72,gpu_mlp,20260923,0.0430609597924772,subject,0.1202369574869574,0.0674352295447094,,,0.7342903828197945,0.037037037037037,0.6972533457827575,527,27,20,0.975925925925926,0.5123339658444023,0.9753320683111955,counterfactual_dose,0.25,0.2498442855392603,0.491900850266609,0.5349618100590863,0.0126083573342276,0.2320478977847085,0.047019439423676895,4.0,6.267200548541362,0.01434644761493,0.0126083573342276,0.0616242695213283,0.028714512177547197,0.054826872210481804,0.058612687965629094,0.03822822008756213,1,252
MAHNOB-HCI,arousal,all,72,gpu_mlp,20260923,0.0599149733390979,subject,0.0876445596886773,0.1225145897301018,,,0.7342903828197945,0.037037037037037,0.6972533457827575,527,27,20,0.975925925925926,0.5123339658444023,0.9753320683111955,counterfactual_dose,0.5,0.5011146633643921,0.491900850266609,0.5518158236057069,0.0126083573342276,0.2320478977847085,0.08542370759651535,4.0,6.267200548541362,0.01434644761493,0.0126083573342276,0.0616242695213283,0.0455685257241679,0.1099062323958742,0.026020290167349004,0.07663248826040059,1,253
MAHNOB-HCI,arousal,all,72,gpu_mlp,20260923,0.0789018590575011,subject,0.1181317750876574,0.1756306448958544,,,0.7342903828197945,0.037037037037037,0.6972533457827575,527,27,20,0.975925925925926,0.5123339658444023,0.9753320683111955,counterfactual_dose,0.75,0.7424685505740444,0.491900850266609,0.5708027093241101,0.0126083573342276,0.2320478977847085,0.12245905477561786,4.0,6.267200548541362,0.01434644761493,0.0126083573342276,0.0616242695213283,0.06455541144257111,0.1630222875616268,0.0565075055663291,0.1136678354395031,1,254
MAHNOB-HCI,arousal,all,72,gpu_mlp,20260923,0.0420305519527309,subject,0.099696000078353,0.2320478977847085,,,0.7342903828197945,0.037037037037037,0.6972533457827575,527,27,20,0.975925925925926,0.5123339658444023,0.9753320683111955,counterfactual_dose,1.0,1.0,0.491900850266609,0.53393140221934,0.0126083573342276,0.2320478977847085,0.16179617311224334,4.0,6.267200548541362,0.01434644761493,0.0126083573342276,0.0616242695213283,0.0276841043378009,0.2194395404504809,0.038071730557024695,0.15300495377612858,1,255
MAHNOB-HCI,arousal,all,72,gpu_mlp,20261007,0.019361579478311,subject,0.0993309011250187,0.0693328421670181,,,0.7438200280112046,0.037037037037037,0.7067829909741676,527,27,20,0.975925925925926,0.5123339658444023,0.9753320683111955,counterfactual_dose,0.25,0.2506055752747193,0.5366263150309842,0.5559878945092953,0.0142795795210271,0.2339988734358164,0.049003273559544945,4.0,6.267200548541362,-0.0206513906903011,0.0142795795210271,0.0495764382676147,0.0400129701686121,0.055053262645991,0.049754462857404,0.03891070963581994,1,256
MAHNOB-HCI,arousal,all,72,gpu_mlp,20261007,0.0214007782101167,subject,0.1047290585231761,0.124161340053874,,,0.7438200280112046,0.037037037037037,0.7067829909741676,527,27,20,0.975925925925926,0.5123339658444023,0.9753320683111955,counterfactual_dose,0.5,0.5001986961810408,0.5366263150309842,0.558027093241101,0.0142795795210271,0.2339988734358164,0.08775512328663779,4.0,6.267200548541362,-0.0206513906903011,0.0142795795210271,0.0495764382676147,0.0420521689004178,0.1098817605328469,0.0551526202555614,0.07766255936291278,1,257
MAHNOB-HCI,arousal,all,72,gpu_mlp,20261007,0.0056492289955325,subject,0.124925143483967,0.1789774854359311,,,0.7438200280112046,0.037037037037037,0.7067829909741676,527,27,20,0.975925925925926,0.5123339658444023,0.9753320683111955,counterfactual_dose,0.75,0.7491408747576234,0.5366263150309842,0.5422755440265168,0.0142795795210271,0.2339988734358164,0.1264982424734429,4.0,6.267200548541362,-0.0206513906903011,0.0142795795210271,0.0495764382676147,0.0263006196858336,0.164697905914904,0.07534870521635229,0.1164056785497179,1,258
MAHNOB-HCI,arousal,all,72,gpu_mlp,20261007,-0.0054618821155785,subject,0.1149545552486728,0.2339988734358164,,,0.7438200280112046,0.037037037037037,0.7067829909741676,527,27,20,0.975925925925926,0.5123339658444023,0.9753320683111955,counterfactual_dose,1.0,1.0,0.5366263150309842,0.5311644329154057,0.0142795795210271,0.2339988734358164,0.165386423651552,4.0,6.267200548541362,-0.0206513906903011,0.0142795795210271,0.0495764382676147,0.0151895085747226,0.2197192939147893,0.06537811698105811,0.15529385972782703,0,259
MAHNOB-HCI,arousal,all,72,linear_logistic,20260813,0.0105490704712495,subject,0.0790085665968019,0.0692754385692257,,,0.7540655150949269,0.037037037037037,0.7170284780578899,527,27,20,0.975925925925926,0.5123339658444023,0.9753320683111955,counterfactual_dose,0.25,0.2502221938490175,0.5217394437238795,0.532288514195129,0.0140857678566835,0.234614977100928,0.049672462284084756,1.0,6.267200548541362,0.0050871883556709,0.0140857678566835,0.0360137068813539,0.0054618821155786,0.0551896707125422,0.042994859715448,0.03957256559553024,0,260
MAHNOB-HCI,arousal,all,72,linear_logistic,20260813,0.0067516933275688,subject,0.0730714008214008,0.1244115902858697,,,0.7540655150949269,0.037037037037037,0.7170284780578899,527,27,20,0.975925925925926,0.5123339658444023,0.9753320683111955,counterfactual_dose,0.5,0.5000775106990603,0.5217394437238795,0.5284911370514483,0.0140857678566835,0.234614977100928,0.08920665323543892,1.0,6.267200548541362,0.0050871883556709,0.0140857678566835,0.0360137068813539,0.0016645049718978996,0.1103258224291862,0.037057693940046904,0.0791067565468844,0,261
MAHNOB-HCI,arousal,all,72,linear_logistic,20260813,0.0372243839169909,subject,0.0941643617820088,0.1769882465844567,,,0.7540655150949269,0.037037037037037,0.7170284780578899,527,27,20,0.975925925925926,0.5123339658444023,0.9753320683111955,counterfactual_dose,0.75,0.7384630849021738,0.5217394437238795,0.5589638276408704,0.0140857678566835,0.234614977100928,0.12690561308258752,1.0,6.267200548541362,0.0050871883556709,0.0140857678566835,0.0360137068813539,0.03213719556132,0.1629024787277732,0.05815065490065491,0.116805716394033,1,262
MAHNOB-HCI,arousal,all,72,linear_logistic,20260813,0.0101743767113416,subject,0.0926475746475746,0.234614977100928,,,0.7540655150949269,0.037037037037037,0.7170284780578899,527,27,20,0.975925925925926,0.5123339658444023,0.9753320683111955,counterfactual_dose,1.0,1.0,0.5217394437238795,0.5319138204352212,0.0140857678566835,0.234614977100928,0.16822561996026508,1.0,6.267200548541362,0.0050871883556709,0.0140857678566835,0.0360137068813539,0.005087188355670701,0.2205292092442445,0.0566338677662207,0.15812572327171057,0,263
MAHNOB-HCI,arousal,all,72,linear_logistic,20260829,0.0155642023346302,subject,0.107642321730557,0.0736283200154783,,,0.752740818549642,0.037037037037037,0.715703781512605,527,27,20,0.975925925925926,0.5123339658444023,0.9753320683111955,counterfactual_dose,0.25,0.2499462881732268,0.5487678339818418,0.5643320363164721,0.0170681449609202,0.2433256480780411,0.05269606706149804,1.0,6.267200548541362,-0.0073137339674305,0.0170681449609202,0.0865615087526852,0.022877936302060697,0.0565601750545581,0.021080812977871802,0.04048033116956214,1,264
MAHNOB-HCI,arousal,all,72,linear_logistic,20260829,0.0037037037037036,subject,0.1001891507185624,0.1302708640119373,,,0.752740818549642,0.037037037037037,0.715703781512605,527,27,20,0.975925925925926,0.5123339658444023,0.9753320683111955,counterfactual_dose,0.5,0.5002489404712455,0.5487678339818418,0.5524715376855455,0.0170681449609202,0.2433256480780411,0.09323534999425785,1.0,6.267200548541362,-0.0073137339674305,0.0170681449609202,0.0865615087526852,0.0110174376711341,0.1132027190510171,0.013627641965877194,0.08101961410232196,0,265
MAHNOB-HCI,arousal,all,72,linear_logistic,20260829,0.0455685257241677,subject,0.0842100350629762,0.1859539186893404,,,0.752740818549642,0.037037037037037,0.715703781512605,527,27,20,0.975925925925926,0.5123339658444023,0.9753320683111955,counterfactual_dose,0.75,0.7463859338664887,0.5487678339818418,0.5943363597060095,0.0170681449609202,0.2433256480780411,0.1330879227930484,1.0,6.267200548541362,-0.0073137339674305,0.0170681449609202,0.0865615087526852,0.052882259691598196,0.16888577372842017,-0.002351473689709005,0.12087218690111248,1,266
MAHNOB-HCI,arousal,all,72,linear_logistic,20260829,0.0281524715376855,subject,0.0974537635567047,0.2433256480780411,,,0.752740818549642,0.037037037037037,0.715703781512605,527,27,20,0.975925925925926,0.5123339658444023,0.9753320683111955,counterfactual_dose,1.0,1.0,0.5487678339818418,0.5769203055195273,0.0170681449609202,0.2433256480780411,0.17414908646845936,1.0,6.267200548541362,-0.0073137339674305,0.0170681449609202,0.0865615087526852,0.035466205505116,0.2262575031171209,0.010892254804019494,0.16193335057652344,1,267
MAHNOB-HCI,arousal,all,72,linear_logistic,20260911,0.0150958351347455,subject,0.1227264891970774,0.0785478733941444,,,0.7426937441643324,0.037037037037037,0.7056567071272954,527,27,20,0.975925925925926,0.5123339658444023,0.9753320683111955,counterfactual_dose,0.25,0.2497540141925925,0.5391338809626748,0.5542297160974203,0.0205257884508196,0.2529070923200868,0.055427833691163636,1.0,6.267200548541362,-0.0112047845510881,0.0205257884508196,0.0823916916416916,0.0263006196858336,0.0580220849433248,0.0403347975553858,0.04094367340176681,1,268
MAHNOB-HCI,arousal,all,72,linear_logistic,20260911,0.0203703703703703,subject,0.1254693133663721,0.1367938741307088,,,0.7426937441643324,0.037037037037037,0.7056567071272954,527,27,20,0.975925925925926,0.5123339658444023,0.9753320683111955,counterfactual_dose,0.5,0.5007307166416114,0.5391338809626748,0.5595042513330452,0.0205257884508196,0.2529070923200868,0.0965295147742617,1.0,6.267200548541362,-0.0112047845510881,0.0205257884508196,0.0823916916416916,0.0315751549214584,0.1162680856798892,0.04307762172468049,0.08204535448486486,1,269
MAHNOB-HCI,arousal,all,72,linear_logistic,20260911,0.0149084882547917,subject,0.1152094033417562,0.1931320852913517,,,0.7426937441643324,0.037037037037037,0.7056567071272954,527,27,20,0.975925925925926,0.5123339658444023,0.9753320683111955,counterfactual_dose,0.75,0.7412292693721525,0.5391338809626748,0.5540423692174665,0.0205257884508196,0.2529070923200868,0.1362849513473232,1.0,6.267200548541362,-0.0112047845510881,0.0205257884508196,0.0823916916416916,0.0261132728058798,0.1726062968405321,0.03281771170006459,0.12180079105792639,1,270
MAHNOB-HCI,arousal,all,72,linear_logistic,20260911,0.0340827208531487,subject,0.1069050443021031,0.2529070923200868,,,0.7426937441643324,0.037037037037037,0.7056567071272954,527,27,20,0.975925925925926,0.5123339658444023,0.9753320683111955,counterfactual_dose,1.0,1.0,0.5391338809626748,0.5732166018158236,0.0205257884508196,0.2529070923200868,0.17846558597573137,1.0,6.267200548541362,-0.0112047845510881,0.0205257884508196,0.0823916916416916,0.0452875054042368,0.2323813038692672,0.02451335266041149,0.16398142568633453,1,271
MAHNOB-HCI,arousal,all,72,linear_logistic,20260923,0.0196209828505548,subject,0.1202369574869574,0.0674352295447094,,,0.7342903828197945,0.037037037037037,0.6972533457827575,527,27,20,0.975925925925926,0.5123339658444023,0.9753320683111955,counterfactual_dose,0.25,0.2498442855392603,0.530624009223231,0.5502449920737859,0.0126083573342276,0.2320478977847085,0.047019439423676895,1.0,6.267200548541362,-0.0026949128116444,0.0126083573342276,0.0616242695213283,0.0223158956621992,0.054826872210481804,0.058612687965629094,0.03822822008756213,1,272
MAHNOB-HCI,arousal,all,72,linear_logistic,20260923,0.0236993803141662,subject,0.0876445596886773,0.1225145897301018,,,0.7342903828197945,0.037037037037037,0.6972533457827575,527,27,20,0.975925925925926,0.5123339658444023,0.9753320683111955,counterfactual_dose,0.5,0.5011146633643921,0.530624009223231,0.5543233895373973,0.0126083573342276,0.2320478977847085,0.08542370759651535,1.0,6.267200548541362,-0.0026949128116444,0.0126083573342276,0.0616242695213283,0.026394293125810597,0.1099062323958742,0.026020290167349004,0.07663248826040059,1,273
MAHNOB-HCI,arousal,all,72,linear_logistic,20260923,0.0312004611615506,subject,0.1181317750876574,0.1756306448958544,,,0.7342903828197945,0.037037037037037,0.6972533457827575,527,27,20,0.975925925925926,0.5123339658444023,0.9753320683111955,counterfactual_dose,0.75,0.7424685505740444,0.530624009223231,0.5618244703847817,0.0126083573342276,0.2320478977847085,0.12245905477561786,1.0,6.267200548541362,-0.0026949128116444,0.0126083573342276,0.0616242695213283,0.033895373973195,0.1630222875616268,0.0565075055663291,0.1136678354395031,1,274
MAHNOB-HCI,arousal,all,72,linear_logistic,20260923,0.0212854878224527,subject,0.099696000078353,0.2320478977847085,,,0.7342903828197945,0.037037037037037,0.6972533457827575,527,27,20,0.975925925925926,0.5123339658444023,0.9753320683111955,counterfactual_dose,1.0,1.0,0.530624009223231,0.5519094970456838,0.0126083573342276,0.2320478977847085,0.16179617311224334,1.0,6.267200548541362,-0.0026949128116444,0.0126083573342276,0.0616242695213283,0.0239804006340971,0.2194395404504809,0.038071730557024695,0.15300495377612858,1,275
MAHNOB-HCI,arousal,all,72,linear_logistic,20261007,0.0112984579910651,subject,0.0993309011250187,0.0693328421670181,,,0.7438200280112046,0.037037037037037,0.7067829909741676,527,27,20,0.975925925925926,0.5123339658444023,0.9753320683111955,counterfactual_dose,0.25,0.2506055752747193,0.5399553249747802,0.5512537829658453,0.0142795795210271,0.2339988734358164,0.049003273559544945,1.0,6.267200548541362,0.0138996973627324,0.0142795795210271,0.0495764382676147,-0.002601239371667301,0.055053262645991,0.049754462857404,0.03891070963581994,0,276
MAHNOB-HCI,arousal,all,72,linear_logistic,20261007,0.0168540135466206,subject,0.1047290585231761,0.124161340053874,,,0.7438200280112046,0.037037037037037,0.7067829909741676,527,27,20,0.975925925925926,0.5123339658444023,0.9753320683111955,counterfactual_dose,0.5,0.5001986961810408,0.5399553249747802,0.5568093385214008,0.0142795795210271,0.2339988734358164,0.08775512328663779,1.0,6.267200548541362,0.0138996973627324,0.0142795795210271,0.0495764382676147,0.0029543161838882,0.1098817605328469,0.0551526202555614,0.07766255936291278,0,277
MAHNOB-HCI,arousal,all,72,linear_logistic,20261007,0.0117668251909497,subject,0.124925143483967,0.1789774854359311,,,0.7438200280112046,0.037037037037037,0.7067829909741676,527,27,20,0.975925925925926,0.5123339658444023,0.9753320683111955,counterfactual_dose,0.75,0.7491408747576234,0.5399553249747802,0.5517221501657299,0.0142795795210271,0.2339988734358164,0.1264982424734429,1.0,6.267200548541362,0.0138996973627324,0.0142795795210271,0.0495764382676147,-0.0021328721717827,0.164697905914904,0.07534870521635229,0.1164056785497179,0,278
MAHNOB-HCI,arousal,all,72,linear_logistic,20261007,0.0099149733390979,subject,0.1149545552486728,0.2339988734358164,,,0.7438200280112046,0.037037037037037,0.7067829909741676,527,27,20,0.975925925925926,0.5123339658444023,0.9753320683111955,counterfactual_dose,1.0,1.0,0.5399553249747802,0.5498702983138781,0.0142795795210271,0.2339988734358164,0.165386423651552,1.0,6.267200548541362,0.0138996973627324,0.0142795795210271,0.0495764382676147,-0.003984724023634501,0.2197192939147893,0.06537811698105811,0.15529385972782703,0,279
MAHNOB-HCI,arousal,normalized_asymmetry,12,gpu_mlp,20260813,0.0179564778786567,subject,0.0790085665968019,0.0692754385692257,,,0.41340258325552437,0.037037037037037,0.3763655462184874,527,27,20,0.975925925925926,0.5123339658444023,0.9753320683111955,counterfactual_dose,0.25,0.2502221938490175,0.5052385069894798,0.5231949848681365,0.0140857678566835,0.234614977100928,0.0260728882766319,4.0,6.267200548541362,0.0168540135466204,0.0140857678566835,0.0360137068813539,0.0011024643320363021,0.0551896707125422,0.042994859715448,0.020771490563344402,0,280
MAHNOB-HCI,arousal,normalized_asymmetry,12,gpu_mlp,20260813,0.0164793197867128,subject,0.0730714008214008,0.1244115902858697,,,0.41340258325552437,0.037037037037037,0.3763655462184874,527,27,20,0.975925925925926,0.5123339658444023,0.9753320683111955,counterfactual_dose,0.5,0.5000775106990603,0.5052385069894798,0.5217178267761926,0.0140857678566835,0.234614977100928,0.04682423613385201,4.0,6.267200548541362,0.0168540135466204,0.0140857678566835,0.0360137068813539,-0.000374693759907601,0.1103258224291862,0.037057693940046904,0.04152283842056451,0,281
MAHNOB-HCI,arousal,normalized_asymmetry,12,gpu_mlp,20260813,0.0179564778786567,subject,0.0941643617820088,0.1769882465844567,,,0.41340258325552437,0.037037037037037,0.3763655462184874,527,27,20,0.975925925925926,0.5123339658444023,0.9753320683111955,counterfactual_dose,0.75,0.7384630849021738,0.5052385069894798,0.5231949848681365,0.0140857678566835,0.234614977100928,0.06661227810001139,4.0,6.267200548541362,0.0168540135466204,0.0140857678566835,0.0360137068813539,0.0011024643320363021,0.1629024787277732,0.05815065490065491,0.06131088038672388,0,282
MAHNOB-HCI,arousal,normalized_asymmetry,12,gpu_mlp,20260813,0.0411154345006483,subject,0.0926475746475746,0.234614977100928,,,0.41340258325552437,0.037037037037037,0.3763655462184874,527,27,20,0.975925925925926,0.5123339658444023,0.9753320683111955,counterfactual_dose,1.0,1.0,0.5052385069894798,0.5463539414901282,0.0140857678566835,0.234614977100928,0.08830099400762867,4.0,6.267200548541362,0.0168540135466204,0.0140857678566835,0.0360137068813539,0.0242614209540279,0.2205292092442445,0.0566338677662207,0.08299959629434117,1,283
MAHNOB-HCI,arousal,normalized_asymmetry,12,gpu_mlp,20260829,0.0088845654993515,subject,0.107642321730557,0.0736283200154783,,,0.39108309990662926,0.037037037037037,0.3540460628695923,527,27,20,0.975925925925926,0.5123339658444023,0.9753320683111955,counterfactual_dose,0.25,0.2499462881732268,0.5170053321804294,0.525889897679781,0.0170681449609202,0.2433256480780411,0.02606781681718249,4.0,6.267200548541362,-0.0116731517509727,0.0170681449609202,0.0865615087526852,0.020557717250324202,0.0565601750545581,0.021080812977871802,0.02002490729328122,1,284
MAHNOB-HCI,arousal,normalized_asymmetry,12,gpu_mlp,20260829,0.0173223807465052,subject,0.1001891507185624,0.1302708640119373,,,0.39108309990662926,0.037037037037037,0.3540460628695923,527,27,20,0.975925925925926,0.5123339658444023,0.9753320683111955,counterfactual_dose,0.5,0.5002489404712455,0.5170053321804294,0.5343277129269347,0.0170681449609202,0.2433256480780411,0.04612188651004646,4.0,6.267200548541362,-0.0116731517509727,0.0170681449609202,0.0865615087526852,0.0289955324974779,0.1132027190510171,0.013627641965877194,0.040078976986145196,1,285
MAHNOB-HCI,arousal,normalized_asymmetry,12,gpu_mlp,20260829,0.0074074074074074,subject,0.0842100350629762,0.1859539186893404,,,0.39108309990662926,0.037037037037037,0.3540460628695923,527,27,20,0.975925925925926,0.5123339658444023,0.9753320683111955,counterfactual_dose,0.75,0.7463859338664887,0.5170053321804294,0.5244127395878369,0.0170681449609202,0.2433256480780411,0.06583625278713326,4.0,6.267200548541362,-0.0116731517509727,0.0170681449609202,0.0865615087526852,0.0190805591583801,0.16888577372842017,-0.002351473689709005,0.059793343263231984,0,286
MAHNOB-HCI,arousal,normalized_asymmetry,12,gpu_mlp,20260829,0.0280587980977086,subject,0.0974537635567047,0.2433256480780411,,,0.39108309990662926,0.037037037037037,0.3540460628695923,527,27,20,0.975925925925926,0.5123339658444023,0.9753320683111955,counterfactual_dose,1.0,1.0,0.5170053321804294,0.545064130278138,0.0170681449609202,0.2433256480780411,0.08614848769722243,4.0,6.267200548541362,-0.0116731517509727,0.0170681449609202,0.0865615087526852,0.0397319498486813,0.2262575031171209,0.010892254804019494,0.08010557817332116,1,287
MAHNOB-HCI,arousal,normalized_asymmetry,12,gpu_mlp,20260911,0.0033290099437959,subject,0.1227264891970774,0.0785478733941444,,,0.3935632586367881,0.037037037037037,0.3565262215997511,527,27,20,0.975925925925926,0.5123339658444023,0.9753320683111955,counterfactual_dose,0.25,0.2497540141925925,0.4800403516356823,0.4833693615794783,0.0205257884508196,0.2529070923200868,0.028004376515909923,4.0,6.267200548541362,-0.0059302493154633,0.0205257884508196,0.0823916916416916,0.0092592592592592,0.0580220849433248,0.0403347975553858,0.0206863947141834,0,288
MAHNOB-HCI,arousal,normalized_asymmetry,12,gpu_mlp,20260911,0.0349041648652543,subject,0.1254693133663721,0.1367938741307088,,,0.3935632586367881,0.037037037037037,0.3565262215997511,527,27,20,0.975925925925926,0.5123339658444023,0.9753320683111955,counterfactual_dose,0.5,0.5007307166416114,0.4800403516356823,0.5149445165009368,0.0205257884508196,0.2529070923200868,0.048770603081813545,4.0,6.267200548541362,-0.0059302493154633,0.0205257884508196,0.0823916916416916,0.0408344141807176,0.1162680856798892,0.04307762172468049,0.041452621280087025,1,289
MAHNOB-HCI,arousal,normalized_asymmetry,12,gpu_mlp,20260911,0.0437166738723159,subject,0.1152094033417562,0.1931320852913517,,,0.3935632586367881,0.037037037037037,0.3565262215997511,527,27,20,0.975925925925926,0.5123339658444023,0.9753320683111955,counterfactual_dose,0.75,0.7412292693721525,0.4800403516356823,0.5237570255079983,0.0205257884508196,0.2529070923200868,0.06885665263860649,4.0,6.267200548541362,-0.0059302493154633,0.0205257884508196,0.0823916916416916,0.0496469231877792,0.1726062968405321,0.03281771170006459,0.06153867083687997,1,290
MAHNOB-HCI,arousal,normalized_asymmetry,12,gpu_mlp,20260911,0.0374117307969448,subject,0.1069050443021031,0.2529070923200868,,,0.3935632586367881,0.037037037037037,0.3565262215997511,527,27,20,0.975925925925926,0.5123339658444023,0.9753320683111955,counterfactual_dose,1.0,1.0,0.4800403516356823,0.5174520824326272,0.0205257884508196,0.2529070923200868,0.09016801004065998,4.0,6.267200548541362,-0.0059302493154633,0.0205257884508196,0.0823916916416916,0.0433419801124081,0.2323813038692672,0.02451335266041149,0.08285002823893346,1,291
MAHNOB-HCI,arousal,normalized_asymmetry,12,gpu_mlp,20260923,0.012775616083009,subject,0.1202369574869574,0.0674352295447094,,,0.4015017117958294,0.037037037037037,0.3644646747587924,527,27,20,0.975925925925926,0.5123339658444023,0.9753320683111955,counterfactual_dose,0.25,0.2498442855392603,0.4982778498342701,0.5110534659172792,0.0126083573342276,0.2320478977847085,0.02457775900329702,4.0,6.267200548541362,-0.0170413604265745,0.0126083573342276,0.0616242695213283,0.029816976509583502,0.054826872210481804,0.058612687965629094,0.019982458148235124,1,292
MAHNOB-HCI,arousal,normalized_asymmetry,12,gpu_mlp,20260923,0.0322308690012969,subject,0.0876445596886773,0.1225145897301018,,,0.4015017117958294,0.037037037037037,0.3644646747587924,527,27,20,0.975925925925926,0.5123339658444023,0.9753320683111955,counterfactual_dose,0.5,0.5011146633643921,0.4982778498342701,0.530508718835567,0.0126083573342276,0.2320478977847085,0.044652240099188445,4.0,6.267200548541362,-0.0170413604265745,0.0126083573342276,0.0616242695213283,0.049272229427871406,0.1099062323958742,0.026020290167349004,0.040056939244126545,1,293
MAHNOB-HCI,arousal,normalized_asymmetry,12,gpu_mlp,20260923,0.0341763942931257,subject,0.1181317750876574,0.1756306448958544,,,0.4015017117958294,0.037037037037037,0.3644646747587924,527,27,20,0.975925925925926,0.5123339658444023,0.9753320683111955,counterfactual_dose,0.75,0.7424685505740444,0.4982778498342701,0.5324542441273958,0.0126083573342276,0.2320478977847085,0.06401116586964453,4.0,6.267200548541362,-0.0170413604265745,0.0126083573342276,0.0616242695213283,0.051217754719700206,0.1630222875616268,0.0565075055663291,0.05941586501458264,1,294
MAHNOB-HCI,arousal,normalized_asymmetry,12,gpu_mlp,20260923,0.0213071047701396,subject,0.099696000078353,0.2320478977847085,,,0.4015017117958294,0.037037037037037,0.3644646747587924,527,27,20,0.975925925925926,0.5123339658444023,0.9753320683111955,counterfactual_dose,1.0,1.0,0.4982778498342701,0.5195849546044098,0.0126083573342276,0.2320478977847085,0.08457326159456528,4.0,6.267200548541362,-0.0170413604265745,0.0126083573342276,0.0616242695213283,0.0383484651967141,0.2194395404504809,0.038071730557024695,0.07997796073950339,1,295
MAHNOB-HCI,arousal,normalized_asymmetry,12,gpu_mlp,20261007,0.0169476869865975,subject,0.0993309011250187,0.0693328421670181,,,0.37746654217242454,0.037037037037037,0.34042950513538756,527,27,20,0.975925925925926,0.5123339658444023,0.9753320683111955,counterfactual_dose,0.25,0.2506055752747193,0.4952298602104049,0.5121775471970025,0.0142795795210271,0.2339988734358164,0.023602945148547903,4.0,6.267200548541362,-0.0082504683671998,0.0142795795210271,0.0495764382676147,0.025198155353797304,0.055053262645991,0.049754462857404,0.018741754958663235,1,296
MAHNOB-HCI,arousal,normalized_asymmetry,12,gpu_mlp,20261007,0.0152831820146995,subject,0.1047290585231761,0.124161340053874,,,0.37746654217242454,0.037037037037037,0.34042950513538756,527,27,20,0.975925925925926,0.5123339658444023,0.9753320683111955,counterfactual_dose,0.5,0.5001986961810408,0.4952298602104049,0.5105130422251045,0.0142795795210271,0.2339988734358164,0.0422681835514869,4.0,6.267200548541362,-0.0082504683671998,0.0142795795210271,0.0495764382676147,0.0235336503818993,0.1098817605328469,0.0551526202555614,0.03740699336160223,1,297
MAHNOB-HCI,arousal,normalized_asymmetry,12,gpu_mlp,20261007,0.0011024643320363,subject,0.124925143483967,0.1789774854359311,,,0.37746654217242454,0.037037037037037,0.34042950513538756,527,27,20,0.975925925925926,0.5123339658444023,0.9753320683111955,counterfactual_dose,0.75,0.7491408747576234,0.4952298602104049,0.4963323245424413,0.0142795795210271,0.2339988734358164,0.06092921679733005,4.0,6.267200548541362,-0.0082504683671998,0.0142795795210271,0.0495764382676147,0.009352932699236101,0.164697905914904,0.07534870521635229,0.056068026607445386,0,298
MAHNOB-HCI,arousal,normalized_asymmetry,12,gpu_mlp,20261007,-0.0151895085747225,subject,0.1149545552486728,0.2339988734358164,,,0.37746654217242454,0.037037037037037,0.34042950513538756,527,27,20,0.975925925925926,0.5123339658444023,0.9753320683111955,counterfactual_dose,1.0,1.0,0.4952298602104049,0.4800403516356823,0.0142795795210271,0.2339988734358164,0.07966012068599317,4.0,6.267200548541362,-0.0082504683671998,0.0142795795210271,0.0495764382676147,-0.006939040207522699,0.2197192939147893,0.06537811698105811,0.0747989304961085,0,299
MAHNOB-HCI,arousal,normalized_asymmetry,12,linear_logistic,20260813,0.0312941346015276,subject,0.0790085665968019,0.0692754385692257,,,0.41340258325552437,0.037037037037037,0.3763655462184874,527,27,20,0.975925925925926,0.5123339658444023,0.9753320683111955,counterfactual_dose,0.25,0.2502221938490175,0.4979247730220493,0.5292189076235769,0.0140857678566835,0.234614977100928,0.0260728882766319,1.0,6.267200548541362,0.0140654272949992,0.0140857678566835,0.0360137068813539,0.0172287073065284,0.0551896707125422,0.042994859715448,0.020771490563344402,0,300
MAHNOB-HCI,arousal,normalized_asymmetry,12,linear_logistic,20260813,0.028973915549791,subject,0.0730714008214008,0.1244115902858697,,,0.41340258325552437,0.037037037037037,0.3763655462184874,527,27,20,0.975925925925926,0.5123339658444023,0.9753320683111955,counterfactual_dose,0.5,0.5000775106990603,0.4979247730220493,0.5268986885718403,0.0140857678566835,0.234614977100928,0.04682423613385201,1.0,6.267200548541362,0.0140654272949992,0.0140857678566835,0.0360137068813539,0.0149084882547918,0.1103258224291862,0.037057693940046904,0.04152283842056451,0,301
MAHNOB-HCI,arousal,normalized_asymmetry,12,linear_logistic,20260813,0.0445381178844213,subject,0.0941643617820088,0.1769882465844567,,,0.41340258325552437,0.037037037037037,0.3763655462184874,527,27,20,0.975925925925926,0.5123339658444023,0.9753320683111955,counterfactual_dose,0.75,0.7384630849021738,0.4979247730220493,0.5424628909064706,0.0140857678566835,0.234614977100928,0.06661227810001139,1.0,6.267200548541362,0.0140654272949992,0.0140857678566835,0.0360137068813539,0.0304726905894221,0.1629024787277732,0.05815065490065491,0.06131088038672388,1,302
MAHNOB-HCI,arousal,normalized_asymmetry,12,linear_logistic,20260813,0.0271220636979392,subject,0.0926475746475746,0.234614977100928,,,0.41340258325552437,0.037037037037037,0.3763655462184874,527,27,20,0.975925925925926,0.5123339658444023,0.9753320683111955,counterfactual_dose,1.0,1.0,0.4979247730220493,0.5250468367199885,0.0140857678566835,0.234614977100928,0.08830099400762867,1.0,6.267200548541362,0.0140654272949992,0.0140857678566835,0.0360137068813539,0.01305663640294,0.2205292092442445,0.0566338677662207,0.08299959629434117,0,303
MAHNOB-HCI,arousal,normalized_asymmetry,12,linear_logistic,20260829,0.0287145121775471,subject,0.107642321730557,0.0736283200154783,,,0.39108309990662926,0.037037037037037,0.3540460628695923,527,27,20,0.975925925925926,0.5123339658444023,0.9753320683111955,counterfactual_dose,0.25,0.2499462881732268,0.5372820291108229,0.5659965412883701,0.0170681449609202,0.2433256480780411,0.02606781681718249,1.0,6.267200548541362,0.0040783974636113,0.0170681449609202,0.0865615087526852,0.0246361147139358,0.0565601750545581,0.021080812977871802,0.02002490729328122,1,304
MAHNOB-HCI,arousal,normalized_asymmetry,12,linear_logistic,20260829,0.0231589566219916,subject,0.1001891507185624,0.1302708640119373,,,0.39108309990662926,0.037037037037037,0.3540460628695923,527,27,20,0.975925925925926,0.5123339658444023,0.9753320683111955,counterfactual_dose,0.5,0.5002489404712455,0.5372820291108229,0.5604409857328145,0.0170681449609202,0.2433256480780411,0.04612188651004646,1.0,6.267200548541362,0.0040783974636113,0.0170681449609202,0.0865615087526852,0.0190805591583803,0.1132027190510171,0.013627641965877194,0.040078976986145196,0,305
MAHNOB-HCI,arousal,normalized_asymmetry,12,linear_logistic,20260829,0.020838737570255,subject,0.0842100350629762,0.1859539186893404,,,0.39108309990662926,0.037037037037037,0.3540460628695923,527,27,20,0.975925925925926,0.5123339658444023,0.9753320683111955,counterfactual_dose,0.75,0.7463859338664887,0.5372820291108229,0.5581207666810779,0.0170681449609202,0.2433256480780411,0.06583625278713326,1.0,6.267200548541362,0.0040783974636113,0.0170681449609202,0.0865615087526852,0.0167603401066437,0.16888577372842017,-0.002351473689709005,0.059793343263231984,0,306
MAHNOB-HCI,arousal,normalized_asymmetry,12,linear_logistic,20260829,0.0346447614930105,subject,0.0974537635567047,0.2433256480780411,,,0.39108309990662926,0.037037037037037,0.3540460628695923,527,27,20,0.975925925925926,0.5123339658444023,0.9753320683111955,counterfactual_dose,1.0,1.0,0.5372820291108229,0.5719267906038334,0.0170681449609202,0.2433256480780411,0.08614848769722243,1.0,6.267200548541362,0.0040783974636113,0.0170681449609202,0.0865615087526852,0.030566364029399197,0.2262575031171209,0.010892254804019494,0.08010557817332116,1,307
MAHNOB-HCI,arousal,normalized_asymmetry,12,linear_logistic,20260911,0.0148148148148148,subject,0.1227264891970774,0.0785478733941444,,,0.3935632586367881,0.037037037037037,0.3565262215997511,527,27,20,0.975925925925926,0.5123339658444023,0.9753320683111955,counterfactual_dose,0.25,0.2497540141925925,0.4982057933419801,0.513020608156795,0.0205257884508196,0.2529070923200868,0.028004376515909923,1.0,6.267200548541362,0.0091655858192822,0.0205257884508196,0.0823916916416916,0.0056492289955326,0.0580220849433248,0.0403347975553858,0.0206863947141834,0,308
MAHNOB-HCI,arousal,normalized_asymmetry,12,linear_logistic,20260911,0.0259259259259259,subject,0.1254693133663721,0.1367938741307088,,,0.3935632586367881,0.037037037037037,0.3565262215997511,527,27,20,0.975925925925926,0.5123339658444023,0.9753320683111955,counterfactual_dose,0.5,0.5007307166416114,0.4982057933419801,0.524131719267906,0.0205257884508196,0.2529070923200868,0.048770603081813545,1.0,6.267200548541362,0.0091655858192822,0.0205257884508196,0.0823916916416916,0.0167603401066437,0.1162680856798892,0.04307762172468049,0.041452621280087025,0,309
MAHNOB-HCI,arousal,normalized_asymmetry,12,linear_logistic,20260911,0.0315751549214584,subject,0.1152094033417562,0.1931320852913517,,,0.3935632586367881,0.037037037037037,0.3565262215997511,527,27,20,0.975925925925926,0.5123339658444023,0.9753320683111955,counterfactual_dose,0.75,0.7412292693721525,0.4982057933419801,0.5297809482634386,0.0205257884508196,0.2529070923200868,0.06885665263860649,1.0,6.267200548541362,0.0091655858192822,0.0205257884508196,0.0823916916416916,0.022409569102176195,0.1726062968405321,0.03281771170006459,0.06153867083687997,1,310
MAHNOB-HCI,arousal,normalized_asymmetry,12,linear_logistic,20260911,0.0393572560887736,subject,0.1069050443021031,0.2529070923200868,,,0.3935632586367881,0.037037037037037,0.3565262215997511,527,27,20,0.975925925925926,0.5123339658444023,0.9753320683111955,counterfactual_dose,1.0,1.0,0.4982057933419801,0.5375630494307537,0.0205257884508196,0.2529070923200868,0.09016801004065998,1.0,6.267200548541362,0.0091655858192822,0.0205257884508196,0.0823916916416916,0.030191670269491398,0.2323813038692672,0.02451335266041149,0.08285002823893346,1,311
MAHNOB-HCI,arousal,normalized_asymmetry,12,linear_logistic,20260923,0.0260195993659029,subject,0.1202369574869574,0.0674352295447094,,,0.4015017117958294,0.037037037037037,0.3644646747587924,527,27,20,0.975925925925926,0.5123339658444023,0.9753320683111955,counterfactual_dose,0.25,0.2498442855392603,0.503105634817697,0.5291252341835999,0.0126083573342276,0.2320478977847085,0.02457775900329702,1.0,6.267200548541362,0.0164793197867128,0.0126083573342276,0.0616242695213283,0.0095402795791901,0.054826872210481804,0.058612687965629094,0.019982458148235124,0,312
MAHNOB-HCI,arousal,normalized_asymmetry,12,linear_logistic,20260923,0.0224095691021761,subject,0.0876445596886773,0.1225145897301018,,,0.4015017117958294,0.037037037037037,0.3644646747587924,527,27,20,0.975925925925926,0.5123339658444023,0.9753320683111955,counterfactual_dose,0.5,0.5011146633643921,0.503105634817697,0.5255152039198732,0.0126083573342276,0.2320478977847085,0.044652240099188445,1.0,6.267200548541362,0.0164793197867128,0.0126083573342276,0.0616242695213283,0.005930249315463303,0.1099062323958742,0.026020290167349004,0.040056939244126545,0,313
MAHNOB-HCI,arousal,normalized_asymmetry,12,linear_logistic,20260923,0.0263942931258107,subject,0.1181317750876574,0.1756306448958544,,,0.4015017117958294,0.037037037037037,0.3644646747587924,527,27,20,0.975925925925926,0.5123339658444023,0.9753320683111955,counterfactual_dose,0.75,0.7424685505740444,0.503105634817697,0.5294999279435078,0.0126083573342276,0.2320478977847085,0.06401116586964453,1.0,6.267200548541362,0.0164793197867128,0.0126083573342276,0.0616242695213283,0.009914973339097903,0.1630222875616268,0.0565075055663291,0.05941586501458264,0,314
MAHNOB-HCI,arousal,normalized_asymmetry,12,linear_logistic,20260923,0.0191742325983571,subject,0.099696000078353,0.2320478977847085,,,0.4015017117958294,0.037037037037037,0.3644646747587924,527,27,20,0.975925925925926,0.5123339658444023,0.9753320683111955,counterfactual_dose,1.0,1.0,0.503105634817697,0.5222798674160541,0.0126083573342276,0.2320478977847085,0.08457326159456528,1.0,6.267200548541362,0.0164793197867128,0.0126083573342276,0.0616242695213283,0.002694912811644301,0.2194395404504809,0.038071730557024695,0.07997796073950339,0,315
MAHNOB-HCI,arousal,normalized_asymmetry,12,linear_logistic,20261007,0.0089782389393283,subject,0.0993309011250187,0.0693328421670181,,,0.37746654217242454,0.037037037037037,0.34042950513538756,527,27,20,0.975925925925926,0.5123339658444023,0.9753320683111955,counterfactual_dose,0.25,0.2506055752747193,0.5055195273094106,0.514497766248739,0.0142795795210271,0.2339988734358164,0.023602945148547903,1.0,6.267200548541362,0.0108300907911802,0.0142795795210271,0.0495764382676147,-0.0018518518518518996,0.055053262645991,0.049754462857404,0.018741754958663235,0,316
MAHNOB-HCI,arousal,normalized_asymmetry,12,linear_logistic,20261007,0.0165729932266895,subject,0.1047290585231761,0.124161340053874,,,0.37746654217242454,0.037037037037037,0.34042950513538756,527,27,20,0.975925925925926,0.5123339658444023,0.9753320683111955,counterfactual_dose,0.5,0.5001986961810408,0.5055195273094106,0.5220925205361002,0.0142795795210271,0.2339988734358164,0.0422681835514869,1.0,6.267200548541362,0.0108300907911802,0.0142795795210271,0.0495764382676147,0.005742902435509302,0.1098817605328469,0.0551526202555614,0.03740699336160223,0,317
MAHNOB-HCI,arousal,normalized_asymmetry,12,linear_logistic,20261007,0.0080415045395589,subject,0.124925143483967,0.1789774854359311,,,0.37746654217242454,0.037037037037037,0.34042950513538756,527,27,20,0.975925925925926,0.5123339658444023,0.9753320683111955,counterfactual_dose,0.75,0.7491408747576234,0.5055195273094106,0.5135610318489696,0.0142795795210271,0.2339988734358164,0.06092921679733005,1.0,6.267200548541362,0.0108300907911802,0.0142795795210271,0.0495764382676147,-0.0027885862516212993,0.164697905914904,0.07534870521635229,0.056068026607445386,0,318
MAHNOB-HCI,arousal,normalized_asymmetry,12,linear_logistic,20261007,0.0065643464476148,subject,0.1149545552486728,0.2339988734358164,,,0.37746654217242454,0.037037037037037,0.34042950513538756,527,27,20,0.975925925925926,0.5123339658444023,0.9753320683111955,counterfactual_dose,1.0,1.0,0.5055195273094106,0.5120838737570255,0.0142795795210271,0.2339988734358164,0.07966012068599317,1.0,6.267200548541362,0.0108300907911802,0.0142795795210271,0.0495764382676147,-0.0042657443435654,0.2197192939147893,0.06537811698105811,0.0747989304961085,0,319
MAHNOB-HCI,arousal,relative_power,24,gpu_mlp,20260813,0.0321371955613201,subject,0.0790085665968019,0.0692754385692257,,,0.4018499066293184,0.037037037037037,0.36481286959228143,527,27,20,0.975925925925926,0.5123339658444023,0.9753320683111955,counterfactual_dose,0.25,0.2502221938490175,0.5093169044530912,0.5414541000144113,0.0140857678566835,0.234614977100928,0.02527257153670304,4.0,6.267200548541362,0.011392131431042,0.0140857678566835,0.0360137068813539,0.0207450641302781,0.0551896707125422,0.042994859715448,0.020133902144495612,1,320
MAHNOB-HCI,arousal,relative_power,24,gpu_mlp,20260813,0.0191742325983571,subject,0.0730714008214008,0.1244115902858697,,,0.4018499066293184,0.037037037037037,0.36481286959228143,527,27,20,0.975925925925926,0.5123339658444023,0.9753320683111955,counterfactual_dose,0.5,0.5000775106990603,0.5093169044530912,0.5284911370514483,0.0140857678566835,0.234614977100928,0.04538694926272733,4.0,6.267200548541362,0.011392131431042,0.0140857678566835,0.0360137068813539,0.007782101167315099,0.1103258224291862,0.037057693940046904,0.040248279870519904,0,321
MAHNOB-HCI,arousal,relative_power,24,gpu_mlp,20260813,0.0103833405389826,subject,0.0941643617820088,0.1769882465844567,,,0.4018499066293184,0.037037037037037,0.36481286959228143,527,27,20,0.975925925925926,0.5123339658444023,0.9753320683111955,counterfactual_dose,0.75,0.7384630849021738,0.5093169044530912,0.5197002449920738,0.0140857678566835,0.234614977100928,0.06456759012058196,4.0,6.267200548541362,0.011392131431042,0.0140857678566835,0.0360137068813539,-0.001008790892059401,0.1629024787277732,0.05815065490065491,0.059428920728374524,0,322
MAHNOB-HCI,arousal,relative_power,24,gpu_mlp,20260813,0.0172287073065283,subject,0.0926475746475746,0.234614977100928,,,0.4018499066293184,0.037037037037037,0.36481286959228143,527,27,20,0.975925925925926,0.5123339658444023,0.9753320683111955,counterfactual_dose,1.0,1.0,0.5093169044530912,0.5265456117596196,0.0140857678566835,0.234614977100928,0.08559056304551693,4.0,6.267200548541362,0.011392131431042,0.0140857678566835,0.0360137068813539,0.005836575875486298,0.2205292092442445,0.0566338677662207,0.08045189365330951,0,323
MAHNOB-HCI,arousal,relative_power,24,gpu_mlp,20260829,0.0059302493154633,subject,0.107642321730557,0.0736283200154783,,,0.3972202769996887,0.037037037037037,0.3601832399626517,527,27,20,0.975925925925926,0.5123339658444023,0.9753320683111955,counterfactual_dose,0.25,0.2499462881732268,0.5351491569390402,0.5410794062545036,0.0170681449609202,0.2433256480780411,0.02651968685618193,4.0,6.267200548541362,-0.0237209972618532,0.0170681449609202,0.0865615087526852,0.0296512465773165,0.0565601750545581,0.021080812977871802,0.02037202710400549,1,324
MAHNOB-HCI,arousal,relative_power,24,gpu_mlp,20260829,-0.0136186770428016,subject,0.1001891507185624,0.1302708640119373,,,0.3972202769996887,0.037037037037037,0.3601832399626517,527,27,20,0.975925925925926,0.5123339658444023,0.9753320683111955,counterfactual_dose,0.5,0.5002489404712455,0.5351491569390402,0.5215304798962386,0.0170681449609202,0.2433256480780411,0.04692138187255358,4.0,6.267200548541362,-0.0237209972618532,0.0170681449609202,0.0865615087526852,0.0101023202190516,0.1132027190510171,0.013627641965877194,0.04077372212037714,0,325
MAHNOB-HCI,arousal,relative_power,24,gpu_mlp,20260829,0.014533794494884,subject,0.0842100350629762,0.1859539186893404,,,0.3972202769996887,0.037037037037037,0.3601832399626517,527,27,20,0.975925925925926,0.5123339658444023,0.9753320683111955,counterfactual_dose,0.75,0.7463859338664887,0.5351491569390402,0.5496829514339242,0.0170681449609202,0.2433256480780411,0.06697748491727812,4.0,6.267200548541362,-0.0237209972618532,0.0170681449609202,0.0865615087526852,0.0382547917567372,0.16888577372842017,-0.002351473689709005,0.060829825165101666,1,326
MAHNOB-HCI,arousal,relative_power,24,gpu_mlp,20260829,0.0302853437094682,subject,0.0974537635567047,0.2433256480780411,,,0.3972202769996887,0.037037037037037,0.3601832399626517,527,27,20,0.975925925925926,0.5123339658444023,0.9753320683111955,counterfactual_dose,1.0,1.0,0.5351491569390402,0.5654345006485084,0.0170681449609202,0.2433256480780411,0.08764182029076083,4.0,6.267200548541362,-0.0237209972618532,0.0170681449609202,0.0865615087526852,0.0540063409713214,0.2262575031171209,0.010892254804019494,0.08149416053858438,1,327
MAHNOB-HCI,arousal,relative_power,24,gpu_mlp,20260911,-0.0193399625306239,subject,0.1227264891970774,0.0785478733941444,,,0.3850509648303766,0.037037037037037,0.3480139277933396,527,27,20,0.975925925925926,0.5123339658444023,0.9753320683111955,counterfactual_dose,0.25,0.2497540141925925,0.5302276985156362,0.5108877359850122,0.0205257884508196,0.2529070923200868,0.02733575393971015,4.0,6.267200548541362,0.0102896670990055,0.0205257884508196,0.0823916916416916,-0.029629629629629402,0.0580220849433248,0.0403347975553858,0.020192493679885255,0,328
MAHNOB-HCI,arousal,relative_power,24,gpu_mlp,20260911,-0.012775616083009,subject,0.1254693133663721,0.1367938741307088,,,0.3850509648303766,0.037037037037037,0.3480139277933396,527,27,20,0.975925925925926,0.5123339658444023,0.9753320683111955,counterfactual_dose,0.5,0.5007307166416114,0.5302276985156362,0.5174520824326272,0.0205257884508196,0.2529070923200868,0.04760617343429568,4.0,6.267200548541362,0.0102896670990055,0.0205257884508196,0.0823916916416916,-0.0230652831820145,0.1162680856798892,0.04307762172468049,0.04046291317447078,0,329
MAHNOB-HCI,arousal,relative_power,24,gpu_mlp,20260911,0.0138060239227555,subject,0.1152094033417562,0.1931320852913517,,,0.3850509648303766,0.037037037037037,0.3480139277933396,527,27,20,0.975925925925926,0.5123339658444023,0.9753320683111955,counterfactual_dose,0.75,0.7412292693721525,0.5302276985156362,0.5440337224383918,0.0205257884508196,0.2529070923200868,0.06721265558516158,4.0,6.267200548541362,0.0102896670990055,0.0205257884508196,0.0823916916416916,0.0035163568237499988,0.1726062968405321,0.03281771170006459,0.060069395325336686,0,330
MAHNOB-HCI,arousal,relative_power,24,gpu_mlp,20260911,0.0085314886871307,subject,0.1069050443021031,0.2529070923200868,,,0.3850509648303766,0.037037037037037,0.3480139277933396,527,27,20,0.975925925925926,0.5123339658444023,0.9753320683111955,counterfactual_dose,1.0,1.0,0.5302276985156362,0.5387591872027669,0.0205257884508196,0.2529070923200868,0.08801519056510616,4.0,6.267200548541362,0.0102896670990055,0.0205257884508196,0.0823916916416916,-0.0017581784118748008,0.2323813038692672,0.02451335266041149,0.08087193030528127,0,331
MAHNOB-HCI,arousal,relative_power,24,gpu_mlp,20260923,0.0247297881539125,subject,0.1202369574869574,0.0674352295447094,,,0.3884531590413943,0.037037037037037,0.35141612200435735,527,27,20,0.975925925925926,0.5123339658444023,0.9753320683111955,counterfactual_dose,0.25,0.2498442855392603,0.4859706009511457,0.5107003891050583,0.0126083573342276,0.2320478977847085,0.023697826853075442,4.0,6.267200548541362,-0.0037973771436806,0.0126083573342276,0.0616242695213283,0.0285271652975931,0.054826872210481804,0.058612687965629094,0.019267046813835984,1,332
MAHNOB-HCI,arousal,relative_power,24,gpu_mlp,20260923,0.0327929096411586,subject,0.0876445596886773,0.1225145897301018,,,0.3884531590413943,0.037037037037037,0.35141612200435735,527,27,20,0.975925925925926,0.5123339658444023,0.9753320683111955,counterfactual_dose,0.5,0.5011146633643921,0.4859706009511457,0.5187635105923044,0.0126083573342276,0.2320478977847085,0.04305360201190724,4.0,6.267200548541362,-0.0037973771436806,0.0126083573342276,0.0616242695213283,0.0365902867848392,0.1099062323958742,0.026020290167349004,0.03862282197266778,1,333
MAHNOB-HCI,arousal,relative_power,24,gpu_mlp,20260923,0.0381611183167602,subject,0.1181317750876574,0.1756306448958544,,,0.3884531590413943,0.037037037037037,0.35141612200435735,527,27,20,0.975925925925926,0.5123339658444023,0.9753320683111955,counterfactual_dose,0.75,0.7424685505740444,0.4859706009511457,0.524131719267906,0.0126083573342276,0.2320478977847085,0.06171944013442553,4.0,6.267200548541362,-0.0037973771436806,0.0126083573342276,0.0616242695213283,0.0419584954604408,0.1630222875616268,0.0565075055663291,0.057288660095186066,1,334
MAHNOB-HCI,arousal,relative_power,24,gpu_mlp,20260923,0.0228779363020608,subject,0.099696000078353,0.2320478977847085,,,0.3884531590413943,0.037037037037037,0.35141612200435735,527,27,20,0.975925925925926,0.5123339658444023,0.9753320683111955,counterfactual_dose,1.0,1.0,0.4859706009511457,0.5088485372532066,0.0126083573342276,0.2320478977847085,0.08154537235876576,4.0,6.267200548541362,-0.0037973771436806,0.0126083573342276,0.0616242695213283,0.0266753134457414,0.2194395404504809,0.038071730557024695,0.0771145923195263,1,335
MAHNOB-HCI,arousal,relative_power,24,gpu_mlp,20261007,0.0308473843493298,subject,0.0993309011250187,0.0693328421670181,,,0.38303376906318076,0.037037037037037,0.3459967320261438,527,27,20,0.975925925925926,0.5123339658444023,0.9753320683111955,counterfactual_dose,0.25,0.2506055752747193,0.4888312436950569,0.5196786280443868,0.0142795795210271,0.2339988734358164,0.023988936811872683,4.0,6.267200548541362,0.0381611183167603,0.0142795795210271,0.0495764382676147,-0.0073137339674305,0.055053262645991,0.049754462857404,0.019048248962889862,0,336
MAHNOB-HCI,arousal,relative_power,24,gpu_mlp,20261007,0.0533506268914829,subject,0.1047290585231761,0.124161340053874,,,0.38303376906318076,0.037037037037037,0.3459967320261438,527,27,20,0.975925925925926,0.5123339658444023,0.9753320683111955,counterfactual_dose,0.5,0.5001986961810408,0.4888312436950569,0.5421818705865399,0.0142795795210271,0.2339988734358164,0.04295941790262715,4.0,6.267200548541362,0.0381611183167603,0.0142795795210271,0.0495764382676147,0.0151895085747226,0.1098817605328469,0.0551526202555614,0.03801873005364433,0,337
MAHNOB-HCI,arousal,relative_power,24,gpu_mlp,20261007,0.0519671422395157,subject,0.124925143483967,0.1789774854359311,,,0.38303376906318076,0.037037037037037,0.3459967320261438,527,27,20,0.975925925925926,0.5123339658444023,0.9753320683111955,counterfactual_dose,0.75,0.7491408747576234,0.4888312436950569,0.5407983859345726,0.0142795795210271,0.2339988734358164,0.0619256250670889,4.0,6.267200548541362,0.0381611183167603,0.0142795795210271,0.0495764382676147,0.0138060239227554,0.164697905914904,0.07534870521635229,0.056984937218106074,0,338
MAHNOB-HCI,arousal,relative_power,24,gpu_mlp,20261007,0.0457558726041216,subject,0.1149545552486728,0.2339988734358164,,,0.38303376906318076,0.037037037037037,0.3459967320261438,527,27,20,0.975925925925926,0.5123339658444023,0.9753320683111955,counterfactual_dose,1.0,1.0,0.4888312436950569,0.5345871162991785,0.0142795795210271,0.2339988734358164,0.0809628455065917,4.0,6.267200548541362,0.0381611183167603,0.0142795795210271,0.0495764382676147,0.007594754287361304,0.2197192939147893,0.06537811698105811,0.07602215765760888,0,339
MAHNOB-HCI,arousal,relative_power,24,linear_logistic,20260813,0.0148148148148148,subject,0.0790085665968019,0.0692754385692257,,,0.4018499066293184,0.037037037037037,0.36481286959228143,527,27,20,0.975925925925926,0.5123339658444023,0.9753320683111955,counterfactual_dose,0.25,0.2502221938490175,0.4836719988470961,0.4984868136619109,0.0140857678566835,0.234614977100928,0.02527257153670304,1.0,6.267200548541362,0.0090719123793053,0.0140857678566835,0.0360137068813539,0.005742902435509499,0.0551896707125422,0.042994859715448,0.020133902144495612,0,340
MAHNOB-HCI,arousal,relative_power,24,linear_logistic,20260813,0.0183311716385645,subject,0.0730714008214008,0.1244115902858697,,,0.4018499066293184,0.037037037037037,0.36481286959228143,527,27,20,0.975925925925926,0.5123339658444023,0.9753320683111955,counterfactual_dose,0.5,0.5000775106990603,0.4836719988470961,0.5020031704856607,0.0140857678566835,0.234614977100928,0.04538694926272733,1.0,6.267200548541362,0.0090719123793053,0.0140857678566835,0.0360137068813539,0.0092592592592592,0.1103258224291862,0.037057693940046904,0.040248279870519904,0,341
MAHNOB-HCI,arousal,relative_power,24,linear_logistic,20260813,0.0033290099437959,subject,0.0941643617820088,0.1769882465844567,,,0.4018499066293184,0.037037037037037,0.36481286959228143,527,27,20,0.975925925925926,0.5123339658444023,0.9753320683111955,counterfactual_dose,0.75,0.7384630849021738,0.4836719988470961,0.487001008790892,0.0140857678566835,0.234614977100928,0.06456759012058196,1.0,6.267200548541362,0.0090719123793053,0.0140857678566835,0.0360137068813539,-0.0057429024355094005,0.1629024787277732,0.05815065490065491,0.059428920728374524,0,342
MAHNOB-HCI,arousal,relative_power,24,linear_logistic,20260813,0.025644905605995,subject,0.0926475746475746,0.234614977100928,,,0.4018499066293184,0.037037037037037,0.36481286959228143,527,27,20,0.975925925925926,0.5123339658444023,0.9753320683111955,counterfactual_dose,1.0,1.0,0.4836719988470961,0.5093169044530912,0.0140857678566835,0.234614977100928,0.08559056304551693,1.0,6.267200548541362,0.0090719123793053,0.0140857678566835,0.0360137068813539,0.0165729932266897,0.2205292092442445,0.0566338677662207,0.08045189365330951,0,343
MAHNOB-HCI,arousal,relative_power,24,linear_logistic,20260829,0.037246000864678,subject,0.107642321730557,0.0736283200154783,,,0.3972202769996887,0.037037037037037,0.3601832399626517,527,27,20,0.975925925925926,0.5123339658444023,0.9753320683111955,counterfactual_dose,0.25,0.2499462881732268,0.4969880386222798,0.5342340394869578,0.0170681449609202,0.2433256480780411,0.02651968685618193,1.0,6.267200548541362,0.0216817985300475,0.0170681449609202,0.0865615087526852,0.015564202334630496,0.0565601750545581,0.021080812977871802,0.02037202710400549,0,344
MAHNOB-HCI,arousal,relative_power,24,linear_logistic,20260829,0.0411370514483355,subject,0.1001891507185624,0.1302708640119373,,,0.3972202769996887,0.037037037037037,0.3601832399626517,527,27,20,0.975925925925926,0.5123339658444023,0.9753320683111955,counterfactual_dose,0.5,0.5002489404712455,0.4969880386222798,0.5381250900706154,0.0170681449609202,0.2433256480780411,0.04692138187255358,1.0,6.267200548541362,0.0216817985300475,0.0170681449609202,0.0865615087526852,0.019455252918288,0.1132027190510171,0.013627641965877194,0.04077372212037714,0,345
MAHNOB-HCI,arousal,relative_power,24,linear_logistic,20260829,0.0489191526156507,subject,0.0842100350629762,0.1859539186893404,,,0.3972202769996887,0.037037037037037,0.3601832399626517,527,27,20,0.975925925925926,0.5123339658444023,0.9753320683111955,counterfactual_dose,0.75,0.7463859338664887,0.4969880386222798,0.5459071912379305,0.0170681449609202,0.2433256480780411,0.06697748491727812,1.0,6.267200548541362,0.0216817985300475,0.0170681449609202,0.0865615087526852,0.027237354085603196,0.16888577372842017,-0.002351473689709005,0.060829825165101666,1,346
MAHNOB-HCI,arousal,relative_power,24,linear_logistic,20260829,0.0414180717682663,subject,0.0974537635567047,0.2433256480780411,,,0.3972202769996887,0.037037037037037,0.3601832399626517,527,27,20,0.975925925925926,0.5123339658444023,0.9753320683111955,counterfactual_dose,1.0,1.0,0.4969880386222798,0.5384061103905462,0.0170681449609202,0.2433256480780411,0.08764182029076083,1.0,6.267200548541362,0.0216817985300475,0.0170681449609202,0.0865615087526852,0.019736273238218797,0.2262575031171209,0.010892254804019494,0.08149416053858438,0,347
MAHNOB-HCI,arousal,relative_power,24,linear_logistic,20260911,0.0084378152471539,subject,0.1227264891970774,0.0785478733941444,,,0.3850509648303766,0.037037037037037,0.3480139277933396,527,27,20,0.975925925925926,0.5123339658444023,0.9753320683111955,counterfactual_dose,0.25,0.2497540141925925,0.5067156650814237,0.5151534803285777,0.0205257884508196,0.2529070923200868,0.02733575393971015,1.0,6.267200548541362,-0.0088845654993513,0.0205257884508196,0.0823916916416916,0.0173223807465052,0.0580220849433248,0.0403347975553858,0.020192493679885255,0,348
MAHNOB-HCI,arousal,relative_power,24,linear_logistic,20260911,0.0006557140798386,subject,0.1254693133663721,0.1367938741307088,,,0.3850509648303766,0.037037037037037,0.3480139277933396,527,27,20,0.975925925925926,0.5123339658444023,0.9753320683111955,counterfactual_dose,0.5,0.5007307166416114,0.5067156650814237,0.5073713791612624,0.0205257884508196,0.2529070923200868,0.04760617343429568,1.0,6.267200548541362,-0.0088845654993513,0.0205257884508196,0.0823916916416916,0.0095402795791899,0.1162680856798892,0.04307762172468049,0.04046291317447078,0,349
MAHNOB-HCI,arousal,relative_power,24,linear_logistic,20260911,0.0154705288946535,subject,0.1152094033417562,0.1931320852913517,,,0.3850509648303766,0.037037037037037,0.3480139277933396,527,27,20,0.975925925925926,0.5123339658444023,0.9753320683111955,counterfactual_dose,0.75,0.7412292693721525,0.5067156650814237,0.5221861939760772,0.0205257884508196,0.2529070923200868,0.06721265558516158,1.0,6.267200548541362,-0.0088845654993513,0.0205257884508196,0.0823916916416916,0.024355094394004802,0.1726062968405321,0.03281771170006459,0.060069395325336686,1,350
MAHNOB-HCI,arousal,relative_power,24,linear_logistic,20260911,0.0255728491137052,subject,0.1069050443021031,0.2529070923200868,,,0.3850509648303766,0.037037037037037,0.3480139277933396,527,27,20,0.975925925925926,0.5123339658444023,0.9753320683111955,counterfactual_dose,1.0,1.0,0.5067156650814237,0.532288514195129,0.0205257884508196,0.2529070923200868,0.08801519056510616,1.0,6.267200548541362,-0.0088845654993513,0.0205257884508196,0.0823916916416916,0.0344574146130565,0.2323813038692672,0.02451335266041149,0.08087193030528127,1,351
MAHNOB-HCI,arousal,relative_power,24,linear_logistic,20260923,0.0177691309987029,subject,0.1202369574869574,0.0674352295447094,,,0.3884531590413943,0.037037037037037,0.35141612200435735,527,27,20,0.975925925925926,0.5123339658444023,0.9753320683111955,counterfactual_dose,0.25,0.2498442855392603,0.4872820291108229,0.5050511601095259,0.0126083573342276,0.2320478977847085,0.023697826853075442,1.0,6.267200548541362,0.0222222222222222,0.0126083573342276,0.0616242695213283,-0.0044530912235193,0.054826872210481804,0.058612687965629094,0.019267046813835984,0,352
MAHNOB-HCI,arousal,relative_power,24,linear_logistic,20260923,0.0273094105778929,subject,0.0876445596886773,0.1225145897301018,,,0.3884531590413943,0.037037037037037,0.35141612200435735,527,27,20,0.975925925925926,0.5123339658444023,0.9753320683111955,counterfactual_dose,0.5,0.5011146633643921,0.4872820291108229,0.5145914396887159,0.0126083573342276,0.2320478977847085,0.04305360201190724,1.0,6.267200548541362,0.0222222222222222,0.0126083573342276,0.0616242695213283,0.005087188355670701,0.1099062323958742,0.026020290167349004,0.03862282197266778,0,353
MAHNOB-HCI,arousal,relative_power,24,linear_logistic,20260923,0.0334270067733102,subject,0.1181317750876574,0.1756306448958544,,,0.3884531590413943,0.037037037037037,0.35141612200435735,527,27,20,0.975925925925926,0.5123339658444023,0.9753320683111955,counterfactual_dose,0.75,0.7424685505740444,0.4872820291108229,0.5207090358841332,0.0126083573342276,0.2320478977847085,0.06171944013442553,1.0,6.267200548541362,0.0222222222222222,0.0126083573342276,0.0616242695213283,0.011204784551088004,0.1630222875616268,0.0565075055663291,0.057288660095186066,0,354
MAHNOB-HCI,arousal,relative_power,24,linear_logistic,20260923,0.0330523130134024,subject,0.099696000078353,0.2320478977847085,,,0.3884531590413943,0.037037037037037,0.35141612200435735,527,27,20,0.975925925925926,0.5123339658444023,0.9753320683111955,counterfactual_dose,1.0,1.0,0.4872820291108229,0.5203343421242254,0.0126083573342276,0.2320478977847085,0.08154537235876576,1.0,6.267200548541362,0.0222222222222222,0.0126083573342276,0.0616242695213283,0.010830090791180198,0.2194395404504809,0.038071730557024695,0.0771145923195263,0,355
MAHNOB-HCI,arousal,relative_power,24,linear_logistic,20261007,0.0339890474131718,subject,0.0993309011250187,0.0693328421670181,,,0.38303376906318076,0.037037037037037,0.3459967320261438,527,27,20,0.975925925925926,0.5123339658444023,0.9753320683111955,counterfactual_dose,0.25,0.2506055752747193,0.5127395878368641,0.546728635250036,0.0142795795210271,0.2339988734358164,0.023988936811872683,1.0,6.267200548541362,0.0212134313301628,0.0142795795210271,0.0495764382676147,0.012775616083008996,0.055053262645991,0.049754462857404,0.019048248962889862,0,356
MAHNOB-HCI,arousal,relative_power,24,linear_logistic,20261007,0.029089205937455,subject,0.1047290585231761,0.124161340053874,,,0.38303376906318076,0.037037037037037,0.3459967320261438,527,27,20,0.975925925925926,0.5123339658444023,0.9753320683111955,counterfactual_dose,0.5,0.5001986961810408,0.5127395878368641,0.5418287937743191,0.0142795795210271,0.2339988734358164,0.04295941790262715,1.0,6.267200548541362,0.0212134313301628,0.0142795795210271,0.0495764382676147,0.007875774607292198,0.1098817605328469,0.0551526202555614,0.03801873005364433,0,357
MAHNOB-HCI,arousal,relative_power,24,linear_logistic,20261007,0.0345510880530335,subject,0.124925143483967,0.1789774854359311,,,0.38303376906318076,0.037037037037037,0.3459967320261438,527,27,20,0.975925925925926,0.5123339658444023,0.9753320683111955,counterfactual_dose,0.75,0.7491408747576234,0.5127395878368641,0.5472906758898977,0.0142795795210271,0.2339988734358164,0.0619256250670889,1.0,6.267200548541362,0.0212134313301628,0.0142795795210271,0.0495764382676147,0.0133376567228707,0.164697905914904,0.07534870521635229,0.056984937218106074,0,358
MAHNOB-HCI,arousal,relative_power,24,linear_logistic,20261007,0.0538189940913675,subject,0.1149545552486728,0.2339988734358164,,,0.38303376906318076,0.037037037037037,0.3459967320261438,527,27,20,0.975925925925926,0.5123339658444023,0.9753320683111955,counterfactual_dose,1.0,1.0,0.5127395878368641,0.5665585819282317,0.0142795795210271,0.2339988734358164,0.0809628455065917,1.0,6.267200548541362,0.0212134313301628,0.0142795795210271,0.0495764382676147,0.0326055627612047,0.2197192939147893,0.06537811698105811,0.07602215765760888,1,359
MAHNOB-HCI,valence,all,72,gpu_mlp,20260813,-0.0076146922183507,subject,0.0320454545454545,0.0432874260282392,,,0.7540655150949269,0.037037037037037,0.7170284780578899,527,27,20,0.975925925925926,0.5445920303605313,0.9108159392789374,counterfactual_dose,0.25,0.2500810686511556,0.5162819396051104,0.5086672473867596,0.0025205710715838,0.1655405629004618,0.031038317204071846,4.0,6.267200548541362,-0.0044715447154471,0.0025205710715838,-0.0051924154277095,-0.0031431475029035996,0.0407668549566554,0.037237869973164,0.02923099596477737,0,360
MAHNOB-HCI,valence,all,72,gpu_mlp,20260813,0.0104529616724737,subject,0.0534158586511527,0.0839445420963274,,,0.7540655150949269,0.037037037037037,0.7170284780578899,527,27,20,0.975925925925926,0.5445920303605313,0.9108159392789374,counterfactual_dose,0.5,0.4996940786870088,0.5162819396051104,0.5267349012775842,0.0025205710715838,0.1655405629004618,0.06019062726059611,4.0,6.267200548541362,-0.0044715447154471,0.0025205710715838,-0.0051924154277095,0.0149245063879208,0.08142397102474361,0.058608274078862196,0.05838330602130164,0,361
MAHNOB-HCI,valence,all,72,gpu_mlp,20260813,0.002424506387921,subject,0.0309820669526551,0.1232723160272332,,,0.7540655150949269,0.037037037037037,0.7170284780578899,527,27,20,0.975925925925926,0.5445920303605313,0.9108159392789374,counterfactual_dose,0.75,0.7434175732077232,0.5162819396051104,0.5187064459930314,0.0025205710715838,0.1655405629004618,0.08838976114767826,4.0,6.267200548541362,-0.0044715447154471,0.0025205710715838,-0.0051924154277095,0.0068960511033681,0.1207517449556494,0.0361744823803646,0.08658243990838378,0,362
MAHNOB-HCI,valence,all,72,gpu_mlp,20260813,0.0031431475029035,subject,0.0509198905669493,0.1655405629004618,,,0.7540655150949269,0.037037037037037,0.7170284780578899,527,27,20,0.975925925925926,0.5445920303605313,0.9108159392789374,counterfactual_dose,1.0,1.0,0.5162819396051104,0.5194250871080139,0.0025205710715838,0.1655405629004618,0.11869729787336451,4.0,6.267200548541362,-0.0044715447154471,0.0025205710715838,-0.0051924154277095,0.0076146922183506,0.163019991828878,0.0561123059946588,0.11688997663407004,0,363
MAHNOB-HCI,valence,all,72,gpu_mlp,20260829,0.0323461091753773,subject,0.0306778622993793,0.0438192650260463,,,0.752740818549642,0.037037037037037,0.715703781512605,527,27,20,0.975925925925926,0.5445920303605313,0.9108159392789374,counterfactual_dose,0.25,0.2498518297405005,0.4807926829268293,0.5131387921022067,0.0026349374105486,0.1674206894411057,0.031361613682244376,4.0,6.267200548541362,0.0437862950058071,0.0026349374105486,0.0059793050087167,-0.0114401858304298,0.0411843276154977,0.0246985572906626,0.029475779013465712,0,364
MAHNOB-HCI,valence,all,72,gpu_mlp,20260829,0.0521559233449476,subject,0.0266266158162442,0.0852184080641546,,,0.752740818549642,0.037037037037037,0.715703781512605,527,27,20,0.975925925925926,0.5445920303605313,0.9108159392789374,counterfactual_dose,0.5,0.5010165517736456,0.4807926829268293,0.532948606271777,0.0026349374105486,0.1674206894411057,0.06099113690599972,4.0,6.267200548541362,0.0437862950058071,0.0026349374105486,0.0059793050087167,0.008369628339140497,0.082583470653606,0.0206473108075275,0.059105302237221054,0,365
MAHNOB-HCI,valence,all,72,gpu_mlp,20260829,0.0462470963995353,subject,0.0143152123074723,0.1267421098313731,,,0.752740818549642,0.037037037037037,0.715703781512605,527,27,20,0.975925925925926,0.5445920303605313,0.9108159392789374,counterfactual_dose,0.75,0.7493687707741179,0.4807926829268293,0.5270397793263647,0.0026349374105486,0.1674206894411057,0.09070980728319965,4.0,6.267200548541362,0.0437862950058071,0.0026349374105486,0.0059793050087167,0.0024608013937282014,0.1241071724208245,0.0083359072987556,0.08882397261442099,0,366
MAHNOB-HCI,valence,all,72,gpu_mlp,20260829,0.0462108013937282,subject,0.0039321672479567,0.1674206894411057,,,0.752740818549642,0.037037037037037,0.715703781512605,527,27,20,0.975925925925926,0.5445920303605313,0.9108159392789374,counterfactual_dose,1.0,1.0,0.4807926829268293,0.5270034843205575,0.0026349374105486,0.1674206894411057,0.11982362053644681,4.0,6.267200548541362,0.0437862950058071,0.0026349374105486,0.0059793050087167,0.002424506387921098,0.1647857520305571,-0.0020471377607600002,0.11793778586766815,0,367
MAHNOB-HCI,valence,all,72,gpu_mlp,20260911,0.0031431475029035,subject,0.0187041642567958,0.0435291950009039,,,0.7426937441643324,0.037037037037037,0.7056567071272954,527,27,20,0.975925925925926,0.5445920303605313,0.9108159392789374,counterfactual_dose,0.25,0.2503096028119554,0.5016623112659698,0.5048054587688734,0.0021202722121255,0.1674909908406376,0.030716668408239778,4.0,6.267200548541362,-0.0239764808362369,0.0021202722121255,-0.0121920336285661,0.0271196283391404,0.041408922788778404,0.0308961978853619,0.029220484100817793,1,368
MAHNOB-HCI,valence,all,72,gpu_mlp,20260911,0.008674506387921,subject,0.0551145586439704,0.0847008770799786,,,0.7426937441643324,0.037037037037037,0.7056567071272954,527,27,20,0.975925925925926,0.5445920303605313,0.9108159392789374,counterfactual_dose,0.5,0.4996540149419943,0.5016623112659698,0.5103368176538908,0.0021202722121255,0.1674909908406376,0.05976974201105151,4.0,6.267200548541362,-0.0239764808362369,0.0021202722121255,-0.0121920336285661,0.0326509872241579,0.0825806048678531,0.06730659227253649,0.05827355770362952,1,369
MAHNOB-HCI,valence,all,72,gpu_mlp,20260911,-0.0003411730545876,subject,0.033686933207831,0.1219021526217807,,,0.7426937441643324,0.037037037037037,0.7056567071272954,527,27,20,0.975925925925926,0.5445920303605313,0.9108159392789374,counterfactual_dose,0.75,0.7295039977898309,0.5016623112659698,0.5013211382113821,0.0021202722121255,0.1674909908406376,0.08602107161081478,4.0,6.267200548541362,-0.0239764808362369,0.0021202722121255,-0.0121920336285661,0.023635307781649302,0.11978188040965519,0.0458789668363971,0.08452488730339278,1,370
MAHNOB-HCI,valence,all,72,gpu_mlp,20260911,-0.0125,subject,0.0316658284096364,0.1674909908406376,,,0.7426937441643324,0.037037037037037,0.7056567071272954,527,27,20,0.975925925925926,0.5445920303605313,0.9108159392789374,counterfactual_dose,1.0,1.0,0.5016623112659698,0.4891623112659697,0.0021202722121255,0.1674909908406376,0.11819114107009232,4.0,6.267200548541362,-0.0239764808362369,0.0021202722121255,-0.0121920336285661,0.0114764808362369,0.1653707186285121,0.0438578620382025,0.11669495676267035,0,371
MAHNOB-HCI,valence,all,72,gpu_mlp,20260923,0.0174216027874564,subject,0.0524965573642044,0.0409835880889976,,,0.7342903828197945,0.037037037037037,0.6972533457827575,527,27,20,0.975925925925926,0.5445920303605313,0.9108159392789374,counterfactual_dose,0.25,0.2500910174278086,0.4578034262485482,0.4752250290360046,0.0032083318164589,0.154326398159694,0.02857594391723595,4.0,6.267200548541362,0.0219294425087108,0.0032083318164589,-0.0076381526969762,-0.0045078397212543996,0.0377752562725387,0.0601347100611806,0.026338923823828707,0,372
MAHNOB-HCI,valence,all,72,gpu_mlp,20260923,0.0278019744483159,subject,0.0465128416475165,0.0786952347970089,,,0.7342903828197945,0.037037037037037,0.6972533457827575,527,27,20,0.975925925925926,0.5445920303605313,0.9108159392789374,counterfactual_dose,0.5,0.4997585630853879,0.4578034262485482,0.4856054006968641,0.0032083318164589,0.154326398159694,0.05487051575937414,4.0,6.267200548541362,0.0219294425087108,0.0032083318164589,-0.0076381526969762,0.005872531939605099,0.07548690298055001,0.0541509943444927,0.05263349566596691,0,373
MAHNOB-HCI,valence,all,72,gpu_mlp,20260923,0.0368539488966318,subject,0.0486784260631009,0.1156138433644321,,,0.7342903828197945,0.037037037037037,0.6972533457827575,527,27,20,0.975925925925926,0.5445920303605313,0.9108159392789374,counterfactual_dose,0.75,0.7453953350731604,0.4578034262485482,0.49465737514518,0.0032083318164589,0.154326398159694,0.08061213910465395,4.0,6.267200548541362,0.0219294425087108,0.0032083318164589,-0.0076381526969762,0.014924506387921001,0.11240551154797321,0.056316578760077105,0.0783751190112467,0,374
MAHNOB-HCI,valence,all,72,gpu_mlp,20260923,0.0403019744483159,subject,0.0256066502297152,0.154326398159694,,,0.7342903828197945,0.037037037037037,0.6972533457827575,527,27,20,0.975925925925926,0.5445920303605313,0.9108159392789374,counterfactual_dose,1.0,1.0,0.4578034262485482,0.4981054006968641,0.0032083318164589,0.154326398159694,0.10760459745944864,4.0,6.267200548541362,0.0219294425087108,0.0032083318164589,-0.0076381526969762,0.018372531939605103,0.1511180663432351,0.0332448029266914,0.1053675773660414,0,375
MAHNOB-HCI,valence,all,72,gpu_mlp,20261007,-0.0088196864111498,subject,0.0027053825947014,0.040664993278507,,,0.7438200280112046,0.037037037037037,0.7067829909741676,527,27,20,0.975925925925926,0.5445920303605313,0.9108159392789374,counterfactual_dose,0.25,0.2499910718080699,0.501698606271777,0.4928789198606271,0.0022511890276564,0.1558777124926476,0.0287413255773276,4.0,6.267200548541362,0.0197009291521487,0.0022511890276564,-0.0020783040488922,-0.028520615563298497,0.0384138042508506,0.004783686643593601,0.027150223463112383,0,376
MAHNOB-HCI,valence,all,72,gpu_mlp,20261007,-0.0095020325203252,subject,0.0431197476414194,0.0791313963153132,,,0.7438200280112046,0.037037037037037,0.7067829909741676,527,27,20,0.975925925925926,0.5445920303605313,0.9108159392789374,counterfactual_dose,0.5,0.5002883206413602,0.501698606271777,0.4921965737514517,0.0022511890276564,0.1558777124926476,0.05592872496769929,4.0,6.267200548541362,0.0197009291521487,0.0022511890276564,-0.0020783040488922,-0.0292029616724739,0.0768802072876568,0.045198051690311596,0.05433762285348407,0,377
MAHNOB-HCI,valence,all,72,gpu_mlp,20261007,-0.0168118466898954,subject,-0.0061800411490814,0.1157507375250422,,,0.7438200280112046,0.037037037037037,0.7067829909741676,527,27,20,0.975925925925926,0.5445920303605313,0.9108159392789374,counterfactual_dose,0.75,0.7380943617045009,0.501698606271777,0.4848867595818815,0.0022511890276564,0.1558777124926476,0.08181065247541515,4.0,6.267200548541362,0.0197009291521487,0.0022511890276564,-0.0020783040488922,-0.0365127758420441,0.11349954849738579,-0.0041017371001892,0.08021955036119992,0,378
MAHNOB-HCI,valence,all,72,gpu_mlp,20261007,0.0037166085946573,subject,0.0280644258562215,0.1558777124926476,,,0.7438200280112046,0.037037037037037,0.7067829909741676,527,27,20,0.975925925925926,0.5445920303605313,0.9108159392789374,counterfactual_dose,1.0,1.0,0.501698606271777,0.5054152148664344,0.0022511890276564,0.1558777124926476,0.11017171586176484,4.0,6.267200548541362,0.0197009291521487,0.0022511890276564,-0.0020783040488922,-0.0159843205574914,0.1536265234649912,0.0301427299051137,0.10858061374754963,0,379
MAHNOB-HCI,valence,all,72,linear_logistic,20260813,0.0058725319396051,subject,0.0320454545454545,0.0432874260282392,,,0.7540655150949269,0.037037037037037,0.7170284780578899,527,27,20,0.975925925925926,0.5445920303605313,0.9108159392789374,counterfactual_dose,0.25,0.2500810686511556,0.5068524970963995,0.5127250290360046,0.0025205710715838,0.1655405629004618,0.031038317204071846,1.0,6.267200548541362,0.0128774680603949,0.0025205710715838,-0.0051924154277095,-0.007004936120789801,0.0407668549566554,0.037237869973164,0.02923099596477737,0,380
MAHNOB-HCI,valence,all,72,linear_logistic,20260813,0.0236353077816493,subject,0.0534158586511527,0.0839445420963274,,,0.7540655150949269,0.037037037037037,0.7170284780578899,527,27,20,0.975925925925926,0.5445920303605313,0.9108159392789374,counterfactual_dose,0.5,0.4996940786870088,0.5068524970963995,0.5304878048780488,0.0025205710715838,0.1655405629004618,0.06019062726059611,1.0,6.267200548541362,0.0128774680603949,0.0025205710715838,-0.0051924154277095,0.010757839721254398,0.08142397102474361,0.058608274078862196,0.05838330602130164,0,381
MAHNOB-HCI,valence,all,72,linear_logistic,20260813,0.0173490127758421,subject,0.0309820669526551,0.1232723160272332,,,0.7540655150949269,0.037037037037037,0.7170284780578899,527,27,20,0.975925925925926,0.5445920303605313,0.9108159392789374,counterfactual_dose,0.75,0.7434175732077232,0.5068524970963995,0.5242015098722416,0.0025205710715838,0.1655405629004618,0.08838976114767826,1.0,6.267200548541362,0.0128774680603949,0.0025205710715838,-0.0051924154277095,0.004471544715447199,0.1207517449556494,0.0361744823803646,0.08658243990838378,0,382
MAHNOB-HCI,valence,all,72,linear_logistic,20260813,0.0114764808362369,subject,0.0509198905669493,0.1655405629004618,,,0.7540655150949269,0.037037037037037,0.7170284780578899,527,27,20,0.975925925925926,0.5445920303605313,0.9108159392789374,counterfactual_dose,1.0,1.0,0.5068524970963995,0.5183289779326364,0.0025205710715838,0.1655405629004618,0.11869729787336451,1.0,6.267200548541362,0.0128774680603949,0.0025205710715838,-0.0051924154277095,-0.0014009872241580006,0.163019991828878,0.0561123059946588,0.11688997663407004,0,383
MAHNOB-HCI,valence,all,72,linear_logistic,20260829,0.0270833333333333,subject,0.0306778622993793,0.0438192650260463,,,0.752740818549642,0.037037037037037,0.715703781512605,527,27,20,0.975925925925926,0.5445920303605313,0.9108159392789374,counterfactual_dose,0.25,0.2498518297405005,0.5023809523809524,0.5294642857142857,0.0026349374105486,0.1674206894411057,0.031361613682244376,1.0,6.267200548541362,0.0204921602787456,0.0026349374105486,0.0059793050087167,0.006591173054587701,0.0411843276154977,0.0246985572906626,0.029475779013465712,0,384
MAHNOB-HCI,valence,all,72,linear_logistic,20260829,0.0267421602787456,subject,0.0266266158162442,0.0852184080641546,,,0.752740818549642,0.037037037037037,0.715703781512605,527,27,20,0.975925925925926,0.5445920303605313,0.9108159392789374,counterfactual_dose,0.5,0.5010165517736456,0.5023809523809524,0.529123112659698,0.0026349374105486,0.1674206894411057,0.06099113690599972,1.0,6.267200548541362,0.0204921602787456,0.0026349374105486,0.0059793050087167,0.006250000000000002,0.082583470653606,0.0206473108075275,0.059105302237221054,0,385
MAHNOB-HCI,valence,all,72,linear_logistic,20260829,0.017349012775842,subject,0.0143152123074723,0.1267421098313731,,,0.752740818549642,0.037037037037037,0.715703781512605,527,27,20,0.975925925925926,0.5445920303605313,0.9108159392789374,counterfactual_dose,0.75,0.7493687707741179,0.5023809523809524,0.5197299651567944,0.0026349374105486,0.1674206894411057,0.09070980728319965,1.0,6.267200548541362,0.0204921602787456,0.0026349374105486,0.0059793050087167,-0.0031431475029035996,0.1241071724208245,0.0083359072987556,0.08882397261442099,0,386
MAHNOB-HCI,valence,all,72,linear_logistic,20260829,0.0277293844367014,subject,0.0039321672479567,0.1674206894411057,,,0.752740818549642,0.037037037037037,0.715703781512605,527,27,20,0.975925925925926,0.5445920303605313,0.9108159392789374,counterfactual_dose,1.0,1.0,0.5023809523809524,0.5301103368176538,0.0026349374105486,0.1674206894411057,0.11982362053644681,1.0,6.267200548541362,0.0204921602787456,0.0026349374105486,0.0059793050087167,0.007237224157955802,0.1647857520305571,-0.0020471377607600002,0.11793778586766815,0,387
MAHNOB-HCI,valence,all,72,linear_logistic,20260911,0.0149608013937282,subject,0.0187041642567958,0.0435291950009039,,,0.7426937441643324,0.037037037037037,0.7056567071272954,527,27,20,0.975925925925926,0.5445920303605313,0.9108159392789374,counterfactual_dose,0.25,0.2503096028119554,0.5043916957026713,0.5193524970963995,0.0021202722121255,0.1674909908406376,0.030716668408239778,1.0,6.267200548541362,-0.0173853077816492,0.0021202722121255,-0.0121920336285661,0.0323461091753774,0.041408922788778404,0.0308961978853619,0.029220484100817793,1,388
MAHNOB-HCI,valence,all,72,linear_logistic,20260911,0.0292029616724739,subject,0.0551145586439704,0.0847008770799786,,,0.7426937441643324,0.037037037037037,0.7056567071272954,527,27,20,0.975925925925926,0.5445920303605313,0.9108159392789374,counterfactual_dose,0.5,0.4996540149419943,0.5043916957026713,0.5335946573751452,0.0021202722121255,0.1674909908406376,0.05976974201105151,1.0,6.267200548541362,-0.0173853077816492,0.0021202722121255,-0.0121920336285661,0.0465882694541231,0.0825806048678531,0.06730659227253649,0.05827355770362952,1,389
MAHNOB-HCI,valence,all,72,linear_logistic,20260911,0.0207970383275262,subject,0.033686933207831,0.1219021526217807,,,0.7426937441643324,0.037037037037037,0.7056567071272954,527,27,20,0.975925925925926,0.5445920303605313,0.9108159392789374,counterfactual_dose,0.75,0.7295039977898309,0.5043916957026713,0.5251887340301975,0.0021202722121255,0.1674909908406376,0.08602107161081478,1.0,6.267200548541362,-0.0173853077816492,0.0021202722121255,-0.0121920336285661,0.0381823461091754,0.11978188040965519,0.0458789668363971,0.08452488730339278,1,390
MAHNOB-HCI,valence,all,72,linear_logistic,20260911,0.0184088269454123,subject,0.0316658284096364,0.1674909908406376,,,0.7426937441643324,0.037037037037037,0.7056567071272954,527,27,20,0.975925925925926,0.5445920303605313,0.9108159392789374,counterfactual_dose,1.0,1.0,0.5043916957026713,0.5228005226480836,0.0021202722121255,0.1674909908406376,0.11819114107009232,1.0,6.267200548541362,-0.0173853077816492,0.0021202722121255,-0.0121920336285661,0.0357941347270615,0.1653707186285121,0.0438578620382025,0.11669495676267035,1,391
MAHNOB-HCI,valence,all,72,linear_logistic,20260923,0.0274608013937281,subject,0.0524965573642044,0.0409835880889976,,,0.7342903828197945,0.037037037037037,0.6972533457827575,527,27,20,0.975925925925926,0.5445920303605313,0.9108159392789374,counterfactual_dose,0.25,0.2500910174278086,0.4751887340301974,0.5026495354239257,0.0032083318164589,0.154326398159694,0.02857594391723595,1.0,6.267200548541362,0.000413763066202,0.0032083318164589,-0.0076381526969762,0.0270470383275261,0.0377752562725387,0.0601347100611806,0.026338923823828707,1,392
MAHNOB-HCI,valence,all,72,linear_logistic,20260923,0.0253774680603948,subject,0.0465128416475165,0.0786952347970089,,,0.7342903828197945,0.037037037037037,0.6972533457827575,527,27,20,0.975925925925926,0.5445920303605313,0.9108159392789374,counterfactual_dose,0.5,0.4997585630853879,0.4751887340301974,0.5005662020905923,0.0032083318164589,0.154326398159694,0.05487051575937414,1.0,6.267200548541362,0.000413763066202,0.0032083318164589,-0.0076381526969762,0.0249637049941928,0.07548690298055001,0.0541509943444927,0.05263349566596691,1,393
MAHNOB-HCI,valence,all,72,linear_logistic,20260923,0.0476480836236933,subject,0.0486784260631009,0.1156138433644321,,,0.7342903828197945,0.037037037037037,0.6972533457827575,527,27,20,0.975925925925926,0.5445920303605313,0.9108159392789374,counterfactual_dose,0.75,0.7453953350731604,0.4751887340301974,0.5228368176538908,0.0032083318164589,0.154326398159694,0.08061213910465395,1.0,6.267200548541362,0.000413763066202,0.0032083318164589,-0.0076381526969762,0.0472343205574913,0.11240551154797321,0.056316578760077105,0.0783751190112467,1,394
MAHNOB-HCI,valence,all,72,linear_logistic,20260923,0.0337108013937281,subject,0.0256066502297152,0.154326398159694,,,0.7342903828197945,0.037037037037037,0.6972533457827575,527,27,20,0.975925925925926,0.5445920303605313,0.9108159392789374,counterfactual_dose,1.0,1.0,0.4751887340301974,0.5088995354239256,0.0032083318164589,0.154326398159694,0.10760459745944864,1.0,6.267200548541362,0.000413763066202,0.0032083318164589,-0.0076381526969762,0.0332970383275261,0.1511180663432351,0.0332448029266914,0.1053675773660414,1,395
MAHNOB-HCI,valence,all,72,linear_logistic,20261007,0.0194323461091753,subject,0.0027053825947014,0.040664993278507,,,0.7438200280112046,0.037037037037037,0.7067829909741676,527,27,20,0.975925925925926,0.5445920303605313,0.9108159392789374,counterfactual_dose,0.25,0.2499910718080699,0.5061701509872242,0.5256024970963995,0.0022511890276564,0.1558777124926476,0.0287413255773276,1.0,6.267200548541362,0.0114401858304297,0.0022511890276564,-0.0020783040488922,0.007992160278745601,0.0384138042508506,0.004783686643593601,0.027150223463112383,0,396
MAHNOB-HCI,valence,all,72,linear_logistic,20261007,0.0323098141695702,subject,0.0431197476414194,0.0791313963153132,,,0.7438200280112046,0.037037037037037,0.7067829909741676,527,27,20,0.975925925925926,0.5445920303605313,0.9108159392789374,counterfactual_dose,0.5,0.5002883206413602,0.5061701509872242,0.5384799651567944,0.0022511890276564,0.1558777124926476,0.05592872496769929,1.0,6.267200548541362,0.0114401858304297,0.0022511890276564,-0.0020783040488922,0.020869628339140498,0.0768802072876568,0.045198051690311596,0.05433762285348407,1,397
MAHNOB-HCI,valence,all,72,linear_logistic,20261007,0.0211382113821138,subject,-0.0061800411490814,0.1157507375250422,,,0.7438200280112046,0.037037037037037,0.7067829909741676,527,27,20,0.975925925925926,0.5445920303605313,0.9108159392789374,counterfactual_dose,0.75,0.7380943617045009,0.5061701509872242,0.527308362369338,0.0022511890276564,0.1558777124926476,0.08181065247541515,1.0,6.267200548541362,0.0114401858304297,0.0022511890276564,-0.0020783040488922,0.0096980255516841,0.11349954849738579,-0.0041017371001892,0.08021955036119992,0,398
MAHNOB-HCI,valence,all,72,linear_logistic,20261007,0.0152293844367015,subject,0.0280644258562215,0.1558777124926476,,,0.7438200280112046,0.037037037037037,0.7067829909741676,527,27,20,0.975925925925926,0.5445920303605313,0.9108159392789374,counterfactual_dose,1.0,1.0,0.5061701509872242,0.5213995354239257,0.0022511890276564,0.1558777124926476,0.11017171586176484,1.0,6.267200548541362,0.0114401858304297,0.0022511890276564,-0.0020783040488922,0.0037891986062718007,0.1536265234649912,0.0301427299051137,0.10858061374754963,0,399
MAHNOB-HCI,valence,normalized_asymmetry,12,gpu_mlp,20260813,-0.002424506387921,subject,0.0320454545454545,0.0432874260282392,,,0.41340258325552437,0.037037037037037,0.3763655462184874,527,27,20,0.975925925925926,0.5445920303605313,0.9108159392789374,counterfactual_dose,0.25,0.2500810686511556,0.4612514518002323,0.4588269454123113,0.0025205710715838,0.1655405629004618,0.016291895741510614,4.0,6.267200548541362,0.0156794425087107,0.0025205710715838,-0.0051924154277095,-0.0181039488966317,0.0407668549566554,0.037237869973164,0.01534323963337146,0,400
MAHNOB-HCI,valence,normalized_asymmetry,12,gpu_mlp,20260813,0.0101480836236933,subject,0.0534158586511527,0.0839445420963274,,,0.41340258325552437,0.037037037037037,0.3763655462184874,527,27,20,0.975925925925926,0.5445920303605313,0.9108159392789374,counterfactual_dose,0.5,0.4996940786870088,0.4612514518002323,0.4713995354239256,0.0025205710715838,0.1655405629004618,0.03159383343814507,4.0,6.267200548541362,0.0156794425087107,0.0025205710715838,-0.0051924154277095,-0.0055313588850174,0.08142397102474361,0.058608274078862196,0.030645177330005918,0,401
MAHNOB-HCI,valence,normalized_asymmetry,12,gpu_mlp,20260813,0.0219657375145179,subject,0.0309820669526551,0.1232723160272332,,,0.41340258325552437,0.037037037037037,0.3763655462184874,527,27,20,0.975925925925926,0.5445920303605313,0.9108159392789374,counterfactual_dose,0.75,0.7434175732077232,0.4612514518002323,0.4832171893147503,0.0025205710715838,0.1655405629004618,0.04639545255520762,4.0,6.267200548541362,0.0156794425087107,0.0025205710715838,-0.0051924154277095,0.006286295005807199,0.1207517449556494,0.0361744823803646,0.04544679644706846,0,402
MAHNOB-HCI,valence,normalized_asymmetry,12,gpu_mlp,20260813,0.0122314169570266,subject,0.0509198905669493,0.1655405629004618,,,0.41340258325552437,0.037037037037037,0.3763655462184874,527,27,20,0.975925925925926,0.5445920303605313,0.9108159392789374,counterfactual_dose,1.0,1.0,0.4612514518002323,0.473482868757259,0.0025205710715838,0.1655405629004618,0.06230376437734817,4.0,6.267200548541362,0.0156794425087107,0.0025205710715838,-0.0051924154277095,-0.0034480255516841,0.163019991828878,0.0561123059946588,0.06135510826920902,0,403
MAHNOB-HCI,valence,normalized_asymmetry,12,gpu_mlp,20260829,0.0051538908246225,subject,0.0306778622993793,0.0438192650260463,,,0.39108309990662926,0.037037037037037,0.3540460628695923,527,27,20,0.975925925925926,0.5445920303605313,0.9108159392789374,counterfactual_dose,0.25,0.2498518297405005,0.4682200929152148,0.4733739837398374,0.0026349374105486,0.1674206894411057,0.015514038260310914,4.0,6.267200548541362,0.016325493612079,0.0026349374105486,0.0059793050087167,-0.011171602787456499,0.0411843276154977,0.0246985572906626,0.014581149044198384,0,404
MAHNOB-HCI,valence,normalized_asymmetry,12,gpu_mlp,20260829,-0.010111788617886,subject,0.0266266158162442,0.0852184080641546,,,0.39108309990662926,0.037037037037037,0.3540460628695923,527,27,20,0.975925925925926,0.5445920303605313,0.9108159392789374,counterfactual_dose,0.5,0.5010165517736456,0.4682200929152148,0.4581083042973287,0.0026349374105486,0.1674206894411057,0.030171241859128246,4.0,6.267200548541362,0.016325493612079,0.0026349374105486,0.0059793050087167,-0.026437282229964998,0.082583470653606,0.0206473108075275,0.029238352643015716,0,405
MAHNOB-HCI,valence,normalized_asymmetry,12,gpu_mlp,20260829,0.0128411730545877,subject,0.0143152123074723,0.1267421098313731,,,0.39108309990662926,0.037037037037037,0.3540460628695923,527,27,20,0.975925925925926,0.5445920303605313,0.9108159392789374,counterfactual_dose,0.75,0.7493687707741179,0.4682200929152148,0.4810612659698026,0.0026349374105486,0.1674206894411057,0.04487254498558309,4.0,6.267200548541362,0.016325493612079,0.0026349374105486,0.0059793050087167,-0.0034843205574912987,0.1241071724208245,0.0083359072987556,0.04393965576947056,0,406
MAHNOB-HCI,valence,normalized_asymmetry,12,gpu_mlp,20260829,0.0082970383275261,subject,0.0039321672479567,0.1674206894411057,,,0.39108309990662926,0.037037037037037,0.3540460628695923,527,27,20,0.975925925925926,0.5445920303605313,0.9108159392789374,counterfactual_dose,1.0,1.0,0.4682200929152148,0.476517131242741,0.0026349374105486,0.1674206894411057,0.05927463593953619,4.0,6.267200548541362,0.016325493612079,0.0026349374105486,0.0059793050087167,-0.008028455284552899,0.1647857520305571,-0.0020471377607600002,0.05834174672342366,0,407
MAHNOB-HCI,valence,normalized_asymmetry,12,gpu_mlp,20260911,0.0118539488966317,subject,0.0187041642567958,0.0435291950009039,,,0.3935632586367881,0.037037037037037,0.3565262215997511,527,27,20,0.975925925925926,0.5445920303605313,0.9108159392789374,counterfactual_dose,0.25,0.2503096028119554,0.4498112659698026,0.4616652148664343,0.0021202722121255,0.1674909908406376,0.015519299422951043,4.0,6.267200548541362,0.0028019744483158,0.0021202722121255,-0.0121920336285661,0.0090519744483159,0.041408922788778404,0.0308961978853619,0.014763366782398993,0,408
MAHNOB-HCI,valence,normalized_asymmetry,12,gpu_mlp,20260911,-0.005226480836237,subject,0.0551145586439704,0.0847008770799786,,,0.3935632586367881,0.037037037037037,0.3565262215997511,527,27,20,0.975925925925926,0.5445920303605313,0.9108159392789374,counterfactual_dose,0.5,0.4996540149419943,0.4498112659698026,0.4445847851335656,0.0021202722121255,0.1674909908406376,0.03019808367150973,4.0,6.267200548541362,0.0028019744483158,0.0021202722121255,-0.0121920336285661,-0.0080284552845528,0.0825806048678531,0.06730659227253649,0.029442151030957677,0,409
MAHNOB-HCI,valence,normalized_asymmetry,12,gpu_mlp,20260911,0.0090519744483158,subject,0.033686933207831,0.1219021526217807,,,0.3935632586367881,0.037037037037037,0.3565262215997511,527,27,20,0.975925925925926,0.5445920303605313,0.9108159392789374,counterfactual_dose,0.75,0.7295039977898309,0.4498112659698026,0.4588632404181184,0.0021202722121255,0.1674909908406376,0.04346131387911967,4.0,6.267200548541362,0.0028019744483158,0.0021202722121255,-0.0121920336285661,0.00625,0.11978188040965519,0.0458789668363971,0.04270538123856761,0,410
MAHNOB-HCI,valence,normalized_asymmetry,12,gpu_mlp,20260911,-0.0097706155632985,subject,0.0316658284096364,0.1674909908406376,,,0.3935632586367881,0.037037037037037,0.3565262215997511,527,27,20,0.975925925925926,0.5445920303605313,0.9108159392789374,counterfactual_dose,1.0,1.0,0.4498112659698026,0.4400406504065041,0.0021202722121255,0.1674909908406376,0.05971493011641104,4.0,6.267200548541362,0.0028019744483158,0.0021202722121255,-0.0121920336285661,-0.0125725900116143,0.1653707186285121,0.0438578620382025,0.058958997475859,0,411
MAHNOB-HCI,valence,normalized_asymmetry,12,gpu_mlp,20260923,0.0413980836236933,subject,0.0524965573642044,0.0409835880889976,,,0.4015017117958294,0.037037037037037,0.3644646747587924,527,27,20,0.975925925925926,0.5445920303605313,0.9108159392789374,counterfactual_dose,0.25,0.2500910174278086,0.4612514518002323,0.5026495354239257,0.0032083318164589,0.154326398159694,0.01493707010330483,4.0,6.267200548541362,-0.0079921602787456,0.0032083318164589,-0.0076381526969762,0.0493902439024389,0.0377752562725387,0.0601347100611806,0.01376774649130085,1,412
MAHNOB-HCI,valence,normalized_asymmetry,12,gpu_mlp,20260923,0.0337108013937281,subject,0.0465128416475165,0.0786952347970089,,,0.4015017117958294,0.037037037037037,0.3644646747587924,527,27,20,0.975925925925926,0.5445920303605313,0.9108159392789374,counterfactual_dose,0.5,0.4997585630853879,0.4612514518002323,0.4949622531939605,0.0032083318164589,0.154326398159694,0.028681633155358655,4.0,6.267200548541362,-0.0079921602787456,0.0032083318164589,-0.0076381526969762,0.0417029616724737,0.07548690298055001,0.0541509943444927,0.027512309543354676,1,413
MAHNOB-HCI,valence,normalized_asymmetry,12,gpu_mlp,20260923,0.0288980836236933,subject,0.0486784260631009,0.1156138433644321,,,0.4015017117958294,0.037037037037037,0.3644646747587924,527,27,20,0.975925925925926,0.5445920303605313,0.9108159392789374,counterfactual_dose,0.75,0.7453953350731604,0.4612514518002323,0.4901495354239257,0.0032083318164589,0.154326398159694,0.042137161819431716,4.0,6.267200548541362,-0.0079921602787456,0.0032083318164589,-0.0076381526969762,0.0368902439024389,0.11240551154797321,0.056316578760077105,0.04096783820742774,1,414
MAHNOB-HCI,valence,normalized_asymmetry,12,gpu_mlp,20260923,0.0518510452961672,subject,0.0256066502297152,0.154326398159694,,,0.4015017117958294,0.037037037037037,0.3644646747587924,527,27,20,0.975925925925926,0.5445920303605313,0.9108159392789374,counterfactual_dose,1.0,1.0,0.4612514518002323,0.5131024970963995,0.0032083318164589,0.154326398159694,0.056246520511968774,4.0,6.267200548541362,-0.0079921602787456,0.0032083318164589,-0.0076381526969762,0.0598432055749128,0.1511180663432351,0.0332448029266914,0.05507719689996479,1,415
MAHNOB-HCI,valence,normalized_asymmetry,12,gpu_mlp,20261007,-0.0037891986062717,subject,0.0027053825947014,0.040664993278507,,,0.37746654217242454,0.037037037037037,0.34042950513538756,527,27,20,0.975925925925926,0.5445920303605313,0.9108159392789374,counterfactual_dose,0.25,0.2499910718080699,0.489017131242741,0.4852279326364692,0.0022511890276564,0.1558777124926476,0.013843563538135999,4.0,6.267200548541362,0.0191274680603949,0.0022511890276564,-0.0020783040488922,-0.0229166666666666,0.0384138042508506,0.004783686643593601,0.013077192371484716,0,416
MAHNOB-HCI,valence,normalized_asymmetry,12,gpu_mlp,20261007,0.0198098141695703,subject,0.0431197476414194,0.0791313963153132,,,0.37746654217242454,0.037037037037037,0.34042950513538756,527,27,20,0.975925925925926,0.5445920303605313,0.9108159392789374,counterfactual_dose,0.5,0.5002883206413602,0.489017131242741,0.5088269454123113,0.0022511890276564,0.1558777124926476,0.0269386620882943,4.0,6.267200548541362,0.0191274680603949,0.0022511890276564,-0.0020783040488922,0.0006823461091754017,0.0768802072876568,0.045198051690311596,0.02617229092164302,0,417
MAHNOB-HCI,valence,normalized_asymmetry,12,gpu_mlp,20261007,-0.0013646922183507,subject,-0.0061800411490814,0.1157507375250422,,,0.37746654217242454,0.037037037037037,0.34042950513538756,527,27,20,0.975925925925926,0.5445920303605313,0.9108159392789374,counterfactual_dose,0.75,0.7380943617045009,0.489017131242741,0.4876524390243902,0.0022511890276564,0.1558777124926476,0.03940496629470625,4.0,6.267200548541362,0.0191274680603949,0.0022511890276564,-0.0020783040488922,-0.0204921602787456,0.11349954849738579,-0.0041017371001892,0.03863859512805497,0,418
MAHNOB-HCI,valence,normalized_asymmetry,12,gpu_mlp,20261007,-0.0079921602787456,subject,0.0280644258562215,0.1558777124926476,,,0.37746654217242454,0.037037037037037,0.34042950513538756,527,27,20,0.975925925925926,0.5445920303605313,0.9108159392789374,counterfactual_dose,1.0,1.0,0.489017131242741,0.4810249709639953,0.0022511890276564,0.1558777124926476,0.05306537252550824,4.0,6.267200548541362,0.0191274680603949,0.0022511890276564,-0.0020783040488922,-0.0271196283391405,0.1536265234649912,0.0301427299051137,0.052299001358856956,0,419
MAHNOB-HCI,valence,normalized_asymmetry,12,linear_logistic,20260813,-0.0034480255516841,subject,0.0320454545454545,0.0432874260282392,,,0.41340258325552437,0.037037037037037,0.3763655462184874,527,27,20,0.975925925925926,0.5445920303605313,0.9108159392789374,counterfactual_dose,0.25,0.2500810686511556,0.4856054006968641,0.48215737514518,0.0025205710715838,0.1655405629004618,0.016291895741510614,1.0,6.267200548541362,0.0063225900116143,0.0025205710715838,-0.0051924154277095,-0.0097706155632984,0.0407668549566554,0.037237869973164,0.01534323963337146,0,420
MAHNOB-HCI,valence,normalized_asymmetry,12,linear_logistic,20260813,0.0073461091753774,subject,0.0534158586511527,0.0839445420963274,,,0.41340258325552437,0.037037037037037,0.3763655462184874,527,27,20,0.975925925925926,0.5445920303605313,0.9108159392789374,counterfactual_dose,0.5,0.4996940786870088,0.4856054006968641,0.4929515098722415,0.0025205710715838,0.1655405629004618,0.03159383343814507,1.0,6.267200548541362,0.0063225900116143,0.0025205710715838,-0.0051924154277095,0.0010235191637631,0.08142397102474361,0.058608274078862196,0.030645177330005918,0,421
MAHNOB-HCI,valence,normalized_asymmetry,12,linear_logistic,20260813,0.02681475029036,subject,0.0309820669526551,0.1232723160272332,,,0.41340258325552437,0.037037037037037,0.3763655462184874,527,27,20,0.975925925925926,0.5445920303605313,0.9108159392789374,counterfactual_dose,0.75,0.7434175732077232,0.4856054006968641,0.5124201509872242,0.0025205710715838,0.1655405629004618,0.04639545255520762,1.0,6.267200548541362,0.0063225900116143,0.0025205710715838,-0.0051924154277095,0.020492160278745702,0.1207517449556494,0.0361744823803646,0.04544679644706846,1,422
MAHNOB-HCI,valence,normalized_asymmetry,12,linear_logistic,20260813,-0.0009872241579558,subject,0.0509198905669493,0.1655405629004618,,,0.41340258325552437,0.037037037037037,0.3763655462184874,527,27,20,0.975925925925926,0.5445920303605313,0.9108159392789374,counterfactual_dose,1.0,1.0,0.4856054006968641,0.4846181765389082,0.0025205710715838,0.1655405629004618,0.06230376437734817,1.0,6.267200548541362,0.0063225900116143,0.0025205710715838,-0.0051924154277095,-0.0073098141695701006,0.163019991828878,0.0561123059946588,0.06135510826920902,0,423
MAHNOB-HCI,valence,normalized_asymmetry,12,linear_logistic,20260829,-0.0014009872241579,subject,0.0306778622993793,0.0438192650260463,,,0.39108309990662926,0.037037037037037,0.3540460628695923,527,27,20,0.975925925925926,0.5445920303605313,0.9108159392789374,counterfactual_dose,0.25,0.2498518297405005,0.4891260162601626,0.4877250290360047,0.0026349374105486,0.1674206894411057,0.015514038260310914,1.0,6.267200548541362,-0.002424506387921,0.0026349374105486,0.0059793050087167,0.0010235191637631,0.0411843276154977,0.0246985572906626,0.014581149044198384,0,424
MAHNOB-HCI,valence,normalized_asymmetry,12,linear_logistic,20260829,-0.0115127758420441,subject,0.0266266158162442,0.0852184080641546,,,0.39108309990662926,0.037037037037037,0.3540460628695923,527,27,20,0.975925925925926,0.5445920303605313,0.9108159392789374,counterfactual_dose,0.5,0.5010165517736456,0.4891260162601626,0.4776132404181185,0.0026349374105486,0.1674206894411057,0.030171241859128246,1.0,6.267200548541362,-0.002424506387921,0.0026349374105486,0.0059793050087167,-0.0090882694541231,0.082583470653606,0.0206473108075275,0.029238352643015716,0,425
MAHNOB-HCI,valence,normalized_asymmetry,12,linear_logistic,20260829,-0.0090519744483159,subject,0.0143152123074723,0.1267421098313731,,,0.39108309990662926,0.037037037037037,0.3540460628695923,527,27,20,0.975925925925926,0.5445920303605313,0.9108159392789374,counterfactual_dose,0.75,0.7493687707741179,0.4891260162601626,0.4800740418118467,0.0026349374105486,0.1674206894411057,0.04487254498558309,1.0,6.267200548541362,-0.002424506387921,0.0026349374105486,0.0059793050087167,-0.006627468060394901,0.1241071724208245,0.0083359072987556,0.04393965576947056,0,426
MAHNOB-HCI,valence,normalized_asymmetry,12,linear_logistic,20260829,0.0031431475029035,subject,0.0039321672479567,0.1674206894411057,,,0.39108309990662926,0.037037037037037,0.3540460628695923,527,27,20,0.975925925925926,0.5445920303605313,0.9108159392789374,counterfactual_dose,1.0,1.0,0.4891260162601626,0.4922691637630662,0.0026349374105486,0.1674206894411057,0.05927463593953619,1.0,6.267200548541362,-0.002424506387921,0.0026349374105486,0.0059793050087167,0.0055676538908245,0.1647857520305571,-0.0020471377607600002,0.05834174672342366,0,427
MAHNOB-HCI,valence,normalized_asymmetry,12,linear_logistic,20260911,0.0212470963995353,subject,0.0187041642567958,0.0435291950009039,,,0.3935632586367881,0.037037037037037,0.3565262215997511,527,27,20,0.975925925925926,0.5445920303605313,0.9108159392789374,counterfactual_dose,0.25,0.2503096028119554,0.4626887340301975,0.4839358304297328,0.0021202722121255,0.1674909908406376,0.015519299422951043,1.0,6.267200548541362,0.0031068524970963,0.0021202722121255,-0.0121920336285661,0.018140243902439,0.041408922788778404,0.0308961978853619,0.014763366782398993,0,428
MAHNOB-HCI,valence,normalized_asymmetry,12,linear_logistic,20260911,0.0166666666666666,subject,0.0551145586439704,0.0847008770799786,,,0.3935632586367881,0.037037037037037,0.3565262215997511,527,27,20,0.975925925925926,0.5445920303605313,0.9108159392789374,counterfactual_dose,0.5,0.4996540149419943,0.4626887340301975,0.4793554006968641,0.0021202722121255,0.1674909908406376,0.03019808367150973,1.0,6.267200548541362,0.0031068524970963,0.0021202722121255,-0.0121920336285661,0.0135598141695703,0.0825806048678531,0.06730659227253649,0.029442151030957677,0,429
MAHNOB-HCI,valence,normalized_asymmetry,12,linear_logistic,20260911,0.019773519163763,subject,0.033686933207831,0.1219021526217807,,,0.3935632586367881,0.037037037037037,0.3565262215997511,527,27,20,0.975925925925926,0.5445920303605313,0.9108159392789374,counterfactual_dose,0.75,0.7295039977898309,0.4626887340301975,0.4824622531939605,0.0021202722121255,0.1674909908406376,0.04346131387911967,1.0,6.267200548541362,0.0031068524970963,0.0021202722121255,-0.0121920336285661,0.016666666666666698,0.11978188040965519,0.0458789668363971,0.04270538123856761,0,430
MAHNOB-HCI,valence,normalized_asymmetry,12,linear_logistic,20260911,0.0142784552845527,subject,0.0316658284096364,0.1674909908406376,,,0.3935632586367881,0.037037037037037,0.3565262215997511,527,27,20,0.975925925925926,0.5445920303605313,0.9108159392789374,counterfactual_dose,1.0,1.0,0.4626887340301975,0.4769671893147502,0.0021202722121255,0.1674909908406376,0.05971493011641104,1.0,6.267200548541362,0.0031068524970963,0.0021202722121255,-0.0121920336285661,0.0111716027874564,0.1653707186285121,0.0438578620382025,0.058958997475859,0,431
MAHNOB-HCI,valence,normalized_asymmetry,12,linear_logistic,20260923,0.0107941347270615,subject,0.0524965573642044,0.0409835880889976,,,0.4015017117958294,0.037037037037037,0.3644646747587924,527,27,20,0.975925925925926,0.5445920303605313,0.9108159392789374,counterfactual_dose,0.25,0.2500910174278086,0.4796965737514518,0.4904907084785134,0.0032083318164589,0.154326398159694,0.01493707010330483,1.0,6.267200548541362,0.0007186411149825,0.0032083318164589,-0.0076381526969762,0.010075493612079,0.0377752562725387,0.0601347100611806,0.01376774649130085,0,432
MAHNOB-HCI,valence,normalized_asymmetry,12,linear_logistic,20260923,0.0017421602787456,subject,0.0465128416475165,0.0786952347970089,,,0.4015017117958294,0.037037037037037,0.3644646747587924,527,27,20,0.975925925925926,0.5445920303605313,0.9108159392789374,counterfactual_dose,0.5,0.4997585630853879,0.4796965737514518,0.4814387340301974,0.0032083318164589,0.154326398159694,0.028681633155358655,1.0,6.267200548541362,0.0007186411149825,0.0032083318164589,-0.0076381526969762,0.0010235191637631,0.07548690298055001,0.0541509943444927,0.027512309543354676,0,433
MAHNOB-HCI,valence,normalized_asymmetry,12,linear_logistic,20260923,-0.0118176538908246,subject,0.0486784260631009,0.1156138433644321,,,0.4015017117958294,0.037037037037037,0.3644646747587924,527,27,20,0.975925925925926,0.5445920303605313,0.9108159392789374,counterfactual_dose,0.75,0.7453953350731604,0.4796965737514518,0.4678789198606272,0.0032083318164589,0.154326398159694,0.042137161819431716,1.0,6.267200548541362,0.0007186411149825,0.0032083318164589,-0.0076381526969762,-0.0125362950058071,0.11240551154797321,0.056316578760077105,0.04096783820742774,0,434
MAHNOB-HCI,valence,normalized_asymmetry,12,linear_logistic,20260923,0.0097343205574912,subject,0.0256066502297152,0.154326398159694,,,0.4015017117958294,0.037037037037037,0.3644646747587924,527,27,20,0.975925925925926,0.5445920303605313,0.9108159392789374,counterfactual_dose,1.0,1.0,0.4796965737514518,0.4894308943089431,0.0032083318164589,0.154326398159694,0.056246520511968774,1.0,6.267200548541362,0.0007186411149825,0.0032083318164589,-0.0076381526969762,0.0090156794425087,0.1511180663432351,0.0332448029266914,0.05507719689996479,0,435
MAHNOB-HCI,valence,normalized_asymmetry,12,linear_logistic,20261007,-0.0083696283391405,subject,0.0027053825947014,0.040664993278507,,,0.37746654217242454,0.037037037037037,0.34042950513538756,527,27,20,0.975925925925926,0.5445920303605313,0.9108159392789374,counterfactual_dose,0.25,0.2499910718080699,0.5057926829268293,0.4974230545876887,0.0022511890276564,0.1558777124926476,0.013843563538135999,1.0,6.267200548541362,-0.0090882694541232,0.0022511890276564,-0.0020783040488922,0.0007186411149827012,0.0384138042508506,0.004783686643593601,0.013077192371484716,0,436
MAHNOB-HCI,valence,normalized_asymmetry,12,linear_logistic,20261007,0.0037891986062716,subject,0.0431197476414194,0.0791313963153132,,,0.37746654217242454,0.037037037037037,0.34042950513538756,527,27,20,0.975925925925926,0.5445920303605313,0.9108159392789374,counterfactual_dose,0.5,0.5002883206413602,0.5057926829268293,0.509581881533101,0.0022511890276564,0.1558777124926476,0.0269386620882943,1.0,6.267200548541362,-0.0090882694541232,0.0022511890276564,-0.0020783040488922,0.0128774680603948,0.0768802072876568,0.045198051690311596,0.02617229092164302,0,437
MAHNOB-HCI,valence,normalized_asymmetry,12,linear_logistic,20261007,-3.629500580726308e-05,subject,-0.0061800411490814,0.1157507375250422,,,0.37746654217242454,0.037037037037037,0.34042950513538756,527,27,20,0.975925925925926,0.5445920303605313,0.9108159392789374,counterfactual_dose,0.75,0.7380943617045009,0.5057926829268293,0.5057563879210221,0.0022511890276564,0.1558777124926476,0.03940496629470625,1.0,6.267200548541362,-0.0090882694541232,0.0022511890276564,-0.0020783040488922,0.009051974448315937,0.11349954849738579,-0.0041017371001892,0.03863859512805497,0,438
MAHNOB-HCI,valence,normalized_asymmetry,12,linear_logistic,20261007,-0.0010961091753776,subject,0.0280644258562215,0.1558777124926476,,,0.37746654217242454,0.037037037037037,0.34042950513538756,527,27,20,0.975925925925926,0.5445920303605313,0.9108159392789374,counterfactual_dose,1.0,1.0,0.5057926829268293,0.5046965737514517,0.0022511890276564,0.1558777124926476,0.05306537252550824,1.0,6.267200548541362,-0.0090882694541232,0.0022511890276564,-0.0020783040488922,0.007992160278745601,0.1536265234649912,0.0301427299051137,0.052299001358856956,0,439
MAHNOB-HCI,valence,relative_power,24,gpu_mlp,20260813,0.0275333914053426,subject,0.0320454545454545,0.0432874260282392,,,0.4018499066293184,0.037037037037037,0.36481286959228143,527,27,20,0.975925925925926,0.5445920303605313,0.9108159392789374,counterfactual_dose,0.25,0.2500810686511556,0.4939750290360046,0.5215084204413473,0.0025205710715838,0.1655405629004618,0.015791810106625555,4.0,6.267200548541362,0.0209422183507549,0.0025205710715838,-0.0051924154277095,0.006591173054587701,0.0407668549566554,0.037237869973164,0.014872273340989778,0,440
MAHNOB-HCI,valence,relative_power,24,gpu_mlp,20260813,0.0236353077816492,subject,0.0534158586511527,0.0839445420963274,,,0.4018499066293184,0.037037037037037,0.36481286959228143,527,27,20,0.975925925925926,0.5445920303605313,0.9108159392789374,counterfactual_dose,0.5,0.4996940786870088,0.4939750290360046,0.5176103368176539,0.0025205710715838,0.1655405629004618,0.030624049288771268,4.0,6.267200548541362,0.0209422183507549,0.0025205710715838,-0.0051924154277095,0.002693089430894302,0.08142397102474361,0.058608274078862196,0.029704512523135492,0,441
MAHNOB-HCI,valence,relative_power,24,gpu_mlp,20260813,0.0246951219512194,subject,0.0309820669526551,0.1232723160272332,,,0.4018499066293184,0.037037037037037,0.36481286959228143,527,27,20,0.975925925925926,0.5445920303605313,0.9108159392789374,counterfactual_dose,0.75,0.7434175732077232,0.4939750290360046,0.5186701509872241,0.0025205710715838,0.1655405629004618,0.04497132735118153,4.0,6.267200548541362,0.0209422183507549,0.0025205710715838,-0.0051924154277095,0.0037529036004644994,0.1207517449556494,0.0361744823803646,0.04405179058554575,0,442
MAHNOB-HCI,valence,relative_power,24,gpu_mlp,20260813,0.0184451219512195,subject,0.0509198905669493,0.1655405629004618,,,0.4018499066293184,0.037037037037037,0.36481286959228143,527,27,20,0.975925925925926,0.5445920303605313,0.9108159392789374,counterfactual_dose,1.0,1.0,0.4939750290360046,0.5124201509872242,0.0025205710715838,0.1655405629004618,0.06039132778563903,4.0,6.267200548541362,0.0209422183507549,0.0025205710715838,-0.0051924154277095,-0.0024970963995353986,0.163019991828878,0.0561123059946588,0.05947179102000325,0,443
MAHNOB-HCI,valence,relative_power,24,gpu_mlp,20260829,0.0118176538908245,subject,0.0306778622993793,0.0438192650260463,,,0.3972202769996887,0.037037037037037,0.3601832399626517,527,27,20,0.975925925925926,0.5445920303605313,0.9108159392789374,counterfactual_dose,0.25,0.2498518297405005,0.4783681765389083,0.4901858304297328,0.0026349374105486,0.1674206894411057,0.015782964849863468,4.0,6.267200548541362,0.0243539488966317,0.0026349374105486,0.0059793050087167,-0.0125362950058072,0.0411843276154977,0.0246985572906626,0.014833904556233273,0,444
MAHNOB-HCI,valence,relative_power,24,gpu_mlp,20260829,0.0334059233449477,subject,0.0266266158162442,0.0852184080641546,,,0.3972202769996887,0.037037037037037,0.3601832399626517,527,27,20,0.975925925925926,0.5445920303605313,0.9108159392789374,counterfactual_dose,0.5,0.5010165517736456,0.4783681765389083,0.511774099883856,0.0026349374105486,0.1674206894411057,0.03069424232100657,4.0,6.267200548541362,0.0243539488966317,0.0026349374105486,0.0059793050087167,0.009051974448316,0.082583470653606,0.0206473108075275,0.029745182027376374,0,445
MAHNOB-HCI,valence,relative_power,24,gpu_mlp,20260829,0.0195412311265969,subject,0.0143152123074723,0.1267421098313731,,,0.3972202769996887,0.037037037037037,0.3601832399626517,527,27,20,0.975925925925926,0.5445920303605313,0.9108159392789374,counterfactual_dose,0.75,0.7493687707741179,0.4783681765389083,0.4979094076655052,0.0026349374105486,0.1674206894411057,0.04565038375876622,4.0,6.267200548541362,0.0243539488966317,0.0026349374105486,0.0059793050087167,-0.004812717770034801,0.1241071724208245,0.0083359072987556,0.04470132346513602,0,446
MAHNOB-HCI,valence,relative_power,24,gpu_mlp,20260829,0.0045078397212543,subject,0.0039321672479567,0.1674206894411057,,,0.3972202769996887,0.037037037037037,0.3601832399626517,527,27,20,0.975925925925926,0.5445920303605313,0.9108159392789374,counterfactual_dose,1.0,1.0,0.4783681765389083,0.4828760162601626,0.0026349374105486,0.1674206894411057,0.06030212635967836,4.0,6.267200548541362,0.0243539488966317,0.0026349374105486,0.0059793050087167,-0.0198461091753774,0.1647857520305571,-0.0020471377607600002,0.05935306606604817,0,447
MAHNOB-HCI,valence,relative_power,24,gpu_mlp,20260911,0.0376451800232288,subject,0.0187041642567958,0.0435291950009039,,,0.3850509648303766,0.037037037037037,0.3480139277933396,527,27,20,0.975925925925926,0.5445920303605313,0.9108159392789374,counterfactual_dose,0.25,0.2503096028119554,0.4685975609756098,0.5062427409988386,0.0021202722121255,0.1674909908406376,0.01514876612594677,4.0,6.267200548541362,0.0302990708478513,0.0021202722121255,-0.0121920336285661,0.007346109175377501,0.041408922788778404,0.0308961978853619,0.014410881865413902,0,448
MAHNOB-HCI,valence,relative_power,24,gpu_mlp,20260911,0.0358667247386759,subject,0.0551145586439704,0.0847008770799786,,,0.3850509648303766,0.037037037037037,0.3480139277933396,527,27,20,0.975925925925926,0.5445920303605313,0.9108159392789374,counterfactual_dose,0.5,0.4996540149419943,0.4685975609756098,0.5044642857142857,0.0021202722121255,0.1674909908406376,0.029477084920144208,4.0,6.267200548541362,0.0302990708478513,0.0021202722121255,-0.0121920336285661,0.0055676538908246,0.0825806048678531,0.06730659227253649,0.028739200659611337,0,449
MAHNOB-HCI,valence,relative_power,24,gpu_mlp,20260911,0.0289343786295005,subject,0.033686933207831,0.1219021526217807,,,0.3850509648303766,0.037037037037037,0.3480139277933396,527,27,20,0.975925925925926,0.5445920303605313,0.9108159392789374,counterfactual_dose,0.75,0.7295039977898309,0.4685975609756098,0.4975319396051103,0.0021202722121255,0.1674909908406376,0.042423646940369056,4.0,6.267200548541362,0.0302990708478513,0.0021202722121255,-0.0121920336285661,-0.0013646922183508,0.11978188040965519,0.0458789668363971,0.04168576267983618,0,450
MAHNOB-HCI,valence,relative_power,24,gpu_mlp,20260911,0.0313951800232287,subject,0.0316658284096364,0.1674909908406376,,,0.3850509648303766,0.037037037037037,0.3480139277933396,527,27,20,0.975925925925926,0.5445920303605313,0.9108159392789374,counterfactual_dose,1.0,1.0,0.4685975609756098,0.4999927409988385,0.0021202722121255,0.1674909908406376,0.058289197592448556,4.0,6.267200548541362,0.0302990708478513,0.0021202722121255,-0.0121920336285661,0.001096109175377398,0.1653707186285121,0.0438578620382025,0.057551313331915696,0,451
MAHNOB-HCI,valence,relative_power,24,gpu_mlp,20260923,0.0521559233449477,subject,0.0524965573642044,0.0409835880889976,,,0.3884531590413943,0.037037037037037,0.35141612200435735,527,27,20,0.975925925925926,0.5445920303605313,0.9108159392789374,counterfactual_dose,0.25,0.2500910174278086,0.4279544134727061,0.4801103368176539,0.0032083318164589,0.154326398159694,0.014402293592059507,4.0,6.267200548541362,0.0570049361207898,0.0032083318164589,-0.0076381526969762,-0.004849012775842099,0.0377752562725387,0.0601347100611806,0.013274834067016326,0,452
MAHNOB-HCI,valence,relative_power,24,gpu_mlp,20260923,0.0566637630662021,subject,0.0465128416475165,0.0786952347970089,,,0.3884531590413943,0.037037037037037,0.35141612200435735,527,27,20,0.975925925925926,0.5445920303605313,0.9108159392789374,counterfactual_dose,0.5,0.4997585630853879,0.4279544134727061,0.4846181765389082,0.0032083318164589,0.154326398159694,0.02765477423258723,4.0,6.267200548541362,0.0570049361207898,0.0032083318164589,-0.0076381526969762,-0.0003411730545877026,0.07548690298055001,0.0541509943444927,0.026527314707544047,0,453
MAHNOB-HCI,valence,relative_power,24,gpu_mlp,20260923,0.0605255516840883,subject,0.0486784260631009,0.1156138433644321,,,0.3884531590413943,0.037037037037037,0.35141612200435735,527,27,20,0.975925925925926,0.5445920303605313,0.9108159392789374,counterfactual_dose,0.75,0.7453953350731604,0.4279544134727061,0.4884799651567944,0.0032083318164589,0.154326398159694,0.04062856848514793,4.0,6.267200548541362,0.0570049361207898,0.0032083318164589,-0.0076381526969762,0.003520615563298496,0.11240551154797321,0.056316578760077105,0.03950110896010475,0,454
MAHNOB-HCI,valence,relative_power,24,gpu_mlp,20260923,0.0580284552845529,subject,0.0256066502297152,0.154326398159694,,,0.3884531590413943,0.037037037037037,0.35141612200435735,527,27,20,0.975925925925926,0.5445920303605313,0.9108159392789374,counterfactual_dose,1.0,1.0,0.4279544134727061,0.485982868757259,0.0032083318164589,0.154326398159694,0.05423278436418006,4.0,6.267200548541362,0.0570049361207898,0.0032083318164589,-0.0076381526969762,0.0010235191637631008,0.1511180663432351,0.0332448029266914,0.05310532483913687,0,455
MAHNOB-HCI,valence,relative_power,24,gpu_mlp,20261007,0.0100391986062717,subject,0.0027053825947014,0.040664993278507,,,0.38303376906318076,0.037037037037037,0.3459967320261438,527,27,20,0.975925925925926,0.5445920303605313,0.9108159392789374,counterfactual_dose,0.25,0.2499910718080699,0.4724956445993031,0.4825348432055749,0.0022511890276564,0.1558777124926476,0.014069954782228524,4.0,6.267200548541362,0.0405705574912891,0.0022511890276564,-0.0020783040488922,-0.0305313588850174,0.0384138042508506,0.004783686643593601,0.013291050735486297,0,456
MAHNOB-HCI,valence,relative_power,24,gpu_mlp,20261007,0.0356852497096399,subject,0.0431197476414194,0.0791313963153132,,,0.38303376906318076,0.037037037037037,0.3459967320261438,527,27,20,0.975925925925926,0.5445920303605313,0.9108159392789374,counterfactual_dose,0.5,0.5002883206413602,0.4724956445993031,0.5081808943089431,0.0022511890276564,0.1558777124926476,0.027379204525764003,4.0,6.267200548541362,0.0405705574912891,0.0022511890276564,-0.0020783040488922,-0.004885307781649202,0.0768802072876568,0.045198051690311596,0.026600300479021774,0,457
MAHNOB-HCI,valence,relative_power,24,gpu_mlp,20261007,0.0218205574912891,subject,-0.0061800411490814,0.1157507375250422,,,0.38303376906318076,0.037037037037037,0.3459967320261438,527,27,20,0.975925925925926,0.5445920303605313,0.9108159392789374,counterfactual_dose,0.75,0.7380943617045009,0.4724956445993031,0.4943162020905923,0.0022511890276564,0.1558777124926476,0.04004937691328053,4.0,6.267200548541362,0.0405705574912891,0.0022511890276564,-0.0020783040488922,-0.01875,0.11349954849738579,-0.0041017371001892,0.0392704728665383,0,458
MAHNOB-HCI,valence,relative_power,24,gpu_mlp,20261007,0.0461382113821138,subject,0.0280644258562215,0.1558777124926476,,,0.38303376906318076,0.037037037037037,0.3459967320261438,527,27,20,0.975925925925926,0.5445920303605313,0.9108159392789374,counterfactual_dose,1.0,1.0,0.4724956445993031,0.518633855981417,0.0022511890276564,0.1558777124926476,0.05393317911816688,4.0,6.267200548541362,0.0405705574912891,0.0022511890276564,-0.0020783040488922,0.0055676538908246975,0.1536265234649912,0.0301427299051137,0.05315427507142465,0,459
MAHNOB-HCI,valence,relative_power,24,linear_logistic,20260813,-0.0027656794425087,subject,0.0320454545454545,0.0432874260282392,,,0.4018499066293184,0.037037037037037,0.36481286959228143,527,27,20,0.975925925925926,0.5445920303605313,0.9108159392789374,counterfactual_dose,0.25,0.2500810686511556,0.5002250290360046,0.4974593495934959,0.0025205710715838,0.1655405629004618,0.015791810106625555,1.0,6.267200548541362,-0.0020107433217189,0.0025205710715838,-0.0051924154277095,-0.0007549361207897999,0.0407668549566554,0.037237869973164,0.014872273340989778,0,460
MAHNOB-HCI,valence,relative_power,24,linear_logistic,20260813,0.0156794425087107,subject,0.0534158586511527,0.0839445420963274,,,0.4018499066293184,0.037037037037037,0.36481286959228143,527,27,20,0.975925925925926,0.5445920303605313,0.9108159392789374,counterfactual_dose,0.5,0.4996940786870088,0.5002250290360046,0.5159044715447154,0.0025205710715838,0.1655405629004618,0.030624049288771268,1.0,6.267200548541362,-0.0020107433217189,0.0025205710715838,-0.0051924154277095,0.0176901858304296,0.08142397102474361,0.058608274078862196,0.029704512523135492,0,461
MAHNOB-HCI,valence,relative_power,24,linear_logistic,20260813,0.0006823461091753,subject,0.0309820669526551,0.1232723160272332,,,0.4018499066293184,0.037037037037037,0.36481286959228143,527,27,20,0.975925925925926,0.5445920303605313,0.9108159392789374,counterfactual_dose,0.75,0.7434175732077232,0.5002250290360046,0.50090737514518,0.0025205710715838,0.1655405629004618,0.04497132735118153,1.0,6.267200548541362,-0.0020107433217189,0.0025205710715838,-0.0051924154277095,0.0026930894308941997,0.1207517449556494,0.0361744823803646,0.04405179058554575,0,462
MAHNOB-HCI,valence,relative_power,24,linear_logistic,20260813,0.006663763066202,subject,0.0509198905669493,0.1655405629004618,,,0.4018499066293184,0.037037037037037,0.36481286959228143,527,27,20,0.975925925925926,0.5445920303605313,0.9108159392789374,counterfactual_dose,1.0,1.0,0.5002250290360046,0.5068887921022067,0.0025205710715838,0.1655405629004618,0.06039132778563903,1.0,6.267200548541362,-0.0020107433217189,0.0025205710715838,-0.0051924154277095,0.0086745063879209,0.163019991828878,0.0561123059946588,0.05947179102000325,0,463
MAHNOB-HCI,valence,relative_power,24,linear_logistic,20260829,0.0097706155632984,subject,0.0306778622993793,0.0438192650260463,,,0.3972202769996887,0.037037037037037,0.3601832399626517,527,27,20,0.975925925925926,0.5445920303605313,0.9108159392789374,counterfactual_dose,0.25,0.2498518297405005,0.4911730545876887,0.5009436701509872,0.0026349374105486,0.1674206894411057,0.015782964849863468,1.0,6.267200548541362,0.0079921602787456,0.0026349374105486,0.0059793050087167,0.0017784552845528014,0.0411843276154977,0.0246985572906626,0.014833904556233273,0,464
MAHNOB-HCI,valence,relative_power,24,linear_logistic,20260829,0.0202235772357723,subject,0.0266266158162442,0.0852184080641546,,,0.3972202769996887,0.037037037037037,0.3601832399626517,527,27,20,0.975925925925926,0.5445920303605313,0.9108159392789374,counterfactual_dose,0.5,0.5010165517736456,0.4911730545876887,0.5113966318234611,0.0026349374105486,0.1674206894411057,0.03069424232100657,1.0,6.267200548541362,0.0079921602787456,0.0026349374105486,0.0059793050087167,0.012231416957026701,0.082583470653606,0.0206473108075275,0.029745182027376374,0,465
MAHNOB-HCI,valence,relative_power,24,linear_logistic,20260829,0.022989256678281,subject,0.0143152123074723,0.1267421098313731,,,0.3972202769996887,0.037037037037037,0.3601832399626517,527,27,20,0.975925925925926,0.5445920303605313,0.9108159392789374,counterfactual_dose,0.75,0.7493687707741179,0.4911730545876887,0.5141623112659698,0.0026349374105486,0.1674206894411057,0.04565038375876622,1.0,6.267200548541362,0.0079921602787456,0.0026349374105486,0.0059793050087167,0.014997096399535401,0.1241071724208245,0.0083359072987556,0.04470132346513602,0,466
MAHNOB-HCI,valence,relative_power,24,linear_logistic,20260829,-0.0038254936120789,subject,0.0039321672479567,0.1674206894411057,,,0.3972202769996887,0.037037037037037,0.3601832399626517,527,27,20,0.975925925925926,0.5445920303605313,0.9108159392789374,counterfactual_dose,1.0,1.0,0.4911730545876887,0.4873475609756098,0.0026349374105486,0.1674206894411057,0.06030212635967836,1.0,6.267200548541362,0.0079921602787456,0.0026349374105486,0.0059793050087167,-0.011817653890824498,0.1647857520305571,-0.0020471377607600002,0.05935306606604817,0,467
MAHNOB-HCI,valence,relative_power,24,linear_logistic,20260911,0.0212470963995353,subject,0.0187041642567958,0.0435291950009039,,,0.3850509648303766,0.037037037037037,0.3480139277933396,527,27,20,0.975925925925926,0.5445920303605313,0.9108159392789374,counterfactual_dose,0.25,0.2503096028119554,0.4772720673635308,0.4985191637630661,0.0021202722121255,0.1674909908406376,0.01514876612594677,1.0,6.267200548541362,0.0125,0.0021202722121255,-0.0121920336285661,0.0087470963995353,0.041408922788778404,0.0308961978853619,0.014410881865413902,0,468
MAHNOB-HCI,valence,relative_power,24,linear_logistic,20260911,0.0209059233449477,subject,0.0551145586439704,0.0847008770799786,,,0.3850509648303766,0.037037037037037,0.3480139277933396,527,27,20,0.975925925925926,0.5445920303605313,0.9108159392789374,counterfactual_dose,0.5,0.4996540149419943,0.4772720673635308,0.4981779907084785,0.0021202722121255,0.1674909908406376,0.029477084920144208,1.0,6.267200548541362,0.0125,0.0021202722121255,-0.0121920336285661,0.008405923344947698,0.0825806048678531,0.06730659227253649,0.028739200659611337,0,469
MAHNOB-HCI,valence,relative_power,24,linear_logistic,20260911,0.0389372822299651,subject,0.033686933207831,0.1219021526217807,,,0.3850509648303766,0.037037037037037,0.3480139277933396,527,27,20,0.975925925925926,0.5445920303605313,0.9108159392789374,counterfactual_dose,0.75,0.7295039977898309,0.4772720673635308,0.516209349593496,0.0021202722121255,0.1674909908406376,0.042423646940369056,1.0,6.267200548541362,0.0125,0.0021202722121255,-0.0121920336285661,0.0264372822299651,0.11978188040965519,0.0458789668363971,0.04168576267983618,1,470
MAHNOB-HCI,valence,relative_power,24,linear_logistic,20260911,0.0274970963995354,subject,0.0316658284096364,0.1674909908406376,,,0.3850509648303766,0.037037037037037,0.3480139277933396,527,27,20,0.975925925925926,0.5445920303605313,0.9108159392789374,counterfactual_dose,1.0,1.0,0.4772720673635308,0.5047691637630662,0.0021202722121255,0.1674909908406376,0.058289197592448556,1.0,6.267200548541362,0.0125,0.0021202722121255,-0.0121920336285661,0.0149970963995354,0.1653707186285121,0.0438578620382025,0.057551313331915696,0,471
MAHNOB-HCI,valence,relative_power,24,linear_logistic,20260923,0.0323461091753773,subject,0.0524965573642044,0.0409835880889976,,,0.3884531590413943,0.037037037037037,0.35141612200435735,527,27,20,0.975925925925926,0.5445920303605313,0.9108159392789374,counterfactual_dose,0.25,0.2500910174278086,0.4525769454123113,0.4849230545876887,0.0032083318164589,0.154326398159694,0.014402293592059507,1.0,6.267200548541362,0.0139372822299651,0.0032083318164589,-0.0076381526969762,0.018408826945412203,0.0377752562725387,0.0601347100611806,0.013274834067016326,0,472
MAHNOB-HCI,valence,relative_power,24,linear_logistic,20260923,0.0065911730545876,subject,0.0465128416475165,0.0786952347970089,,,0.3884531590413943,0.037037037037037,0.35141612200435735,527,27,20,0.975925925925926,0.5445920303605313,0.9108159392789374,counterfactual_dose,0.5,0.4997585630853879,0.4525769454123113,0.459168118466899,0.0032083318164589,0.154326398159694,0.02765477423258723,1.0,6.267200548541362,0.0139372822299651,0.0032083318164589,-0.0076381526969762,-0.0073461091753775,0.07548690298055001,0.0541509943444927,0.026527314707544047,0,473
MAHNOB-HCI,valence,relative_power,24,linear_logistic,20260923,0.027838269454123,subject,0.0486784260631009,0.1156138433644321,,,0.3884531590413943,0.037037037037037,0.35141612200435735,527,27,20,0.975925925925926,0.5445920303605313,0.9108159392789374,counterfactual_dose,0.75,0.7453953350731604,0.4525769454123113,0.4804152148664343,0.0032083318164589,0.154326398159694,0.04062856848514793,1.0,6.267200548541362,0.0139372822299651,0.0032083318164589,-0.0076381526969762,0.013900987224157899,0.11240551154797321,0.056316578760077105,0.03950110896010475,0,474
MAHNOB-HCI,valence,relative_power,24,linear_logistic,20260923,0.0459059233449477,subject,0.0256066502297152,0.154326398159694,,,0.3884531590413943,0.037037037037037,0.35141612200435735,527,27,20,0.975925925925926,0.5445920303605313,0.9108159392789374,counterfactual_dose,1.0,1.0,0.4525769454123113,0.498482868757259,0.0032083318164589,0.154326398159694,0.05423278436418006,1.0,6.267200548541362,0.0139372822299651,0.0032083318164589,-0.0076381526969762,0.0319686411149826,0.1511180663432351,0.0332448029266914,0.05310532483913687,1,475
MAHNOB-HCI,valence,relative_power,24,linear_logistic,20261007,0.022575493612079,subject,0.0027053825947014,0.040664993278507,,,0.38303376906318076,0.037037037037037,0.3459967320261438,527,27,20,0.975925925925926,0.5445920303605313,0.9108159392789374,counterfactual_dose,0.25,0.2499910718080699,0.4918916957026713,0.5144671893147503,0.0022511890276564,0.1558777124926476,0.014069954782228524,1.0,6.267200548541362,0.0420441347270614,0.0022511890276564,-0.0020783040488922,-0.0194686411149824,0.0384138042508506,0.004783686643593601,0.013291050735486297,0,476
MAHNOB-HCI,valence,relative_power,24,linear_logistic,20261007,0.0277656794425087,subject,0.0431197476414194,0.0791313963153132,,,0.38303376906318076,0.037037037037037,0.3459967320261438,527,27,20,0.975925925925926,0.5445920303605313,0.9108159392789374,counterfactual_dose,0.5,0.5002883206413602,0.4918916957026713,0.5196573751451801,0.0022511890276564,0.1558777124926476,0.027379204525764003,1.0,6.267200548541362,0.0420441347270614,0.0022511890276564,-0.0020783040488922,-0.0142784552845527,0.0768802072876568,0.045198051690311596,0.026600300479021774,0,477
MAHNOB-HCI,valence,relative_power,24,linear_logistic,20261007,0.0288254936120788,subject,-0.0061800411490814,0.1157507375250422,,,0.38303376906318076,0.037037037037037,0.3459967320261438,527,27,20,0.975925925925926,0.5445920303605313,0.9108159392789374,counterfactual_dose,0.75,0.7380943617045009,0.4918916957026713,0.5207171893147502,0.0022511890276564,0.1558777124926476,0.04004937691328053,1.0,6.267200548541362,0.0420441347270614,0.0022511890276564,-0.0020783040488922,-0.0132186411149826,0.11349954849738579,-0.0041017371001892,0.0392704728665383,0,478
MAHNOB-HCI,valence,relative_power,24,linear_logistic,20261007,0.0357578397212543,subject,0.0280644258562215,0.1558777124926476,,,0.38303376906318076,0.037037037037037,0.3459967320261438,527,27,20,0.975925925925926,0.5445920303605313,0.9108159392789374,counterfactual_dose,1.0,1.0,0.4918916957026713,0.5276495354239257,0.0022511890276564,0.1558777124926476,0.05393317911816688,1.0,6.267200548541362,0.0420441347270614,0.0022511890276564,-0.0020783040488922,-0.006286295005807102,0.1536265234649912,0.0301427299051137,0.05315427507142465,0,479
