dataset,task,representation,n_features,model,split_seed,exposure_effect,axis,metadata_prior_opportunity,label_opportunity,conditional_label_entropy,identity_rate_std,identity_probe_balanced_accuracy,identity_probe_chance,encoding_margin,n_rows,n_subjects,n_repeated_units,repeated_measure_completeness,positive_fraction,class_balance,source,nominal_dose,achieved_dose,unseen_balanced_accuracy,dose_balanced_accuracy,opportunity_min,opportunity_max,opportunity_encoding_interaction,model_capacity,log_n_rows
DEAP,arousal,absolute_power,24,linear_logistic,20260813,-0.0063211667053282,stimulus,0.1352558219281702,0.04672066379954461,0.8627342166631488,0.16809064725526465,0.043359375,0.025,0.018359374999999997,1280,32,40,1.0,0.5890625,0.8218749999999999,observational_factorial,,,,,,,0.0008577621869447641,1.0,7.154615356913663
DEAP,arousal,absolute_power,24,linear_logistic,20260829,-0.0057135076802048,stimulus,0.1403616705832517,0.051759898211017195,0.8619930530490314,0.17866882829707684,0.0421875,0.025,0.017187499999999998,1280,32,40,1.0,0.5890625,0.8218749999999999,observational_factorial,,,,,,,0.000889623250501858,1.0,7.154615356913663
DEAP,arousal,absolute_power,24,linear_logistic,20260911,-0.0140038930520116,stimulus,0.1347691904267228,0.05221623661870464,0.8627177804053768,0.17797634501234127,0.034765624999999994,0.025,0.009765624999999997,1280,32,40,1.0,0.5890625,0.8218749999999999,observational_factorial,,,,,,,0.0005099241857295374,1.0,7.154615356913663
DEAP,arousal,absolute_power,24,linear_logistic,20260923,0.0103012072495486,stimulus,0.1414004901614709,0.05333766586397653,0.8611313093854998,0.18030213782006244,0.036328125,0.025,0.011328124999999998,1280,32,40,1.0,0.5890625,0.8218749999999999,observational_factorial,,,,,,,0.000604215746115359,1.0,7.154615356913663
DEAP,arousal,absolute_power,24,linear_logistic,20261007,0.0078693104456837,stimulus,0.1420636201349456,0.05091622858642223,0.8615195665880228,0.17699883121603602,0.041015625,0.025,0.016015625,1280,32,40,1.0,0.5890625,0.8218749999999999,observational_factorial,,,,,,,0.0008154552234544185,1.0,7.154615356913663
DEAP,arousal,absolute_power,24,rbf_svm,20260813,0.0086206896551723,stimulus,0.1352558219281702,0.04672066379954461,0.8627342166631488,0.16809064725526465,0.043359375,0.025,0.018359374999999997,1280,32,40,1.0,0.5890625,0.8218749999999999,observational_factorial,,,,,,,0.0008577621869447641,2.0,7.154615356913663
DEAP,arousal,absolute_power,24,rbf_svm,20260829,-0.002232705671148,stimulus,0.1403616705832517,0.051759898211017195,0.8619930530490314,0.17866882829707684,0.0421875,0.025,0.017187499999999998,1280,32,40,1.0,0.5890625,0.8218749999999999,observational_factorial,,,,,,,0.000889623250501858,2.0,7.154615356913663
DEAP,arousal,absolute_power,24,rbf_svm,20260911,0.0005521880767718,stimulus,0.1347691904267228,0.05221623661870464,0.8627177804053768,0.17797634501234127,0.034765624999999994,0.025,0.009765624999999997,1280,32,40,1.0,0.5890625,0.8218749999999999,observational_factorial,,,,,,,0.0005099241857295374,2.0,7.154615356913663
DEAP,arousal,absolute_power,24,rbf_svm,20260923,-0.0058357959072525,stimulus,0.1414004901614709,0.05333766586397653,0.8611313093854998,0.18030213782006244,0.036328125,0.025,0.011328124999999998,1280,32,40,1.0,0.5890625,0.8218749999999999,observational_factorial,,,,,,,0.000604215746115359,2.0,7.154615356913663
DEAP,arousal,absolute_power,24,rbf_svm,20261007,0.0154625268529818,stimulus,0.1420636201349456,0.05091622858642223,0.8615195665880228,0.17699883121603602,0.041015625,0.025,0.016015625,1280,32,40,1.0,0.5890625,0.8218749999999999,observational_factorial,,,,,,,0.0008154552234544185,2.0,7.154615356913663
DEAP,arousal,all,72,extra_trees,20260813,0.0061232362759831,stimulus,0.1352558219281702,0.04672066379954461,0.8627342166631488,0.16809064725526465,0.044921875,0.025,0.019921875,1280,32,40,1.0,0.5890625,0.8218749999999999,observational_factorial,,,,,,,0.0009307632241315527,3.0,7.154615356913663
DEAP,arousal,all,72,extra_trees,20260829,0.0108874343173543,stimulus,0.1403616705832517,0.051759898211017195,0.8619930530490314,0.17866882829707684,0.047265625,0.025,0.022265624999999997,1280,32,40,1.0,0.5890625,0.8218749999999999,observational_factorial,,,,,,,0.0011524664836046795,3.0,7.154615356913663
DEAP,arousal,all,72,extra_trees,20260911,0.0009177920545431,stimulus,0.1347691904267228,0.05221623661870464,0.8627177804053768,0.17797634501234127,0.047265625,0.025,0.022265624999999997,1280,32,40,1.0,0.5890625,0.8218749999999999,observational_factorial,,,,,,,0.0011626271434633454,3.0,7.154615356913663
DEAP,arousal,all,72,extra_trees,20260923,-0.001381730895301,stimulus,0.1414004901614709,0.05333766586397653,0.8611313093854998,0.18030213782006244,0.043359375000000006,0.025,0.018359375,1280,32,40,1.0,0.5890625,0.8218749999999999,observational_factorial,,,,,,,0.000979246209221444,3.0,7.154615356913663
DEAP,arousal,all,72,extra_trees,20261007,0.0123347217879799,stimulus,0.1420636201349456,0.05091622858642223,0.8615195665880228,0.17699883121603602,0.043359375000000006,0.025,0.018359375,1280,32,40,1.0,0.5890625,0.8218749999999999,observational_factorial,,,,,,,0.0009347901342038456,3.0,7.154615356913663
DEAP,arousal,all,72,gpu_mlp,20260813,0.014170305897066,stimulus,0.0581275252439017,0.0183785517653513,,,0.044921875,0.025,0.019921875,1280,32,40,1.0,0.5890625,0.8218749999999999,counterfactual_dose,0.0,0.0,0.4933434861978195,0.5075137920948856,0.0183785517653513,0.1329980202959666,0.0003661352109503579,4.0,7.154615356913663
DEAP,arousal,all,72,gpu_mlp,20260813,-0.0109202126050165,stimulus,0.1017605407877063,0.0470636251402684,,,0.044921875,0.025,0.019921875,1280,32,40,1.0,0.5890625,0.8218749999999999,counterfactual_dose,0.25,0.2503015679079906,0.4933434861978195,0.4824232735928029,0.0183785517653513,0.1329980202959666,0.0009375956570912844,4.0,7.154615356913663
DEAP,arousal,all,72,gpu_mlp,20260813,-0.0002647477080412,stimulus,0.1343130079352328,0.0756856063210614,,,0.044921875,0.025,0.019921875,1280,32,40,1.0,0.5890625,0.8218749999999999,counterfactual_dose,0.5,0.5000349786650485,0.4933434861978195,0.4930787384897782,0.0183785517653513,0.1329980202959666,0.001507799188427395,4.0,7.154615356913663
DEAP,arousal,all,72,gpu_mlp,20260813,-0.0038678379441457,stimulus,0.1125903846336314,0.1041881999922718,,,0.044921875,0.025,0.019921875,1280,32,40,1.0,0.5890625,0.8218749999999999,counterfactual_dose,0.75,0.7491244023206395,0.4933434861978195,0.4894756482536737,0.0183785517653513,0.1329980202959666,0.0020756242967210395,4.0,7.154615356913663
DEAP,arousal,all,72,gpu_mlp,20260813,0.0021003318171273,stimulus,0.1241450361815268,0.1329980202959666,,,0.044921875,0.025,0.019921875,1280,32,40,1.0,0.5890625,0.8218749999999999,counterfactual_dose,1.0,1.0,0.4933434861978195,0.4954438180149468,0.0183785517653513,0.1329980202959666,0.0026495699355837095,4.0,7.154615356913663
DEAP,arousal,all,72,gpu_mlp,20260829,0.0211772952365584,stimulus,0.0757393100540453,0.0203016194731202,,,0.047265625,0.025,0.022265624999999997,1280,32,40,1.0,0.5890625,0.8218749999999999,counterfactual_dose,0.0,0.0,0.4967902492158424,0.5179675444524009,0.0203016194731202,0.1433640780443945,0.00045202824608119187,4.0,7.154615356913663
DEAP,arousal,all,72,gpu_mlp,20260829,0.0162479450535042,stimulus,0.1129886323465651,0.0511046196434454,,,0.047265625,0.025,0.022265624999999997,1280,32,40,1.0,0.5890625,0.8218749999999999,counterfactual_dose,0.25,0.2503834412594001,0.4967902492158424,0.5130381942693467,0.0203016194731202,0.1433640780443945,0.0011378762967485887,4.0,7.154615356913663
DEAP,arousal,all,72,gpu_mlp,20260829,0.0014372018436527,stimulus,0.1416068563228686,0.0819289808538582,,,0.047265625,0.025,0.022265624999999997,1280,32,40,1.0,0.5890625,0.8218749999999999,counterfactual_dose,0.5,0.5007525745547744,0.4967902492158424,0.4982274510594952,0.0203016194731202,0.1433640780443945,0.0018241999643241863,4.0,7.154615356913663
DEAP,arousal,all,72,gpu_mlp,20260829,0.0077155046343455,stimulus,0.1316342021073405,0.1120616311976752,,,0.047265625,0.025,0.022265624999999997,1280,32,40,1.0,0.5890625,0.8218749999999999,counterfactual_dose,0.75,0.746233801063261,0.4967902492158424,0.504505753850188,0.0203016194731202,0.1433640780443945,0.0024951222571357365,4.0,7.154615356913663
DEAP,arousal,all,72,gpu_mlp,20260829,0.0206477998204758,stimulus,0.1354504320856821,0.1433640780443945,,,0.047265625,0.025,0.022265624999999997,1280,32,40,1.0,0.5890625,0.8218749999999999,counterfactual_dose,1.0,1.0,0.4967902492158424,0.5174380490363183,0.0203016194731202,0.1433640780443945,0.0031920908002072207,4.0,7.154615356913663
DEAP,arousal,all,72,gpu_mlp,20260911,-0.0036030902361046,stimulus,0.0739834577001834,0.0219533985536672,,,0.047265625,0.025,0.022265624999999997,1280,32,40,1.0,0.5890625,0.8218749999999999,counterfactual_dose,0.0,0.0,0.5063413379592743,0.5027382477231697,0.0219533985536672,0.1420896655398121,0.0004888061396714962,4.0,7.154615356913663
DEAP,arousal,all,72,gpu_mlp,20260911,-0.0115833425784914,stimulus,0.1198063331095963,0.0519547832684417,,,0.047265625,0.025,0.022265624999999997,1280,32,40,1.0,0.5890625,0.8218749999999999,counterfactual_dose,0.25,0.2497425658308612,0.5063413379592743,0.4947579953807828,0.0219533985536672,0.1420896655398121,0.001156805721211397,4.0,7.154615356913663
DEAP,arousal,all,72,gpu_mlp,20260911,0.001149761474922,stimulus,0.1085002592972606,0.0820368644540381,,,0.047265625,0.025,0.022265624999999997,1280,32,40,1.0,0.5890625,0.8218749999999999,counterfactual_dose,0.5,0.5002145010629822,0.5063413379592743,0.5074910994341963,0.0219533985536672,0.1420896655398121,0.0018266020601094418,4.0,7.154615356913663
DEAP,arousal,all,72,gpu_mlp,20260911,-0.0028290183659267,stimulus,0.1405207692880818,0.1112041701103909,,,0.047265625,0.025,0.022265624999999997,1280,32,40,1.0,0.5890625,0.8218749999999999,counterfactual_dose,0.75,0.7447903252349722,0.5063413379592743,0.5035123195933475,0.0219533985536672,0.1420896655398121,0.002476030350114172,4.0,7.154615356913663
DEAP,arousal,all,72,gpu_mlp,20260911,-0.0059908624219624,stimulus,0.134236263204894,0.1420896655398121,,,0.047265625,0.025,0.022265624999999997,1280,32,40,1.0,0.5890625,0.8218749999999999,counterfactual_dose,1.0,1.0,0.5063413379592743,0.5003504755373118,0.0219533985536672,0.1420896655398121,0.003163715209284878,4.0,7.154615356913663
DEAP,arousal,all,72,gpu_mlp,20260923,0.0235196821010378,stimulus,0.0912797146290695,0.0237544686605571,,,0.043359375000000006,0.025,0.018359375,1280,32,40,1.0,0.5890625,0.8218749999999999,counterfactual_dose,0.0,0.0,0.4787319341206846,0.5022516162217224,0.0237544686605571,0.1398524382972415,0.0004361171980649155,4.0,7.154615356913663
DEAP,arousal,all,72,gpu_mlp,20260923,0.0086862462304969,stimulus,0.1142395397647919,0.0527464909176833,,,0.043359375000000006,0.025,0.018359375,1280,32,40,1.0,0.5890625,0.8218749999999999,counterfactual_dose,0.25,0.2497422941067696,0.4787319341206846,0.4874181803511815,0.0237544686605571,0.1398524382972415,0.0009683926066918418,4.0,7.154615356913663
DEAP,arousal,all,72,gpu_mlp,20260923,0.0179045092838195,stimulus,0.1160809461224999,0.0817956677915635,,,0.043359375000000006,0.025,0.018359375,1280,32,40,1.0,0.5890625,0.8218749999999999,counterfactual_dose,0.5,0.4997955325763207,0.4787319341206846,0.4966364434045042,0.0237544686605571,0.1398524382972415,0.0015017173383607362,4.0,7.154615356913663
DEAP,arousal,all,72,gpu_mlp,20260923,0.0259074542868957,stimulus,0.1243812212039581,0.1107183696392992,,,0.043359375000000006,0.025,0.018359375,1280,32,40,1.0,0.5890625,0.8218749999999999,counterfactual_dose,0.75,0.7491268699855873,0.4787319341206846,0.5046393884075804,0.0237544686605571,0.1398524382972415,0.0020327200675965087,4.0,7.154615356913663
DEAP,arousal,all,72,gpu_mlp,20260923,0.0141022279149983,stimulus,0.1352343835383949,0.1398524382972415,,,0.043359375000000006,0.025,0.018359375,1280,32,40,1.0,0.5890625,0.8218749999999999,counterfactual_dose,1.0,1.0,0.4787319341206846,0.4928341620356829,0.0237544686605571,0.1398524382972415,0.0025676033593634183,4.0,7.154615356913663
DEAP,arousal,all,72,gpu_mlp,20261007,-0.0010816834928544,stimulus,0.0883326844397262,0.0204250547660158,,,0.043359375000000006,0.025,0.018359375,1280,32,40,1.0,0.5890625,0.8218749999999999,counterfactual_dose,0.0,0.0,0.5034896269326583,0.5024079434398039,0.0204250547660158,0.1414603408294579,0.00037499123984482133,4.0,7.154615356913663
DEAP,arousal,all,72,gpu_mlp,20261007,-0.0067195489707617,stimulus,0.1097039372696054,0.0506598219271452,,,0.043359375000000006,0.025,0.018359375,1280,32,40,1.0,0.5890625,0.8218749999999999,counterfactual_dose,0.25,0.2497904404419383,0.5034896269326583,0.4967700779618965,0.0204250547660158,0.1414603408294579,0.0009300826681936814,4.0,7.154615356913663
DEAP,arousal,all,72,gpu_mlp,20261007,-0.0131289649121038,stimulus,0.1176598700121125,0.0808546957691027,,,0.043359375000000006,0.025,0.018359375,1280,32,40,1.0,0.5890625,0.8218749999999999,counterfactual_dose,0.5,0.4993781847897223,0.5034896269326583,0.4903606620205545,0.0204250547660158,0.1414603408294579,0.00148444168013587,4.0,7.154615356913663
DEAP,arousal,all,72,gpu_mlp,20261007,0.0099923349235004,stimulus,0.1078182398953071,0.1111659340818882,,,0.043359375000000006,0.025,0.018359375,1280,32,40,1.0,0.5890625,0.8218749999999999,counterfactual_dose,0.75,0.7496363276123738,0.5034896269326583,0.5134819618561588,0.0204250547660158,0.1414603408294579,0.002040937071034666,4.0,7.154615356913663
DEAP,arousal,all,72,gpu_mlp,20261007,-0.0007059938881101,stimulus,0.1244676462637616,0.1414603408294579,,,0.043359375000000006,0.025,0.018359375,1280,32,40,1.0,0.5890625,0.8218749999999999,counterfactual_dose,1.0,1.0,0.5034896269326583,0.5027836330445482,0.0204250547660158,0.1414603408294579,0.002597123444915829,4.0,7.154615356913663
DEAP,arousal,all,72,hist_gradient_boosting,20260813,0.0080571552480559,stimulus,0.1352558219281702,0.04672066379954461,0.8627342166631488,0.16809064725526465,0.044921875,0.025,0.019921875,1280,32,40,1.0,0.5890625,0.8218749999999999,observational_factorial,,,,,,,0.0009307632241315527,3.0,7.154615356913663
DEAP,arousal,all,72,hist_gradient_boosting,20260829,0.0024760214218716,stimulus,0.1403616705832517,0.051759898211017195,0.8619930530490314,0.17866882829707684,0.047265625,0.025,0.022265624999999997,1280,32,40,1.0,0.5890625,0.8218749999999999,observational_factorial,,,,,,,0.0011524664836046795,3.0,7.154615356913663
DEAP,arousal,all,72,hist_gradient_boosting,20260911,0.0033597744853808,stimulus,0.1347691904267228,0.05221623661870464,0.8627177804053768,0.17797634501234127,0.047265625,0.025,0.022265624999999997,1280,32,40,1.0,0.5890625,0.8218749999999999,observational_factorial,,,,,,,0.0011626271434633454,3.0,7.154615356913663
DEAP,arousal,all,72,hist_gradient_boosting,20260923,0.0022768302891548,stimulus,0.1414004901614709,0.05333766586397653,0.8611313093854998,0.18030213782006244,0.043359375000000006,0.025,0.018359375,1280,32,40,1.0,0.5890625,0.8218749999999999,observational_factorial,,,,,,,0.000979246209221444,3.0,7.154615356913663
DEAP,arousal,all,72,hist_gradient_boosting,20261007,0.0121910016036148,stimulus,0.1420636201349456,0.05091622858642223,0.8615195665880228,0.17699883121603602,0.043359375000000006,0.025,0.018359375,1280,32,40,1.0,0.5890625,0.8218749999999999,observational_factorial,,,,,,,0.0009347901342038456,3.0,7.154615356913663
DEAP,arousal,all,72,linear_logistic,20260813,-0.0111622676523686,stimulus,0.1352558219281702,0.04672066379954461,0.8627342166631488,0.16809064725526465,0.044921875,0.025,0.019921875,1280,32,40,1.0,0.5890625,0.8218749999999999,observational_factorial,,,,,,,0.0009307632241315527,1.0,7.154615356913663
DEAP,arousal,all,72,linear_logistic,20260813,0.0026752125545884,stimulus,0.0581275252439017,0.0183785517653513,,,0.044921875,0.025,0.019921875,1280,32,40,1.0,0.5890625,0.8218749999999999,counterfactual_dose,0.0,0.0,0.5012380107109359,0.5039132232655243,0.0183785517653513,0.1329980202959666,0.0003661352109503579,1.0,7.154615356913663
DEAP,arousal,all,72,linear_logistic,20260813,0.0021885810531411,stimulus,0.1017605407877063,0.0470636251402684,,,0.044921875,0.025,0.019921875,1280,32,40,1.0,0.5890625,0.8218749999999999,counterfactual_dose,0.25,0.2503015679079906,0.5012380107109359,0.503426591764077,0.0183785517653513,0.1329980202959666,0.0009375956570912844,1.0,7.154615356913663
DEAP,arousal,all,72,linear_logistic,20260813,-0.003426591764077,stimulus,0.1343130079352328,0.0756856063210614,,,0.044921875,0.025,0.019921875,1280,32,40,1.0,0.5890625,0.8218749999999999,counterfactual_dose,0.5,0.5000349786650485,0.5012380107109359,0.4978114189468588,0.0183785517653513,0.1329980202959666,0.001507799188427395,1.0,7.154615356913663
DEAP,arousal,all,72,linear_logistic,20260813,0.00778106120967,stimulus,0.1125903846336314,0.1041881999922718,,,0.044921875,0.025,0.019921875,1280,32,40,1.0,0.5890625,0.8218749999999999,counterfactual_dose,0.75,0.7491244023206395,0.5012380107109359,0.5090190719206059,0.0183785517653513,0.1329980202959666,0.0020756242967210395,1.0,7.154615356913663
DEAP,arousal,all,72,linear_logistic,20260813,0.0129322951861302,stimulus,0.1241450361815268,0.1329980202959666,,,0.044921875,0.025,0.019921875,1280,32,40,1.0,0.5890625,0.8218749999999999,counterfactual_dose,1.0,1.0,0.5012380107109359,0.5141703058970661,0.0183785517653513,0.1329980202959666,0.0026495699355837095,1.0,7.154615356913663
DEAP,arousal,all,72,linear_logistic,20260829,0.0004210749261228,stimulus,0.1403616705832517,0.051759898211017195,0.8619930530490314,0.17866882829707684,0.047265625,0.025,0.022265624999999997,1280,32,40,1.0,0.5890625,0.8218749999999999,observational_factorial,,,,,,,0.0011524664836046795,1.0,7.154615356913663
DEAP,arousal,all,72,linear_logistic,20260829,0.0203149741303668,stimulus,0.0757393100540453,0.0203016194731202,,,0.047265625,0.025,0.022265624999999997,1280,32,40,1.0,0.5890625,0.8218749999999999,counterfactual_dose,0.0,0.0,0.4917726497967746,0.5120876239271415,0.0203016194731202,0.1433640780443945,0.00045202824608119187,1.0,7.154615356913663
DEAP,arousal,all,72,linear_logistic,20260829,0.02011578299765,stimulus,0.1129886323465651,0.0511046196434454,,,0.047265625,0.025,0.022265624999999997,1280,32,40,1.0,0.5890625,0.8218749999999999,counterfactual_dose,0.25,0.2503834412594001,0.4917726497967746,0.5118884327944246,0.0203016194731202,0.1433640780443945,0.0011378762967485887,1.0,7.154615356913663
DEAP,arousal,all,72,linear_logistic,20260829,0.0101461407348387,stimulus,0.1416068563228686,0.0819289808538582,,,0.047265625,0.025,0.022265624999999997,1280,32,40,1.0,0.5890625,0.8218749999999999,counterfactual_dose,0.5,0.5007525745547744,0.4917726497967746,0.5019187905316134,0.0203016194731202,0.1433640780443945,0.0018241999643241863,1.0,7.154615356913663
DEAP,arousal,all,72,linear_logistic,20260829,0.013373541366199,stimulus,0.1316342021073405,0.1120616311976752,,,0.047265625,0.025,0.022265624999999997,1280,32,40,1.0,0.5890625,0.8218749999999999,counterfactual_dose,0.75,0.746233801063261,0.4917726497967746,0.5051461911629737,0.0203016194731202,0.1433640780443945,0.0024951222571357365,1.0,7.154615356913663
DEAP,arousal,all,72,linear_logistic,20260829,0.0177507034724814,stimulus,0.1354504320856821,0.1433640780443945,,,0.047265625,0.025,0.022265624999999997,1280,32,40,1.0,0.5890625,0.8218749999999999,counterfactual_dose,1.0,1.0,0.4917726497967746,0.509523353269256,0.0203016194731202,0.1433640780443945,0.0031920908002072207,1.0,7.154615356913663
DEAP,arousal,all,72,linear_logistic,20260911,-0.0146455910681687,stimulus,0.1347691904267228,0.05221623661870464,0.8627177804053768,0.17797634501234127,0.047265625,0.025,0.022265624999999997,1280,32,40,1.0,0.5890625,0.8218749999999999,observational_factorial,,,,,,,0.0011626271434633454,1.0,7.154615356913663
DEAP,arousal,all,72,linear_logistic,20260911,0.010743714132989,stimulus,0.0739834577001834,0.0219533985536672,,,0.047265625,0.025,0.022265624999999997,1280,32,40,1.0,0.5890625,0.8218749999999999,counterfactual_dose,0.0,0.0,0.5040645076701193,0.5148082218031084,0.0219533985536672,0.1420896655398121,0.0004888061396714962,1.0,7.154615356913663
DEAP,arousal,all,72,linear_logistic,20260911,-0.0055697874958396,stimulus,0.1198063331095963,0.0519547832684417,,,0.047265625,0.025,0.022265624999999997,1280,32,40,1.0,0.5890625,0.8218749999999999,counterfactual_dose,0.25,0.2497425658308612,0.5040645076701193,0.4984947201742796,0.0219533985536672,0.1420896655398121,0.001156805721211397,1.0,7.154615356913663
DEAP,arousal,all,72,linear_logistic,20260911,0.0043998547669715,stimulus,0.1085002592972606,0.0820368644540381,,,0.047265625,0.025,0.022265624999999997,1280,32,40,1.0,0.5890625,0.8218749999999999,counterfactual_dose,0.5,0.5002145010629822,0.5040645076701193,0.5084643624370909,0.0219533985536672,0.1420896655398121,0.0018266020601094418,1.0,7.154615356913663
DEAP,arousal,all,72,linear_logistic,20260911,0.0017246422123831,stimulus,0.1405207692880818,0.1112041701103909,,,0.047265625,0.025,0.022265624999999997,1280,32,40,1.0,0.5890625,0.8218749999999999,counterfactual_dose,0.75,0.7447903252349722,0.5040645076701193,0.5057891498825025,0.0219533985536672,0.1420896655398121,0.002476030350114172,1.0,7.154615356913663
DEAP,arousal,all,72,linear_logistic,20260911,-0.0075591774162641,stimulus,0.134236263204894,0.1420896655398121,,,0.047265625,0.025,0.022265624999999997,1280,32,40,1.0,0.5890625,0.8218749999999999,counterfactual_dose,1.0,1.0,0.5040645076701193,0.4965053302538552,0.0219533985536672,0.1420896655398121,0.003163715209284878,1.0,7.154615356913663
DEAP,arousal,all,72,linear_logistic,20260923,0.0046204778570059,stimulus,0.1414004901614709,0.05333766586397653,0.8611313093854998,0.18030213782006244,0.043359375000000006,0.025,0.018359375,1280,32,40,1.0,0.5890625,0.8218749999999999,observational_factorial,,,,,,,0.000979246209221444,1.0,7.154615356913663
DEAP,arousal,all,72,linear_logistic,20260923,0.0146115520771349,stimulus,0.0912797146290695,0.0237544686605571,,,0.043359375000000006,0.025,0.018359375,1280,32,40,1.0,0.5890625,0.8218749999999999,counterfactual_dose,0.0,0.0,0.4797278897842684,0.4943394418614033,0.0237544686605571,0.1398524382972415,0.0004361171980649155,1.0,7.154615356913663
DEAP,arousal,all,72,linear_logistic,20260923,0.0081567508144144,stimulus,0.1142395397647919,0.0527464909176833,,,0.043359375000000006,0.025,0.018359375,1280,32,40,1.0,0.5890625,0.8218749999999999,counterfactual_dose,0.25,0.2497422941067696,0.4797278897842684,0.4878846405986828,0.0237544686605571,0.1398524382972415,0.0009683926066918418,1.0,7.154615356913663
DEAP,arousal,all,72,linear_logistic,20260923,0.0065657431594235,stimulus,0.1160809461224999,0.0817956677915635,,,0.043359375000000006,0.025,0.018359375,1280,32,40,1.0,0.5890625,0.8218749999999999,counterfactual_dose,0.5,0.4997955325763207,0.4797278897842684,0.4862936329436919,0.0237544686605571,0.1398524382972415,0.0015017173383607362,1.0,7.154615356913663
DEAP,arousal,all,72,linear_logistic,20260923,0.0078920031063731,stimulus,0.1243812212039581,0.1107183696392992,,,0.043359375000000006,0.025,0.018359375,1280,32,40,1.0,0.5890625,0.8218749999999999,counterfactual_dose,0.75,0.7491268699855873,0.4797278897842684,0.4876198928906415,0.0237544686605571,0.1398524382972415,0.0020327200675965087,1.0,7.154615356913663
DEAP,arousal,all,72,linear_logistic,20260923,0.0110084618410303,stimulus,0.1352343835383949,0.1398524382972415,,,0.043359375000000006,0.025,0.018359375,1280,32,40,1.0,0.5890625,0.8218749999999999,counterfactual_dose,1.0,1.0,0.4797278897842684,0.4907363516252988,0.0237544686605571,0.1398524382972415,0.0025676033593634183,1.0,7.154615356913663
DEAP,arousal,all,72,linear_logistic,20261007,-0.0114068441064638,stimulus,0.1420636201349456,0.05091622858642223,0.8615195665880228,0.17699883121603602,0.043359375000000006,0.025,0.018359375,1280,32,40,1.0,0.5890625,0.8218749999999999,observational_factorial,,,,,,,0.0009347901342038456,1.0,7.154615356913663
DEAP,arousal,all,72,linear_logistic,20261007,0.0126877187320348,stimulus,0.0883326844397262,0.0204250547660158,,,0.043359375000000006,0.025,0.018359375,1280,32,40,1.0,0.5890625,0.8218749999999999,counterfactual_dose,0.0,0.0,0.5005950519914071,0.513282770723442,0.0204250547660158,0.1414603408294579,0.00037499123984482133,1.0,7.154615356913663
DEAP,arousal,all,72,linear_logistic,20261007,0.001502758418977,stimulus,0.1097039372696054,0.0506598219271452,,,0.043359375000000006,0.025,0.018359375,1280,32,40,1.0,0.5890625,0.8218749999999999,counterfactual_dose,0.25,0.2497904404419383,0.5005950519914071,0.5020978104103841,0.0204250547660158,0.1414603408294579,0.0009300826681936814,1.0,7.154615356913663
DEAP,arousal,all,72,linear_logistic,20261007,0.0063438593660174,stimulus,0.1176598700121125,0.0808546957691027,,,0.043359375000000006,0.025,0.018359375,1280,32,40,1.0,0.5890625,0.8218749999999999,counterfactual_dose,0.5,0.4993781847897223,0.5005950519914071,0.5069389113574245,0.0204250547660158,0.1414603408294579,0.00148444168013587,1.0,7.154615356913663
DEAP,arousal,all,72,linear_logistic,20261007,0.0057689786285564,stimulus,0.1078182398953071,0.1111659340818882,,,0.043359375000000006,0.025,0.018359375,1280,32,40,1.0,0.5890625,0.8218749999999999,counterfactual_dose,0.75,0.7496363276123738,0.5005950519914071,0.5063640306199635,0.0204250547660158,0.1414603408294579,0.002040937071034666,1.0,7.154615356913663
DEAP,arousal,all,72,linear_logistic,20261007,0.0027407691299129,stimulus,0.1244676462637616,0.1414603408294579,,,0.043359375000000006,0.025,0.018359375,1280,32,40,1.0,0.5890625,0.8218749999999999,counterfactual_dose,1.0,1.0,0.5005950519914071,0.50333582112132,0.0204250547660158,0.1414603408294579,0.002597123444915829,1.0,7.154615356913663
DEAP,arousal,all,72,rbf_svm,20260813,0.0169879779326481,stimulus,0.1352558219281702,0.04672066379954461,0.8627342166631488,0.16809064725526465,0.044921875,0.025,0.019921875,1280,32,40,1.0,0.5890625,0.8218749999999999,observational_factorial,,,,,,,0.0009307632241315527,2.0,7.154615356913663
DEAP,arousal,all,72,rbf_svm,20260829,0.001845669736059,stimulus,0.1403616705832517,0.051759898211017195,0.8619930530490314,0.17866882829707684,0.047265625,0.025,0.022265624999999997,1280,32,40,1.0,0.5890625,0.8218749999999999,observational_factorial,,,,,,,0.0011524664836046795,2.0,7.154615356913663
DEAP,arousal,all,72,rbf_svm,20260911,0.0117711873808635,stimulus,0.1347691904267228,0.05221623661870464,0.8627177804053768,0.17797634501234127,0.047265625,0.025,0.022265624999999997,1280,32,40,1.0,0.5890625,0.8218749999999999,observational_factorial,,,,,,,0.0011626271434633454,2.0,7.154615356913663
DEAP,arousal,all,72,rbf_svm,20260923,-0.0052936934574537,stimulus,0.1414004901614709,0.05333766586397653,0.8611313093854998,0.18030213782006244,0.043359375000000006,0.025,0.018359375,1280,32,40,1.0,0.5890625,0.8218749999999999,observational_factorial,,,,,,,0.000979246209221444,2.0,7.154615356913663
DEAP,arousal,all,72,rbf_svm,20261007,0.0061673608939899,stimulus,0.1420636201349456,0.05091622858642223,0.8615195665880228,0.17699883121603602,0.043359375000000006,0.025,0.018359375,1280,32,40,1.0,0.5890625,0.8218749999999999,observational_factorial,,,,,,,0.0009347901342038456,2.0,7.154615356913663
DEAP,arousal,normalized_asymmetry,12,gpu_mlp,20260813,0.0110311545017195,stimulus,0.0581275252439017,0.0183785517653513,,,0.029296875,0.025,0.004296874999999999,1280,32,40,1.0,0.5890625,0.8218749999999999,counterfactual_dose,0.0,0.0,0.4751288438845801,0.4861599983862996,0.0183785517653513,0.1329980202959666,7.897033961674384e-05,4.0,7.154615356913663
DEAP,arousal,normalized_asymmetry,12,gpu_mlp,20260813,0.003426591764077,stimulus,0.1017605407877063,0.0470636251402684,,,0.029296875,0.025,0.004296874999999999,1280,32,40,1.0,0.5890625,0.8218749999999999,counterfactual_dose,0.25,0.2503015679079906,0.4751288438845801,0.4785554356486571,0.0183785517653513,0.1329980202959666,0.0002022265142745907,4.0,7.154615356913663
DEAP,arousal,normalized_asymmetry,12,gpu_mlp,20260813,0.0028517110266159,stimulus,0.1343130079352328,0.0756856063210614,,,0.029296875,0.025,0.004296874999999999,1280,32,40,1.0,0.5890625,0.8218749999999999,counterfactual_dose,0.5,0.5000349786650485,0.4751288438845801,0.477980554911196,0.0183785517653513,0.1329980202959666,0.00032521158966081063,4.0,7.154615356913663
DEAP,arousal,normalized_asymmetry,12,gpu_mlp,20260813,0.0004866315014472,stimulus,0.1125903846336314,0.1041881999922718,,,0.029296875,0.025,0.004296874999999999,1280,32,40,1.0,0.5890625,0.8218749999999999,counterfactual_dose,0.75,0.7491244023206395,0.4751288438845801,0.4756154753860273,0.0183785517653513,0.1329980202959666,0.00044768367184179275,4.0,7.154615356913663
DEAP,arousal,normalized_asymmetry,12,gpu_mlp,20260813,0.0056151728172181,stimulus,0.1241450361815268,0.1329980202959666,,,0.029296875,0.025,0.004296874999999999,1280,32,40,1.0,0.5890625,0.8218749999999999,counterfactual_dose,1.0,1.0,0.4751288438845801,0.4807440167017983,0.0183785517653513,0.1329980202959666,0.0005714758684592313,4.0,7.154615356913663
DEAP,arousal,normalized_asymmetry,12,gpu_mlp,20260829,-0.0020120825811136,stimulus,0.0757393100540453,0.0203016194731202,,,0.0296875,0.025,0.004687499999999999,1280,32,40,1.0,0.5890625,0.8218749999999999,counterfactual_dose,0.0,0.0,0.5041956208207683,0.5021835382396547,0.0203016194731202,0.1433640780443945,9.516384128025092e-05,4.0,7.154615356913663
DEAP,arousal,normalized_asymmetry,12,gpu_mlp,20260829,-0.0116942844751943,stimulus,0.1129886323465651,0.0511046196434454,,,0.0296875,0.025,0.004687499999999999,1280,32,40,1.0,0.5890625,0.8218749999999999,counterfactual_dose,0.25,0.2503834412594001,0.5041956208207683,0.4925013363455739,0.0203016194731202,0.1433640780443945,0.00023955290457865024,4.0,7.154615356913663
DEAP,arousal,normalized_asymmetry,12,gpu_mlp,20260829,0.001502758418977,stimulus,0.1416068563228686,0.0819289808538582,,,0.0296875,0.025,0.004687499999999999,1280,32,40,1.0,0.5890625,0.8218749999999999,counterfactual_dose,0.5,0.5007525745547744,0.5041956208207683,0.5056983792397454,0.0203016194731202,0.1433640780443945,0.0003840420977524602,4.0,7.154615356913663
DEAP,arousal,normalized_asymmetry,12,gpu_mlp,20260829,-0.007317122368912,stimulus,0.1316342021073405,0.1120616311976752,,,0.0296875,0.025,0.004687499999999999,1280,32,40,1.0,0.5890625,0.8218749999999999,counterfactual_dose,0.75,0.746233801063261,0.5041956208207683,0.4968784984518563,0.0203016194731202,0.1433640780443945,0.0005252888962391024,4.0,7.154615356913663
DEAP,arousal,normalized_asymmetry,12,gpu_mlp,20260829,-0.0057034220532319,stimulus,0.1354504320856821,0.1433640780443945,,,0.0296875,0.025,0.004687499999999999,1280,32,40,1.0,0.5890625,0.8218749999999999,counterfactual_dose,1.0,1.0,0.5041956208207683,0.4984921987675363,0.0203016194731202,0.1433640780443945,0.000672019115833099,4.0,7.154615356913663
DEAP,arousal,normalized_asymmetry,12,gpu_mlp,20260911,-0.0122010872305876,stimulus,0.0739834577001834,0.0219533985536672,,,0.028515625000000003,0.025,0.0035156249999999997,1280,32,40,1.0,0.5890625,0.8218749999999999,counterfactual_dose,0.0,0.0,0.5074028501981825,0.4952017629675949,0.0219533985536672,0.1420896655398121,7.717991679023624e-05,4.0,7.154615356913663
DEAP,arousal,normalized_asymmetry,12,gpu_mlp,20260911,-0.0152746820506096,stimulus,0.1198063331095963,0.0519547832684417,,,0.028515625000000003,0.025,0.0035156249999999997,1280,32,40,1.0,0.5890625,0.8218749999999999,counterfactual_dose,0.25,0.2497425658308612,0.5074028501981825,0.4921281681475729,0.0219533985536672,0.1420896655398121,0.00018265353492811533,4.0,7.154615356913663
DEAP,arousal,normalized_asymmetry,12,gpu_mlp,20260911,-0.0084214985224556,stimulus,0.1085002592972606,0.0820368644540381,,,0.028515625000000003,0.025,0.0035156249999999997,1280,32,40,1.0,0.5890625,0.8218749999999999,counterfactual_dose,0.5,0.5002145010629822,0.5074028501981825,0.4989813516757269,0.0219533985536672,0.1420896655398121,0.0002884108515962277,4.0,7.154615356913663
DEAP,arousal,normalized_asymmetry,12,gpu_mlp,20260911,-0.0168203043842219,stimulus,0.1405207692880818,0.1112041701103909,,,0.028515625000000003,0.025,0.0035156249999999997,1280,32,40,1.0,0.5890625,0.8218749999999999,counterfactual_dose,0.75,0.7447903252349722,0.5074028501981825,0.4905825458139605,0.0219533985536672,0.1420896655398121,0.000390952160544343,4.0,7.154615356913663
DEAP,arousal,normalized_asymmetry,12,gpu_mlp,20260911,-0.0139257294429708,stimulus,0.134236263204894,0.1420896655398121,,,0.028515625000000003,0.025,0.0035156249999999997,1280,32,40,1.0,0.5890625,0.8218749999999999,counterfactual_dose,1.0,1.0,0.5074028501981825,0.4934771207552117,0.0219533985536672,0.1420896655398121,0.0004995339804134019,4.0,7.154615356913663
DEAP,arousal,normalized_asymmetry,12,gpu_mlp,20260923,-0.0051285413157708,stimulus,0.0912797146290695,0.0237544686605571,,,0.033984375,0.025,0.008984375,1280,32,40,1.0,0.5890625,0.8218749999999999,counterfactual_dose,0.0,0.0,0.4856960595455416,0.4805675182297707,0.0237544686605571,0.1398524382972415,0.00021341905437219269,4.0,7.154615356913663
DEAP,arousal,normalized_asymmetry,12,gpu_mlp,20260923,-0.0160487539207874,stimulus,0.1142395397647919,0.0527464909176833,,,0.033984375,0.025,0.008984375,1280,32,40,1.0,0.5890625,0.8218749999999999,counterfactual_dose,0.25,0.2497422941067696,0.4856960595455416,0.4696473056247542,0.0237544686605571,0.1398524382972415,0.00047389425433856083,4.0,7.154615356913663
DEAP,arousal,normalized_asymmetry,12,gpu_mlp,20260923,-0.0059026131859486,stimulus,0.1160809461224999,0.0817956677915635,,,0.033984375,0.025,0.008984375,1280,32,40,1.0,0.5890625,0.8218749999999999,counterfactual_dose,0.5,0.4997955325763207,0.4856960595455416,0.479793446359593,0.0237544686605571,0.1398524382972415,0.0007348829528148282,4.0,7.154615356913663
DEAP,arousal,normalized_asymmetry,12,gpu_mlp,20260923,-0.0025642706578854,stimulus,0.1243812212039581,0.1107183696392992,,,0.033984375,0.025,0.008984375,1280,32,40,1.0,0.5890625,0.8218749999999999,counterfactual_dose,0.75,0.7491268699855873,0.4856960595455416,0.4831317888876562,0.0237544686605571,0.1398524382972415,0.0009947353522280786,4.0,7.154615356913663
DEAP,arousal,normalized_asymmetry,12,gpu_mlp,20260923,-0.0062783027906929,stimulus,0.1352343835383949,0.1398524382972415,,,0.033984375,0.025,0.008984375,1280,32,40,1.0,0.5890625,0.8218749999999999,counterfactual_dose,1.0,1.0,0.4856960595455416,0.4794177567548486,0.0237544686605571,0.1398524382972415,0.001256486750326779,4.0,7.154615356913663
DEAP,arousal,normalized_asymmetry,12,gpu_mlp,20261007,-0.0166236346582485,stimulus,0.0883326844397262,0.0204250547660158,,,0.02734375,0.025,0.0023437499999999986,1280,32,40,1.0,0.5890625,0.8218749999999999,counterfactual_dose,0.0,0.0,0.525617492511422,0.5089938578531734,0.0204250547660158,0.1414603408294579,4.7871222107849504e-05,4.0,7.154615356913663
DEAP,arousal,normalized_asymmetry,12,gpu_mlp,20261007,-0.0135727324989157,stimulus,0.1097039372696054,0.0506598219271452,,,0.02734375,0.025,0.0023437499999999986,1280,32,40,1.0,0.5890625,0.8218749999999999,counterfactual_dose,0.25,0.2497904404419383,0.525617492511422,0.5120447600125062,0.0204250547660158,0.1414603408294579,0.00011873395764174649,4.0,7.154615356913663
DEAP,arousal,normalized_asymmetry,12,gpu_mlp,20261007,-0.0200275337616363,stimulus,0.1176598700121125,0.0808546957691027,,,0.02734375,0.025,0.0023437499999999986,1280,32,40,1.0,0.5890625,0.8218749999999999,counterfactual_dose,0.5,0.4993781847897223,0.525617492511422,0.5055899587497856,0.0204250547660158,0.1414603408294579,0.00018950319320883434,4.0,7.154615356913663
DEAP,arousal,normalized_asymmetry,12,gpu_mlp,20261007,-0.0125339129206967,stimulus,0.1078182398953071,0.1111659340818882,,,0.02734375,0.025,0.0023437499999999986,1280,32,40,1.0,0.5890625,0.8218749999999999,counterfactual_dose,0.75,0.7496363276123738,0.525617492511422,0.5130835795907253,0.0204250547660158,0.1414603408294579,0.0002605451580044253,4.0,7.154615356913663
DEAP,arousal,normalized_asymmetry,12,gpu_mlp,20261007,-0.0112959022097608,stimulus,0.1244676462637616,0.1414603408294579,,,0.02734375,0.025,0.0023437499999999986,1280,32,40,1.0,0.5890625,0.8218749999999999,counterfactual_dose,1.0,1.0,0.525617492511422,0.5143215903016611,0.0204250547660158,0.1414603408294579,0.00033154767381904176,4.0,7.154615356913663
DEAP,arousal,normalized_asymmetry,12,linear_logistic,20260813,-0.019772871680568,stimulus,0.1352558219281702,0.04672066379954461,0.8627342166631488,0.16809064725526465,0.029296875,0.025,0.004296874999999999,1280,32,40,1.0,0.5890625,0.8218749999999999,observational_factorial,,,,,,,0.00020075285226366817,1.0,7.154615356913663
DEAP,arousal,normalized_asymmetry,12,linear_logistic,20260813,0.0124229710239937,stimulus,0.0581275252439017,0.0183785517653513,,,0.029296875,0.025,0.004296874999999999,1280,32,40,1.0,0.5890625,0.8218749999999999,counterfactual_dose,0.0,0.0,0.4658450242559329,0.4782679952799266,0.0183785517653513,0.1329980202959666,7.897033961674384e-05,1.0,7.154615356913663
DEAP,arousal,normalized_asymmetry,12,linear_logistic,20260813,0.0005521880767718,stimulus,0.1017605407877063,0.0470636251402684,,,0.029296875,0.025,0.004296874999999999,1280,32,40,1.0,0.5890625,0.8218749999999999,counterfactual_dose,0.25,0.2503015679079906,0.4658450242559329,0.4663972123327047,0.0183785517653513,0.1329980202959666,0.0002022265142745907,1.0,7.154615356913663
DEAP,arousal,normalized_asymmetry,12,linear_logistic,20260813,0.0130861009974685,stimulus,0.1343130079352328,0.0756856063210614,,,0.029296875,0.025,0.004296874999999999,1280,32,40,1.0,0.5890625,0.8218749999999999,counterfactual_dose,0.5,0.5000349786650485,0.4658450242559329,0.4789311252534014,0.0183785517653513,0.1329980202959666,0.00032521158966081063,1.0,7.154615356913663
DEAP,arousal,normalized_asymmetry,12,linear_logistic,20260813,0.001038819578219,stimulus,0.1125903846336314,0.1041881999922718,,,0.029296875,0.025,0.004296874999999999,1280,32,40,1.0,0.5890625,0.8218749999999999,counterfactual_dose,0.75,0.7491244023206395,0.4658450242559329,0.4668838438341519,0.0183785517653513,0.1329980202959666,0.00044768367184179275,1.0,7.154615356913663
DEAP,arousal,normalized_asymmetry,12,linear_logistic,20260813,0.0091073211566197,stimulus,0.1241450361815268,0.1329980202959666,,,0.029296875,0.025,0.004296874999999999,1280,32,40,1.0,0.5890625,0.8218749999999999,counterfactual_dose,1.0,1.0,0.4658450242559329,0.4749523454125526,0.0183785517653513,0.1329980202959666,0.0005714758684592313,1.0,7.154615356913663
DEAP,arousal,normalized_asymmetry,12,linear_logistic,20260829,-0.0189887141834172,stimulus,0.1403616705832517,0.051759898211017195,0.8619930530490314,0.17866882829707684,0.0296875,0.025,0.004687499999999999,1280,32,40,1.0,0.5890625,0.8218749999999999,observational_factorial,,,,,,,0.00024262452286414305,1.0,7.154615356913663
DEAP,arousal,normalized_asymmetry,12,linear_logistic,20260829,0.0115833425784914,stimulus,0.0757393100540453,0.0203016194731202,,,0.0296875,0.025,0.004687499999999999,1280,32,40,1.0,0.5890625,0.8218749999999999,counterfactual_dose,0.0,0.0,0.4770728484836259,0.4886561910621174,0.0203016194731202,0.1433640780443945,9.516384128025092e-05,1.0,7.154615356913663
DEAP,arousal,normalized_asymmetry,12,linear_logistic,20260829,-0.0021003318171274,stimulus,0.1129886323465651,0.0511046196434454,,,0.0296875,0.025,0.004687499999999999,1280,32,40,1.0,0.5890625,0.8218749999999999,counterfactual_dose,0.25,0.2503834412594001,0.4770728484836259,0.4749725166664985,0.0203016194731202,0.1433640780443945,0.00023955290457865024,1.0,7.154615356913663
DEAP,arousal,normalized_asymmetry,12,linear_logistic,20260829,-0.0075163135016288,stimulus,0.1416068563228686,0.0819289808538582,,,0.0296875,0.025,0.004687499999999999,1280,32,40,1.0,0.5890625,0.8218749999999999,counterfactual_dose,0.5,0.5007525745547744,0.4770728484836259,0.4695565349819971,0.0203016194731202,0.1433640780443945,0.0003840420977524602,1.0,7.154615356913663
DEAP,arousal,normalized_asymmetry,12,linear_logistic,20260829,0.0086433823158617,stimulus,0.1316342021073405,0.1120616311976752,,,0.0296875,0.025,0.004687499999999999,1280,32,40,1.0,0.5890625,0.8218749999999999,counterfactual_dose,0.75,0.746233801063261,0.4770728484836259,0.4857162307994876,0.0203016194731202,0.1433640780443945,0.0005252888962391024,1.0,7.154615356913663
DEAP,arousal,normalized_asymmetry,12,linear_logistic,20260829,0.0065430504987342,stimulus,0.1354504320856821,0.1433640780443945,,,0.0296875,0.025,0.004687499999999999,1280,32,40,1.0,0.5890625,0.8218749999999999,counterfactual_dose,1.0,1.0,0.4770728484836259,0.4836158989823602,0.0203016194731202,0.1433640780443945,0.000672019115833099,1.0,7.154615356913663
DEAP,arousal,normalized_asymmetry,12,linear_logistic,20260911,-0.0012833960323143,stimulus,0.1347691904267228,0.05221623661870464,0.8627177804053768,0.17797634501234127,0.028515625000000003,0.025,0.0035156249999999997,1280,32,40,1.0,0.5890625,0.8218749999999999,observational_factorial,,,,,,,0.00018357270686263349,1.0,7.154615356913663
DEAP,arousal,normalized_asymmetry,12,linear_logistic,20260911,0.0086660749765509,stimulus,0.0739834577001834,0.0219533985536672,,,0.028515625000000003,0.025,0.0035156249999999997,1280,32,40,1.0,0.5890625,0.8218749999999999,counterfactual_dose,0.0,0.0,0.4666846527014352,0.4753507276779861,0.0219533985536672,0.1420896655398121,7.717991679023624e-05,1.0,7.154615356913663
DEAP,arousal,normalized_asymmetry,12,linear_logistic,20260911,0.0002218837934059,stimulus,0.1198063331095963,0.0519547832684417,,,0.028515625000000003,0.025,0.0035156249999999997,1280,32,40,1.0,0.5890625,0.8218749999999999,counterfactual_dose,0.25,0.2497425658308612,0.4666846527014352,0.4669065364948412,0.0219533985536672,0.1420896655398121,0.00018265353492811533,1.0,7.154615356913663
DEAP,arousal,normalized_asymmetry,12,linear_logistic,20260911,0.0009077064275699,stimulus,0.1085002592972606,0.0820368644540381,,,0.028515625000000003,0.025,0.0035156249999999997,1280,32,40,1.0,0.5890625,0.8218749999999999,counterfactual_dose,0.5,0.5002145010629822,0.4666846527014352,0.4675923591290052,0.0219533985536672,0.1420896655398121,0.0002884108515962277,1.0,7.154615356913663
DEAP,arousal,normalized_asymmetry,12,linear_logistic,20260911,0.0050629847404464,stimulus,0.1405207692880818,0.1112041701103909,,,0.028515625000000003,0.025,0.0035156249999999997,1280,32,40,1.0,0.5890625,0.8218749999999999,counterfactual_dose,0.75,0.7447903252349722,0.4666846527014352,0.4717476374418816,0.0219533985536672,0.1420896655398121,0.000390952160544343,1.0,7.154615356913663
DEAP,arousal,normalized_asymmetry,12,linear_logistic,20260911,0.0035375336607799,stimulus,0.134236263204894,0.1420896655398121,,,0.028515625000000003,0.025,0.0035156249999999997,1280,32,40,1.0,0.5890625,0.8218749999999999,counterfactual_dose,1.0,1.0,0.4666846527014352,0.4702221863622152,0.0219533985536672,0.1420896655398121,0.0004995339804134019,1.0,7.154615356913663
DEAP,arousal,normalized_asymmetry,12,linear_logistic,20260923,-0.0063552056963621,stimulus,0.1414004901614709,0.05333766586397653,0.8611313093854998,0.18030213782006244,0.033984375,0.025,0.008984375,1280,32,40,1.0,0.5890625,0.8218749999999999,observational_factorial,,,,,,,0.0004792055917466641,1.0,7.154615356913663
DEAP,arousal,normalized_asymmetry,12,linear_logistic,20260923,0.0168883823662898,stimulus,0.0912797146290695,0.0237544686605571,,,0.033984375,0.025,0.008984375,1280,32,40,1.0,0.5890625,0.8218749999999999,counterfactual_dose,0.0,0.0,0.4678571068370465,0.4847454892033364,0.0237544686605571,0.1398524382972415,0.00021341905437219269,1.0,7.154615356913663
DEAP,arousal,normalized_asymmetry,12,linear_logistic,20260923,0.0122464725519662,stimulus,0.1142395397647919,0.0527464909176833,,,0.033984375,0.025,0.008984375,1280,32,40,1.0,0.5890625,0.8218749999999999,counterfactual_dose,0.25,0.2497422941067696,0.4678571068370465,0.4801035793890127,0.0237544686605571,0.1398524382972415,0.00047389425433856083,1.0,7.154615356913663
DEAP,arousal,normalized_asymmetry,12,linear_logistic,20260923,0.0179498946051981,stimulus,0.1160809461224999,0.0817956677915635,,,0.033984375,0.025,0.008984375,1280,32,40,1.0,0.5890625,0.8218749999999999,counterfactual_dose,0.5,0.4997955325763207,0.4678571068370465,0.4858070014422446,0.0237544686605571,0.1398524382972415,0.0007348829528148282,1.0,7.154615356913663
DEAP,arousal,normalized_asymmetry,12,linear_logistic,20260923,0.0174632631037508,stimulus,0.1243812212039581,0.1107183696392992,,,0.033984375,0.025,0.008984375,1280,32,40,1.0,0.5890625,0.8218749999999999,counterfactual_dose,0.75,0.7491268699855873,0.4678571068370465,0.4853203699407973,0.0237544686605571,0.1398524382972415,0.0009947353522280786,1.0,7.154615356913663
DEAP,arousal,normalized_asymmetry,12,linear_logistic,20260923,0.0087316315518753,stimulus,0.1352343835383949,0.1398524382972415,,,0.033984375,0.025,0.008984375,1280,32,40,1.0,0.5890625,0.8218749999999999,counterfactual_dose,1.0,1.0,0.4678571068370465,0.4765887383889219,0.0237544686605571,0.1398524382972415,0.001256486750326779,1.0,7.154615356913663
DEAP,arousal,normalized_asymmetry,12,linear_logistic,20261007,0.015606247037347,stimulus,0.1420636201349456,0.05091622858642223,0.8615195665880228,0.17699883121603602,0.02734375,0.025,0.0023437499999999986,1280,32,40,1.0,0.5890625,0.8218749999999999,observational_factorial,,,,,,,0.00011933491074942704,1.0,7.154615356913663
DEAP,arousal,normalized_asymmetry,12,linear_logistic,20261007,-0.0026096559792639,stimulus,0.0883326844397262,0.0204250547660158,,,0.02734375,0.025,0.0023437499999999986,1280,32,40,1.0,0.5890625,0.8218749999999999,counterfactual_dose,0.0,0.0,0.4753961129993646,0.4727864570201006,0.0204250547660158,0.1414603408294579,4.7871222107849504e-05,1.0,7.154615356913663
DEAP,arousal,normalized_asymmetry,12,linear_logistic,20261007,0.0123120291272907,stimulus,0.1097039372696054,0.0506598219271452,,,0.02734375,0.025,0.0023437499999999986,1280,32,40,1.0,0.5890625,0.8218749999999999,counterfactual_dose,0.25,0.2497904404419383,0.4753961129993646,0.4877081421266553,0.0204250547660158,0.1414603408294579,0.00011873395764174649,1.0,7.154615356913663
DEAP,arousal,normalized_asymmetry,12,linear_logistic,20261007,0.0022541376284657,stimulus,0.1176598700121125,0.0808546957691027,,,0.02734375,0.025,0.0023437499999999986,1280,32,40,1.0,0.5890625,0.8218749999999999,counterfactual_dose,0.5,0.4993781847897223,0.4753961129993646,0.4776502506278303,0.0204250547660158,0.1414603408294579,0.00018950319320883434,1.0,7.154615356913663
DEAP,arousal,normalized_asymmetry,12,linear_logistic,20261007,0.0086433823158617,stimulus,0.1078182398953071,0.1111659340818882,,,0.02734375,0.025,0.0023437499999999986,1280,32,40,1.0,0.5890625,0.8218749999999999,counterfactual_dose,0.75,0.7496363276123738,0.4753961129993646,0.4840394953152263,0.0204250547660158,0.1414603408294579,0.0002605451580044253,1.0,7.154615356913663
DEAP,arousal,normalized_asymmetry,12,linear_logistic,20261007,0.0061446682333007,stimulus,0.1244676462637616,0.1414603408294579,,,0.02734375,0.025,0.0023437499999999986,1280,32,40,1.0,0.5890625,0.8218749999999999,counterfactual_dose,1.0,1.0,0.4753961129993646,0.4815407812326653,0.0204250547660158,0.1414603408294579,0.00033154767381904176,1.0,7.154615356913663
DEAP,arousal,normalized_asymmetry,12,rbf_svm,20260813,-0.0055269235812044,stimulus,0.1352558219281702,0.04672066379954461,0.8627342166631488,0.16809064725526465,0.029296875,0.025,0.004296874999999999,1280,32,40,1.0,0.5890625,0.8218749999999999,observational_factorial,,,,,,,0.00020075285226366817,2.0,7.154615356913663
DEAP,arousal,normalized_asymmetry,12,rbf_svm,20260829,0.0025415779971961,stimulus,0.1403616705832517,0.051759898211017195,0.8619930530490314,0.17866882829707684,0.0296875,0.025,0.004687499999999999,1280,32,40,1.0,0.5890625,0.8218749999999999,observational_factorial,,,,,,,0.00024262452286414305,2.0,7.154615356913663
DEAP,arousal,normalized_asymmetry,12,rbf_svm,20260911,-0.0156289396980363,stimulus,0.1347691904267228,0.05221623661870464,0.8627177804053768,0.17797634501234127,0.028515625000000003,0.025,0.0035156249999999997,1280,32,40,1.0,0.5890625,0.8218749999999999,observational_factorial,,,,,,,0.00018357270686263349,2.0,7.154615356913663
DEAP,arousal,normalized_asymmetry,12,rbf_svm,20260923,0.0086433823158617,stimulus,0.1414004901614709,0.05333766586397653,0.8611313093854998,0.18030213782006244,0.033984375,0.025,0.008984375,1280,32,40,1.0,0.5890625,0.8218749999999999,observational_factorial,,,,,,,0.0004792055917466641,2.0,7.154615356913663
DEAP,arousal,normalized_asymmetry,12,rbf_svm,20261007,-0.0083546812437595,stimulus,0.1420636201349456,0.05091622858642223,0.8615195665880228,0.17699883121603602,0.02734375,0.025,0.0023437499999999986,1280,32,40,1.0,0.5890625,0.8218749999999999,observational_factorial,,,,,,,0.00011933491074942704,2.0,7.154615356913663
DEAP,arousal,relative_power,24,gpu_mlp,20260813,0.0106983288116105,stimulus,0.0581275252439017,0.0183785517653513,,,0.03828125,0.025,0.013281249999999998,1280,32,40,1.0,0.5890625,0.8218749999999999,counterfactual_dose,0.0,0.0,0.5179927585198334,0.528691087331444,0.0183785517653513,0.1329980202959666,0.0002440901406335719,4.0,7.154615356913663
DEAP,arousal,relative_power,24,gpu_mlp,20260813,0.0178818166231303,stimulus,0.1017605407877063,0.0470636251402684,,,0.03828125,0.025,0.013281249999999998,1280,32,40,1.0,0.5890625,0.8218749999999999,counterfactual_dose,0.25,0.2503015679079906,0.5179927585198334,0.5358745751429638,0.0183785517653513,0.1329980202959666,0.0006250637713941895,4.0,7.154615356913663
DEAP,arousal,relative_power,24,gpu_mlp,20260813,-0.0028088471119807,stimulus,0.1343130079352328,0.0756856063210614,,,0.03828125,0.025,0.013281249999999998,1280,32,40,1.0,0.5890625,0.8218749999999999,counterfactual_dose,0.5,0.5000349786650485,0.5179927585198334,0.5151839114078527,0.0183785517653513,0.1329980202959666,0.0010051994589515966,4.0,7.154615356913663
DEAP,arousal,relative_power,24,gpu_mlp,20260813,0.0182146423132394,stimulus,0.1125903846336314,0.1041881999922718,,,0.03828125,0.025,0.013281249999999998,1280,32,40,1.0,0.5890625,0.8218749999999999,counterfactual_dose,0.75,0.7491244023206395,0.5179927585198334,0.5362074008330728,0.0183785517653513,0.1329980202959666,0.0013837495311473597,4.0,7.154615356913663
DEAP,arousal,relative_power,24,gpu_mlp,20260813,0.0076474266522778,stimulus,0.1241450361815268,0.1329980202959666,,,0.03828125,0.025,0.013281249999999998,1280,32,40,1.0,0.5890625,0.8218749999999999,counterfactual_dose,1.0,1.0,0.5179927585198334,0.5256401851721112,0.0183785517653513,0.1329980202959666,0.0017663799570558061,4.0,7.154615356913663
DEAP,arousal,relative_power,24,gpu_mlp,20260829,0.0078693104456838,stimulus,0.0757393100540453,0.0203016194731202,,,0.044140625,0.025,0.019140624999999998,1280,32,40,1.0,0.5890625,0.8218749999999999,counterfactual_dose,0.0,0.0,0.513060886930036,0.5209301973757199,0.0203016194731202,0.1433640780443945,0.00038858568522769126,4.0,7.154615356913663
DEAP,arousal,relative_power,24,gpu_mlp,20260829,0.0125112202600073,stimulus,0.1129886323465651,0.0511046196434454,,,0.044140625,0.025,0.019140624999999998,1280,32,40,1.0,0.5890625,0.8218749999999999,counterfactual_dose,0.25,0.2503834412594001,0.513060886930036,0.5255721071900434,0.0203016194731202,0.1433640780443945,0.0009781743603628219,4.0,7.154615356913663
DEAP,arousal,relative_power,24,gpu_mlp,20260829,0.0103453318675554,stimulus,0.1416068563228686,0.0819289808538582,,,0.044140625,0.025,0.019140624999999998,1280,32,40,1.0,0.5890625,0.8218749999999999,counterfactual_dose,0.5,0.5007525745547744,0.513060886930036,0.5234062187975915,0.0203016194731202,0.1433640780443945,0.0015681718991558795,4.0,7.154615356913663
DEAP,arousal,relative_power,24,gpu_mlp,20260829,0.0032047079706709,stimulus,0.1316342021073405,0.1120616311976752,,,0.044140625,0.025,0.019140624999999998,1280,32,40,1.0,0.5890625,0.8218749999999999,counterfactual_dose,0.75,0.746233801063261,0.513060886930036,0.516265594900707,0.0203016194731202,0.1433640780443945,0.0021449296596430015,4.0,7.154615356913663
DEAP,arousal,relative_power,24,gpu_mlp,20260829,0.0096595092333914,stimulus,0.1354504320856821,0.1433640780443945,,,0.044140625,0.025,0.019140624999999998,1280,32,40,1.0,0.5890625,0.8218749999999999,counterfactual_dose,1.0,1.0,0.513060886930036,0.5227203961634275,0.0203016194731202,0.1433640780443945,0.002744078056318488,4.0,7.154615356913663
DEAP,arousal,relative_power,24,gpu_mlp,20260911,0.0220169236820606,stimulus,0.0739834577001834,0.0219533985536672,,,0.041796875,0.025,0.016796874999999996,1280,32,40,1.0,0.5890625,0.8218749999999999,counterfactual_dose,0.0,0.0,0.5024054220330607,0.5244223457151214,0.0219533985536672,0.1420896655398121,0.0003687484913311287,4.0,7.154615356913663
DEAP,arousal,relative_power,24,gpu_mlp,20260911,0.0220396163427498,stimulus,0.1198063331095963,0.0519547832684417,,,0.041796875,0.025,0.016796874999999996,1280,32,40,1.0,0.5890625,0.8218749999999999,counterfactual_dose,0.25,0.2497425658308612,0.5024054220330607,0.5244450383758106,0.0219533985536672,0.1420896655398121,0.0008726780002121064,4.0,7.154615356913663
DEAP,arousal,relative_power,24,gpu_mlp,20260911,0.0141476132363768,stimulus,0.1085002592972606,0.0820368644540381,,,0.041796875,0.025,0.016796874999999996,1280,32,40,1.0,0.5890625,0.8218749999999999,counterfactual_dose,0.5,0.5002145010629822,0.5024054220330607,0.5165530352694375,0.0219533985536672,0.1420896655398121,0.0013779629576264208,4.0,7.154615356913663
DEAP,arousal,relative_power,24,gpu_mlp,20260911,0.0112303456344362,stimulus,0.1405207692880818,0.1112041701103909,,,0.041796875,0.025,0.016796874999999996,1280,32,40,1.0,0.5890625,0.8218749999999999,counterfactual_dose,0.75,0.7447903252349722,0.5024054220330607,0.513635767667497,0.0219533985536672,0.1420896655398121,0.0018678825448229716,4.0,7.154615356913663
DEAP,arousal,relative_power,24,gpu_mlp,20260911,0.0163135016288287,stimulus,0.134236263204894,0.1420896655398121,,,0.041796875,0.025,0.016796874999999996,1280,32,40,1.0,0.5890625,0.8218749999999999,counterfactual_dose,1.0,1.0,0.5024054220330607,0.5187189236618894,0.0219533985536672,0.1420896655398121,0.0023866623508640304,4.0,7.154615356913663
DEAP,arousal,relative_power,24,gpu_mlp,20260923,0.0084240199291988,stimulus,0.0912797146290695,0.0237544686605571,,,0.034765624999999994,0.025,0.009765624999999997,1280,32,40,1.0,0.5890625,0.8218749999999999,counterfactual_dose,0.0,0.0,0.4852749846194188,0.4936990045486177,0.0237544686605571,0.1398524382972415,0.00023197723301325284,4.0,7.154615356913663
DEAP,arousal,relative_power,24,gpu_mlp,20260923,0.0050856774011356,stimulus,0.1142395397647919,0.0527464909176833,,,0.034765624999999994,0.025,0.009765624999999997,1280,32,40,1.0,0.5890625,0.8218749999999999,counterfactual_dose,0.25,0.2497422941067696,0.4852749846194188,0.4903606620205545,0.0237544686605571,0.1398524382972415,0.0005151024503680007,4.0,7.154615356913663
DEAP,arousal,relative_power,24,gpu_mlp,20260923,0.0082248287964821,stimulus,0.1160809461224999,0.0817956677915635,,,0.034765624999999994,0.025,0.009765624999999997,1280,32,40,1.0,0.5890625,0.8218749999999999,counterfactual_dose,0.5,0.4997955325763207,0.4852749846194188,0.493499813415901,0.0237544686605571,0.1398524382972415,0.000798785818276987,4.0,7.154615356913663
DEAP,arousal,relative_power,24,gpu_mlp,20260923,0.0047099877963913,stimulus,0.1243812212039581,0.1107183696392992,,,0.034765624999999994,0.025,0.009765624999999997,1280,32,40,1.0,0.5890625,0.8218749999999999,counterfactual_dose,0.75,0.7491268699855873,0.4852749846194188,0.4899849724158102,0.0237544686605571,0.1398524382972415,0.0010812340785087808,4.0,7.154615356913663
DEAP,arousal,relative_power,24,gpu_mlp,20260923,0.0136408104809835,stimulus,0.1352343835383949,0.1398524382972415,,,0.034765624999999994,0.025,0.009765624999999997,1280,32,40,1.0,0.5890625,0.8218749999999999,counterfactual_dose,1.0,1.0,0.4852749846194188,0.4989157951004024,0.0237544686605571,0.1398524382972415,0.0013657464677464986,4.0,7.154615356913663
DEAP,arousal,relative_power,24,gpu_mlp,20261007,0.0100805841595142,stimulus,0.0883326844397262,0.0204250547660158,,,0.04140625,0.025,0.016406249999999997,1280,32,40,1.0,0.5890625,0.8218749999999999,counterfactual_dose,0.0,0.0,0.5189861927766739,0.5290667769361882,0.0204250547660158,0.1414603408294579,0.00033509855475494666,4.0,7.154615356913663
DEAP,arousal,relative_power,24,gpu_mlp,20261007,0.0093292049500257,stimulus,0.1097039372696054,0.0506598219271452,,,0.04140625,0.025,0.016406249999999997,1280,32,40,1.0,0.5890625,0.8218749999999999,counterfactual_dose,0.25,0.2497904404419383,0.5189861927766739,0.5283153977266997,0.0204250547660158,0.1414603408294579,0.0008311377034922259,4.0,7.154615356913663
DEAP,arousal,relative_power,24,gpu_mlp,20261007,0.0087543242125647,stimulus,0.1176598700121125,0.0808546957691027,,,0.04140625,0.025,0.016406249999999997,1280,32,40,1.0,0.5890625,0.8218749999999999,counterfactual_dose,0.5,0.4993781847897223,0.5189861927766739,0.5277405169892386,0.0204250547660158,0.1414603408294579,0.001326522352461841,4.0,7.154615356913663
DEAP,arousal,relative_power,24,gpu_mlp,20261007,-0.0001764984720274,stimulus,0.1078182398953071,0.1111659340818882,,,0.04140625,0.025,0.016406249999999997,1280,32,40,1.0,0.5890625,0.8218749999999999,counterfactual_dose,0.75,0.7496363276123738,0.5189861927766739,0.5188096943046464,0.0204250547660158,0.1414603408294579,0.0018238161060309779,4.0,7.154615356913663
DEAP,arousal,relative_power,24,gpu_mlp,20261007,0.0175086484251294,stimulus,0.1244676462637616,0.1414603408294579,,,0.04140625,0.025,0.016406249999999997,1280,32,40,1.0,0.5890625,0.8218749999999999,counterfactual_dose,1.0,1.0,0.5189861927766739,0.5364948412018034,0.0204250547660158,0.1414603408294579,0.0023208337167332934,4.0,7.154615356913663
DEAP,arousal,relative_power,24,linear_logistic,20260813,-0.0008282821151576,stimulus,0.1352558219281702,0.04672066379954461,0.8627342166631488,0.16809064725526465,0.03828125,0.025,0.013281249999999998,1280,32,40,1.0,0.5890625,0.8218749999999999,observational_factorial,,,,,,,0.0006205088160877017,1.0,7.154615356913663
DEAP,arousal,relative_power,24,linear_logistic,20260813,0.0013262599469496,stimulus,0.0581275252439017,0.0183785517653513,,,0.03828125,0.025,0.013281249999999998,1280,32,40,1.0,0.5890625,0.8218749999999999,counterfactual_dose,0.0,0.0,0.5317419894907767,0.5330682494377263,0.0183785517653513,0.1329980202959666,0.0002440901406335719,1.0,7.154615356913663
DEAP,arousal,relative_power,24,linear_logistic,20260813,0.0024533287611824,stimulus,0.1017605407877063,0.0470636251402684,,,0.03828125,0.025,0.013281249999999998,1280,32,40,1.0,0.5890625,0.8218749999999999,counterfactual_dose,0.25,0.2503015679079906,0.5317419894907767,0.5341953182519591,0.0183785517653513,0.1329980202959666,0.0006250637713941895,1.0,7.154615356913663
DEAP,arousal,relative_power,24,linear_logistic,20260813,-0.000574880737461,stimulus,0.1343130079352328,0.0756856063210614,,,0.03828125,0.025,0.013281249999999998,1280,32,40,1.0,0.5890625,0.8218749999999999,counterfactual_dose,0.5,0.5000349786650485,0.5317419894907767,0.5311671087533156,0.0183785517653513,0.1329980202959666,0.0010051994589515966,1.0,7.154615356913663
DEAP,arousal,relative_power,24,linear_logistic,20260813,0.006742241631451,stimulus,0.1125903846336314,0.1041881999922718,,,0.03828125,0.025,0.013281249999999998,1280,32,40,1.0,0.5890625,0.8218749999999999,counterfactual_dose,0.75,0.7491244023206395,0.5317419894907767,0.5384842311222278,0.0183785517653513,0.1329980202959666,0.0013837495311473597,1.0,7.154615356913663
DEAP,arousal,relative_power,24,linear_logistic,20260813,0.0120472814192493,stimulus,0.1241450361815268,0.1329980202959666,,,0.03828125,0.025,0.013281249999999998,1280,32,40,1.0,0.5890625,0.8218749999999999,counterfactual_dose,1.0,1.0,0.5317419894907767,0.543789270910026,0.0183785517653513,0.1329980202959666,0.0017663799570558061,1.0,7.154615356913663
DEAP,arousal,relative_power,24,linear_logistic,20260829,0.002000736250769,stimulus,0.1403616705832517,0.051759898211017195,0.8619930530490314,0.17866882829707684,0.044140625,0.025,0.019140624999999998,1280,32,40,1.0,0.5890625,0.8218749999999999,observational_factorial,,,,,,,0.000990716801695251,1.0,7.154615356913663
DEAP,arousal,relative_power,24,linear_logistic,20260829,0.0004639388407581,stimulus,0.0757393100540453,0.0203016194731202,,,0.044140625,0.025,0.019140624999999998,1280,32,40,1.0,0.5890625,0.8218749999999999,counterfactual_dose,0.0,0.0,0.5367595889098445,0.5372235277506027,0.0203016194731202,0.1433640780443945,0.00038858568522769126,1.0,7.154615356913663
DEAP,arousal,relative_power,24,linear_logistic,20260829,0.0043544694455931,stimulus,0.1129886323465651,0.0511046196434454,,,0.044140625,0.025,0.019140624999999998,1280,32,40,1.0,0.5890625,0.8218749999999999,counterfactual_dose,0.25,0.2503834412594001,0.5367595889098445,0.5411140583554377,0.0203016194731202,0.1433640780443945,0.0009781743603628219,1.0,7.154615356913663
DEAP,arousal,relative_power,24,linear_logistic,20260829,-0.0042662202095792,stimulus,0.1416068563228686,0.0819289808538582,,,0.044140625,0.025,0.019140624999999998,1280,32,40,1.0,0.5890625,0.8218749999999999,counterfactual_dose,0.5,0.5007525745547744,0.5367595889098445,0.5324933687002653,0.0203016194731202,0.1433640780443945,0.0015681718991558795,1.0,7.154615356913663
DEAP,arousal,relative_power,24,linear_logistic,20260829,0.0018128914483969,stimulus,0.1316342021073405,0.1120616311976752,,,0.044140625,0.025,0.019140624999999998,1280,32,40,1.0,0.5890625,0.8218749999999999,counterfactual_dose,0.75,0.746233801063261,0.5367595889098445,0.5385724803582415,0.0203016194731202,0.1433640780443945,0.0021449296596430015,1.0,7.154615356913663
DEAP,arousal,relative_power,24,linear_logistic,20260829,-0.00161370031568,stimulus,0.1354504320856821,0.1433640780443945,,,0.044140625,0.025,0.019140624999999998,1280,32,40,1.0,0.5890625,0.8218749999999999,counterfactual_dose,1.0,1.0,0.5367595889098445,0.5351458885941645,0.0203016194731202,0.1433640780443945,0.002744078056318488,1.0,7.154615356913663
DEAP,arousal,relative_power,24,linear_logistic,20260911,0.0013590382346118,stimulus,0.1347691904267228,0.05221623661870464,0.8627177804053768,0.17797634501234127,0.041796875,0.025,0.016796874999999996,1280,32,40,1.0,0.5890625,0.8218749999999999,observational_factorial,,,,,,,0.0008770695994548043,1.0,7.154615356913663
DEAP,arousal,relative_power,24,linear_logistic,20260911,0.0008396284455023,stimulus,0.0739834577001834,0.0219533985536672,,,0.041796875,0.025,0.016796874999999996,1280,32,40,1.0,0.5890625,0.8218749999999999,counterfactual_dose,0.0,0.0,0.5297954634849875,0.5306350919304899,0.0219533985536672,0.1420896655398121,0.0003687484913311287,1.0,7.154615356913663
DEAP,arousal,relative_power,24,linear_logistic,20260911,-0.0003983822654334,stimulus,0.1198063331095963,0.0519547832684417,,,0.041796875,0.025,0.016796874999999996,1280,32,40,1.0,0.5890625,0.8218749999999999,counterfactual_dose,0.25,0.2497425658308612,0.5297954634849875,0.5293970812195541,0.0219533985536672,0.1420896655398121,0.0008726780002121064,1.0,7.154615356913663
DEAP,arousal,relative_power,24,linear_logistic,20260911,-0.0043771621062822,stimulus,0.1085002592972606,0.0820368644540381,,,0.041796875,0.025,0.016796874999999996,1280,32,40,1.0,0.5890625,0.8218749999999999,counterfactual_dose,0.5,0.5002145010629822,0.5297954634849875,0.5254183013787053,0.0219533985536672,0.1420896655398121,0.0013779629576264208,1.0,7.154615356913663
DEAP,arousal,relative_power,24,linear_logistic,20260911,-0.001149761474922,stimulus,0.1405207692880818,0.1112041701103909,,,0.041796875,0.025,0.016796874999999996,1280,32,40,1.0,0.5890625,0.8218749999999999,counterfactual_dose,0.75,0.7447903252349722,0.5297954634849875,0.5286457020100654,0.0219533985536672,0.1420896655398121,0.0018678825448229716,1.0,7.154615356913663
DEAP,arousal,relative_power,24,linear_logistic,20260911,0.0036913394721183,stimulus,0.134236263204894,0.1420896655398121,,,0.041796875,0.025,0.016796874999999996,1280,32,40,1.0,0.5890625,0.8218749999999999,counterfactual_dose,1.0,1.0,0.5297954634849875,0.5334868029571058,0.0219533985536672,0.1420896655398121,0.0023866623508640304,1.0,7.154615356913663
DEAP,arousal,relative_power,24,linear_logistic,20260923,0.0142257768454175,stimulus,0.1414004901614709,0.05333766586397653,0.8611313093854998,0.18030213782006244,0.034765624999999994,0.025,0.009765624999999997,1280,32,40,1.0,0.5890625,0.8218749999999999,observational_factorial,,,,,,,0.0005208756432028956,1.0,7.154615356913663
DEAP,arousal,relative_power,24,linear_logistic,20260923,0.0013035672862603,stimulus,0.0912797146290695,0.0237544686605571,,,0.034765624999999994,0.025,0.009765624999999997,1280,32,40,1.0,0.5890625,0.8218749999999999,counterfactual_dose,0.0,0.0,0.5088829159564704,0.5101864832427307,0.0237544686605571,0.1398524382972415,0.00023197723301325284,1.0,7.154615356913663
DEAP,arousal,relative_power,24,linear_logistic,20260923,0.0053050397877985,stimulus,0.1142395397647919,0.0527464909176833,,,0.034765624999999994,0.025,0.009765624999999997,1280,32,40,1.0,0.5890625,0.8218749999999999,counterfactual_dose,0.25,0.2497422941067696,0.5088829159564704,0.5141879557442689,0.0237544686605571,0.1398524382972415,0.0005151024503680007,1.0,7.154615356913663
DEAP,arousal,relative_power,24,linear_logistic,20260923,0.0006631299734748,stimulus,0.1160809461224999,0.0817956677915635,,,0.034765624999999994,0.025,0.009765624999999997,1280,32,40,1.0,0.5890625,0.8218749999999999,counterfactual_dose,0.5,0.4997955325763207,0.5088829159564704,0.5095460459299452,0.0237544686605571,0.1398524382972415,0.000798785818276987,1.0,7.154615356913663
DEAP,arousal,relative_power,24,linear_logistic,20260923,-0.0013262599469495,stimulus,0.1243812212039581,0.1107183696392992,,,0.034765624999999994,0.025,0.009765624999999997,1280,32,40,1.0,0.5890625,0.8218749999999999,counterfactual_dose,0.75,0.7491268699855873,0.5088829159564704,0.5075566560095208,0.0237544686605571,0.1398524382972415,0.0010812340785087808,1.0,7.154615356913663
DEAP,arousal,relative_power,24,linear_logistic,20260923,0.0069414327641678,stimulus,0.1352343835383949,0.1398524382972415,,,0.034765624999999994,0.025,0.009765624999999997,1280,32,40,1.0,0.5890625,0.8218749999999999,counterfactual_dose,1.0,1.0,0.5088829159564704,0.5158243487206382,0.0237544686605571,0.1398524382972415,0.0013657464677464986,1.0,7.154615356913663
DEAP,arousal,relative_power,24,linear_logistic,20261007,0.0149317707335276,stimulus,0.1420636201349456,0.05091622858642223,0.8615195665880228,0.17699883121603602,0.04140625,0.025,0.016406249999999997,1280,32,40,1.0,0.5890625,0.8218749999999999,observational_factorial,,,,,,,0.0008353443752459896,1.0,7.154615356913663
DEAP,arousal,relative_power,24,linear_logistic,20261007,0.0178389527084951,stimulus,0.0883326844397262,0.0204250547660158,,,0.04140625,0.025,0.016406249999999997,1280,32,40,1.0,0.5890625,0.8218749999999999,counterfactual_dose,0.0,0.0,0.5233633548829563,0.5412023075914514,0.0204250547660158,0.1414603408294579,0.00033509855475494666,1.0,7.154615356913663
DEAP,arousal,relative_power,24,linear_logistic,20261007,0.0132852921301852,stimulus,0.1097039372696054,0.0506598219271452,,,0.04140625,0.025,0.016406249999999997,1280,32,40,1.0,0.5890625,0.8218749999999999,counterfactual_dose,0.25,0.2497904404419383,0.5233633548829563,0.5366486470131415,0.0204250547660158,0.1414603408294579,0.0008311377034922259,1.0,7.154615356913663
DEAP,arousal,relative_power,24,linear_logistic,20261007,0.0186130245786729,stimulus,0.1176598700121125,0.0808546957691027,,,0.04140625,0.025,0.016406249999999997,1280,32,40,1.0,0.5890625,0.8218749999999999,counterfactual_dose,0.5,0.4993781847897223,0.5233633548829563,0.5419763794616292,0.0204250547660158,0.1414603408294579,0.001326522352461841,1.0,7.154615356913663
DEAP,arousal,relative_power,24,linear_logistic,20261007,0.0146115520771349,stimulus,0.1078182398953071,0.1111659340818882,,,0.04140625,0.025,0.016406249999999997,1280,32,40,1.0,0.5890625,0.8218749999999999,counterfactual_dose,0.75,0.7496363276123738,0.5233633548829563,0.5379749069600912,0.0204250547660158,0.1414603408294579,0.0018238161060309779,1.0,7.154615356913663
DEAP,arousal,relative_power,24,linear_logistic,20261007,0.0188122157113898,stimulus,0.1244676462637616,0.1414603408294579,,,0.04140625,0.025,0.016406249999999997,1280,32,40,1.0,0.5890625,0.8218749999999999,counterfactual_dose,1.0,1.0,0.5233633548829563,0.5421755705943461,0.0204250547660158,0.1414603408294579,0.0023208337167332934,1.0,7.154615356913663
DEAP,arousal,relative_power,24,rbf_svm,20260813,-0.0065090115077005,stimulus,0.1352558219281702,0.04672066379954461,0.8627342166631488,0.16809064725526465,0.03828125,0.025,0.013281249999999998,1280,32,40,1.0,0.5890625,0.8218749999999999,observational_factorial,,,,,,,0.0006205088160877017,2.0,7.154615356913663
DEAP,arousal,relative_power,24,rbf_svm,20260829,0.0040783754072071,stimulus,0.1403616705832517,0.051759898211017195,0.8619930530490314,0.17866882829707684,0.044140625,0.025,0.019140624999999998,1280,32,40,1.0,0.5890625,0.8218749999999999,observational_factorial,,,,,,,0.000990716801695251,2.0,7.154615356913663
DEAP,arousal,relative_power,24,rbf_svm,20260911,0.0046318241873505,stimulus,0.1347691904267228,0.05221623661870464,0.8627177804053768,0.17797634501234127,0.041796875,0.025,0.016796874999999996,1280,32,40,1.0,0.5890625,0.8218749999999999,observational_factorial,,,,,,,0.0008770695994548043,2.0,7.154615356913663
DEAP,arousal,relative_power,24,rbf_svm,20260923,0.0331035491321318,stimulus,0.1414004901614709,0.05333766586397653,0.8611313093854998,0.18030213782006244,0.034765624999999994,0.025,0.009765624999999997,1280,32,40,1.0,0.5890625,0.8218749999999999,observational_factorial,,,,,,,0.0005208756432028956,2.0,7.154615356913663
DEAP,arousal,relative_power,24,rbf_svm,20261007,0.0086093433248277,stimulus,0.1420636201349456,0.05091622858642223,0.8615195665880228,0.17699883121603602,0.04140625,0.025,0.016406249999999997,1280,32,40,1.0,0.5890625,0.8218749999999999,observational_factorial,,,,,,,0.0008353443752459896,2.0,7.154615356913663
DEAP,arousal,absolute_power,24,linear_logistic,20260813,0.0294222952869864,subject,0.0584361226815665,0.03902024677146683,0.9002334491865429,0.14453056161948563,0.801953125,0.03125,0.770703125,1280,32,40,1.0,0.5890625,0.8218749999999999,observational_factorial,,,,,,,0.030073026125040647,1.0,7.154615356913663
DEAP,arousal,absolute_power,24,linear_logistic,20260829,0.0732241732307288,subject,0.0766507649948059,0.038004362594896215,0.9027964853766707,0.14811799846476925,0.798828125,0.03125,0.767578125,1280,32,40,1.0,0.5890625,0.8218749999999999,observational_factorial,,,,,,,0.02917131738241057,1.0,7.154615356913663
DEAP,arousal,absolute_power,24,linear_logistic,20260911,0.0361973152060997,subject,0.0722736028885235,0.03859626070366664,0.9001855915408367,0.14629219902133897,0.8,0.03125,0.76875,1280,32,40,1.0,0.5890625,0.8218749999999999,observational_factorial,,,,,,,0.02967087541594373,1.0,7.154615356913663
DEAP,arousal,absolute_power,24,linear_logistic,20260923,0.0457320148057002,subject,0.079192342992002,0.035680925390738964,0.8998479800949465,0.13642790918433192,0.792578125,0.03125,0.761328125,1280,32,40,1.0,0.5890625,0.8218749999999999,observational_factorial,,,,,,,0.027164892025996187,1.0,7.154615356913663
DEAP,arousal,absolute_power,24,linear_logistic,20261007,0.0721500539581043,subject,0.0690462022571632,0.038420131008690524,0.9001929237870072,0.14685799565927402,0.805078125,0.03125,0.773828125,1280,32,40,1.0,0.5890625,0.8218749999999999,observational_factorial,,,,,,,0.029730577940709345,1.0,7.154615356913663
DEAP,arousal,absolute_power,24,rbf_svm,20260813,0.0587563413379592,subject,0.0584361226815665,0.03902024677146683,0.9002334491865429,0.14453056161948563,0.801953125,0.03125,0.770703125,1280,32,40,1.0,0.5890625,0.8218749999999999,observational_factorial,,,,,,,0.030073026125040647,2.0,7.154615356913663
DEAP,arousal,absolute_power,24,rbf_svm,20260829,0.0644383314338736,subject,0.0766507649948059,0.038004362594896215,0.9027964853766707,0.14811799846476925,0.798828125,0.03125,0.767578125,1280,32,40,1.0,0.5890625,0.8218749999999999,observational_factorial,,,,,,,0.02917131738241057,2.0,7.154615356913663
DEAP,arousal,absolute_power,24,rbf_svm,20260911,0.0689907313088117,subject,0.0722736028885235,0.03859626070366664,0.9001855915408367,0.14629219902133897,0.8,0.03125,0.76875,1280,32,40,1.0,0.5890625,0.8218749999999999,observational_factorial,,,,,,,0.02967087541594373,2.0,7.154615356913663
DEAP,arousal,absolute_power,24,rbf_svm,20260923,0.0923074401670179,subject,0.079192342992002,0.035680925390738964,0.8998479800949465,0.13642790918433192,0.792578125,0.03125,0.761328125,1280,32,40,1.0,0.5890625,0.8218749999999999,observational_factorial,,,,,,,0.027164892025996187,2.0,7.154615356913663
DEAP,arousal,absolute_power,24,rbf_svm,20261007,0.1021812689735857,subject,0.0690462022571632,0.038420131008690524,0.9001929237870072,0.14685799565927402,0.805078125,0.03125,0.773828125,1280,32,40,1.0,0.5890625,0.8218749999999999,observational_factorial,,,,,,,0.029730577940709345,2.0,7.154615356913663
DEAP,arousal,all,72,extra_trees,20260813,0.0683742473600871,subject,0.0584361226815665,0.03902024677146683,0.9002334491865429,0.14453056161948563,0.92109375,0.03125,0.88984375,1280,32,40,1.0,0.5890625,0.8218749999999999,observational_factorial,,,,,,,0.034721922713047436,3.0,7.154615356913663
DEAP,arousal,all,72,extra_trees,20260829,0.080190820062329,subject,0.0766507649948059,0.038004362594896215,0.9027964853766707,0.14811799846476925,0.915625,0.03125,0.884375,1280,32,40,1.0,0.5890625,0.8218749999999999,observational_factorial,,,,,,,0.03361010816986134,3.0,7.154615356913663
DEAP,arousal,all,72,extra_trees,20260911,0.1075102621254451,subject,0.0722736028885235,0.03859626070366664,0.9001855915408367,0.14629219902133897,0.911328125,0.03125,0.880078125,1280,32,40,1.0,0.5890625,0.8218749999999999,observational_factorial,,,,,,,0.03396772475209412,3.0,7.154615356913663
DEAP,arousal,all,72,extra_trees,20260923,0.1106015067926697,subject,0.079192342992002,0.035680925390738964,0.8998479800949465,0.13642790918433192,0.91328125,0.03125,0.88203125,1280,32,40,1.0,0.5890625,0.8218749999999999,observational_factorial,,,,,,,0.03147169122355023,3.0,7.154615356913663
DEAP,arousal,all,72,extra_trees,20261007,0.0759548567336689,subject,0.0690462022571632,0.038420131008690524,0.9001929237870072,0.14685799565927402,0.9144531250000001,0.03125,0.8832031250000001,1280,32,40,1.0,0.5890625,0.8218749999999999,observational_factorial,,,,,,,0.03393277976978488,3.0,7.154615356913663
DEAP,arousal,all,72,gpu_mlp,20260813,0.0390162479450534,subject,0.0492670681429953,0.0131108129825088,,,0.92109375,0.03125,0.88984375,1280,32,40,1.0,0.5890625,0.8218749999999999,counterfactual_dose,0.0,0.0,0.4933434861978195,0.532359734142873,0.0131108129825088,0.1124653171134664,0.011666574989904316,4.0,7.154615356913663
DEAP,arousal,all,72,gpu_mlp,20260813,0.0337994573932688,subject,0.0644246145346276,0.0379342309283137,,,0.92109375,0.03125,0.88984375,1280,32,40,1.0,0.5890625,0.8218749999999999,counterfactual_dose,0.25,0.2498568920110395,0.4933434861978195,0.5271429435910884,0.0131108129825088,0.1124653171134664,0.03375553830261665,4.0,7.154615356913663
DEAP,arousal,all,72,gpu_mlp,20260813,0.0600599086242196,subject,0.061002066430879,0.0628947724372778,,,0.92109375,0.03125,0.88984375,1280,32,40,1.0,0.5890625,0.8218749999999999,counterfactual_dose,0.5,0.5009287084465756,0.4933434861978195,0.5534033948220392,0.0131108129825088,0.1124653171134664,0.05596652016098392,4.0,7.154615356913663
DEAP,arousal,all,72,gpu_mlp,20260813,0.0464216195499793,subject,0.0549701731025371,0.0874128828270123,,,0.92109375,0.03125,0.88984375,1280,32,40,1.0,0.5890625,0.8218749999999999,counterfactual_dose,0.75,0.7477285219009511,0.4933434861978195,0.5397651057477988,0.0131108129825088,0.1124653171134664,0.07778380745309924,4.0,7.154615356913663
DEAP,arousal,all,72,gpu_mlp,20260813,0.0514392189690471,subject,0.0616600251321203,0.1124653171134664,,,0.92109375,0.03125,0.88984375,1280,32,40,1.0,0.5890625,0.8218749999999999,counterfactual_dose,1.0,1.0,0.4933434861978195,0.5447827051668667,0.0131108129825088,0.1124653171134664,0.10007655952518613,4.0,7.154615356913663
DEAP,arousal,all,72,gpu_mlp,20260829,0.0273471775372916,subject,0.0303276833207938,0.0119520183875184,,,0.915625,0.03125,0.884375,1280,32,40,1.0,0.5890625,0.8218749999999999,counterfactual_dose,0.0,0.0,0.4967902492158424,0.5241374267531341,0.0119520183875184,0.1179549771742002,0.010570066261461585,4.0,7.154615356913663
DEAP,arousal,all,72,gpu_mlp,20260829,0.0569888352109408,subject,0.0786728965680969,0.0384570592666282,,,0.915625,0.03125,0.884375,1280,32,40,1.0,0.5890625,0.8218749999999999,counterfactual_dose,0.25,0.2501128705175056,0.4967902492158424,0.5537790844267834,0.0119520183875184,0.1179549771742002,0.034010461788924314,4.0,7.154615356913663
DEAP,arousal,all,72,gpu_mlp,20260829,0.0452516868211112,subject,0.0893516539506682,0.0649933973276896,,,0.915625,0.03125,0.884375,1280,32,40,1.0,0.5890625,0.8218749999999999,counterfactual_dose,0.5,0.500236492842161,0.4967902492158424,0.5420419360369537,0.0119520183875184,0.1179549771742002,0.0574785357616755,4.0,7.154615356913663
DEAP,arousal,all,72,gpu_mlp,20260829,0.0786300692882573,subject,0.0901085052444977,0.0912862631792768,,,0.915625,0.03125,0.884375,1280,32,40,1.0,0.5890625,0.8218749999999999,counterfactual_dose,0.75,0.7482968123229785,0.4967902492158424,0.5754203185040998,0.0119520183875184,0.1179549771742002,0.08073128899917292,4.0,7.154615356913663
DEAP,arousal,all,72,gpu_mlp,20260829,0.0677552420046192,subject,0.1067700870296718,0.1179549771742002,,,0.915625,0.03125,0.884375,1280,32,40,1.0,0.5890625,0.8218749999999999,counterfactual_dose,1.0,1.0,0.4967902492158424,0.5645454912204617,0.0119520183875184,0.1179549771742002,0.1043164329384333,4.0,7.154615356913663
DEAP,arousal,all,72,gpu_mlp,20260911,0.0363864207118435,subject,0.0548379274568029,0.0126240897781276,,,0.911328125,0.03125,0.880078125,1280,32,40,1.0,0.5890625,0.8218749999999999,counterfactual_dose,0.0,0.0,0.5063413379592743,0.5427277586711178,0.0126240897781276,0.1174446589850672,0.011110185261766206,4.0,7.154615356913663
DEAP,arousal,all,72,gpu_mlp,20260911,0.062735121178808,subject,0.0516318965810277,0.038854474709368,,,0.911328125,0.03125,0.880078125,1280,32,40,1.0,0.5890625,0.8218749999999999,counterfactual_dose,0.25,0.2502142582383338,0.5063413379592743,0.5690764591380824,0.0126240897781276,0.1174446589850672,0.034194973250080515,4.0,7.154615356913663
DEAP,arousal,all,72,gpu_mlp,20260911,0.039989510947948,subject,0.0818109747026205,0.0650583639526406,,,0.911328125,0.03125,0.880078125,1280,32,40,1.0,0.5890625,0.8218749999999999,counterfactual_dose,0.5,0.5001754796308471,0.5063413379592743,0.5463308489072223,0.0126240897781276,0.1174446589850672,0.05725644296300753,4.0,7.154615356913663
DEAP,arousal,all,72,gpu_mlp,20260911,0.0632217526802553,subject,0.0894910512446965,0.091104319889083,,,0.911328125,0.03125,0.880078125,1280,32,40,1.0,0.5890625,0.8218749999999999,counterfactual_dose,0.75,0.7498711083123482,0.5063413379592743,0.5695630906395296,0.0126240897781276,0.1174446589850672,0.08017891902738439,4.0,7.154615356913663
DEAP,arousal,all,72,gpu_mlp,20260911,0.0786956258635818,subject,0.0889609573105153,0.1174446589850672,,,0.911328125,0.03125,0.880078125,1280,32,40,1.0,0.5890625,0.8218749999999999,counterfactual_dose,1.0,1.0,0.5063413379592743,0.5850369638228561,0.0126240897781276,0.1174446589850672,0.10336047527084236,4.0,7.154615356913663
DEAP,arousal,all,72,gpu_mlp,20260923,0.0685696563826889,subject,0.0544230136822242,0.0115940881270749,,,0.91328125,0.03125,0.88203125,1280,32,40,1.0,0.5890625,0.8218749999999999,counterfactual_dose,0.0,0.0,0.4787319341206846,0.5473015905033736,0.0115940881270749,0.1114964861241677,0.010226348043334034,4.0,7.154615356913663
DEAP,arousal,all,72,gpu_mlp,20260923,0.0760632772236286,subject,0.052702406108427,0.0366050602487406,,,0.91328125,0.03125,0.88203125,1280,32,40,1.0,0.5890625,0.8218749999999999,counterfactual_dose,0.25,0.2503427494251778,0.4787319341206846,0.5547952113443132,0.0115940881270749,0.1114964861241677,0.03228680704752198,4.0,7.154615356913663
DEAP,arousal,all,72,gpu_mlp,20260923,0.0661818841968311,subject,0.0586895313033368,0.0615519706342296,,,0.91328125,0.03125,0.88203125,1280,32,40,1.0,0.5890625,0.8218749999999999,counterfactual_dose,0.5,0.4999943147562614,0.4787319341206846,0.5449138183175157,0.0115940881270749,0.1114964861241677,0.05429076159847283,4.0,7.154615356913663
DEAP,arousal,all,72,gpu_mlp,20260923,0.0925986626458633,subject,0.0789325997367781,0.0861475285136236,,,0.91328125,0.03125,0.88203125,1280,32,40,1.0,0.5890625,0.8218749999999999,counterfactual_dose,0.75,0.7456613574215292,0.4787319341206846,0.571330596766548,0.0115940881270749,0.1114964861241677,0.07598481225928207,4.0,7.154615356913663
DEAP,arousal,all,72,gpu_mlp,20260923,0.0846411029641658,subject,0.0588081553687957,0.1114964861241677,,,0.91328125,0.03125,0.88203125,1280,32,40,1.0,0.5890625,0.8218749999999999,counterfactual_dose,1.0,1.0,0.4787319341206846,0.5633730370848504,0.0115940881270749,0.1114964861241677,0.0983433850267073,4.0,7.154615356913663
DEAP,arousal,all,72,gpu_mlp,20261007,0.0179272019445088,subject,0.0325605615180068,0.0117336164553045,,,0.9144531250000001,0.03125,0.8832031250000001,1280,32,40,1.0,0.5890625,0.8218749999999999,counterfactual_dose,0.0,0.0,0.5034896269326583,0.5214168288771671,0.0117336164553045,0.1172610494604619,0.010363166720876359,4.0,7.154615356913663
DEAP,arousal,all,72,gpu_mlp,20261007,0.0429496424645237,subject,0.0874741650738292,0.0381532167767122,,,0.9144531250000001,0.03125,0.8832031250000001,1280,32,40,1.0,0.5890625,0.8218749999999999,counterfactual_dose,0.25,0.2503886555990415,0.5034896269326583,0.546439269397182,0.0117336164553045,0.1172610494604619,0.03369704028599464,4.0,7.154615356913663
DEAP,arousal,all,72,gpu_mlp,20261007,0.0583806517332149,subject,0.0826103726744643,0.0645006045419157,,,0.9144531250000001,0.03125,0.8832031250000001,1280,32,40,1.0,0.5890625,0.8218749999999999,counterfactual_dose,0.5,0.5002646601890488,0.5034896269326583,0.5618702786658732,0.0117336164553045,0.1172610494604619,0.05696713549580914,4.0,7.154615356913663
DEAP,arousal,all,72,gpu_mlp,20261007,0.0412048289981946,subject,0.0872582986269332,0.090979186777726,,,0.9144531250000001,0.03125,0.8832031250000001,1280,32,40,1.0,0.5890625,0.8218749999999999,counterfactual_dose,0.75,0.7510836816523201,0.5034896269326583,0.544694455930853,0.0117336164553045,0.1172610494604619,0.0803531020720463,4.0,7.154615356913663
DEAP,arousal,all,72,gpu_mlp,20261007,0.0417570170749663,subject,0.0917575348080217,0.1172610494604619,,,0.9144531250000001,0.03125,0.8832031250000001,1280,32,40,1.0,0.5890625,0.8218749999999999,counterfactual_dose,1.0,1.0,0.5034896269326583,0.5452466440076247,0.0117336164553045,0.1172610494604619,0.10356532532425952,4.0,7.154615356913663
DEAP,arousal,all,72,hist_gradient_boosting,20260813,0.0900457383183225,subject,0.0584361226815665,0.03902024677146683,0.9002334491865429,0.14453056161948563,0.92109375,0.03125,0.88984375,1280,32,40,1.0,0.5890625,0.8218749999999999,observational_factorial,,,,,,,0.034721922713047436,3.0,7.154615356913663
DEAP,arousal,all,72,hist_gradient_boosting,20260829,0.0762649897630886,subject,0.0766507649948059,0.038004362594896215,0.9027964853766707,0.14811799846476925,0.915625,0.03125,0.884375,1280,32,40,1.0,0.5890625,0.8218749999999999,observational_factorial,,,,,,,0.03361010816986134,3.0,7.154615356913663
DEAP,arousal,all,72,hist_gradient_boosting,20260911,0.0741180119212111,subject,0.0722736028885235,0.03859626070366664,0.9001855915408367,0.14629219902133897,0.911328125,0.03125,0.880078125,1280,32,40,1.0,0.5890625,0.8218749999999999,observational_factorial,,,,,,,0.03396772475209412,3.0,7.154615356913663
DEAP,arousal,all,72,hist_gradient_boosting,20260923,0.0793990983449486,subject,0.079192342992002,0.035680925390738964,0.8998479800949465,0.13642790918433192,0.91328125,0.03125,0.88203125,1280,32,40,1.0,0.5890625,0.8218749999999999,observational_factorial,,,,,,,0.03147169122355023,3.0,7.154615356913663
DEAP,arousal,all,72,hist_gradient_boosting,20261007,0.0702388276467206,subject,0.0690462022571632,0.038420131008690524,0.9001929237870072,0.14685799565927402,0.9144531250000001,0.03125,0.8832031250000001,1280,32,40,1.0,0.5890625,0.8218749999999999,observational_factorial,,,,,,,0.03393277976978488,3.0,7.154615356913663
DEAP,arousal,all,72,linear_logistic,20260813,0.0353677723875704,subject,0.0584361226815665,0.03902024677146683,0.9002334491865429,0.14453056161948563,0.92109375,0.03125,0.88984375,1280,32,40,1.0,0.5890625,0.8218749999999999,observational_factorial,,,,,,,0.034721922713047436,1.0,7.154615356913663
DEAP,arousal,all,72,linear_logistic,20260813,0.032803501729685,subject,0.0492670681429953,0.0131108129825088,,,0.92109375,0.03125,0.88984375,1280,32,40,1.0,0.5890625,0.8218749999999999,counterfactual_dose,0.0,0.0,0.5012380107109359,0.5340415124406209,0.0131108129825088,0.1124653171134664,0.011666574989904316,1.0,7.154615356913663
DEAP,arousal,all,72,linear_logistic,20260813,0.0400979314379078,subject,0.0644246145346276,0.0379342309283137,,,0.92109375,0.03125,0.88984375,1280,32,40,1.0,0.5890625,0.8218749999999999,counterfactual_dose,0.25,0.2498568920110395,0.5012380107109359,0.5413359421488437,0.0131108129825088,0.1124653171134664,0.03375553830261665,1.0,7.154615356913663
DEAP,arousal,all,72,linear_logistic,20260813,0.0588420691672296,subject,0.061002066430879,0.0628947724372778,,,0.92109375,0.03125,0.88984375,1280,32,40,1.0,0.5890625,0.8218749999999999,counterfactual_dose,0.5,0.5009287084465756,0.5012380107109359,0.5600800798781655,0.0131108129825088,0.1124653171134664,0.05596652016098392,1.0,7.154615356913663
DEAP,arousal,all,72,linear_logistic,20260813,0.0530957831993625,subject,0.0549701731025371,0.0874128828270123,,,0.92109375,0.03125,0.88984375,1280,32,40,1.0,0.5890625,0.8218749999999999,counterfactual_dose,0.75,0.7477285219009511,0.5012380107109359,0.5543337939102985,0.0131108129825088,0.1124653171134664,0.07778380745309924,1.0,7.154615356913663
DEAP,arousal,all,72,linear_logistic,20260813,0.048917812225797,subject,0.0616600251321203,0.1124653171134664,,,0.92109375,0.03125,0.88984375,1280,32,40,1.0,0.5890625,0.8218749999999999,counterfactual_dose,1.0,1.0,0.5012380107109359,0.5501558229367329,0.0131108129825088,0.1124653171134664,0.10007655952518613,1.0,7.154615356913663
DEAP,arousal,all,72,linear_logistic,20260829,0.0740991013706366,subject,0.0766507649948059,0.038004362594896215,0.9027964853766707,0.14811799846476925,0.915625,0.03125,0.884375,1280,32,40,1.0,0.5890625,0.8218749999999999,observational_factorial,,,,,,,0.03361010816986134,1.0,7.154615356913663
DEAP,arousal,all,72,linear_logistic,20260829,0.0302644451392321,subject,0.0303276833207938,0.0119520183875184,,,0.915625,0.03125,0.884375,1280,32,40,1.0,0.5890625,0.8218749999999999,counterfactual_dose,0.0,0.0,0.4917726497967746,0.5220370949360067,0.0119520183875184,0.1179549771742002,0.010570066261461585,1.0,7.154615356913663
DEAP,arousal,all,72,linear_logistic,20260829,0.0440363687708645,subject,0.0786728965680969,0.0384570592666282,,,0.915625,0.03125,0.884375,1280,32,40,1.0,0.5890625,0.8218749999999999,counterfactual_dose,0.25,0.2501128705175056,0.4917726497967746,0.5358090185676392,0.0119520183875184,0.1179549771742002,0.034010461788924314,1.0,7.154615356913663
DEAP,arousal,all,72,linear_logistic,20260829,0.0356804268237335,subject,0.0893516539506682,0.0649933973276896,,,0.915625,0.03125,0.884375,1280,32,40,1.0,0.5890625,0.8218749999999999,counterfactual_dose,0.5,0.500236492842161,0.4917726497967746,0.5274530766205081,0.0119520183875184,0.1179549771742002,0.0574785357616755,1.0,7.154615356913663
DEAP,arousal,all,72,linear_logistic,20260829,0.052657058426037,subject,0.0901085052444977,0.0912862631792768,,,0.915625,0.03125,0.884375,1280,32,40,1.0,0.5890625,0.8218749999999999,counterfactual_dose,0.75,0.7482968123229785,0.4917726497967746,0.5444297082228117,0.0119520183875184,0.1179549771742002,0.08073128899917292,1.0,7.154615356913663
DEAP,arousal,all,72,linear_logistic,20260829,0.0485900293491744,subject,0.1067700870296718,0.1179549771742002,,,0.915625,0.03125,0.884375,1280,32,40,1.0,0.5890625,0.8218749999999999,counterfactual_dose,1.0,1.0,0.4917726497967746,0.540362679145949,0.0119520183875184,0.1179549771742002,0.1043164329384333,1.0,7.154615356913663
DEAP,arousal,all,72,linear_logistic,20260911,0.0440225010337768,subject,0.0722736028885235,0.03859626070366664,0.9001855915408367,0.14629219902133897,0.911328125,0.03125,0.880078125,1280,32,40,1.0,0.5890625,0.8218749999999999,observational_factorial,,,,,,,0.03396772475209412,1.0,7.154615356913663
DEAP,arousal,all,72,linear_logistic,20260911,0.0370949360066967,subject,0.0548379274568029,0.0126240897781276,,,0.911328125,0.03125,0.880078125,1280,32,40,1.0,0.5890625,0.8218749999999999,counterfactual_dose,0.0,0.0,0.5040645076701193,0.5411594436768161,0.0126240897781276,0.1174446589850672,0.011110185261766206,1.0,7.154615356913663
DEAP,arousal,all,72,linear_logistic,20260911,0.0446768060836502,subject,0.0516318965810277,0.038854474709368,,,0.911328125,0.03125,0.880078125,1280,32,40,1.0,0.5890625,0.8218749999999999,counterfactual_dose,0.25,0.2502142582383338,0.5040645076701193,0.5487413137537696,0.0126240897781276,0.1174446589850672,0.034194973250080515,1.0,7.154615356913663
DEAP,arousal,all,72,linear_logistic,20260911,0.0458265675585722,subject,0.0818109747026205,0.0650583639526406,,,0.911328125,0.03125,0.880078125,1280,32,40,1.0,0.5890625,0.8218749999999999,counterfactual_dose,0.5,0.5001754796308471,0.5040645076701193,0.5498910752286916,0.0126240897781276,0.1174446589850672,0.05725644296300753,1.0,7.154615356913663
DEAP,arousal,all,72,linear_logistic,20260911,0.0570115278716301,subject,0.0894910512446965,0.091104319889083,,,0.911328125,0.03125,0.880078125,1280,32,40,1.0,0.5890625,0.8218749999999999,counterfactual_dose,0.75,0.7498711083123482,0.5040645076701193,0.5610760355417495,0.0126240897781276,0.1174446589850672,0.08017891902738439,1.0,7.154615356913663
DEAP,arousal,all,72,linear_logistic,20260911,0.0395482647678793,subject,0.0889609573105153,0.1174446589850672,,,0.911328125,0.03125,0.880078125,1280,32,40,1.0,0.5890625,0.8218749999999999,counterfactual_dose,1.0,1.0,0.5040645076701193,0.5436127724379987,0.0126240897781276,0.1174446589850672,0.10336047527084236,1.0,7.154615356913663
DEAP,arousal,all,72,linear_logistic,20260923,0.0893674799043882,subject,0.079192342992002,0.035680925390738964,0.8998479800949465,0.13642790918433192,0.91328125,0.03125,0.88203125,1280,32,40,1.0,0.5890625,0.8218749999999999,observational_factorial,,,,,,,0.03147169122355023,1.0,7.154615356913663
DEAP,arousal,all,72,linear_logistic,20260923,0.0411594436768162,subject,0.0544230136822242,0.0115940881270749,,,0.91328125,0.03125,0.88203125,1280,32,40,1.0,0.5890625,0.8218749999999999,counterfactual_dose,0.0,0.0,0.4797278897842684,0.5208873334610846,0.0115940881270749,0.1114964861241677,0.010226348043334034,1.0,7.154615356913663
DEAP,arousal,all,72,linear_logistic,20260923,0.0478134360722534,subject,0.052702406108427,0.0366050602487406,,,0.91328125,0.03125,0.88203125,1280,32,40,1.0,0.5890625,0.8218749999999999,counterfactual_dose,0.25,0.2503427494251778,0.4797278897842684,0.5275413258565218,0.0115940881270749,0.1114964861241677,0.03228680704752198,1.0,7.154615356913663
DEAP,arousal,all,72,linear_logistic,20260923,0.0415578259422497,subject,0.0586895313033368,0.0615519706342296,,,0.91328125,0.03125,0.88203125,1280,32,40,1.0,0.5890625,0.8218749999999999,counterfactual_dose,0.5,0.4999943147562614,0.4797278897842684,0.5212857157265182,0.0115940881270749,0.1114964861241677,0.05429076159847283,1.0,7.154615356913663
DEAP,arousal,all,72,linear_logistic,20260923,0.0573191394943067,subject,0.0789325997367781,0.0861475285136236,,,0.91328125,0.03125,0.88203125,1280,32,40,1.0,0.5890625,0.8218749999999999,counterfactual_dose,0.75,0.7456613574215292,0.4797278897842684,0.5370470292785752,0.0115940881270749,0.1114964861241677,0.07598481225928207,1.0,7.154615356913663
DEAP,arousal,all,72,linear_logistic,20260923,0.0579822694677815,subject,0.0588081553687957,0.1114964861241677,,,0.91328125,0.03125,0.88203125,1280,32,40,1.0,0.5890625,0.8218749999999999,counterfactual_dose,1.0,1.0,0.4797278897842684,0.5377101592520499,0.0115940881270749,0.1114964861241677,0.0983433850267073,1.0,7.154615356913663
DEAP,arousal,all,72,linear_logistic,20261007,0.0782291656160805,subject,0.0690462022571632,0.038420131008690524,0.9001929237870072,0.14685799565927402,0.9144531250000001,0.03125,0.8832031250000001,1280,32,40,1.0,0.5890625,0.8218749999999999,observational_factorial,,,,,,,0.03393277976978488,1.0,7.154615356913663
DEAP,arousal,all,72,linear_logistic,20261007,0.029467680608365,subject,0.0325605615180068,0.0117336164553045,,,0.9144531250000001,0.03125,0.8832031250000001,1280,32,40,1.0,0.5890625,0.8218749999999999,counterfactual_dose,0.0,0.0,0.5005950519914071,0.5300627325997721,0.0117336164553045,0.1172610494604619,0.010363166720876359,1.0,7.154615356913663
DEAP,arousal,all,72,linear_logistic,20261007,0.0287818579742009,subject,0.0874741650738292,0.0381532167767122,,,0.9144531250000001,0.03125,0.8832031250000001,1280,32,40,1.0,0.5890625,0.8218749999999999,counterfactual_dose,0.25,0.2503886555990415,0.5005950519914071,0.529376909965608,0.0117336164553045,0.1172610494604619,0.03369704028599464,1.0,7.154615356913663
DEAP,arousal,all,72,linear_logistic,20261007,0.0423545904731167,subject,0.0826103726744643,0.0645006045419157,,,0.9144531250000001,0.03125,0.8832031250000001,1280,32,40,1.0,0.5890625,0.8218749999999999,counterfactual_dose,0.5,0.5002646601890488,0.5005950519914071,0.5429496424645238,0.0117336164553045,0.1172610494604619,0.05696713549580914,1.0,7.154615356913663
DEAP,arousal,all,72,linear_logistic,20261007,0.0511089146856813,subject,0.0872582986269332,0.090979186777726,,,0.9144531250000001,0.03125,0.8832031250000001,1280,32,40,1.0,0.5890625,0.8218749999999999,counterfactual_dose,0.75,0.7510836816523201,0.5005950519914071,0.5517039666770884,0.0117336164553045,0.1172610494604619,0.0803531020720463,1.0,7.154615356913663
DEAP,arousal,all,72,linear_logistic,20261007,0.0324731974463192,subject,0.0917575348080217,0.1172610494604619,,,0.9144531250000001,0.03125,0.8832031250000001,1280,32,40,1.0,0.5890625,0.8218749999999999,counterfactual_dose,1.0,1.0,0.5005950519914071,0.5330682494377263,0.0117336164553045,0.1172610494604619,0.10356532532425952,1.0,7.154615356913663
DEAP,arousal,all,72,rbf_svm,20260813,0.0682280057689785,subject,0.0584361226815665,0.03902024677146683,0.9002334491865429,0.14453056161948563,0.92109375,0.03125,0.88984375,1280,32,40,1.0,0.5890625,0.8218749999999999,observational_factorial,,,,,,,0.034721922713047436,2.0,7.154615356913663
DEAP,arousal,all,72,rbf_svm,20260829,0.0752160845578965,subject,0.0766507649948059,0.038004362594896215,0.9027964853766707,0.14811799846476925,0.915625,0.03125,0.884375,1280,32,40,1.0,0.5890625,0.8218749999999999,observational_factorial,,,,,,,0.03361010816986134,2.0,7.154615356913663
DEAP,arousal,all,72,rbf_svm,20260911,0.0565992778691087,subject,0.0722736028885235,0.03859626070366664,0.9001855915408367,0.14629219902133897,0.911328125,0.03125,0.880078125,1280,32,40,1.0,0.5890625,0.8218749999999999,observational_factorial,,,,,,,0.03396772475209412,2.0,7.154615356913663
DEAP,arousal,all,72,rbf_svm,20260923,0.1128316910570745,subject,0.079192342992002,0.035680925390738964,0.8998479800949465,0.13642790918433192,0.91328125,0.03125,0.88203125,1280,32,40,1.0,0.5890625,0.8218749999999999,observational_factorial,,,,,,,0.03147169122355023,2.0,7.154615356913663
DEAP,arousal,all,72,rbf_svm,20261007,0.0960454256638864,subject,0.0690462022571632,0.038420131008690524,0.9001929237870072,0.14685799565927402,0.9144531250000001,0.03125,0.8832031250000001,1280,32,40,1.0,0.5890625,0.8218749999999999,observational_factorial,,,,,,,0.03393277976978488,2.0,7.154615356913663
DEAP,arousal,normalized_asymmetry,12,gpu_mlp,20260813,0.0417570170749664,subject,0.0492670681429953,0.0131108129825088,,,0.6382812499999999,0.03125,0.6070312499999999,1280,32,40,1.0,0.5890625,0.8218749999999999,counterfactual_dose,0.0,0.0,0.4751288438845801,0.5168858609595466,0.0131108129825088,0.1124653171134664,0.007958673193288544,4.0,7.154615356913663
DEAP,arousal,normalized_asymmetry,12,gpu_mlp,20260813,0.0380001210275237,subject,0.0644246145346276,0.0379342309283137,,,0.6382812499999999,0.03125,0.6070312499999999,1280,32,40,1.0,0.5890625,0.8218749999999999,counterfactual_dose,0.25,0.2498568920110395,0.4751288438845801,0.5131289649121038,0.0131108129825088,0.1124653171134664,0.023027263618202926,4.0,7.154615356913663
DEAP,arousal,normalized_asymmetry,12,gpu_mlp,20260813,0.0602817924176256,subject,0.061002066430879,0.0628947724372778,,,0.6382812499999999,0.03125,0.6070312499999999,1280,32,40,1.0,0.5890625,0.8218749999999999,counterfactual_dose,0.5,0.5009287084465756,0.4751288438845801,0.5354106363022058,0.0131108129825088,0.1124653171134664,0.03817909233106628,4.0,7.154615356913663
DEAP,arousal,normalized_asymmetry,12,gpu_mlp,20260813,0.0314116852074108,subject,0.0549701731025371,0.0874128828270123,,,0.6382812499999999,0.03125,0.6070312499999999,1280,32,40,1.0,0.5890625,0.8218749999999999,counterfactual_dose,0.75,0.7477285219009511,0.4751288438845801,0.506540529091991,0.0131108129825088,0.1124653171134664,0.0530623515285848,4.0,7.154615356913663
DEAP,arousal,normalized_asymmetry,12,gpu_mlp,20260813,0.0611441135238172,subject,0.0616600251321203,0.1124653171134664,,,0.6382812499999999,0.03125,0.6070312499999999,1280,32,40,1.0,0.5890625,0.8218749999999999,counterfactual_dose,1.0,1.0,0.4751288438845801,0.5362729574083973,0.0131108129825088,0.1124653171134664,0.06826996202903389,4.0,7.154615356913663
DEAP,arousal,normalized_asymmetry,12,gpu_mlp,20260829,0.0372512632247783,subject,0.0303276833207938,0.0119520183875184,,,0.634765625,0.03125,0.603515625,1280,32,40,1.0,0.5890625,0.8218749999999999,counterfactual_dose,0.0,0.0,0.5041956208207683,0.5414468840455466,0.0119520183875184,0.1179549771742002,0.007213229847154659,4.0,7.154615356913663
DEAP,arousal,normalized_asymmetry,12,gpu_mlp,20260829,0.0410081592722211,subject,0.0786728965680969,0.0384570592666282,,,0.634765625,0.03125,0.603515625,1280,32,40,1.0,0.5890625,0.8218749999999999,counterfactual_dose,0.25,0.2501128705175056,0.5041956208207683,0.5452037800929894,0.0119520183875184,0.1179549771742002,0.02320943615896116,4.0,7.154615356913663
DEAP,arousal,normalized_asymmetry,12,gpu_mlp,20260829,0.0455845125112203,subject,0.0893516539506682,0.0649933973276896,,,0.634765625,0.03125,0.603515625,1280,32,40,1.0,0.5890625,0.8218749999999999,counterfactual_dose,0.5,0.500236492842161,0.5041956208207683,0.5497801333319886,0.0119520183875184,0.1179549771742002,0.039224530809093924,4.0,7.154615356913663
DEAP,arousal,normalized_asymmetry,12,gpu_mlp,20260829,0.0478840354610644,subject,0.0901085052444977,0.0912862631792768,,,0.634765625,0.03125,0.603515625,1280,32,40,1.0,0.5890625,0.8218749999999999,counterfactual_dose,0.75,0.7482968123229785,0.5041956208207683,0.5520796562818328,0.0119520183875184,0.1179549771742002,0.05509268617655572,4.0,7.154615356913663
DEAP,arousal,normalized_asymmetry,12,gpu_mlp,20260829,0.0343339956228379,subject,0.1067700870296718,0.1179549771742002,,,0.634765625,0.03125,0.603515625,1280,32,40,1.0,0.5890625,0.8218749999999999,counterfactual_dose,1.0,1.0,0.5041956208207683,0.5385296164436062,0.0119520183875184,0.1179549771742002,0.07118767177114817,4.0,7.154615356913663
DEAP,arousal,normalized_asymmetry,12,gpu_mlp,20260911,0.0190114068441064,subject,0.0548379274568029,0.0126240897781276,,,0.6246093749999999,0.03125,0.5933593749999999,1280,32,40,1.0,0.5890625,0.8218749999999999,counterfactual_dose,0.0,0.0,0.5074028501981825,0.526414257042289,0.0126240897781276,0.1174446589850672,0.007490622020693681,4.0,7.154615356913663
DEAP,arousal,normalized_asymmetry,12,gpu_mlp,20260911,0.0364746699478574,subject,0.0516318965810277,0.038854474709368,,,0.6246093749999999,0.03125,0.5933593749999999,1280,32,40,1.0,0.5890625,0.8218749999999999,counterfactual_dose,0.25,0.2502142582383338,0.5074028501981825,0.54387752014604,0.0126240897781276,0.1174446589850672,0.0230546668295039,4.0,7.154615356913663
DEAP,arousal,normalized_asymmetry,12,gpu_mlp,20260911,0.0305947494225978,subject,0.0818109747026205,0.0650583639526406,,,0.6246093749999999,0.03125,0.5933593749999999,1280,32,40,1.0,0.5890625,0.8218749999999999,counterfactual_dose,0.5,0.5001754796308471,0.5074028501981825,0.5379975996207804,0.0126240897781276,0.1174446589850672,0.03860299017346135,4.0,7.154615356913663
DEAP,arousal,normalized_asymmetry,12,gpu_mlp,20260911,0.0299316194491231,subject,0.0894910512446965,0.091104319889083,,,0.6246093749999999,0.03125,0.5933593749999999,1280,32,40,1.0,0.5890625,0.8218749999999999,counterfactual_dose,0.75,0.7498711083123482,0.5074028501981825,0.5373344696473057,0.0126240897781276,0.1174446589850672,0.05405760230918635,4.0,7.154615356913663
DEAP,arousal,normalized_asymmetry,12,gpu_mlp,20260911,0.0250022692660689,subject,0.0889609573105153,0.1174446589850672,,,0.6246093749999999,0.03125,0.5933593749999999,1280,32,40,1.0,0.5890625,0.8218749999999999,counterfactual_dose,1.0,1.0,0.5074028501981825,0.5324051194642515,0.0126240897781276,0.1174446589850672,0.06968688945246759,4.0,7.154615356913663
DEAP,arousal,normalized_asymmetry,12,gpu_mlp,20260923,0.0479697632903349,subject,0.0544230136822242,0.0115940881270749,,,0.63125,0.03125,0.6,1280,32,40,1.0,0.5890625,0.8218749999999999,counterfactual_dose,0.0,0.0,0.4856960595455416,0.5336658228358766,0.0115940881270749,0.1114964861241677,0.00695645287624494,4.0,7.154615356913663
DEAP,arousal,normalized_asymmetry,12,gpu_mlp,20260923,0.0406526409214228,subject,0.052702406108427,0.0366050602487406,,,0.63125,0.03125,0.6,1280,32,40,1.0,0.5890625,0.8218749999999999,counterfactual_dose,0.25,0.2503427494251778,0.4856960595455416,0.5263487004669645,0.0115940881270749,0.1114964861241677,0.021963036149244358,4.0,7.154615356913663
DEAP,arousal,normalized_asymmetry,12,gpu_mlp,20260923,0.0486328932638097,subject,0.0586895313033368,0.0615519706342296,,,0.63125,0.03125,0.6,1280,32,40,1.0,0.5890625,0.8218749999999999,counterfactual_dose,0.5,0.4999943147562614,0.4856960595455416,0.5343289528093513,0.0115940881270749,0.1114964861241677,0.036931182380537754,4.0,7.154615356913663
DEAP,arousal,normalized_asymmetry,12,gpu_mlp,20260923,0.058955532470676,subject,0.0789325997367781,0.0861475285136236,,,0.63125,0.03125,0.6,1280,32,40,1.0,0.5890625,0.8218749999999999,counterfactual_dose,0.75,0.7456613574215292,0.4856960595455416,0.5446515920162177,0.0115940881270749,0.1114964861241677,0.05168851710817416,4.0,7.154615356913663
DEAP,arousal,normalized_asymmetry,12,gpu_mlp,20260923,0.0660961563675606,subject,0.0588081553687957,0.1114964861241677,,,0.63125,0.03125,0.6,1280,32,40,1.0,0.5890625,0.8218749999999999,counterfactual_dose,1.0,1.0,0.4856960595455416,0.5517922159131022,0.0115940881270749,0.1114964861241677,0.06689789167450061,4.0,7.154615356913663
DEAP,arousal,normalized_asymmetry,12,gpu_mlp,20261007,0.0167572692156406,subject,0.0325605615180068,0.0117336164553045,,,0.623828125,0.03125,0.592578125,1280,32,40,1.0,0.5890625,0.8218749999999999,counterfactual_dose,0.0,0.0,0.525617492511422,0.5423747617270627,0.0117336164553045,0.1172610494604619,0.006953084438553486,4.0,7.154615356913663
DEAP,arousal,normalized_asymmetry,12,gpu_mlp,20261007,0.0115177860031668,subject,0.0874741650738292,0.0381532167767122,,,0.623828125,0.03125,0.592578125,1280,32,40,1.0,0.5890625,0.8218749999999999,counterfactual_dose,0.25,0.2503886555990415,0.525617492511422,0.5371352785145889,0.0117336164553045,0.1172610494604619,0.022608761660262655,4.0,7.154615356913663
DEAP,arousal,normalized_asymmetry,12,gpu_mlp,20261007,0.010965597926395,subject,0.0826103726744643,0.0645006045419157,,,0.623828125,0.03125,0.592578125,1280,32,40,1.0,0.5890625,0.8218749999999999,counterfactual_dose,0.5,0.5002646601890488,0.525617492511422,0.536583090437817,0.0117336164553045,0.1172610494604619,0.038221647300814884,4.0,7.154615356913663
DEAP,arousal,normalized_asymmetry,12,gpu_mlp,20261007,0.01940978910954,subject,0.0872582986269332,0.090979186777726,,,0.623828125,0.03125,0.592578125,1280,32,40,1.0,0.5890625,0.8218749999999999,counterfactual_dose,0.75,0.7510836816523201,0.525617492511422,0.545027281620962,0.0117336164553045,0.1172610494604619,0.05391227591476966,4.0,7.154615356913663
DEAP,arousal,normalized_asymmetry,12,gpu_mlp,20261007,0.0246492723220138,subject,0.0917575348080217,0.1172610494604619,,,0.623828125,0.03125,0.592578125,1280,32,40,1.0,0.5890625,0.8218749999999999,counterfactual_dose,1.0,1.0,0.525617492511422,0.5502667648334358,0.0117336164553045,0.1172610494604619,0.06948633282481277,4.0,7.154615356913663
DEAP,arousal,normalized_asymmetry,12,linear_logistic,20260813,0.0552541073715846,subject,0.0584361226815665,0.03902024677146683,0.9002334491865429,0.14453056161948563,0.6382812499999999,0.03125,0.6070312499999999,1280,32,40,1.0,0.5890625,0.8218749999999999,observational_factorial,,,,,,,0.02368650917299197,1.0,7.154615356913663
DEAP,arousal,normalized_asymmetry,12,linear_logistic,20260813,0.0112530382951255,subject,0.0492670681429953,0.0131108129825088,,,0.6382812499999999,0.03125,0.6070312499999999,1280,32,40,1.0,0.5890625,0.8218749999999999,counterfactual_dose,0.0,0.0,0.4658450242559329,0.4770980625510584,0.0131108129825088,0.1124653171134664,0.007958673193288544,1.0,7.154615356913663
DEAP,arousal,normalized_asymmetry,12,linear_logistic,20260813,0.0258645903722605,subject,0.0644246145346276,0.0379342309283137,,,0.6382812499999999,0.03125,0.6070312499999999,1280,32,40,1.0,0.5890625,0.8218749999999999,counterfactual_dose,0.25,0.2498568920110395,0.4658450242559329,0.4917096146281934,0.0131108129825088,0.1124653171134664,0.023027263618202926,1.0,7.154615356913663
DEAP,arousal,normalized_asymmetry,12,linear_logistic,20260813,0.0377807586408609,subject,0.061002066430879,0.0628947724372778,,,0.6382812499999999,0.03125,0.6070312499999999,1280,32,40,1.0,0.5890625,0.8218749999999999,counterfactual_dose,0.5,0.5009287084465756,0.4658450242559329,0.5036257828967938,0.0131108129825088,0.1124653171134664,0.03817909233106628,1.0,7.154615356913663
DEAP,arousal,normalized_asymmetry,12,linear_logistic,20260813,0.0375815675081441,subject,0.0549701731025371,0.0874128828270123,,,0.6382812499999999,0.03125,0.6070312499999999,1280,32,40,1.0,0.5890625,0.8218749999999999,counterfactual_dose,0.75,0.7477285219009511,0.4658450242559329,0.503426591764077,0.0131108129825088,0.1124653171134664,0.0530623515285848,1.0,7.154615356913663
DEAP,arousal,normalized_asymmetry,12,linear_logistic,20260813,0.048302588980444,subject,0.0616600251321203,0.1124653171134664,,,0.6382812499999999,0.03125,0.6070312499999999,1280,32,40,1.0,0.5890625,0.8218749999999999,counterfactual_dose,1.0,1.0,0.4658450242559329,0.5141476132363769,0.0131108129825088,0.1124653171134664,0.06826996202903389,1.0,7.154615356913663
DEAP,arousal,normalized_asymmetry,12,linear_logistic,20260829,0.0523948321247391,subject,0.0766507649948059,0.038004362594896215,0.9027964853766707,0.14811799846476925,0.634765625,0.03125,0.603515625,1280,32,40,1.0,0.5890625,0.8218749999999999,observational_factorial,,,,,,,0.02293622664418541,1.0,7.154615356913663
DEAP,arousal,normalized_asymmetry,12,linear_logistic,20260829,0.0289835705136609,subject,0.0303276833207938,0.0119520183875184,,,0.634765625,0.03125,0.603515625,1280,32,40,1.0,0.5890625,0.8218749999999999,counterfactual_dose,0.0,0.0,0.4770728484836259,0.5060564189972869,0.0119520183875184,0.1179549771742002,0.007213229847154659,1.0,7.154615356913663
DEAP,arousal,normalized_asymmetry,12,linear_logistic,20260829,0.0301988885639076,subject,0.0786728965680969,0.0384570592666282,,,0.634765625,0.03125,0.603515625,1280,32,40,1.0,0.5890625,0.8218749999999999,counterfactual_dose,0.25,0.2501128705175056,0.4770728484836259,0.5072717370475336,0.0119520183875184,0.1179549771742002,0.02320943615896116,1.0,7.154615356913663
DEAP,arousal,normalized_asymmetry,12,linear_logistic,20260829,0.0442582525642707,subject,0.0893516539506682,0.0649933973276896,,,0.634765625,0.03125,0.603515625,1280,32,40,1.0,0.5890625,0.8218749999999999,counterfactual_dose,0.5,0.500236492842161,0.4770728484836259,0.5213311010478967,0.0119520183875184,0.1179549771742002,0.039224530809093924,1.0,7.154615356913663
DEAP,arousal,normalized_asymmetry,12,linear_logistic,20260829,0.0291600689856885,subject,0.0901085052444977,0.0912862631792768,,,0.634765625,0.03125,0.603515625,1280,32,40,1.0,0.5890625,0.8218749999999999,counterfactual_dose,0.75,0.7482968123229785,0.4770728484836259,0.5062329174693145,0.0119520183875184,0.1179549771742002,0.05509268617655572,1.0,7.154615356913663
DEAP,arousal,normalized_asymmetry,12,linear_logistic,20260829,0.0352618733043539,subject,0.1067700870296718,0.1179549771742002,,,0.634765625,0.03125,0.603515625,1280,32,40,1.0,0.5890625,0.8218749999999999,counterfactual_dose,1.0,1.0,0.4770728484836259,0.5123347217879799,0.0119520183875184,0.1179549771742002,0.07118767177114817,1.0,7.154615356913663
DEAP,arousal,normalized_asymmetry,12,linear_logistic,20260911,0.0201813395729746,subject,0.0722736028885235,0.03859626070366664,0.9001855915408367,0.14629219902133897,0.6246093749999999,0.03125,0.5933593749999999,1280,32,40,1.0,0.5890625,0.8218749999999999,observational_factorial,,,,,,,0.022901453128464692,1.0,7.154615356913663
DEAP,arousal,normalized_asymmetry,12,linear_logistic,20260911,0.0196316729029459,subject,0.0548379274568029,0.0126240897781276,,,0.6246093749999999,0.03125,0.5933593749999999,1280,32,40,1.0,0.5890625,0.8218749999999999,counterfactual_dose,0.0,0.0,0.4666846527014352,0.4863163256043812,0.0126240897781276,0.1174446589850672,0.007490622020693681,1.0,7.154615356913663
DEAP,arousal,normalized_asymmetry,12,linear_logistic,20260911,0.0118506116932758,subject,0.0516318965810277,0.038854474709368,,,0.6246093749999999,0.03125,0.5933593749999999,1280,32,40,1.0,0.5890625,0.8218749999999999,counterfactual_dose,0.25,0.2502142582383338,0.4666846527014352,0.478535264394711,0.0126240897781276,0.1174446589850672,0.0230546668295039,1.0,7.154615356913663
DEAP,arousal,normalized_asymmetry,12,linear_logistic,20260911,0.0178414741152383,subject,0.0818109747026205,0.0650583639526406,,,0.6246093749999999,0.03125,0.5933593749999999,1280,32,40,1.0,0.5890625,0.8218749999999999,counterfactual_dose,0.5,0.5001754796308471,0.4666846527014352,0.4845261268166735,0.0126240897781276,0.1174446589850672,0.03860299017346135,1.0,7.154615356913663
DEAP,arousal,normalized_asymmetry,12,linear_logistic,20260911,0.0261091668263557,subject,0.0894910512446965,0.091104319889083,,,0.6246093749999999,0.03125,0.5933593749999999,1280,32,40,1.0,0.5890625,0.8218749999999999,counterfactual_dose,0.75,0.7498711083123482,0.4666846527014352,0.4927938195277909,0.0126240897781276,0.1174446589850672,0.05405760230918635,1.0,7.154615356913663
DEAP,arousal,normalized_asymmetry,12,linear_logistic,20260911,0.0271479864045748,subject,0.0889609573105153,0.1174446589850672,,,0.6246093749999999,0.03125,0.5933593749999999,1280,32,40,1.0,0.5890625,0.8218749999999999,counterfactual_dose,1.0,1.0,0.4666846527014352,0.49383263910601,0.0126240897781276,0.1174446589850672,0.06968688945246759,1.0,7.154615356913663
DEAP,arousal,normalized_asymmetry,12,linear_logistic,20260923,0.0885429798993454,subject,0.079192342992002,0.035680925390738964,0.8998479800949465,0.13642790918433192,0.63125,0.03125,0.6,1280,32,40,1.0,0.5890625,0.8218749999999999,observational_factorial,,,,,,,0.021408555234443377,1.0,7.154615356913663
DEAP,arousal,normalized_asymmetry,12,linear_logistic,20260923,0.0103024679529203,subject,0.0544230136822242,0.0115940881270749,,,0.63125,0.03125,0.6,1280,32,40,1.0,0.5890625,0.8218749999999999,counterfactual_dose,0.0,0.0,0.4678571068370465,0.4781595747899668,0.0115940881270749,0.1114964861241677,0.00695645287624494,1.0,7.154615356913663
DEAP,arousal,normalized_asymmetry,12,linear_logistic,20260923,0.0148561285312301,subject,0.052702406108427,0.0366050602487406,,,0.63125,0.03125,0.6,1280,32,40,1.0,0.5890625,0.8218749999999999,counterfactual_dose,0.25,0.2503427494251778,0.4678571068370465,0.4827132353682767,0.0115940881270749,0.1114964861241677,0.021963036149244358,1.0,7.154615356913663
DEAP,arousal,normalized_asymmetry,12,linear_logistic,20260923,0.0167572692156408,subject,0.0586895313033368,0.0615519706342296,,,0.63125,0.03125,0.6,1280,32,40,1.0,0.5890625,0.8218749999999999,counterfactual_dose,0.5,0.4999943147562614,0.4678571068370465,0.4846143760526873,0.0115940881270749,0.1114964861241677,0.036931182380537754,1.0,7.154615356913663
DEAP,arousal,normalized_asymmetry,12,linear_logistic,20260923,0.0191450414014987,subject,0.0789325997367781,0.0861475285136236,,,0.63125,0.03125,0.6,1280,32,40,1.0,0.5890625,0.8218749999999999,counterfactual_dose,0.75,0.7456613574215292,0.4678571068370465,0.4870021482385452,0.0115940881270749,0.1114964861241677,0.05168851710817416,1.0,7.154615356913663
DEAP,arousal,normalized_asymmetry,12,linear_logistic,20260923,0.0348181057175419,subject,0.0588081553687957,0.1114964861241677,,,0.63125,0.03125,0.6,1280,32,40,1.0,0.5890625,0.8218749999999999,counterfactual_dose,1.0,1.0,0.4678571068370465,0.5026752125545885,0.0115940881270749,0.1114964861241677,0.06689789167450061,1.0,7.154615356913663
DEAP,arousal,normalized_asymmetry,12,linear_logistic,20261007,0.0808577321459189,subject,0.0690462022571632,0.038420131008690524,0.9001929237870072,0.14685799565927402,0.623828125,0.03125,0.592578125,1280,32,40,1.0,0.5890625,0.8218749999999999,observational_factorial,,,,,,,0.022766929195384186,1.0,7.154615356913663
DEAP,arousal,normalized_asymmetry,12,linear_logistic,20261007,0.023189377817672,subject,0.0325605615180068,0.0117336164553045,,,0.623828125,0.03125,0.592578125,1280,32,40,1.0,0.5890625,0.8218749999999999,counterfactual_dose,0.0,0.0,0.4753961129993646,0.4985854908170366,0.0117336164553045,0.1172610494604619,0.006953084438553486,1.0,7.154615356913663
DEAP,arousal,normalized_asymmetry,12,linear_logistic,20261007,0.0234995108470918,subject,0.0874741650738292,0.0381532167767122,,,0.623828125,0.03125,0.592578125,1280,32,40,1.0,0.5890625,0.8218749999999999,counterfactual_dose,0.25,0.2503886555990415,0.4753961129993646,0.4988956238464564,0.0117336164553045,0.1172610494604619,0.022608761660262655,1.0,7.154615356913663
DEAP,arousal,normalized_asymmetry,12,linear_logistic,20261007,0.0405870843460983,subject,0.0826103726744643,0.0645006045419157,,,0.623828125,0.03125,0.592578125,1280,32,40,1.0,0.5890625,0.8218749999999999,counterfactual_dose,0.5,0.5002646601890488,0.4753961129993646,0.5159831973454629,0.0117336164553045,0.1172610494604619,0.038221647300814884,1.0,7.154615356913663
DEAP,arousal,normalized_asymmetry,12,linear_logistic,20261007,0.0326723885790359,subject,0.0872582986269332,0.090979186777726,,,0.623828125,0.03125,0.592578125,1280,32,40,1.0,0.5890625,0.8218749999999999,counterfactual_dose,0.75,0.7510836816523201,0.4753961129993646,0.5080685015784006,0.0117336164553045,0.1172610494604619,0.05391227591476966,1.0,7.154615356913663
DEAP,arousal,normalized_asymmetry,12,linear_logistic,20261007,0.0376471240834687,subject,0.0917575348080217,0.1172610494604619,,,0.623828125,0.03125,0.592578125,1280,32,40,1.0,0.5890625,0.8218749999999999,counterfactual_dose,1.0,1.0,0.4753961129993646,0.5130432370828333,0.0117336164553045,0.1172610494604619,0.06948633282481277,1.0,7.154615356913663
DEAP,arousal,normalized_asymmetry,12,rbf_svm,20260813,0.065011951467963,subject,0.0584361226815665,0.03902024677146683,0.9002334491865429,0.14453056161948563,0.6382812499999999,0.03125,0.6070312499999999,1280,32,40,1.0,0.5890625,0.8218749999999999,observational_factorial,,,,,,,0.02368650917299197,2.0,7.154615356913663
DEAP,arousal,normalized_asymmetry,12,rbf_svm,20260829,0.0801126564532884,subject,0.0766507649948059,0.038004362594896215,0.9027964853766707,0.14811799846476925,0.634765625,0.03125,0.603515625,1280,32,40,1.0,0.5890625,0.8218749999999999,observational_factorial,,,,,,,0.02293622664418541,2.0,7.154615356913663
DEAP,arousal,normalized_asymmetry,12,rbf_svm,20260911,0.0735885165051284,subject,0.0722736028885235,0.03859626070366664,0.9001855915408367,0.14629219902133897,0.6246093749999999,0.03125,0.5933593749999999,1280,32,40,1.0,0.5890625,0.8218749999999999,observational_factorial,,,,,,,0.022901453128464692,2.0,7.154615356913663
DEAP,arousal,normalized_asymmetry,12,rbf_svm,20260923,0.1174219120331615,subject,0.079192342992002,0.035680925390738964,0.8998479800949465,0.13642790918433192,0.63125,0.03125,0.6,1280,32,40,1.0,0.5890625,0.8218749999999999,observational_factorial,,,,,,,0.021408555234443377,2.0,7.154615356913663
DEAP,arousal,normalized_asymmetry,12,rbf_svm,20261007,0.1014399753910702,subject,0.0690462022571632,0.038420131008690524,0.9001929237870072,0.14685799565927402,0.623828125,0.03125,0.592578125,1280,32,40,1.0,0.5890625,0.8218749999999999,observational_factorial,,,,,,,0.022766929195384186,2.0,7.154615356913663
DEAP,arousal,relative_power,24,gpu_mlp,20260813,0.020579721838408,subject,0.0492670681429953,0.0131108129825088,,,0.632421875,0.03125,0.601171875,1280,32,40,1.0,0.5890625,0.8218749999999999,counterfactual_dose,0.0,0.0,0.5179927585198334,0.5385724803582415,0.0131108129825088,0.1124653171134664,0.007881852023469157,4.0,7.154615356913663
DEAP,arousal,relative_power,24,gpu_mlp,20260813,0.006762412885397,subject,0.0644246145346276,0.0379342309283137,,,0.632421875,0.03125,0.601171875,1280,32,40,1.0,0.5890625,0.8218749999999999,counterfactual_dose,0.25,0.2498568920110395,0.5179927585198334,0.5247551714052304,0.0131108129825088,0.1124653171134664,0.02280499273385734,4.0,7.154615356913663
DEAP,arousal,relative_power,24,gpu_mlp,20260813,0.0328917509656987,subject,0.061002066430879,0.0628947724372778,,,0.632421875,0.03125,0.601171875,1280,32,40,1.0,0.5890625,0.8218749999999999,counterfactual_dose,0.5,0.5009287084465756,0.5179927585198334,0.5508845094855321,0.0131108129825088,0.1124653171134664,0.03781056827381662,4.0,7.154615356913663
DEAP,arousal,relative_power,24,gpu_mlp,20260813,0.0334212463817813,subject,0.0549701731025371,0.0874128828270123,,,0.632421875,0.03125,0.601171875,1280,32,40,1.0,0.5890625,0.8218749999999999,counterfactual_dose,0.75,0.7477285219009511,0.5179927585198334,0.5514140049016147,0.0131108129825088,0.1124653171134664,0.05255016666827029,4.0,7.154615356913663
DEAP,arousal,relative_power,24,gpu_mlp,20260813,0.0269235812044255,subject,0.0616600251321203,0.1124653171134664,,,0.632421875,0.03125,0.601171875,1280,32,40,1.0,0.5890625,0.8218749999999999,counterfactual_dose,1.0,1.0,0.5179927585198334,0.5449163397242589,0.0131108129825088,0.1124653171134664,0.06761098556157219,4.0,7.154615356913663
DEAP,arousal,relative_power,24,gpu_mlp,20260829,0.0204914726023942,subject,0.0303276833207938,0.0119520183875184,,,0.641015625,0.03125,0.609765625,1280,32,40,1.0,0.5890625,0.8218749999999999,counterfactual_dose,0.0,0.0,0.513060886930036,0.5335523595324303,0.0119520183875184,0.1179549771742002,0.007287929962076649,4.0,7.154615356913663
DEAP,arousal,relative_power,24,gpu_mlp,20260829,0.0432824681546327,subject,0.0786728965680969,0.0384570592666282,,,0.641015625,0.03125,0.609765625,1280,32,40,1.0,0.5890625,0.8218749999999999,counterfactual_dose,0.25,0.2501128705175056,0.513060886930036,0.5563433550846688,0.0119520183875184,0.1179549771742002,0.023449792779377584,4.0,7.154615356913663
DEAP,arousal,relative_power,24,gpu_mlp,20260829,0.0299971760244475,subject,0.0893516539506682,0.0649933973276896,,,0.641015625,0.03125,0.609765625,1280,32,40,1.0,0.5890625,0.8218749999999999,counterfactual_dose,0.5,0.500236492842161,0.513060886930036,0.5430580629544836,0.0119520183875184,0.1179549771742002,0.039630739542391984,4.0,7.154615356913663
DEAP,arousal,relative_power,24,gpu_mlp,20260829,0.0321630644168994,subject,0.0901085052444977,0.0912862631792768,,,0.641015625,0.03125,0.609765625,1280,32,40,1.0,0.5890625,0.8218749999999999,counterfactual_dose,0.75,0.7482968123229785,0.513060886930036,0.5452239513469355,0.0119520183875184,0.1179549771742002,0.0556632253214262,4.0,7.154615356913663
DEAP,arousal,relative_power,24,gpu_mlp,20260829,0.034175146998013,subject,0.1067700870296718,0.1179549771742002,,,0.641015625,0.03125,0.609765625,1280,32,40,1.0,0.5890625,0.8218749999999999,counterfactual_dose,1.0,1.0,0.513060886930036,0.5472360339280491,0.0119520183875184,0.1179549771742002,0.07192489037848691,4.0,7.154615356913663
DEAP,arousal,relative_power,24,gpu_mlp,20260911,0.020690663735111,subject,0.0548379274568029,0.0126240897781276,,,0.630859375,0.03125,0.599609375,1280,32,40,1.0,0.5890625,0.8218749999999999,counterfactual_dose,0.0,0.0,0.5024054220330607,0.5230960857681718,0.0126240897781276,0.1174446589850672,0.007569522581806979,4.0,7.154615356913663
DEAP,arousal,relative_power,24,gpu_mlp,20260911,0.0506878397595585,subject,0.0516318965810277,0.038854474709368,,,0.630859375,0.03125,0.599609375,1280,32,40,1.0,0.5890625,0.8218749999999999,counterfactual_dose,0.25,0.2502142582383338,0.5024054220330607,0.5530932617926193,0.0126240897781276,0.1174446589850672,0.023297507296437453,4.0,7.154615356913663
DEAP,arousal,relative_power,24,gpu_mlp,20260911,0.0354787142842734,subject,0.0818109747026205,0.0650583639526406,,,0.630859375,0.03125,0.599609375,1280,32,40,1.0,0.5890625,0.8218749999999999,counterfactual_dose,0.5,0.5001754796308471,0.5024054220330607,0.5378841363173341,0.0126240897781276,0.1174446589850672,0.03900960494816536,4.0,7.154615356913663
DEAP,arousal,relative_power,24,gpu_mlp,20260911,0.0411594436768161,subject,0.0894910512446965,0.091104319889083,,,0.630859375,0.03125,0.599609375,1280,32,40,1.0,0.5890625,0.8218749999999999,counterfactual_dose,0.75,0.7498711083123482,0.5024054220330607,0.5435648657098768,0.0126240897781276,0.1174446589850672,0.05462700430849313,4.0,7.154615356913663
DEAP,arousal,relative_power,24,gpu_mlp,20260911,0.0442103458361489,subject,0.0889609573105153,0.1174446589850672,,,0.630859375,0.03125,0.599609375,1280,32,40,1.0,0.5890625,0.8218749999999999,counterfactual_dose,1.0,1.0,0.5024054220330607,0.5466157678692096,0.0126240897781276,0.1174446589850672,0.07042091857112429,4.0,7.154615356913663
DEAP,arousal,relative_power,24,gpu_mlp,20260923,0.0450071103670159,subject,0.0544230136822242,0.0115940881270749,,,0.63828125,0.03125,0.60703125,1280,32,40,1.0,0.5890625,0.8218749999999999,counterfactual_dose,0.0,0.0,0.4852749846194188,0.5302820949864349,0.0115940881270749,0.1114964861241677,0.0070379738083884355,4.0,7.154615356913663
DEAP,arousal,relative_power,24,gpu_mlp,20260923,0.0542455446742846,subject,0.052702406108427,0.0366050602487406,,,0.63828125,0.03125,0.60703125,1280,32,40,1.0,0.5890625,0.8218749999999999,counterfactual_dose,0.25,0.2503427494251778,0.4852749846194188,0.5395205292937035,0.0115940881270749,0.1114964861241677,0.022220415479118318,4.0,7.154615356913663
DEAP,arousal,relative_power,24,gpu_mlp,20260923,0.0608112878337081,subject,0.0586895313033368,0.0615519706342296,,,0.63828125,0.03125,0.60703125,1280,32,40,1.0,0.5890625,0.8218749999999999,counterfactual_dose,0.5,0.4999943147562614,0.4852749846194188,0.546086272453127,0.0115940881270749,0.1114964861241677,0.03736396967405969,4.0,7.154615356913663
DEAP,arousal,relative_power,24,gpu_mlp,20260923,0.0498255186533671,subject,0.0789325997367781,0.0861475285136236,,,0.63828125,0.03125,0.60703125,1280,32,40,1.0,0.5890625,0.8218749999999999,counterfactual_dose,0.75,0.7456613574215292,0.4852749846194188,0.535100503272786,0.0115940881270749,0.1114964861241677,0.052294241918035576,4.0,7.154615356913663
DEAP,arousal,relative_power,24,gpu_mlp,20260923,0.0511517786003166,subject,0.0588081553687957,0.1114964861241677,,,0.63828125,0.03125,0.60703125,1280,32,40,1.0,0.5890625,0.8218749999999999,counterfactual_dose,1.0,1.0,0.4852749846194188,0.5364267632197355,0.0115940881270749,0.1114964861241677,0.06768185134256118,4.0,7.154615356913663
DEAP,arousal,relative_power,24,gpu_mlp,20261007,0.0080685015784006,subject,0.0325605615180068,0.0117336164553045,,,0.640234375,0.03125,0.608984375,1280,32,40,1.0,0.5890625,0.8218749999999999,counterfactual_dose,0.0,0.0,0.5189861927766739,0.5270546943550746,0.0117336164553045,0.1172610494604619,0.007145589083523326,4.0,7.154615356913663
DEAP,arousal,relative_power,24,gpu_mlp,20261007,0.0190769634194309,subject,0.0874741650738292,0.0381532167767122,,,0.640234375,0.03125,0.608984375,1280,32,40,1.0,0.5890625,0.8218749999999999,counterfactual_dose,0.25,0.2503886555990415,0.5189861927766739,0.5380631561961049,0.0117336164553045,0.1172610494604619,0.023234712873005593,4.0,7.154615356913663
DEAP,arousal,relative_power,24,gpu_mlp,20261007,0.0096166453187562,subject,0.0826103726744643,0.0645006045419157,,,0.640234375,0.03125,0.608984375,1280,32,40,1.0,0.5890625,0.8218749999999999,counterfactual_dose,0.5,0.5002646601890488,0.5189861927766739,0.5286028380954302,0.0117336164553045,0.1172610494604619,0.039279860344080694,4.0,7.154615356913663
DEAP,arousal,relative_power,24,gpu_mlp,20261007,0.029134854918256,subject,0.0872582986269332,0.090979186777726,,,0.640234375,0.03125,0.608984375,1280,32,40,1.0,0.5890625,0.8218749999999999,counterfactual_dose,0.75,0.7510836816523201,0.5189861927766739,0.54812104769493,0.0117336164553045,0.1172610494604619,0.055404903197841734,4.0,7.154615356913663
DEAP,arousal,relative_power,24,gpu_mlp,20261007,0.0167547478088976,subject,0.0917575348080217,0.1172610494604619,,,0.640234375,0.03125,0.608984375,1280,32,40,1.0,0.5890625,0.8218749999999999,counterfactual_dose,1.0,1.0,0.5189861927766739,0.5357409405855715,0.0117336164553045,0.1172610494604619,0.07141014691752348,4.0,7.154615356913663
DEAP,arousal,relative_power,24,linear_logistic,20260813,0.0098700466964528,subject,0.0584361226815665,0.03902024677146683,0.9002334491865429,0.14453056161948563,0.632421875,0.03125,0.601171875,1280,32,40,1.0,0.5890625,0.8218749999999999,observational_factorial,,,,,,,0.02345787491456541,1.0,7.154615356913663
DEAP,arousal,relative_power,24,linear_logistic,20260813,0.0198938992042441,subject,0.0492670681429953,0.0131108129825088,,,0.632421875,0.03125,0.601171875,1280,32,40,1.0,0.5890625,0.8218749999999999,counterfactual_dose,0.0,0.0,0.5317419894907767,0.5516358886950208,0.0131108129825088,0.1124653171134664,0.007881852023469157,1.0,7.154615356913663
DEAP,arousal,relative_power,24,linear_logistic,20260813,0.0174405704430615,subject,0.0644246145346276,0.0379342309283137,,,0.632421875,0.03125,0.601171875,1280,32,40,1.0,0.5890625,0.8218749999999999,counterfactual_dose,0.25,0.2498568920110395,0.5317419894907767,0.5491825599338382,0.0131108129825088,0.1124653171134664,0.02280499273385734,1.0,7.154615356913663
DEAP,arousal,relative_power,24,linear_logistic,20260813,0.0255090720214622,subject,0.061002066430879,0.0628947724372778,,,0.632421875,0.03125,0.601171875,1280,32,40,1.0,0.5890625,0.8218749999999999,counterfactual_dose,0.5,0.5009287084465756,0.5317419894907767,0.5572510615122389,0.0131108129825088,0.1124653171134664,0.03781056827381662,1.0,7.154615356913663
DEAP,arousal,relative_power,24,linear_logistic,20260813,0.0199165918649333,subject,0.0549701731025371,0.0874128828270123,,,0.632421875,0.03125,0.601171875,1280,32,40,1.0,0.5890625,0.8218749999999999,counterfactual_dose,0.75,0.7477285219009511,0.5317419894907767,0.55165858135571,0.0131108129825088,0.1124653171134664,0.05255016666827029,1.0,7.154615356913663
DEAP,arousal,relative_power,24,linear_logistic,20260813,0.0274984619418866,subject,0.0616600251321203,0.1124653171134664,,,0.632421875,0.03125,0.601171875,1280,32,40,1.0,0.5890625,0.8218749999999999,counterfactual_dose,1.0,1.0,0.5317419894907767,0.5592404514326633,0.0131108129825088,0.1124653171134664,0.06761098556157219,1.0,7.154615356913663
DEAP,arousal,relative_power,24,linear_logistic,20260829,0.0478903389779225,subject,0.0766507649948059,0.038004362594896215,0.9027964853766707,0.14811799846476925,0.641015625,0.03125,0.609765625,1280,32,40,1.0,0.5890625,0.8218749999999999,observational_factorial,,,,,,,0.02317375391040351,1.0,7.154615356913663
DEAP,arousal,relative_power,24,linear_logistic,20260829,0.010057891498825,subject,0.0303276833207938,0.0119520183875184,,,0.641015625,0.03125,0.609765625,1280,32,40,1.0,0.5890625,0.8218749999999999,counterfactual_dose,0.0,0.0,0.5367595889098445,0.5468174804086696,0.0119520183875184,0.1179549771742002,0.007287929962076649,1.0,7.154615356913663
DEAP,arousal,relative_power,24,linear_logistic,20260829,0.0247576928119737,subject,0.0786728965680969,0.0384570592666282,,,0.641015625,0.03125,0.609765625,1280,32,40,1.0,0.5890625,0.8218749999999999,counterfactual_dose,0.25,0.2501128705175056,0.5367595889098445,0.5615172817218183,0.0119520183875184,0.1179549771742002,0.023449792779377584,1.0,7.154615356913663
DEAP,arousal,relative_power,24,linear_logistic,20260829,0.0041779709735655,subject,0.0893516539506682,0.0649933973276896,,,0.641015625,0.03125,0.609765625,1280,32,40,1.0,0.5890625,0.8218749999999999,counterfactual_dose,0.5,0.500236492842161,0.5367595889098445,0.5409375598834101,0.0119520183875184,0.1179549771742002,0.039630739542391984,1.0,7.154615356913663
DEAP,arousal,relative_power,24,linear_logistic,20260829,0.012798660628738,subject,0.0901085052444977,0.0912862631792768,,,0.641015625,0.03125,0.609765625,1280,32,40,1.0,0.5890625,0.8218749999999999,counterfactual_dose,0.75,0.7482968123229785,0.5367595889098445,0.5495582495385826,0.0119520183875184,0.1179549771742002,0.0556632253214262,1.0,7.154615356913663
DEAP,arousal,relative_power,24,linear_logistic,20260829,0.0236306239977408,subject,0.1067700870296718,0.1179549771742002,,,0.641015625,0.03125,0.609765625,1280,32,40,1.0,0.5890625,0.8218749999999999,counterfactual_dose,1.0,1.0,0.5367595889098445,0.5603902129075854,0.0119520183875184,0.1179549771742002,0.07192489037848691,1.0,7.154615356913663
DEAP,arousal,relative_power,24,linear_logistic,20260911,0.0062455245030306,subject,0.0722736028885235,0.03859626070366664,0.9001855915408367,0.14629219902133897,0.630859375,0.03125,0.599609375,1280,32,40,1.0,0.5890625,0.8218749999999999,observational_factorial,,,,,,,0.023142679757862612,1.0,7.154615356913663
DEAP,arousal,relative_power,24,linear_logistic,20260911,0.0010615122389083,subject,0.0548379274568029,0.0126240897781276,,,0.630859375,0.03125,0.599609375,1280,32,40,1.0,0.5890625,0.8218749999999999,counterfactual_dose,0.0,0.0,0.5297954634849875,0.5308569757238959,0.0126240897781276,0.1174446589850672,0.007569522581806979,1.0,7.154615356913663
DEAP,arousal,relative_power,24,linear_logistic,20260911,0.0178616453691844,subject,0.0516318965810277,0.038854474709368,,,0.630859375,0.03125,0.599609375,1280,32,40,1.0,0.5890625,0.8218749999999999,counterfactual_dose,0.25,0.2502142582383338,0.5297954634849875,0.547657108854172,0.0126240897781276,0.1174446589850672,0.023297507296437453,1.0,7.154615356913663
DEAP,arousal,relative_power,24,linear_logistic,20260911,0.0169993242629927,subject,0.0818109747026205,0.0650583639526406,,,0.630859375,0.03125,0.599609375,1280,32,40,1.0,0.5890625,0.8218749999999999,counterfactual_dose,0.5,0.5001754796308471,0.5297954634849875,0.5467947877479803,0.0126240897781276,0.1174446589850672,0.03900960494816536,1.0,7.154615356913663
DEAP,arousal,relative_power,24,linear_logistic,20260911,0.0224153059474943,subject,0.0894910512446965,0.091104319889083,,,0.630859375,0.03125,0.599609375,1280,32,40,1.0,0.5890625,0.8218749999999999,counterfactual_dose,0.75,0.7498711083123482,0.5297954634849875,0.5522107694324818,0.0126240897781276,0.1174446589850672,0.05462700430849313,1.0,7.154615356913663
DEAP,arousal,relative_power,24,linear_logistic,20260911,0.0263058365523293,subject,0.0889609573105153,0.1174446589850672,,,0.630859375,0.03125,0.599609375,1280,32,40,1.0,0.5890625,0.8218749999999999,counterfactual_dose,1.0,1.0,0.5297954634849875,0.5561013000373168,0.0126240897781276,0.1174446589850672,0.07042091857112429,1.0,7.154615356913663
DEAP,arousal,relative_power,24,linear_logistic,20260923,0.0328362800173472,subject,0.079192342992002,0.035680925390738964,0.8998479800949465,0.13642790918433192,0.63828125,0.03125,0.60703125,1280,32,40,1.0,0.5890625,0.8218749999999999,observational_factorial,,,,,,,0.021659436741097014,1.0,7.154615356913663
DEAP,arousal,relative_power,24,linear_logistic,20260923,0.01394842210366,subject,0.0544230136822242,0.0115940881270749,,,0.63828125,0.03125,0.60703125,1280,32,40,1.0,0.5890625,0.8218749999999999,counterfactual_dose,0.0,0.0,0.5088829159564704,0.5228313380601305,0.0115940881270749,0.1114964861241677,0.0070379738083884355,1.0,7.154615356913663
DEAP,arousal,relative_power,24,linear_logistic,20260923,0.0107437141329891,subject,0.052702406108427,0.0366050602487406,,,0.63828125,0.03125,0.60703125,1280,32,40,1.0,0.5890625,0.8218749999999999,counterfactual_dose,0.25,0.2503427494251778,0.5088829159564704,0.5196266300894595,0.0115940881270749,0.1114964861241677,0.022220415479118318,1.0,7.154615356913663
DEAP,arousal,relative_power,24,linear_logistic,20260923,0.011981724843925,subject,0.0586895313033368,0.0615519706342296,,,0.63828125,0.03125,0.60703125,1280,32,40,1.0,0.5890625,0.8218749999999999,counterfactual_dose,0.5,0.4999943147562614,0.5088829159564704,0.5208646408003954,0.0115940881270749,0.1114964861241677,0.03736396967405969,1.0,7.154615356913663
DEAP,arousal,relative_power,24,linear_logistic,20260923,0.0183482768706316,subject,0.0789325997367781,0.0861475285136236,,,0.63828125,0.03125,0.60703125,1280,32,40,1.0,0.5890625,0.8218749999999999,counterfactual_dose,0.75,0.7456613574215292,0.5088829159564704,0.5272311928271021,0.0115940881270749,0.1114964861241677,0.052294241918035576,1.0,7.154615356913663
DEAP,arousal,relative_power,24,linear_logistic,20260923,0.0079802523423868,subject,0.0588081553687957,0.1114964861241677,,,0.63828125,0.03125,0.60703125,1280,32,40,1.0,0.5890625,0.8218749999999999,counterfactual_dose,1.0,1.0,0.5088829159564704,0.5168631682988573,0.0115940881270749,0.1114964861241677,0.06768185134256118,1.0,7.154615356913663
DEAP,arousal,relative_power,24,linear_logistic,20261007,0.023219634698591,subject,0.0690462022571632,0.038420131008690524,0.9001929237870072,0.14685799565927402,0.640234375,0.03125,0.608984375,1280,32,40,1.0,0.5890625,0.8218749999999999,observational_factorial,,,,,,,0.02339725946974552,1.0,7.154615356913663
DEAP,arousal,relative_power,24,linear_logistic,20261007,0.0169337676876683,subject,0.0325605615180068,0.0117336164553045,,,0.640234375,0.03125,0.608984375,1280,32,40,1.0,0.5890625,0.8218749999999999,counterfactual_dose,0.0,0.0,0.5233633548829563,0.5402971225706246,0.0117336164553045,0.1172610494604619,0.007145589083523326,1.0,7.154615356913663
DEAP,arousal,relative_power,24,linear_logistic,20261007,0.0128440459501165,subject,0.0874741650738292,0.0381532167767122,,,0.640234375,0.03125,0.608984375,1280,32,40,1.0,0.5890625,0.8218749999999999,counterfactual_dose,0.25,0.2503886555990415,0.5233633548829563,0.5362074008330728,0.0117336164553045,0.1172610494604619,0.023234712873005593,1.0,7.154615356913663
DEAP,arousal,relative_power,24,linear_logistic,20261007,0.0300198686851368,subject,0.0826103726744643,0.0645006045419157,,,0.640234375,0.03125,0.608984375,1280,32,40,1.0,0.5890625,0.8218749999999999,counterfactual_dose,0.5,0.5002646601890488,0.5233633548829563,0.5533832235680931,0.0117336164553045,0.1172610494604619,0.039279860344080694,1.0,7.154615356913663
DEAP,arousal,relative_power,24,linear_logistic,20261007,0.0326723885790359,subject,0.0872582986269332,0.090979186777726,,,0.640234375,0.03125,0.608984375,1280,32,40,1.0,0.5890625,0.8218749999999999,counterfactual_dose,0.75,0.7510836816523201,0.5233633548829563,0.5560357434619922,0.0117336164553045,0.1172610494604619,0.055404903197841734,1.0,7.154615356913663
DEAP,arousal,relative_power,24,linear_logistic,20261007,0.0295105445230002,subject,0.0917575348080217,0.1172610494604619,,,0.640234375,0.03125,0.608984375,1280,32,40,1.0,0.5890625,0.8218749999999999,counterfactual_dose,1.0,1.0,0.5233633548829563,0.5528738994059565,0.0117336164553045,0.1172610494604619,0.07141014691752348,1.0,7.154615356913663
DEAP,arousal,relative_power,24,rbf_svm,20260813,0.0275753648475557,subject,0.0584361226815665,0.03902024677146683,0.9002334491865429,0.14453056161948563,0.632421875,0.03125,0.601171875,1280,32,40,1.0,0.5890625,0.8218749999999999,observational_factorial,,,,,,,0.02345787491456541,2.0,7.154615356913663
DEAP,arousal,relative_power,24,rbf_svm,20260829,0.0464531371342699,subject,0.0766507649948059,0.038004362594896215,0.9027964853766707,0.14811799846476925,0.641015625,0.03125,0.609765625,1280,32,40,1.0,0.5890625,0.8218749999999999,observational_factorial,,,,,,,0.02317375391040351,2.0,7.154615356913663
DEAP,arousal,relative_power,24,rbf_svm,20260911,0.0380757632298212,subject,0.0722736028885235,0.03859626070366664,0.9001855915408367,0.14629219902133897,0.630859375,0.03125,0.599609375,1280,32,40,1.0,0.5890625,0.8218749999999999,observational_factorial,,,,,,,0.023142679757862612,2.0,7.154615356913663
DEAP,arousal,relative_power,24,rbf_svm,20260923,0.0480428840858892,subject,0.079192342992002,0.035680925390738964,0.8998479800949465,0.13642790918433192,0.63828125,0.03125,0.60703125,1280,32,40,1.0,0.5890625,0.8218749999999999,observational_factorial,,,,,,,0.021659436741097014,2.0,7.154615356913663
DEAP,arousal,relative_power,24,rbf_svm,20261007,0.0529054169902472,subject,0.0690462022571632,0.038420131008690524,0.9001929237870072,0.14685799565927402,0.640234375,0.03125,0.608984375,1280,32,40,1.0,0.5890625,0.8218749999999999,observational_factorial,,,,,,,0.02339725946974552,2.0,7.154615356913663
DEAP,valence,absolute_power,24,linear_logistic,20260813,0.0128557375094399,stimulus,0.2696748678405342,0.1568186451405243,0.6549388587147608,0.30116501495015763,0.043359375,0.025,0.018359374999999997,1280,32,40,1.0,0.565625,0.8687499999999999,observational_factorial,,,,,,,0.002879092313126813,1.0,7.154615356913663
DEAP,valence,absolute_power,24,linear_logistic,20260829,0.0069681823601891,stimulus,0.2627538852895583,0.14884981909220837,0.6522089192389412,0.2921493729831867,0.0421875,0.025,0.017187499999999998,1280,32,40,1.0,0.565625,0.8687499999999999,observational_factorial,,,,,,,0.0025583562656473313,1.0,7.154615356913663
DEAP,valence,absolute_power,24,linear_logistic,20260911,0.0047696649310385,stimulus,0.268084979530188,0.11336021098544659,0.6543107843177732,0.24837549202459708,0.034765624999999994,0.025,0.009765624999999997,1280,32,40,1.0,0.565625,0.8687499999999999,observational_factorial,,,,,,,0.0011070333104047515,1.0,7.154615356913663
DEAP,valence,absolute_power,24,linear_logistic,20260923,0.0248370364481895,stimulus,0.2697394570531419,0.14229639520985052,0.6532331035453735,0.28196005071868635,0.036328125,0.025,0.011328124999999998,1280,32,40,1.0,0.565625,0.8687499999999999,observational_factorial,,,,,,,0.0016119513519865876,1.0,7.154615356913663
DEAP,valence,absolute_power,24,linear_logistic,20261007,-0.0096039190746849,stimulus,0.2726459716204936,0.15587259248340046,0.6533874956935481,0.30036462084355814,0.041015625,0.025,0.016015625,1280,32,40,1.0,0.565625,0.8687499999999999,observational_factorial,,,,,,,0.0024963969889919605,1.0,7.154615356913663
DEAP,valence,absolute_power,24,rbf_svm,20260813,0.0170714257323423,stimulus,0.2696748678405342,0.1568186451405243,0.6549388587147608,0.30116501495015763,0.043359375,0.025,0.018359374999999997,1280,32,40,1.0,0.565625,0.8687499999999999,observational_factorial,,,,,,,0.002879092313126813,2.0,7.154615356913663
DEAP,valence,absolute_power,24,rbf_svm,20260829,0.0094747406494694,stimulus,0.2627538852895583,0.14884981909220837,0.6522089192389412,0.2921493729831867,0.0421875,0.025,0.017187499999999998,1280,32,40,1.0,0.565625,0.8687499999999999,observational_factorial,,,,,,,0.0025583562656473313,2.0,7.154615356913663
DEAP,valence,absolute_power,24,rbf_svm,20260911,0.012647064668707,stimulus,0.268084979530188,0.11336021098544659,0.6543107843177732,0.24837549202459708,0.034765624999999994,0.025,0.009765624999999997,1280,32,40,1.0,0.565625,0.8687499999999999,observational_factorial,,,,,,,0.0011070333104047515,2.0,7.154615356913663
DEAP,valence,absolute_power,24,rbf_svm,20260923,0.0046032234985492,stimulus,0.2697394570531419,0.14229639520985052,0.6532331035453735,0.28196005071868635,0.036328125,0.025,0.011328124999999998,1280,32,40,1.0,0.565625,0.8687499999999999,observational_factorial,,,,,,,0.0016119513519865876,2.0,7.154615356913663
DEAP,valence,absolute_power,24,rbf_svm,20261007,0.0035971223021583,stimulus,0.2726459716204936,0.15587259248340046,0.6533874956935481,0.30036462084355814,0.041015625,0.025,0.016015625,1280,32,40,1.0,0.565625,0.8687499999999999,observational_factorial,,,,,,,0.0024963969889919605,2.0,7.154615356913663
DEAP,valence,all,72,extra_trees,20260813,0.0074352120513532,stimulus,0.2696748678405342,0.1568186451405243,0.6549388587147608,0.30116501495015763,0.044921875,0.025,0.019921875,1280,32,40,1.0,0.565625,0.8687499999999999,observational_factorial,,,,,,,0.003124121446158882,3.0,7.154615356913663
DEAP,valence,all,72,extra_trees,20260829,0.0090176477602447,stimulus,0.2627538852895583,0.14884981909220837,0.6522089192389412,0.2921493729831867,0.047265625,0.025,0.022265624999999997,1280,32,40,1.0,0.565625,0.8687499999999999,observational_factorial,,,,,,,0.0033142342532249515,3.0,7.154615356913663
DEAP,valence,all,72,extra_trees,20260911,0.0109528399379943,stimulus,0.268084979530188,0.11336021098544659,0.6543107843177732,0.24837549202459708,0.047265625,0.025,0.022265624999999997,1280,32,40,1.0,0.565625,0.8687499999999999,observational_factorial,,,,,,,0.002524035947722834,3.0,7.154615356913663
DEAP,valence,all,72,extra_trees,20260923,0.0046007392980643,stimulus,0.2697394570531419,0.14229639520985052,0.6532331035453735,0.28196005071868635,0.043359375000000006,0.025,0.018359375,1280,32,40,1.0,0.565625,0.8687499999999999,observational_factorial,,,,,,,0.0026124728808058495,3.0,7.154615356913663
DEAP,valence,all,72,extra_trees,20261007,0.0072513812154695,stimulus,0.2726459716204936,0.15587259248340046,0.6533874956935481,0.30036462084355814,0.043359375000000006,0.025,0.018359375,1280,32,40,1.0,0.565625,0.8687499999999999,observational_factorial,,,,,,,0.0028617233776249305,3.0,7.154615356913663
DEAP,valence,all,72,gpu_mlp,20260813,-0.017553360626416,stimulus,0.2472754970730964,0.0982500947659732,,,0.044921875,0.025,0.019921875,1280,32,40,1.0,0.565625,0.8687499999999999,counterfactual_dose,0.0,0.0,0.4924082833180969,0.4748549226916809,0.0982500947659732,0.2684926146248265,0.001957326106665872,4.0,7.154615356913663
DEAP,valence,all,72,gpu_mlp,20260813,0.0024096744703683,stimulus,0.2614716023659625,0.1408118525083072,,,0.044921875,0.025,0.019921875,1280,32,40,1.0,0.565625,0.8687499999999999,counterfactual_dose,0.25,0.2500180945988301,0.4924082833180969,0.4948179577884653,0.0982500947659732,0.2684926146248265,0.002805236124188932,4.0,7.154615356913663
DEAP,valence,all,72,gpu_mlp,20260813,-0.0153523589967804,stimulus,0.2639040737842578,0.183373710245682,,,0.044921875,0.025,0.019921875,1280,32,40,1.0,0.565625,0.8687499999999999,counterfactual_dose,0.5,0.5000093691670947,0.4924082833180969,0.4770559243213165,0.0982500947659732,0.2684926146248265,0.003653148133800696,4.0,7.154615356913663
DEAP,valence,all,72,gpu_mlp,20260813,-0.0007551969474144,stimulus,0.2682547117797875,0.2260063813690589,,,0.044921875,0.025,0.019921875,1280,32,40,1.0,0.565625,0.8687499999999999,counterfactual_dose,0.75,0.7503765962729203,0.4924082833180969,0.4916530863706824,0.0982500947659732,0.2684926146248265,0.00450247087883672,4.0,7.154615356913663
DEAP,valence,all,72,gpu_mlp,20260813,-0.0125253388449461,stimulus,0.2628660183366703,0.2684926146248265,,,0.044921875,0.025,0.019921875,1280,32,40,1.0,0.565625,0.8687499999999999,counterfactual_dose,1.0,1.0,0.4924082833180969,0.4798829444731508,0.0982500947659732,0.2684926146248265,0.005348876306978965,4.0,7.154615356913663
DEAP,valence,all,72,gpu_mlp,20260829,-0.0007402917445049,stimulus,0.2437490991261592,0.097373154614792,,,0.047265625,0.025,0.022265624999999997,1280,32,40,1.0,0.565625,0.8687499999999999,counterfactual_dose,0.0,0.0,0.4950266306291982,0.4942863388846933,0.097373154614792,0.2615667231950937,0.0021680741457199776,4.0,7.154615356913663
DEAP,valence,all,72,gpu_mlp,20260829,0.0188550816805119,stimulus,0.2460183605493631,0.1384321715718909,,,0.047265625,0.025,0.022265624999999997,1280,32,40,1.0,0.565625,0.8687499999999999,counterfactual_dose,0.25,0.2500427998364857,0.4950266306291982,0.5138817123097102,0.097373154614792,0.2615667231950937,0.0030822788201553828,4.0,7.154615356913663
DEAP,valence,all,72,gpu_mlp,20260829,0.026064231487738,stimulus,0.251071050187896,0.1794565955454856,,,0.047265625,0.025,0.022265624999999997,1280,32,40,1.0,0.565625,0.8687499999999999,counterfactual_dose,0.5,0.4999451778746996,0.4950266306291982,0.5210908621169363,0.097373154614792,0.2615667231950937,0.003995713260192452,4.0,7.154615356913663
DEAP,valence,all,72,gpu_mlp,20260829,0.0060217019754361,stimulus,0.2537874943988136,0.220516874277489,,,0.047265625,0.025,0.022265624999999997,1280,32,40,1.0,0.565625,0.8687499999999999,counterfactual_dose,0.75,0.7500620499114735,0.4950266306291982,0.5010483326046344,0.097373154614792,0.2615667231950937,0.004909946028834715,4.0,7.154615356913663
DEAP,valence,all,72,gpu_mlp,20260829,0.0036617115147661,stimulus,0.2508694252969759,0.2615667231950937,,,0.047265625,0.025,0.022265624999999997,1280,32,40,1.0,0.565625,0.8687499999999999,counterfactual_dose,1.0,1.0,0.4950266306291982,0.4986883421439644,0.097373154614792,0.2615667231950937,0.005823946571140758,4.0,7.154615356913663
DEAP,valence,all,72,gpu_mlp,20260911,0.0100510751619699,stimulus,0.188119448431949,0.0621617808115486,,,0.047265625,0.025,0.022265624999999997,1280,32,40,1.0,0.565625,0.8687499999999999,counterfactual_dose,0.0,0.0,0.4931287014587225,0.5031797766206925,0.0621617808115486,0.2201914417658587,0.0013840709008821365,4.0,7.154615356913663
DEAP,valence,all,72,gpu_mlp,20260911,0.0074824118605667,stimulus,0.2160077775915248,0.1017859468567798,,,0.047265625,0.025,0.022265624999999997,1280,32,40,1.0,0.565625,0.8687499999999999,counterfactual_dose,0.25,0.2507158336210636,0.4931287014587225,0.5006111133192893,0.0621617808115486,0.2201914417658587,0.0022663277229829876,4.0,7.154615356913663
DEAP,valence,all,72,gpu_mlp,20260911,0.0067272149131523,stimulus,0.2175861852899692,0.1412129150389122,,,0.047265625,0.025,0.022265624999999997,1280,32,40,1.0,0.565625,0.8687499999999999,counterfactual_dose,0.5,0.500237541794433,0.4931287014587225,0.4998559163718749,0.0621617808115486,0.2201914417658587,0.003144193811413279,4.0,7.154615356913663
DEAP,valence,all,72,gpu_mlp,20260911,0.0042380460272665,stimulus,0.2169347436368433,0.1810373068633088,,,0.047265625,0.025,0.022265624999999997,1280,32,40,1.0,0.565625,0.8687499999999999,counterfactual_dose,0.75,0.7522517762849348,0.4931287014587225,0.4973667474859891,0.0621617808115486,0.2201914417658587,0.004030908785628359,4.0,7.154615356913663
DEAP,valence,all,72,gpu_mlp,20260911,-0.0147114352716721,stimulus,0.2079385882030519,0.2201914417658587,,,0.047265625,0.025,0.022265624999999997,1280,32,40,1.0,0.565625,0.8687499999999999,counterfactual_dose,1.0,1.0,0.4931287014587225,0.4784172661870504,0.0621617808115486,0.2201914417658587,0.004902700070567947,4.0,7.154615356913663
DEAP,valence,all,72,gpu_mlp,20260923,0.000208672840733,stimulus,0.2207527083498824,0.0873207154477338,,,0.043359375000000006,0.025,0.018359375,1280,32,40,1.0,0.565625,0.8687499999999999,counterfactual_dose,0.0,0.0,0.4865306649707858,0.4867393378115188,0.0873207154477338,0.252970504151649,0.001603153760173238,4.0,7.154615356913663
DEAP,valence,all,72,gpu_mlp,20260923,-0.0082227036050717,stimulus,0.2319531849471336,0.1286241994529245,,,0.043359375000000006,0.025,0.018359375,1280,32,40,1.0,0.565625,0.8687499999999999,counterfactual_dose,0.25,0.24940176815316,0.4865306649707858,0.4783079613657141,0.0873207154477338,0.252970504151649,0.002361459911831036,4.0,7.154615356913663
DEAP,valence,all,72,gpu_mlp,20260923,-0.0185023252116538,stimulus,0.2297829982145902,0.17024420804326,,,0.043359375000000006,0.025,0.018359375,1280,32,40,1.0,0.565625,0.8687499999999999,counterfactual_dose,0.5,0.5006517064499665,0.4865306649707858,0.4680283397591319,0.0873207154477338,0.252970504151649,0.0031255772570442262,4.0,7.154615356913663
DEAP,valence,all,72,gpu_mlp,20260923,-0.0057335347191859,stimulus,0.2493948141773102,0.2112216736037197,,,0.043359375000000006,0.025,0.018359375,1280,32,40,1.0,0.565625,0.8687499999999999,counterfactual_dose,0.75,0.7481607820134388,0.4865306649707858,0.4807971302515998,0.0873207154477338,0.252970504151649,0.003877897913818292,4.0,7.154615356913663
DEAP,valence,all,72,gpu_mlp,20260923,-0.0014308994793115,stimulus,0.2567940523107215,0.252970504151649,,,0.043359375000000006,0.025,0.018359375,1280,32,40,1.0,0.565625,0.8687499999999999,counterfactual_dose,1.0,1.0,0.4865306649707858,0.4850997654914742,0.0873207154477338,0.252970504151649,0.004644380349659181,4.0,7.154615356913663
DEAP,valence,all,72,gpu_mlp,20261007,0.0091368893835208,stimulus,0.242282903549706,0.0984121425076593,,,0.043359375000000006,0.025,0.018359375,1280,32,40,1.0,0.565625,0.8687499999999999,counterfactual_dose,0.0,0.0,0.486257402917445,0.4953942923009659,0.0984121425076593,0.267507531012542,0.0018067854288515576,4.0,7.154615356913663
DEAP,valence,all,72,gpu_mlp,20261007,0.0066974045073333,stimulus,0.2562244644270255,0.1406303273053131,,,0.043359375000000006,0.025,0.018359375,1280,32,40,1.0,0.565625,0.8687499999999999,counterfactual_dose,0.25,0.2496184073105147,0.486257402917445,0.4929548074247784,0.0984121425076593,0.267507531012542,0.002581884915370983,4.0,7.154615356913663
DEAP,valence,all,72,gpu_mlp,20261007,0.0187408084582058,stimulus,0.2605392470593375,0.1829074410942201,,,0.043359375000000006,0.025,0.018359375,1280,32,40,1.0,0.565625,0.8687499999999999,counterfactual_dose,0.5,0.4996681416635971,0.486257402917445,0.5049982113756508,0.0984121425076593,0.267507531012542,0.0033580663013391973,4.0,7.154615356913663
DEAP,valence,all,72,gpu_mlp,20261007,0.0117701418975317,stimulus,0.2543923687201083,0.2253756080268882,,,0.043359375000000006,0.025,0.018359375,1280,32,40,1.0,0.565625,0.8687499999999999,counterfactual_dose,0.75,0.7511686314194158,0.486257402917445,0.4980275448149768,0.0984121425076593,0.267507531012542,0.004137755303618651,4.0,7.154615356913663
DEAP,valence,all,72,gpu_mlp,20261007,0.0120284987479629,stimulus,0.2575351282406569,0.267507531012542,,,0.043359375000000006,0.025,0.018359375,1280,32,40,1.0,0.565625,0.8687499999999999,counterfactual_dose,1.0,1.0,0.486257402917445,0.498285901665408,0.0984121425076593,0.267507531012542,0.004911271077183388,4.0,7.154615356913663
DEAP,valence,all,72,hist_gradient_boosting,20260813,-0.0161001033427402,stimulus,0.2696748678405342,0.1568186451405243,0.6549388587147608,0.30116501495015763,0.044921875,0.025,0.019921875,1280,32,40,1.0,0.565625,0.8687499999999999,observational_factorial,,,,,,,0.003124121446158882,3.0,7.154615356913663
DEAP,valence,all,72,hist_gradient_boosting,20260829,0.0131861361739337,stimulus,0.2627538852895583,0.14884981909220837,0.6522089192389412,0.2921493729831867,0.047265625,0.025,0.022265624999999997,1280,32,40,1.0,0.565625,0.8687499999999999,observational_factorial,,,,,,,0.0033142342532249515,3.0,7.154615356913663
DEAP,valence,all,72,hist_gradient_boosting,20260911,-0.0086400492865375,stimulus,0.268084979530188,0.11336021098544659,0.6543107843177732,0.24837549202459708,0.047265625,0.025,0.022265624999999997,1280,32,40,1.0,0.565625,0.8687499999999999,observational_factorial,,,,,,,0.002524035947722834,3.0,7.154615356913663
DEAP,valence,all,72,hist_gradient_boosting,20260923,-0.0031226400095393,stimulus,0.2697394570531419,0.14229639520985052,0.6532331035453735,0.28196005071868635,0.043359375000000006,0.025,0.018359375,1280,32,40,1.0,0.565625,0.8687499999999999,observational_factorial,,,,,,,0.0026124728808058495,3.0,7.154615356913663
DEAP,valence,all,72,hist_gradient_boosting,20261007,0.0047622123295838,stimulus,0.2726459716204936,0.15587259248340046,0.6533874956935481,0.30036462084355814,0.043359375000000006,0.025,0.018359375,1280,32,40,1.0,0.565625,0.8687499999999999,observational_factorial,,,,,,,0.0028617233776249305,3.0,7.154615356913663
DEAP,valence,all,72,linear_logistic,20260813,0.0085680074724749,stimulus,0.2696748678405342,0.1568186451405243,0.6549388587147608,0.30116501495015763,0.044921875,0.025,0.019921875,1280,32,40,1.0,0.565625,0.8687499999999999,observational_factorial,,,,,,,0.003124121446158882,1.0,7.154615356913663
DEAP,valence,all,72,linear_logistic,20260813,0.0201717079375173,stimulus,0.2472754970730964,0.0982500947659732,,,0.044921875,0.025,0.019921875,1280,32,40,1.0,0.565625,0.8687499999999999,counterfactual_dose,0.0,0.0,0.4939633928216543,0.5141351007591717,0.0982500947659732,0.2684926146248265,0.001957326106665872,1.0,7.154615356913663
DEAP,valence,all,72,linear_logistic,20260813,0.0180998847330974,stimulus,0.2614716023659625,0.1408118525083072,,,0.044921875,0.025,0.019921875,1280,32,40,1.0,0.565625,0.8687499999999999,counterfactual_dose,0.25,0.2500180945988301,0.4939633928216543,0.5120632775547518,0.0982500947659732,0.2684926146248265,0.002805236124188932,1.0,7.154615356913663
DEAP,valence,all,72,linear_logistic,20260813,-0.0056689455065782,stimulus,0.2639040737842578,0.183373710245682,,,0.044921875,0.025,0.019921875,1280,32,40,1.0,0.565625,0.8687499999999999,counterfactual_dose,0.5,0.5000093691670947,0.4939633928216543,0.4882944473150761,0.0982500947659732,0.2684926146248265,0.003653148133800696,1.0,7.154615356913663
DEAP,valence,all,72,linear_logistic,20260813,0.0047696649310385,stimulus,0.2682547117797875,0.2260063813690589,,,0.044921875,0.025,0.019921875,1280,32,40,1.0,0.565625,0.8687499999999999,counterfactual_dose,0.75,0.7503765962729203,0.4939633928216543,0.4987330577526928,0.0982500947659732,0.2684926146248265,0.00450247087883672,1.0,7.154615356913663
DEAP,valence,all,72,linear_logistic,20260813,0.0244594379744823,stimulus,0.2628660183366703,0.2684926146248265,,,0.044921875,0.025,0.019921875,1280,32,40,1.0,0.565625,0.8687499999999999,counterfactual_dose,1.0,1.0,0.4939633928216543,0.5184228307961366,0.0982500947659732,0.2684926146248265,0.005348876306978965,1.0,7.154615356913663
DEAP,valence,all,72,linear_logistic,20260829,0.0082699034142851,stimulus,0.2627538852895583,0.14884981909220837,0.6522089192389412,0.2921493729831867,0.047265625,0.025,0.022265624999999997,1280,32,40,1.0,0.565625,0.8687499999999999,observational_factorial,,,,,,,0.0033142342532249515,1.0,7.154615356913663
DEAP,valence,all,72,linear_logistic,20260829,0.0144679836241504,stimulus,0.2437490991261592,0.097373154614792,,,0.047265625,0.025,0.022265624999999997,1280,32,40,1.0,0.565625,0.8687499999999999,counterfactual_dose,0.0,0.0,0.5057534083230653,0.5202213919472157,0.097373154614792,0.2615667231950937,0.0021680741457199776,1.0,7.154615356913663
DEAP,valence,all,72,linear_logistic,20260829,0.0056043562939703,stimulus,0.2460183605493631,0.1384321715718909,,,0.047265625,0.025,0.022265624999999997,1280,32,40,1.0,0.565625,0.8687499999999999,counterfactual_dose,0.25,0.2500427998364857,0.5057534083230653,0.5113577646170356,0.097373154614792,0.2615667231950937,0.0030822788201553828,1.0,7.154615356913663
DEAP,valence,all,72,linear_logistic,20260829,0.0121079931634803,stimulus,0.251071050187896,0.1794565955454856,,,0.047265625,0.025,0.022265624999999997,1280,32,40,1.0,0.565625,0.8687499999999999,counterfactual_dose,0.5,0.4999451778746996,0.5057534083230653,0.5178614014865456,0.097373154614792,0.2615667231950937,0.003995713260192452,1.0,7.154615356913663
DEAP,valence,all,72,linear_logistic,20260829,0.005201915815414,stimulus,0.2537874943988136,0.220516874277489,,,0.047265625,0.025,0.022265624999999997,1280,32,40,1.0,0.565625,0.8687499999999999,counterfactual_dose,0.75,0.7500620499114735,0.5057534083230653,0.5109553241384793,0.097373154614792,0.2615667231950937,0.004909946028834715,1.0,7.154615356913663
DEAP,valence,all,72,linear_logistic,20260829,0.0036766167176756,stimulus,0.2508694252969759,0.2615667231950937,,,0.047265625,0.025,0.022265624999999997,1280,32,40,1.0,0.565625,0.8687499999999999,counterfactual_dose,1.0,1.0,0.5057534083230653,0.5094300250407409,0.097373154614792,0.2615667231950937,0.005823946571140758,1.0,7.154615356913663
DEAP,valence,all,72,linear_logistic,20260911,0.0126222226638577,stimulus,0.268084979530188,0.11336021098544659,0.6543107843177732,0.24837549202459708,0.047265625,0.025,0.022265624999999997,1280,32,40,1.0,0.565625,0.8687499999999999,observational_factorial,,,,,,,0.002524035947722834,1.0,7.154615356913663
DEAP,valence,all,72,linear_logistic,20260911,-0.0004322508843754,stimulus,0.188119448431949,0.0621617808115486,,,0.047265625,0.025,0.022265624999999997,1280,32,40,1.0,0.565625,0.8687499999999999,counterfactual_dose,0.0,0.0,0.4913102667037641,0.4908780158193886,0.0621617808115486,0.2201914417658587,0.0013840709008821365,1.0,7.154615356913663
DEAP,valence,all,72,linear_logistic,20260911,0.0159634723160697,stimulus,0.2160077775915248,0.1017859468567798,,,0.047265625,0.025,0.022265624999999997,1280,32,40,1.0,0.565625,0.8687499999999999,counterfactual_dose,0.25,0.2507158336210636,0.4913102667037641,0.5072737390198339,0.0621617808115486,0.2201914417658587,0.0022663277229829876,1.0,7.154615356913663
DEAP,valence,all,72,linear_logistic,20260911,0.007532095870265,stimulus,0.2175861852899692,0.1412129150389122,,,0.047265625,0.025,0.022265624999999997,1280,32,40,1.0,0.565625,0.8687499999999999,counterfactual_dose,0.5,0.500237541794433,0.4913102667037641,0.4988423625740291,0.0621617808115486,0.2201914417658587,0.003144193811413279,1.0,7.154615356913663
DEAP,valence,all,72,linear_logistic,20260911,0.0015898883103461,stimulus,0.2169347436368433,0.1810373068633088,,,0.047265625,0.025,0.022265624999999997,1280,32,40,1.0,0.565625,0.8687499999999999,counterfactual_dose,0.75,0.7522517762849348,0.4913102667037641,0.4929001550141103,0.0621617808115486,0.2201914417658587,0.004030908785628359,1.0,7.154615356913663
DEAP,valence,all,72,linear_logistic,20260911,0.0096685082872928,stimulus,0.2079385882030519,0.2201914417658587,,,0.047265625,0.025,0.022265624999999997,1280,32,40,1.0,0.565625,0.8687499999999999,counterfactual_dose,1.0,1.0,0.4913102667037641,0.5009787749910569,0.0621617808115486,0.2201914417658587,0.004902700070567947,1.0,7.154615356913663
DEAP,valence,all,72,linear_logistic,20260923,0.020092213522,stimulus,0.2697394570531419,0.14229639520985052,0.6532331035453735,0.28196005071868635,0.043359375000000006,0.025,0.018359375,1280,32,40,1.0,0.565625,0.8687499999999999,observational_factorial,,,,,,,0.0026124728808058495,1.0,7.154615356913663
DEAP,valence,all,72,linear_logistic,20260923,0.0024394848761874,stimulus,0.2207527083498824,0.0873207154477338,,,0.043359375000000006,0.025,0.018359375,1280,32,40,1.0,0.565625,0.8687499999999999,counterfactual_dose,0.0,0.0,0.4641728606065424,0.4666123454827298,0.0873207154477338,0.252970504151649,0.001603153760173238,1.0,7.154615356913663
DEAP,valence,all,72,linear_logistic,20260923,0.0021016336102388,stimulus,0.2319531849471336,0.1286241994529245,,,0.043359375000000006,0.025,0.018359375,1280,32,40,1.0,0.565625,0.8687499999999999,counterfactual_dose,0.25,0.24940176815316,0.4641728606065424,0.4662744942167812,0.0873207154477338,0.252970504151649,0.002361459911831036,1.0,7.154615356913663
DEAP,valence,all,72,linear_logistic,20260923,0.0042380460272665,stimulus,0.2297829982145902,0.17024420804326,,,0.043359375000000006,0.025,0.018359375,1280,32,40,1.0,0.565625,0.8687499999999999,counterfactual_dose,0.5,0.5006517064499665,0.4641728606065424,0.4684109066338089,0.0873207154477338,0.252970504151649,0.0031255772570442262,1.0,7.154615356913663
DEAP,valence,all,72,linear_logistic,20260923,0.0073383282324416,stimulus,0.2493948141773102,0.2112216736037197,,,0.043359375000000006,0.025,0.018359375,1280,32,40,1.0,0.565625,0.8687499999999999,counterfactual_dose,0.75,0.7481607820134388,0.4641728606065424,0.471511188838984,0.0873207154477338,0.252970504151649,0.003877897913818292,1.0,7.154615356913663
DEAP,valence,all,72,linear_logistic,20260923,-0.0053658730474184,stimulus,0.2567940523107215,0.252970504151649,,,0.043359375000000006,0.025,0.018359375,1280,32,40,1.0,0.565625,0.8687499999999999,counterfactual_dose,1.0,1.0,0.4641728606065424,0.4588069875591239,0.0873207154477338,0.252970504151649,0.004644380349659181,1.0,7.154615356913663
DEAP,valence,all,72,linear_logistic,20261007,-0.0018556977622322,stimulus,0.2726459716204936,0.15587259248340046,0.6533874956935481,0.30036462084355814,0.043359375000000006,0.025,0.018359375,1280,32,40,1.0,0.565625,0.8687499999999999,observational_factorial,,,,,,,0.0028617233776249305,1.0,7.154615356913663
DEAP,valence,all,72,linear_logistic,20261007,-0.0095244246591676,stimulus,0.242282903549706,0.0984121425076593,,,0.043359375000000006,0.025,0.018359375,1280,32,40,1.0,0.565625,0.8687499999999999,counterfactual_dose,0.0,0.0,0.4812095075320959,0.4716850828729282,0.0984121425076593,0.267507531012542,0.0018067854288515576,1.0,7.154615356913663
DEAP,valence,all,72,linear_logistic,20261007,0.0004819348940736,stimulus,0.2562244644270255,0.1406303273053131,,,0.043359375000000006,0.025,0.018359375,1280,32,40,1.0,0.565625,0.8687499999999999,counterfactual_dose,0.25,0.2496184073105147,0.4812095075320959,0.4816914424261695,0.0984121425076593,0.267507531012542,0.002581884915370983,1.0,7.154615356913663
DEAP,valence,all,72,linear_logistic,20261007,0.0084313764458046,stimulus,0.2605392470593375,0.1829074410942201,,,0.043359375000000006,0.025,0.018359375,1280,32,40,1.0,0.565625,0.8687499999999999,counterfactual_dose,0.5,0.4996681416635971,0.4812095075320959,0.4896408839779005,0.0984121425076593,0.267507531012542,0.0033580663013391973,1.0,7.154615356913663
DEAP,valence,all,72,linear_logistic,20261007,-0.0107118724909575,stimulus,0.2543923687201083,0.2253756080268882,,,0.043359375000000006,0.025,0.018359375,1280,32,40,1.0,0.565625,0.8687499999999999,counterfactual_dose,0.75,0.7511686314194158,0.4812095075320959,0.4704976350411384,0.0984121425076593,0.267507531012542,0.004137755303618651,1.0,7.154615356913663
DEAP,valence,all,72,linear_logistic,20261007,-0.0009638697881474,stimulus,0.2575351282406569,0.267507531012542,,,0.043359375000000006,0.025,0.018359375,1280,32,40,1.0,0.565625,0.8687499999999999,counterfactual_dose,1.0,1.0,0.4812095075320959,0.4802456377439484,0.0984121425076593,0.267507531012542,0.004911271077183388,1.0,7.154615356913663
DEAP,valence,all,72,rbf_svm,20260813,0.0128308955045907,stimulus,0.2696748678405342,0.1568186451405243,0.6549388587147608,0.30116501495015763,0.044921875,0.025,0.019921875,1280,32,40,1.0,0.565625,0.8687499999999999,observational_factorial,,,,,,,0.003124121446158882,2.0,7.154615356913663
DEAP,valence,all,72,rbf_svm,20260829,0.0149598553201636,stimulus,0.2627538852895583,0.14884981909220837,0.6522089192389412,0.2921493729831867,0.047265625,0.025,0.022265624999999997,1280,32,40,1.0,0.565625,0.8687499999999999,observational_factorial,,,,,,,0.0033142342532249515,2.0,7.154615356913663
DEAP,valence,all,72,rbf_svm,20260911,0.0145027624309392,stimulus,0.268084979530188,0.11336021098544659,0.6543107843177732,0.24837549202459708,0.047265625,0.025,0.022265624999999997,1280,32,40,1.0,0.565625,0.8687499999999999,observational_factorial,,,,,,,0.002524035947722834,2.0,7.154615356913663
DEAP,valence,all,72,rbf_svm,20260923,0.013563734647641,stimulus,0.2697394570531419,0.14229639520985052,0.6532331035453735,0.28196005071868635,0.043359375000000006,0.025,0.018359375,1280,32,40,1.0,0.565625,0.8687499999999999,observational_factorial,,,,,,,0.0026124728808058495,2.0,7.154615356913663
DEAP,valence,all,72,rbf_svm,20261007,-0.0089928057553956,stimulus,0.2726459716204936,0.15587259248340046,0.6533874956935481,0.30036462084355814,0.043359375000000006,0.025,0.018359375,1280,32,40,1.0,0.565625,0.8687499999999999,observational_factorial,,,,,,,0.0028617233776249305,2.0,7.154615356913663
DEAP,valence,normalized_asymmetry,12,gpu_mlp,20260813,0.0155759370404229,stimulus,0.2472754970730964,0.0982500947659732,,,0.029296875,0.025,0.004296874999999999,1280,32,40,1.0,0.565625,0.8687499999999999,counterfactual_dose,0.0,0.0,0.4692505663977105,0.4848265034381335,0.0982500947659732,0.2684926146248265,0.00042216837594754095,4.0,7.154615356913663
DEAP,valence,normalized_asymmetry,12,gpu_mlp,20260813,0.0114024802257641,stimulus,0.2614716023659625,0.1408118525083072,,,0.029296875,0.025,0.004296874999999999,1280,32,40,1.0,0.565625,0.8687499999999999,counterfactual_dose,0.25,0.2500180945988301,0.4692505663977105,0.4806530466234747,0.0982500947659732,0.2684926146248265,0.0006050509287466322,4.0,7.154615356913663
DEAP,valence,normalized_asymmetry,12,gpu_mlp,20260813,-0.0017836559481696,stimulus,0.2639040737842578,0.183373710245682,,,0.029296875,0.025,0.004296874999999999,1280,32,40,1.0,0.565625,0.8687499999999999,counterfactual_dose,0.5,0.5000093691670947,0.4692505663977105,0.4674669104495409,0.0982500947659732,0.2684926146248265,0.0007879339112119146,4.0,7.154615356913663
DEAP,valence,normalized_asymmetry,12,gpu_mlp,20260813,0.0060217019754362,stimulus,0.2682547117797875,0.2260063813690589,,,0.029296875,0.025,0.004296874999999999,1280,32,40,1.0,0.565625,0.8687499999999999,counterfactual_dose,0.75,0.7503765962729203,0.4692505663977105,0.4752722683731468,0.0982500947659732,0.2684926146248265,0.0009711211699451746,4.0,7.154615356913663
DEAP,valence,normalized_asymmetry,12,gpu_mlp,20260813,0.0153672641996899,stimulus,0.2628660183366703,0.2684926146248265,,,0.029296875,0.025,0.004296874999999999,1280,32,40,1.0,0.565625,0.8687499999999999,counterfactual_dose,1.0,1.0,0.4692505663977105,0.4846178305974005,0.0982500947659732,0.2684926146248265,0.001153679203466051,4.0,7.154615356913663
DEAP,valence,normalized_asymmetry,12,gpu_mlp,20260829,0.0067918041257601,stimulus,0.2437490991261592,0.097373154614792,,,0.0296875,0.025,0.004687499999999999,1280,32,40,1.0,0.565625,0.8687499999999999,counterfactual_dose,0.0,0.0,0.485402837950634,0.4921946420763941,0.097373154614792,0.2615667231950937,0.0004564366622568374,4.0,7.154615356913663
DEAP,valence,normalized_asymmetry,12,gpu_mlp,20260829,0.0077059899042092,stimulus,0.2460183605493631,0.1384321715718909,,,0.0296875,0.025,0.004687499999999999,1280,32,40,1.0,0.565625,0.8687499999999999,counterfactual_dose,0.25,0.2500427998364857,0.485402837950634,0.4931088278548432,0.097373154614792,0.2615667231950937,0.0006489008042432384,4.0,7.154615356913663
DEAP,valence,normalized_asymmetry,12,gpu_mlp,20260829,0.0048640645494653,stimulus,0.251071050187896,0.1794565955454856,,,0.0296875,0.025,0.004687499999999999,1280,32,40,1.0,0.565625,0.8687499999999999,counterfactual_dose,0.5,0.4999451778746996,0.485402837950634,0.4902669025000993,0.097373154614792,0.2615667231950937,0.0008412027916194635,4.0,7.154615356913663
DEAP,valence,normalized_asymmetry,12,gpu_mlp,20260829,-0.0010284590007552,stimulus,0.2537874943988136,0.220516874277489,,,0.0296875,0.025,0.004687499999999999,1280,32,40,1.0,0.565625,0.8687499999999999,counterfactual_dose,0.75,0.7500620499114735,0.485402837950634,0.4843743789498788,0.097373154614792,0.2615667231950937,0.0010336728481757295,4.0,7.154615356913663
DEAP,valence,normalized_asymmetry,12,gpu_mlp,20260829,-0.0054602726658452,stimulus,0.2508694252969759,0.2615667231950937,,,0.0296875,0.025,0.004687499999999999,1280,32,40,1.0,0.565625,0.8687499999999999,counterfactual_dose,1.0,1.0,0.485402837950634,0.4799425652847887,0.097373154614792,0.2615667231950937,0.0012260940149770015,4.0,7.154615356913663
DEAP,valence,normalized_asymmetry,12,gpu_mlp,20260911,-0.0095244246591677,stimulus,0.188119448431949,0.0621617808115486,,,0.028515625000000003,0.025,0.0035156249999999997,1280,32,40,1.0,0.565625,0.8687499999999999,counterfactual_dose,0.0,0.0,0.4753964783973926,0.4658720537382249,0.0621617808115486,0.2201914417658587,0.00021853751066560053,4.0,7.154615356913663
DEAP,valence,normalized_asymmetry,12,gpu_mlp,20260911,-0.0088189117214516,stimulus,0.2160077775915248,0.1017859468567798,,,0.028515625000000003,0.025,0.0035156249999999997,1280,32,40,1.0,0.565625,0.8687499999999999,counterfactual_dose,0.25,0.2507158336210636,0.4753964783973926,0.4665775666759409,0.0621617808115486,0.2201914417658587,0.00035784121941836647,4.0,7.154615356913663
DEAP,valence,normalized_asymmetry,12,gpu_mlp,20260911,-0.0228546444612266,stimulus,0.2175861852899692,0.1412129150389122,,,0.028515625000000003,0.025,0.0035156249999999997,1280,32,40,1.0,0.565625,0.8687499999999999,counterfactual_dose,0.5,0.500237541794433,0.4753964783973926,0.452541833936166,0.0621617808115486,0.2201914417658587,0.0004964516544336756,4.0,7.154615356913663
DEAP,valence,normalized_asymmetry,12,gpu_mlp,20260911,-0.0141500059620811,stimulus,0.2169347436368433,0.1810373068633088,,,0.028515625000000003,0.025,0.0035156249999999997,1280,32,40,1.0,0.565625,0.8687499999999999,counterfactual_dose,0.75,0.7522517762849348,0.4753964783973926,0.4612464724353114,0.0621617808115486,0.2201914417658587,0.0006364592819413199,4.0,7.154615356913663
DEAP,valence,normalized_asymmetry,12,gpu_mlp,20260911,-0.0292936921181287,stimulus,0.2079385882030519,0.2201914417658587,,,0.028515625000000003,0.025,0.0035156249999999997,1280,32,40,1.0,0.565625,0.8687499999999999,counterfactual_dose,1.0,1.0,0.4753964783973926,0.4461027862792639,0.0621617808115486,0.2201914417658587,0.0007741105374580969,4.0,7.154615356913663
DEAP,valence,normalized_asymmetry,12,gpu_mlp,20260923,-0.0014607098851305,stimulus,0.2207527083498824,0.0873207154477338,,,0.033984375,0.025,0.008984375,1280,32,40,1.0,0.565625,0.8687499999999999,counterfactual_dose,0.0,0.0,0.4666123454827298,0.4651516355975992,0.0873207154477338,0.252970504151649,0.0007845220528507333,4.0,7.154615356913663
DEAP,valence,normalized_asymmetry,12,gpu_mlp,20260923,-0.0101007591716681,stimulus,0.2319531849471336,0.1286241994529245,,,0.033984375,0.025,0.008984375,1280,32,40,1.0,0.565625,0.8687499999999999,counterfactual_dose,0.25,0.24940176815316,0.4666123454827298,0.4565115863110616,0.0873207154477338,0.252970504151649,0.0011556080419598685,4.0,7.154615356913663
DEAP,valence,normalized_asymmetry,12,gpu_mlp,20260923,-0.0083816924361063,stimulus,0.2297829982145902,0.17024420804326,,,0.033984375,0.025,0.008984375,1280,32,40,1.0,0.565625,0.8687499999999999,counterfactual_dose,0.5,0.5006517064499665,0.4666123454827298,0.4582306530466234,0.0873207154477338,0.252970504151649,0.001529537806638664,4.0,7.154615356913663
DEAP,valence,normalized_asymmetry,12,gpu_mlp,20260923,-0.0082376088079812,stimulus,0.2493948141773102,0.2112216736037197,,,0.033984375,0.025,0.008984375,1280,32,40,1.0,0.565625,0.8687499999999999,counterfactual_dose,0.75,0.7481607820134388,0.4666123454827298,0.4583747366747486,0.0873207154477338,0.252970504151649,0.0018976947237834192,4.0,7.154615356913663
DEAP,valence,normalized_asymmetry,12,gpu_mlp,20260923,-0.0089928057553956,stimulus,0.2567940523107215,0.252970504151649,,,0.033984375,0.025,0.008984375,1280,32,40,1.0,0.565625,0.8687499999999999,counterfactual_dose,1.0,1.0,0.4666123454827298,0.4576195397273341,0.0873207154477338,0.252970504151649,0.0022727818732374712,4.0,7.154615356913663
DEAP,valence,normalized_asymmetry,12,gpu_mlp,20261007,-0.0044964028776978,stimulus,0.242282903549706,0.0984121425076593,,,0.02734375,0.025,0.0023437499999999986,1280,32,40,1.0,0.565625,0.8687499999999999,counterfactual_dose,0.0,0.0,0.4774683016018125,0.4729718987241146,0.0984121425076593,0.267507531012542,0.00023065345900232634,4.0,7.154615356913663
DEAP,valence,normalized_asymmetry,12,gpu_mlp,20261007,0.0053310942406295,stimulus,0.2562244644270255,0.1406303273053131,,,0.02734375,0.025,0.0023437499999999986,1280,32,40,1.0,0.565625,0.8687499999999999,counterfactual_dose,0.25,0.2496184073105147,0.4774683016018125,0.482799395842442,0.0984121425076593,0.267507531012542,0.0003296023296218274,4.0,7.154615356913663
DEAP,valence,normalized_asymmetry,12,gpu_mlp,20261007,0.0071296553917087,stimulus,0.2605392470593375,0.1829074410942201,,,0.02734375,0.025,0.0023437499999999986,1280,32,40,1.0,0.565625,0.8687499999999999,counterfactual_dose,0.5,0.4996681416635971,0.4774683016018125,0.4845979569935212,0.0984121425076593,0.267507531012542,0.0004286893150645781,4.0,7.154615356913663
DEAP,valence,normalized_asymmetry,12,gpu_mlp,20261007,0.0063744584442942,stimulus,0.2543923687201083,0.2253756080268882,,,0.02734375,0.025,0.0023437499999999986,1280,32,40,1.0,0.565625,0.8687499999999999,counterfactual_dose,0.75,0.7511686314194158,0.4774683016018125,0.4838427600461067,0.0984121425076593,0.267507531012542,0.0005282240813130189,4.0,7.154615356913663
DEAP,valence,normalized_asymmetry,12,gpu_mlp,20261007,0.0043672244524822,stimulus,0.2575351282406569,0.267507531012542,,,0.02734375,0.025,0.0023437499999999986,1280,32,40,1.0,0.565625,0.8687499999999999,counterfactual_dose,1.0,1.0,0.4774683016018125,0.4818355260542947,0.0984121425076593,0.267507531012542,0.0006269707758106449,4.0,7.154615356913663
DEAP,valence,normalized_asymmetry,12,linear_logistic,20260813,0.007002961166978,stimulus,0.2696748678405342,0.1568186451405243,0.6549388587147608,0.30116501495015763,0.029296875,0.025,0.004296874999999999,1280,32,40,1.0,0.565625,0.8687499999999999,observational_factorial,,,,,,,0.0006738301158381901,1.0,7.154615356913663
DEAP,valence,normalized_asymmetry,12,linear_logistic,20260813,0.0184228307961365,stimulus,0.2472754970730964,0.0982500947659732,,,0.029296875,0.025,0.004296874999999999,1280,32,40,1.0,0.565625,0.8687499999999999,counterfactual_dose,0.0,0.0,0.4749145435033189,0.4933373742994554,0.0982500947659732,0.2684926146248265,0.00042216837594754095,1.0,7.154615356913663
DEAP,valence,normalized_asymmetry,12,linear_logistic,20260813,0.0128979689176835,stimulus,0.2614716023659625,0.1408118525083072,,,0.029296875,0.025,0.004296874999999999,1280,32,40,1.0,0.565625,0.8687499999999999,counterfactual_dose,0.25,0.2500180945988301,0.4749145435033189,0.4878125124210024,0.0982500947659732,0.2684926146248265,0.0006050509287466322,1.0,7.154615356913663
DEAP,valence,normalized_asymmetry,12,linear_logistic,20260813,0.0046752653126118,stimulus,0.2639040737842578,0.183373710245682,,,0.029296875,0.025,0.004296874999999999,1280,32,40,1.0,0.565625,0.8687499999999999,counterfactual_dose,0.5,0.5000093691670947,0.4749145435033189,0.4795898088159307,0.0982500947659732,0.2684926146248265,0.0007879339112119146,1.0,7.154615356913663
DEAP,valence,normalized_asymmetry,12,linear_logistic,20260813,-0.0002881672562503,stimulus,0.2682547117797875,0.2260063813690589,,,0.029296875,0.025,0.004296874999999999,1280,32,40,1.0,0.565625,0.8687499999999999,counterfactual_dose,0.75,0.7503765962729203,0.4749145435033189,0.4746263762470686,0.0982500947659732,0.2684926146248265,0.0009711211699451746,1.0,7.154615356913663
DEAP,valence,normalized_asymmetry,12,linear_logistic,20260813,0.0070501609761914,stimulus,0.2628660183366703,0.2684926146248265,,,0.029296875,0.025,0.004296874999999999,1280,32,40,1.0,0.565625,0.8687499999999999,counterfactual_dose,1.0,1.0,0.4749145435033189,0.4819647044795103,0.0982500947659732,0.2684926146248265,0.001153679203466051,1.0,7.154615356913663
DEAP,valence,normalized_asymmetry,12,linear_logistic,20260829,0.0091766365912794,stimulus,0.2627538852895583,0.14884981909220837,0.6522089192389412,0.2921493729831867,0.0296875,0.025,0.004687499999999999,1280,32,40,1.0,0.565625,0.8687499999999999,observational_factorial,,,,,,,0.0006977335269947266,1.0,7.154615356913663
DEAP,valence,normalized_asymmetry,12,linear_logistic,20260829,0.021806311856592,stimulus,0.2437490991261592,0.097373154614792,,,0.0296875,0.025,0.004687499999999999,1280,32,40,1.0,0.565625,0.8687499999999999,counterfactual_dose,0.0,0.0,0.4593535116658055,0.4811598235223975,0.097373154614792,0.2615667231950937,0.0004564366622568374,1.0,7.154615356913663
DEAP,valence,normalized_asymmetry,12,linear_logistic,20260829,0.0092809730116458,stimulus,0.2460183605493631,0.1384321715718909,,,0.0296875,0.025,0.004687499999999999,1280,32,40,1.0,0.565625,0.8687499999999999,counterfactual_dose,0.25,0.2500427998364857,0.4593535116658055,0.4686344846774514,0.097373154614792,0.2615667231950937,0.0006489008042432384,1.0,7.154615356913663
DEAP,valence,normalized_asymmetry,12,linear_logistic,20260829,0.0183383679796493,stimulus,0.251071050187896,0.1794565955454856,,,0.0296875,0.025,0.004687499999999999,1280,32,40,1.0,0.565625,0.8687499999999999,counterfactual_dose,0.5,0.4999451778746996,0.4593535116658055,0.4776918796454549,0.097373154614792,0.2615667231950937,0.0008412027916194635,1.0,7.154615356913663
DEAP,valence,normalized_asymmetry,12,linear_logistic,20260829,0.0080438411701577,stimulus,0.2537874943988136,0.220516874277489,,,0.0296875,0.025,0.004687499999999999,1280,32,40,1.0,0.565625,0.8687499999999999,counterfactual_dose,0.75,0.7500620499114735,0.4593535116658055,0.4673973528359633,0.097373154614792,0.2615667231950937,0.0010336728481757295,1.0,7.154615356913663
DEAP,valence,normalized_asymmetry,12,linear_logistic,20260829,0.010518104853134,stimulus,0.2508694252969759,0.2615667231950937,,,0.0296875,0.025,0.004687499999999999,1280,32,40,1.0,0.565625,0.8687499999999999,counterfactual_dose,1.0,1.0,0.4593535116658055,0.4698716165189395,0.097373154614792,0.2615667231950937,0.0012260940149770015,1.0,7.154615356913663
DEAP,valence,normalized_asymmetry,12,linear_logistic,20260911,0.0401322588338169,stimulus,0.268084979530188,0.11336021098544659,0.6543107843177732,0.24837549202459708,0.028515625000000003,0.025,0.0035156249999999997,1280,32,40,1.0,0.565625,0.8687499999999999,observational_factorial,,,,,,,0.0003985319917457106,1.0,7.154615356913663
DEAP,valence,normalized_asymmetry,12,linear_logistic,20260911,0.016604396041178,stimulus,0.188119448431949,0.0621617808115486,,,0.028515625000000003,0.025,0.0035156249999999997,1280,32,40,1.0,0.565625,0.8687499999999999,counterfactual_dose,0.0,0.0,0.4735631384395246,0.4901675344807027,0.0621617808115486,0.2201914417658587,0.00021853751066560053,1.0,7.154615356913663
DEAP,valence,normalized_asymmetry,12,linear_logistic,20260911,0.0268343336380619,stimulus,0.2160077775915248,0.1017859468567798,,,0.028515625000000003,0.025,0.0035156249999999997,1280,32,40,1.0,0.565625,0.8687499999999999,counterfactual_dose,0.25,0.2507158336210636,0.4735631384395246,0.5003974720775866,0.0621617808115486,0.2201914417658587,0.00035784121941836647,1.0,7.154615356913663
DEAP,valence,normalized_asymmetry,12,linear_logistic,20260911,0.0118347311101394,stimulus,0.2175861852899692,0.1412129150389122,,,0.028515625000000003,0.025,0.0035156249999999997,1280,32,40,1.0,0.565625,0.8687499999999999,counterfactual_dose,0.5,0.500237541794433,0.4735631384395246,0.4853978695496641,0.0621617808115486,0.2201914417658587,0.0004964516544336756,1.0,7.154615356913663
DEAP,valence,normalized_asymmetry,12,linear_logistic,20260911,0.0189643865018482,stimulus,0.2169347436368433,0.1810373068633088,,,0.028515625000000003,0.025,0.0035156249999999997,1280,32,40,1.0,0.565625,0.8687499999999999,counterfactual_dose,0.75,0.7522517762849348,0.4735631384395246,0.4925275249413728,0.0621617808115486,0.2201914417658587,0.0006364592819413199,1.0,7.154615356913663
DEAP,valence,normalized_asymmetry,12,linear_logistic,20260911,0.016813068881911,stimulus,0.2079385882030519,0.2201914417658587,,,0.028515625000000003,0.025,0.0035156249999999997,1280,32,40,1.0,0.565625,0.8687499999999999,counterfactual_dose,1.0,1.0,0.4735631384395246,0.4903762073214356,0.0621617808115486,0.2201914417658587,0.0007741105374580969,1.0,7.154615356913663
DEAP,valence,normalized_asymmetry,12,linear_logistic,20260923,0.0027301363329226,stimulus,0.2697394570531419,0.14229639520985052,0.6532331035453735,0.28196005071868635,0.033984375,0.025,0.008984375,1280,32,40,1.0,0.565625,0.8687499999999999,observational_factorial,,,,,,,0.0012784441757135007,1.0,7.154615356913663
DEAP,valence,normalized_asymmetry,12,linear_logistic,20260923,-0.0053012838348105,stimulus,0.2207527083498824,0.0873207154477338,,,0.033984375,0.025,0.008984375,1280,32,40,1.0,0.565625,0.8687499999999999,counterfactual_dose,0.0,0.0,0.4662595890138717,0.4609583051790611,0.0873207154477338,0.252970504151649,0.0007845220528507333,1.0,7.154615356913663
DEAP,valence,normalized_asymmetry,12,linear_logistic,20260923,-0.0073582018363209,stimulus,0.2319531849471336,0.1286241994529245,,,0.033984375,0.025,0.008984375,1280,32,40,1.0,0.565625,0.8687499999999999,counterfactual_dose,0.25,0.24940176815316,0.4662595890138717,0.4589013871775508,0.0873207154477338,0.252970504151649,0.0011556080419598685,1.0,7.154615356913663
DEAP,valence,normalized_asymmetry,12,linear_logistic,20260923,-0.0070849397829801,stimulus,0.2297829982145902,0.17024420804326,,,0.033984375,0.025,0.008984375,1280,32,40,1.0,0.565625,0.8687499999999999,counterfactual_dose,0.5,0.5006517064499665,0.4662595890138717,0.4591746492308916,0.0873207154477338,0.252970504151649,0.001529537806638664,1.0,7.154615356913663
DEAP,valence,normalized_asymmetry,12,linear_logistic,20260923,0.0017488771413808,stimulus,0.2493948141773102,0.2112216736037197,,,0.033984375,0.025,0.008984375,1280,32,40,1.0,0.565625,0.8687499999999999,counterfactual_dose,0.75,0.7481607820134388,0.4662595890138717,0.4680084661552526,0.0873207154477338,0.252970504151649,0.0018976947237834192,1.0,7.154615356913663
DEAP,valence,normalized_asymmetry,12,linear_logistic,20260923,-0.0079196311459119,stimulus,0.2567940523107215,0.252970504151649,,,0.033984375,0.025,0.008984375,1280,32,40,1.0,0.565625,0.8687499999999999,counterfactual_dose,1.0,1.0,0.4662595890138717,0.4583399578679598,0.0873207154477338,0.252970504151649,0.0022727818732374712,1.0,7.154615356913663
DEAP,valence,normalized_asymmetry,12,linear_logistic,20261007,-0.0119738463372948,stimulus,0.2726459716204936,0.15587259248340046,0.6533874956935481,0.30036462084355814,0.02734375,0.025,0.0023437499999999986,1280,32,40,1.0,0.565625,0.8687499999999999,observational_factorial,,,,,,,0.00036532638863296963,1.0,7.154615356913663
DEAP,valence,normalized_asymmetry,12,linear_logistic,20261007,0.0114670694383718,stimulus,0.242282903549706,0.0984121425076593,,,0.02734375,0.025,0.0023437499999999986,1280,32,40,1.0,0.565625,0.8687499999999999,counterfactual_dose,0.0,0.0,0.4578282125680671,0.469295282006439,0.0984121425076593,0.267507531012542,0.00023065345900232634,1.0,7.154615356913663
DEAP,valence,normalized_asymmetry,12,linear_logistic,20261007,0.0056689455065781,stimulus,0.2562244644270255,0.1406303273053131,,,0.02734375,0.025,0.0023437499999999986,1280,32,40,1.0,0.565625,0.8687499999999999,counterfactual_dose,0.25,0.2496184073105147,0.4578282125680671,0.4634971580746452,0.0984121425076593,0.267507531012542,0.0003296023296218274,1.0,7.154615356913663
DEAP,valence,normalized_asymmetry,12,linear_logistic,20261007,0.0062154696132596,stimulus,0.2605392470593375,0.1829074410942201,,,0.02734375,0.025,0.0023437499999999986,1280,32,40,1.0,0.565625,0.8687499999999999,counterfactual_dose,0.5,0.4996681416635971,0.4578282125680671,0.4640436821813267,0.0984121425076593,0.267507531012542,0.0004286893150645781,1.0,7.154615356913663
DEAP,valence,normalized_asymmetry,12,linear_logistic,20261007,0.0110646289598155,stimulus,0.2543923687201083,0.2253756080268882,,,0.02734375,0.025,0.0023437499999999986,1280,32,40,1.0,0.565625,0.8687499999999999,counterfactual_dose,0.75,0.7511686314194158,0.4578282125680671,0.4688928415278827,0.0984121425076593,0.267507531012542,0.0005282240813130189,1.0,7.154615356913663
DEAP,valence,normalized_asymmetry,12,linear_logistic,20261007,0.0043374140466632,stimulus,0.2575351282406569,0.267507531012542,,,0.02734375,0.025,0.0023437499999999986,1280,32,40,1.0,0.565625,0.8687499999999999,counterfactual_dose,1.0,1.0,0.4578282125680671,0.4621656266147303,0.0984121425076593,0.267507531012542,0.0006269707758106449,1.0,7.154615356913663
DEAP,valence,normalized_asymmetry,12,rbf_svm,20260813,-0.010341726618705,stimulus,0.2696748678405342,0.1568186451405243,0.6549388587147608,0.30116501495015763,0.029296875,0.025,0.004296874999999999,1280,32,40,1.0,0.565625,0.8687499999999999,observational_factorial,,,,,,,0.0006738301158381901,2.0,7.154615356913663
DEAP,valence,normalized_asymmetry,12,rbf_svm,20260829,0.001684287928773,stimulus,0.2627538852895583,0.14884981909220837,0.6522089192389412,0.2921493729831867,0.0296875,0.025,0.004687499999999999,1280,32,40,1.0,0.565625,0.8687499999999999,observational_factorial,,,,,,,0.0006977335269947266,2.0,7.154615356913663
DEAP,valence,normalized_asymmetry,12,rbf_svm,20260911,0.0105031996502245,stimulus,0.268084979530188,0.11336021098544659,0.6543107843177732,0.24837549202459708,0.028515625000000003,0.025,0.0035156249999999997,1280,32,40,1.0,0.565625,0.8687499999999999,observational_factorial,,,,,,,0.0003985319917457106,2.0,7.154615356913663
DEAP,valence,normalized_asymmetry,12,rbf_svm,20260923,0.0019923287889025,stimulus,0.2697394570531419,0.14229639520985052,0.6532331035453735,0.28196005071868635,0.033984375,0.025,0.008984375,1280,32,40,1.0,0.565625,0.8687499999999999,observational_factorial,,,,,,,0.0012784441757135007,2.0,7.154615356913663
DEAP,valence,normalized_asymmetry,12,rbf_svm,20261007,-0.0016619301244087,stimulus,0.2726459716204936,0.15587259248340046,0.6533874956935481,0.30036462084355814,0.02734375,0.025,0.0023437499999999986,1280,32,40,1.0,0.565625,0.8687499999999999,observational_factorial,,,,,,,0.00036532638863296963,2.0,7.154615356913663
DEAP,valence,relative_power,24,gpu_mlp,20260813,-0.0067619937199411,stimulus,0.2472754970730964,0.0982500947659732,,,0.03828125,0.025,0.013281249999999998,1280,32,40,1.0,0.565625,0.8687499999999999,counterfactual_dose,0.0,0.0,0.4892930959100123,0.4825311021900711,0.0982500947659732,0.2684926146248265,0.0013048840711105813,4.0,7.154615356913663
DEAP,valence,relative_power,24,gpu_mlp,20260813,0.0111441233753329,stimulus,0.2614716023659625,0.1408118525083072,,,0.03828125,0.025,0.013281249999999998,1280,32,40,1.0,0.565625,0.8687499999999999,counterfactual_dose,0.25,0.2500180945988301,0.4892930959100123,0.5004372192853452,0.0982500947659732,0.2684926146248265,0.0018701574161259546,4.0,7.154615356913663
DEAP,valence,relative_power,24,gpu_mlp,20260813,0.0067123097102428,stimulus,0.2639040737842578,0.183373710245682,,,0.03828125,0.025,0.013281249999999998,1280,32,40,1.0,0.565625,0.8687499999999999,counterfactual_dose,0.5,0.5000093691670947,0.4892930959100123,0.4960054056202552,0.0982500947659732,0.2684926146248265,0.002435432089200464,4.0,7.154615356913663
DEAP,valence,relative_power,24,gpu_mlp,20260813,0.0065036368695099,stimulus,0.2682547117797875,0.2260063813690589,,,0.03828125,0.025,0.013281249999999998,1280,32,40,1.0,0.565625,0.8687499999999999,counterfactual_dose,0.75,0.7503765962729203,0.4892930959100123,0.4957967327795222,0.0982500947659732,0.2684926146248265,0.003001647252557813,4.0,7.154615356913663
DEAP,valence,relative_power,24,gpu_mlp,20260813,0.0074029174450495,stimulus,0.2628660183366703,0.2684926146248265,,,0.03828125,0.025,0.013281249999999998,1280,32,40,1.0,0.565625,0.8687499999999999,counterfactual_dose,1.0,1.0,0.4892930959100123,0.4966960133550618,0.0982500947659732,0.2684926146248265,0.003565917537985976,4.0,7.154615356913663
DEAP,valence,relative_power,24,gpu_mlp,20260829,0.0057981239317939,stimulus,0.2437490991261592,0.097373154614792,,,0.044140625,0.025,0.019140624999999998,1280,32,40,1.0,0.565625,0.8687499999999999,counterfactual_dose,0.0,0.0,0.50324933423427,0.5090474581660639,0.097373154614792,0.2615667231950937,0.0018637830375487529,4.0,7.154615356913663
DEAP,valence,relative_power,24,gpu_mlp,20260829,0.0078699471362136,stimulus,0.2460183605493631,0.1384321715718909,,,0.044140625,0.025,0.019140624999999998,1280,32,40,1.0,0.565625,0.8687499999999999,counterfactual_dose,0.25,0.2500427998364857,0.50324933423427,0.5111192813704837,0.097373154614792,0.2615667231950937,0.002649678283993224,4.0,7.154615356913663
DEAP,valence,relative_power,24,gpu_mlp,20260829,0.0040144679836241,stimulus,0.251071050187896,0.1794565955454856,,,0.044140625,0.025,0.019140624999999998,1280,32,40,1.0,0.565625,0.8687499999999999,counterfactual_dose,0.5,0.4999451778746996,0.50324933423427,0.5072638022178941,0.097373154614792,0.2615667231950937,0.0034349113991128098,4.0,7.154615356913663
DEAP,valence,relative_power,24,gpu_mlp,20260829,-0.0021513176199371,stimulus,0.2537874943988136,0.220516874277489,,,0.044140625,0.025,0.019140624999999998,1280,32,40,1.0,0.565625,0.8687499999999999,counterfactual_dose,0.75,0.7500620499114735,0.50324933423427,0.5010980166143328,0.097373154614792,0.2615667231950937,0.004220830796717563,4.0,7.154615356913663
DEAP,valence,relative_power,24,gpu_mlp,20260829,0.0055894510910609,stimulus,0.2508694252969759,0.2615667231950937,,,0.044140625,0.025,0.019140624999999998,1280,32,40,1.0,0.565625,0.8687499999999999,counterfactual_dose,1.0,1.0,0.50324933423427,0.5088387853253309,0.097373154614792,0.2615667231950937,0.005006550561156091,4.0,7.154615356913663
DEAP,valence,relative_power,24,gpu_mlp,20260911,-0.0086251440836281,stimulus,0.188119448431949,0.0621617808115486,,,0.041796875,0.025,0.016796874999999996,1280,32,40,1.0,0.565625,0.8687499999999999,counterfactual_dose,0.0,0.0,0.4906097221670178,0.4819845780833896,0.0621617808115486,0.2201914417658587,0.00104412366206898,4.0,7.154615356913663
DEAP,valence,relative_power,24,gpu_mlp,20260911,-0.0049485273659525,stimulus,0.2160077775915248,0.1017859468567798,,,0.041796875,0.025,0.016796874999999996,1280,32,40,1.0,0.565625,0.8687499999999999,counterfactual_dose,0.25,0.2507158336210636,0.4906097221670178,0.4856611948010652,0.0621617808115486,0.2201914417658587,0.0017096858261099728,4.0,7.154615356913663
DEAP,valence,relative_power,24,gpu_mlp,20260911,-0.0163659127946261,stimulus,0.2175861852899692,0.1412129150389122,,,0.041796875,0.025,0.016796874999999996,1280,32,40,1.0,0.565625,0.8687499999999999,counterfactual_dose,0.5,0.500237541794433,0.4906097221670178,0.4742438093723916,0.0621617808115486,0.2201914417658587,0.002371935682294228,4.0,7.154615356913663
DEAP,valence,relative_power,24,gpu_mlp,20260911,-0.000531618903772,stimulus,0.2169347436368433,0.1810373068633088,,,0.041796875,0.025,0.016796874999999996,1280,32,40,1.0,0.565625,0.8687499999999999,counterfactual_dose,0.75,0.7522517762849348,0.4906097221670178,0.4900781032632457,0.0621617808115486,0.2201914417658587,0.0030408610137196393,4.0,7.154615356913663
DEAP,valence,relative_power,24,gpu_mlp,20260911,-0.0031648714177829,stimulus,0.2079385882030519,0.2201914417658587,,,0.041796875,0.025,0.016796874999999996,1280,32,40,1.0,0.565625,0.8687499999999999,counterfactual_dose,1.0,1.0,0.4906097221670178,0.4874448507492348,0.0621617808115486,0.2201914417658587,0.003698528123410907,4.0,7.154615356913663
DEAP,valence,relative_power,24,gpu_mlp,20260923,-0.0157895782821256,stimulus,0.2207527083498824,0.0873207154477338,,,0.034765624999999994,0.025,0.009765624999999997,1280,32,40,1.0,0.565625,0.8687499999999999,counterfactual_dose,0.0,0.0,0.4888409714217576,0.4730513931396319,0.0873207154477338,0.252970504151649,0.000852741361794275,4.0,7.154615356913663
DEAP,valence,relative_power,24,gpu_mlp,20260923,-0.0079196311459119,stimulus,0.2319531849471336,0.1286241994529245,,,0.034765624999999994,0.025,0.009765624999999997,1280,32,40,1.0,0.565625,0.8687499999999999,counterfactual_dose,0.25,0.24940176815316,0.4888409714217576,0.4809213402758456,0.0873207154477338,0.252970504151649,0.0012560956977824653,4.0,7.154615356913663
DEAP,valence,relative_power,24,gpu_mlp,20260923,2.9810405818953e-05,stimulus,0.2297829982145902,0.17024420804326,,,0.034765624999999994,0.025,0.009765624999999997,1280,32,40,1.0,0.565625,0.8687499999999999,counterfactual_dose,0.5,0.5006517064499665,0.4888409714217576,0.4888707818275766,0.0873207154477338,0.252970504151649,0.0016625410941724602,4.0,7.154615356913663
DEAP,valence,relative_power,24,gpu_mlp,20260923,-0.018646408839779,stimulus,0.2493948141773102,0.2112216736037197,,,0.034765624999999994,0.025,0.009765624999999997,1280,32,40,1.0,0.565625,0.8687499999999999,counterfactual_dose,0.75,0.7481607820134388,0.4888409714217576,0.4701945625819786,0.0873207154477338,0.252970504151649,0.0020627116562863244,4.0,7.154615356913663
DEAP,valence,relative_power,24,gpu_mlp,20260923,-0.0123663500139115,stimulus,0.2567940523107215,0.252970504151649,,,0.034765624999999994,0.025,0.009765624999999997,1280,32,40,1.0,0.565625,0.8687499999999999,counterfactual_dose,1.0,1.0,0.4888409714217576,0.4764746214078461,0.0873207154477338,0.252970504151649,0.0024704150796059465,4.0,7.154615356913663
DEAP,valence,relative_power,24,gpu_mlp,20261007,0.0055397670813626,stimulus,0.242282903549706,0.0984121425076593,,,0.04140625,0.025,0.016406249999999997,1280,32,40,1.0,0.565625,0.8687499999999999,counterfactual_dose,0.0,0.0,0.4902221868913708,0.4957619539727335,0.0984121425076593,0.267507531012542,0.001614574213016285,4.0,7.154615356913663
DEAP,valence,relative_power,24,gpu_mlp,20261007,0.0161721451568027,stimulus,0.2562244644270255,0.1406303273053131,,,0.04140625,0.025,0.016406249999999997,1280,32,40,1.0,0.565625,0.8687499999999999,counterfactual_dose,0.25,0.2496184073105147,0.4902221868913708,0.5063943320481736,0.0984121425076593,0.267507531012542,0.002307216307352793,4.0,7.154615356913663
DEAP,valence,relative_power,24,gpu_mlp,20261007,0.0149350133153146,stimulus,0.2605392470593375,0.1829074410942201,,,0.04140625,0.025,0.016406249999999997,1280,32,40,1.0,0.565625,0.8687499999999999,counterfactual_dose,0.5,0.4996681416635971,0.4902221868913708,0.5051572002066855,0.0984121425076593,0.267507531012542,0.003000825205452048,4.0,7.154615356913663
DEAP,valence,relative_power,24,gpu_mlp,20261007,0.0075320958702651,stimulus,0.2543923687201083,0.2253756080268882,,,0.04140625,0.025,0.016406249999999997,1280,32,40,1.0,0.565625,0.8687499999999999,counterfactual_dose,0.75,0.7511686314194158,0.4902221868913708,0.497754282761636,0.0984121425076593,0.267507531012542,0.003697568569191134,4.0,7.154615356913663
DEAP,valence,relative_power,24,gpu_mlp,20261007,0.0035325330895504,stimulus,0.2575351282406569,0.267507531012542,,,0.04140625,0.025,0.016406249999999997,1280,32,40,1.0,0.565625,0.8687499999999999,counterfactual_dose,1.0,1.0,0.4902221868913708,0.4937547199809213,0.0984121425076593,0.267507531012542,0.004388795430674516,4.0,7.154615356913663
DEAP,valence,relative_power,24,linear_logistic,20260813,0.0069880559640685,stimulus,0.2696748678405342,0.1568186451405243,0.6549388587147608,0.30116501495015763,0.03828125,0.025,0.013281249999999998,1280,32,40,1.0,0.565625,0.8687499999999999,observational_factorial,,,,,,,0.002082747630772588,1.0,7.154615356913663
DEAP,valence,relative_power,24,linear_logistic,20260813,-0.0191432489367622,stimulus,0.2472754970730964,0.0982500947659732,,,0.03828125,0.025,0.013281249999999998,1280,32,40,1.0,0.565625,0.8687499999999999,counterfactual_dose,0.0,0.0,0.5173645613895624,0.4982213124528002,0.0982500947659732,0.2684926146248265,0.0013048840711105813,1.0,7.154615356913663
DEAP,valence,relative_power,24,linear_logistic,20260813,0.0,stimulus,0.2614716023659625,0.1408118525083072,,,0.03828125,0.025,0.013281249999999998,1280,32,40,1.0,0.565625,0.8687499999999999,counterfactual_dose,0.25,0.2500180945988301,0.5173645613895624,0.5173645613895624,0.0982500947659732,0.2684926146248265,0.0018701574161259546,1.0,7.154615356913663
DEAP,valence,relative_power,24,linear_logistic,20260813,-0.0202512023530347,stimulus,0.2639040737842578,0.183373710245682,,,0.03828125,0.025,0.013281249999999998,1280,32,40,1.0,0.565625,0.8687499999999999,counterfactual_dose,0.5,0.5000093691670947,0.5173645613895624,0.4971133590365276,0.0982500947659732,0.2684926146248265,0.002435432089200464,1.0,7.154615356913663
DEAP,valence,relative_power,24,linear_logistic,20260813,-0.0157547994753369,stimulus,0.2682547117797875,0.2260063813690589,,,0.03828125,0.025,0.013281249999999998,1280,32,40,1.0,0.565625,0.8687499999999999,counterfactual_dose,0.75,0.7503765962729203,0.5173645613895624,0.5016097619142255,0.0982500947659732,0.2684926146248265,0.003001647252557813,1.0,7.154615356913663
DEAP,valence,relative_power,24,linear_logistic,20260813,-0.0038703843554991,stimulus,0.2628660183366703,0.2684926146248265,,,0.03828125,0.025,0.013281249999999998,1280,32,40,1.0,0.565625,0.8687499999999999,counterfactual_dose,1.0,1.0,0.5173645613895624,0.5134941770340633,0.0982500947659732,0.2684926146248265,0.003565917537985976,1.0,7.154615356913663
DEAP,valence,relative_power,24,linear_logistic,20260829,0.0258630112484598,stimulus,0.2627538852895583,0.14884981909220837,0.6522089192389412,0.2921493729831867,0.044140625,0.025,0.019140624999999998,1280,32,40,1.0,0.565625,0.8687499999999999,observational_factorial,,,,,,,0.0028490785685618006,1.0,7.154615356913663
DEAP,valence,relative_power,24,linear_logistic,20260829,0.0092660678087364,stimulus,0.2437490991261592,0.097373154614792,,,0.044140625,0.025,0.019140624999999998,1280,32,40,1.0,0.565625,0.8687499999999999,counterfactual_dose,0.0,0.0,0.5091269525815811,0.5183930203903175,0.097373154614792,0.2615667231950937,0.0018637830375487529,1.0,7.154615356913663
DEAP,valence,relative_power,24,linear_logistic,20260829,0.0075320958702651,stimulus,0.2460183605493631,0.1384321715718909,,,0.044140625,0.025,0.019140624999999998,1280,32,40,1.0,0.565625,0.8687499999999999,counterfactual_dose,0.25,0.2500427998364857,0.5091269525815811,0.5166590484518463,0.097373154614792,0.2615667231950937,0.002649678283993224,1.0,7.154615356913663
DEAP,valence,relative_power,24,linear_logistic,20260829,0.0062303748161691,stimulus,0.251071050187896,0.1794565955454856,,,0.044140625,0.025,0.019140624999999998,1280,32,40,1.0,0.565625,0.8687499999999999,counterfactual_dose,0.5,0.4999451778746996,0.5091269525815811,0.5153573273977503,0.097373154614792,0.2615667231950937,0.0034349113991128098,1.0,7.154615356913663
DEAP,valence,relative_power,24,linear_logistic,20260829,0.0065036368695099,stimulus,0.2537874943988136,0.220516874277489,,,0.044140625,0.025,0.019140624999999998,1280,32,40,1.0,0.565625,0.8687499999999999,counterfactual_dose,0.75,0.7500620499114735,0.5091269525815811,0.5156305894510911,0.097373154614792,0.2615667231950937,0.004220830796717563,1.0,7.154615356913663
DEAP,valence,relative_power,24,linear_logistic,20260829,0.0113378910131562,stimulus,0.2508694252969759,0.2615667231950937,,,0.044140625,0.025,0.019140624999999998,1280,32,40,1.0,0.565625,0.8687499999999999,counterfactual_dose,1.0,1.0,0.5091269525815811,0.5204648435947374,0.097373154614792,0.2615667231950937,0.005006550561156091,1.0,7.154615356913663
DEAP,valence,relative_power,24,linear_logistic,20260911,0.0034704280774274,stimulus,0.268084979530188,0.11336021098544659,0.6543107843177732,0.24837549202459708,0.041796875,0.025,0.016796874999999996,1280,32,40,1.0,0.565625,0.8687499999999999,observational_factorial,,,,,,,0.0019040972938961726,1.0,7.154615356913663
DEAP,valence,relative_power,24,linear_logistic,20260911,0.0238831034619818,stimulus,0.188119448431949,0.0621617808115486,,,0.041796875,0.025,0.016796874999999996,1280,32,40,1.0,0.565625,0.8687499999999999,counterfactual_dose,0.0,0.0,0.4704827298382288,0.4943658333002106,0.0621617808115486,0.2201914417658587,0.00104412366206898,1.0,7.154615356913663
DEAP,valence,relative_power,24,linear_logistic,20260911,0.0236893358241583,stimulus,0.2160077775915248,0.1017859468567798,,,0.041796875,0.025,0.016796874999999996,1280,32,40,1.0,0.565625,0.8687499999999999,counterfactual_dose,0.25,0.2507158336210636,0.4704827298382288,0.4941720656623872,0.0621617808115486,0.2201914417658587,0.0017096858261099728,1.0,7.154615356913663
DEAP,valence,relative_power,24,linear_logistic,20260911,0.0119490043324456,stimulus,0.2175861852899692,0.1412129150389122,,,0.041796875,0.025,0.016796874999999996,1280,32,40,1.0,0.565625,0.8687499999999999,counterfactual_dose,0.5,0.500237541794433,0.4704827298382288,0.4824317341706745,0.0621617808115486,0.2201914417658587,0.002371935682294228,1.0,7.154615356913663
DEAP,valence,relative_power,24,linear_logistic,20260911,0.0256319806033626,stimulus,0.2169347436368433,0.1810373068633088,,,0.041796875,0.025,0.016796874999999996,1280,32,40,1.0,0.565625,0.8687499999999999,counterfactual_dose,0.75,0.7522517762849348,0.4704827298382288,0.4961147104415915,0.0621617808115486,0.2201914417658587,0.0030408610137196393,1.0,7.154615356913663
DEAP,valence,relative_power,24,linear_logistic,20260911,0.0185669144242616,stimulus,0.2079385882030519,0.2201914417658587,,,0.041796875,0.025,0.016796874999999996,1280,32,40,1.0,0.565625,0.8687499999999999,counterfactual_dose,1.0,1.0,0.4704827298382288,0.4890496442624905,0.0621617808115486,0.2201914417658587,0.003698528123410907,1.0,7.154615356913663
DEAP,valence,relative_power,24,linear_logistic,20260923,0.0089779005524861,stimulus,0.2697394570531419,0.14229639520985052,0.6532331035453735,0.28196005071868635,0.034765624999999994,0.025,0.009765624999999997,1280,32,40,1.0,0.565625,0.8687499999999999,observational_factorial,,,,,,,0.001389613234471196,1.0,7.154615356913663
DEAP,valence,relative_power,24,linear_logistic,20260923,-0.0062154696132595,stimulus,0.2207527083498824,0.0873207154477338,,,0.034765624999999994,0.025,0.009765624999999997,1280,32,40,1.0,0.565625,0.8687499999999999,counterfactual_dose,0.0,0.0,0.4890645494654,0.4828490798521404,0.0873207154477338,0.252970504151649,0.000852741361794275,1.0,7.154615356913663
DEAP,valence,relative_power,24,linear_logistic,20260923,-0.0040641519933224,stimulus,0.2319531849471336,0.1286241994529245,,,0.034765624999999994,0.025,0.009765624999999997,1280,32,40,1.0,0.565625,0.8687499999999999,counterfactual_dose,0.25,0.24940176815316,0.4890645494654,0.4850003974720775,0.0873207154477338,0.252970504151649,0.0012560956977824653,1.0,7.154615356913663
DEAP,valence,relative_power,24,linear_logistic,20260923,-0.0089779005524861,stimulus,0.2297829982145902,0.17024420804326,,,0.034765624999999994,0.025,0.009765624999999997,1280,32,40,1.0,0.565625,0.8687499999999999,counterfactual_dose,0.5,0.5006517064499665,0.4890645494654,0.4800866489129138,0.0873207154477338,0.252970504151649,0.0016625410941724602,1.0,7.154615356913663
DEAP,valence,relative_power,24,linear_logistic,20260923,-0.0028916093644421,stimulus,0.2493948141773102,0.2112216736037197,,,0.034765624999999994,0.025,0.009765624999999997,1280,32,40,1.0,0.565625,0.8687499999999999,counterfactual_dose,0.75,0.7481607820134388,0.4890645494654,0.4861729401009579,0.0873207154477338,0.252970504151649,0.0020627116562863244,1.0,7.154615356913663
DEAP,valence,relative_power,24,linear_logistic,20260923,-0.014920108112405,stimulus,0.2567940523107215,0.252970504151649,,,0.034765624999999994,0.025,0.009765624999999997,1280,32,40,1.0,0.565625,0.8687499999999999,counterfactual_dose,1.0,1.0,0.4890645494654,0.4741444413529949,0.0873207154477338,0.252970504151649,0.0024704150796059465,1.0,7.154615356913663
DEAP,valence,relative_power,24,linear_logistic,20261007,0.0035648276958543,stimulus,0.2726459716204936,0.15587259248340046,0.6533874956935481,0.30036462084355814,0.04140625,0.025,0.016406249999999997,1280,32,40,1.0,0.565625,0.8687499999999999,observational_factorial,,,,,,,0.0025572847204307883,1.0,7.154615356913663
DEAP,valence,relative_power,24,linear_logistic,20261007,-0.0019277395762947,stimulus,0.242282903549706,0.0984121425076593,,,0.04140625,0.025,0.016406249999999997,1280,32,40,1.0,0.565625,0.8687499999999999,counterfactual_dose,0.0,0.0,0.4946043165467626,0.4926765769704678,0.0984121425076593,0.267507531012542,0.001614574213016285,1.0,7.154615356913663
DEAP,valence,relative_power,24,linear_logistic,20261007,0.008481060455503,stimulus,0.2562244644270255,0.1406303273053131,,,0.04140625,0.025,0.016406249999999997,1280,32,40,1.0,0.565625,0.8687499999999999,counterfactual_dose,0.25,0.2496184073105147,0.4946043165467626,0.5030853770022656,0.0984121425076593,0.267507531012542,0.002307216307352793,1.0,7.154615356913663
DEAP,valence,relative_power,24,linear_logistic,20261007,0.0039995627807146,stimulus,0.2605392470593375,0.1829074410942201,,,0.04140625,0.025,0.016406249999999997,1280,32,40,1.0,0.565625,0.8687499999999999,counterfactual_dose,0.5,0.4996681416635971,0.4946043165467626,0.4986038793274772,0.0984121425076593,0.267507531012542,0.003000825205452048,1.0,7.154615356913663
DEAP,valence,relative_power,24,linear_logistic,20261007,-0.0019277395762947,stimulus,0.2543923687201083,0.2253756080268882,,,0.04140625,0.025,0.016406249999999997,1280,32,40,1.0,0.565625,0.8687499999999999,counterfactual_dose,0.75,0.7511686314194158,0.4946043165467626,0.4926765769704678,0.0984121425076593,0.267507531012542,0.003697568569191134,1.0,7.154615356913663
DEAP,valence,relative_power,24,linear_logistic,20261007,-0.003870384355499,stimulus,0.2575351282406569,0.267507531012542,,,0.04140625,0.025,0.016406249999999997,1280,32,40,1.0,0.565625,0.8687499999999999,counterfactual_dose,1.0,1.0,0.4946043165467626,0.4907339321912635,0.0984121425076593,0.267507531012542,0.004388795430674516,1.0,7.154615356913663
DEAP,valence,relative_power,24,rbf_svm,20260813,0.0173695297905321,stimulus,0.2696748678405342,0.1568186451405243,0.6549388587147608,0.30116501495015763,0.03828125,0.025,0.013281249999999998,1280,32,40,1.0,0.565625,0.8687499999999999,observational_factorial,,,,,,,0.002082747630772588,2.0,7.154615356913663
DEAP,valence,relative_power,24,rbf_svm,20260829,0.0059819547676775,stimulus,0.2627538852895583,0.14884981909220837,0.6522089192389412,0.2921493729831867,0.044140625,0.025,0.019140624999999998,1280,32,40,1.0,0.565625,0.8687499999999999,observational_factorial,,,,,,,0.0028490785685618006,2.0,7.154615356913663
DEAP,valence,relative_power,24,rbf_svm,20260911,0.0024891688858857,stimulus,0.268084979530188,0.11336021098544659,0.6543107843177732,0.24837549202459708,0.041796875,0.025,0.016796874999999996,1280,32,40,1.0,0.565625,0.8687499999999999,observational_factorial,,,,,,,0.0019040972938961726,2.0,7.154615356913663
DEAP,valence,relative_power,24,rbf_svm,20260923,-0.0125327914464009,stimulus,0.2697394570531419,0.14229639520985052,0.6532331035453735,0.28196005071868635,0.034765624999999994,0.025,0.009765624999999997,1280,32,40,1.0,0.565625,0.8687499999999999,observational_factorial,,,,,,,0.001389613234471196,2.0,7.154615356913663
DEAP,valence,relative_power,24,rbf_svm,20261007,-0.0027375889343773,stimulus,0.2726459716204936,0.15587259248340046,0.6533874956935481,0.30036462084355814,0.04140625,0.025,0.016406249999999997,1280,32,40,1.0,0.565625,0.8687499999999999,observational_factorial,,,,,,,0.0025572847204307883,2.0,7.154615356913663
DEAP,valence,absolute_power,24,linear_logistic,20260813,0.026682797408482,subject,-0.0152231805715648,0.012523913563004179,0.9580055438197179,0.08191938462049167,0.801953125,0.03125,0.770703125,1280,32,40,1.0,0.565625,0.8687499999999999,observational_factorial,,,,,,,0.009652219320237207,1.0,7.154615356913663
DEAP,valence,absolute_power,24,linear_logistic,20260829,0.03531290989308,subject,0.0234508525776064,0.010645628242933976,0.9560309603415336,0.07649344018678148,0.798828125,0.03125,0.767578125,1280,32,40,1.0,0.565625,0.8687499999999999,observational_factorial,,,,,,,0.008171351366158305,1.0,7.154615356913663
DEAP,valence,absolute_power,24,linear_logistic,20260911,0.0044516872689693,subject,0.015421916610358,0.013575499328162963,0.9528347496397377,0.08402644375398191,0.8,0.03125,0.76875,1280,32,40,1.0,0.565625,0.8687499999999999,observational_factorial,,,,,,,0.010436165108525278,1.0,7.154615356913663
DEAP,valence,absolute_power,24,linear_logistic,20260923,0.0100610119639094,subject,0.0020271075956914,0.01275131445262044,0.9575893326406592,0.0860850248812028,0.792578125,0.03125,0.761328125,1280,32,40,1.0,0.565625,0.8687499999999999,observational_factorial,,,,,,,0.009707934323498922,1.0,7.154615356913663
DEAP,valence,absolute_power,24,linear_logistic,20261007,0.0079991255614292,subject,-0.0073532334353511,0.01349483502401298,0.9596660372786114,0.08661178497688639,0.805078125,0.03125,0.773828125,1280,32,40,1.0,0.565625,0.8687499999999999,observational_factorial,,,,,,,0.010442682883816293,1.0,7.154615356913663
DEAP,valence,absolute_power,24,rbf_svm,20260813,0.0273162685321355,subject,-0.0152231805715648,0.012523913563004179,0.9580055438197179,0.08191938462049167,0.801953125,0.03125,0.770703125,1280,32,40,1.0,0.565625,0.8687499999999999,observational_factorial,,,,,,,0.009652219320237207,2.0,7.154615356913663
DEAP,valence,absolute_power,24,rbf_svm,20260829,0.0196053102269565,subject,0.0234508525776064,0.010645628242933976,0.9560309603415336,0.07649344018678148,0.798828125,0.03125,0.767578125,1280,32,40,1.0,0.565625,0.8687499999999999,observational_factorial,,,,,,,0.008171351366158305,2.0,7.154615356913663
DEAP,valence,absolute_power,24,rbf_svm,20260911,0.0250134146826185,subject,0.015421916610358,0.013575499328162963,0.9528347496397377,0.08402644375398191,0.8,0.03125,0.76875,1280,32,40,1.0,0.565625,0.8687499999999999,observational_factorial,,,,,,,0.010436165108525278,2.0,7.154615356913663
DEAP,valence,absolute_power,24,rbf_svm,20260923,0.0221863945307841,subject,0.0020271075956914,0.01275131445262044,0.9575893326406592,0.0860850248812028,0.792578125,0.03125,0.761328125,1280,32,40,1.0,0.565625,0.8687499999999999,observational_factorial,,,,,,,0.009707934323498922,2.0,7.154615356913663
DEAP,valence,absolute_power,24,rbf_svm,20261007,0.0030009141857784,subject,-0.0073532334353511,0.01349483502401298,0.9596660372786114,0.08661178497688639,0.805078125,0.03125,0.773828125,1280,32,40,1.0,0.565625,0.8687499999999999,observational_factorial,,,,,,,0.010442682883816293,2.0,7.154615356913663
DEAP,valence,all,72,extra_trees,20260813,0.058629615644501,subject,-0.0152231805715648,0.012523913563004179,0.9580055438197179,0.08191938462049167,0.92109375,0.03125,0.88984375,1280,32,40,1.0,0.565625,0.8687499999999999,observational_factorial,,,,,,,0.0111443262095795,3.0,7.154615356913663
DEAP,valence,all,72,extra_trees,20260829,0.1041476211296156,subject,0.0234508525776064,0.010645628242933976,0.9560309603415336,0.07649344018678148,0.915625,0.03125,0.884375,1280,32,40,1.0,0.565625,0.8687499999999999,observational_factorial,,,,,,,0.009414727477344734,3.0,7.154615356913663
DEAP,valence,all,72,extra_trees,20260911,0.0824928455026035,subject,0.015421916610358,0.013575499328162963,0.9528347496397377,0.08402644375398191,0.911328125,0.03125,0.880078125,1280,32,40,1.0,0.565625,0.8687499999999999,observational_factorial,,,,,,,0.01194749999466842,3.0,7.154615356913663
DEAP,valence,all,72,extra_trees,20260923,0.0742775944989864,subject,0.0020271075956914,0.01275131445262044,0.9575893326406592,0.0860850248812028,0.91328125,0.03125,0.88203125,1280,32,40,1.0,0.565625,0.8687499999999999,observational_factorial,,,,,,,0.011247057825787873,3.0,7.154615356913663
DEAP,valence,all,72,extra_trees,20261007,0.0644327079772646,subject,-0.0073532334353511,0.01349483502401298,0.9596660372786114,0.08661178497688639,0.9144531250000001,0.03125,0.8832031250000001,1280,32,40,1.0,0.565625,0.8687499999999999,observational_factorial,,,,,,,0.011918680464567715,3.0,7.154615356913663
DEAP,valence,all,72,gpu_mlp,20260813,0.0094896458523788,subject,-0.0031047821971308,0.0028159470883091,,,0.92109375,0.03125,0.88984375,1280,32,40,1.0,0.565625,0.8687499999999999,counterfactual_dose,0.0,0.0,0.4924082833180969,0.5018979291704758,0.0028159470883091,0.0754765680387855,0.002505752916862551,4.0,7.154615356913663
DEAP,valence,all,72,gpu_mlp,20260813,0.0322300170912992,subject,0.0328933109392397,0.0209744455560002,,,0.92109375,0.03125,0.88984375,1280,32,40,1.0,0.565625,0.8687499999999999,counterfactual_dose,0.25,0.2499729218828634,0.4924082833180969,0.5246383004093962,0.0028159470883091,0.0754765680387855,0.01866397928772205,4.0,7.154615356913663
DEAP,valence,all,72,gpu_mlp,20260813,0.0205393696092849,subject,0.030238915593215,0.039123555219364,,,0.92109375,0.03125,0.88984375,1280,32,40,1.0,0.565625,0.8687499999999999,counterfactual_dose,0.5,0.4996402395124553,0.4924082833180969,0.5129476529273819,0.0028159470883091,0.0754765680387855,0.03481385108973093,4.0,7.154615356913663
DEAP,valence,all,72,gpu_mlp,20260813,0.0026332525140109,subject,0.0358334161886138,0.0565827953888861,,,0.92109375,0.03125,0.88984375,1280,32,40,1.0,0.565625,0.8687499999999999,counterfactual_dose,0.75,0.7422349087305308,0.4924082833180969,0.4950415358321078,0.0028159470883091,0.0754765680387855,0.05034984683432912,4.0,7.154615356913663
DEAP,valence,all,72,gpu_mlp,20260813,0.012172582376088,subject,0.0322068210905434,0.0754765680387855,,,0.92109375,0.03125,0.88984375,1280,32,40,1.0,0.565625,0.8687499999999999,counterfactual_dose,1.0,1.0,0.4924082833180969,0.504580865694185,0.0028159470883091,0.0754765680387855,0.06716235234076304,4.0,7.154615356913663
DEAP,valence,all,72,gpu_mlp,20260829,-0.0137823442903135,subject,0.0058514252410852,0.0024598495437352,,,0.915625,0.03125,0.884375,1280,32,40,1.0,0.565625,0.8687499999999999,counterfactual_dose,0.0,0.0,0.4950266306291982,0.4812442863388847,0.0024598495437352,0.0681153721242294,0.0021754294402408178,4.0,7.154615356913663
DEAP,valence,all,72,gpu_mlp,20260829,-0.006940856154855,subject,0.0241157717268078,0.0188812378624406,,,0.915625,0.03125,0.884375,1280,32,40,1.0,0.565625,0.8687499999999999,counterfactual_dose,0.25,0.2502379253424993,0.4950266306291982,0.4880857744743432,0.0024598495437352,0.0681153721242294,0.016698094734595905,4.0,7.154615356913663
DEAP,valence,all,72,gpu_mlp,20260829,0.0093753726300728,subject,0.0033586040155094,0.0353313205548277,,,0.915625,0.03125,0.884375,1280,32,40,1.0,0.565625,0.8687499999999999,counterfactual_dose,0.5,0.5007723664085064,0.4950266306291982,0.5044020032592711,0.0024598495437352,0.0681153721242294,0.031246136615675744,4.0,7.154615356913663
DEAP,valence,all,72,gpu_mlp,20260829,0.0023898008664891,subject,0.0213824221683907,0.0504944655335732,,,0.915625,0.03125,0.884375,1280,32,40,1.0,0.565625,0.8687499999999999,counterfactual_dose,0.75,0.7350515810401548,0.4950266306291982,0.4974164314956874,0.0024598495437352,0.0681153721242294,0.0446560429562538,4.0,7.154615356913663
DEAP,valence,all,72,gpu_mlp,20260829,-0.004193330418538,subject,0.0253060628003875,0.0681153721242294,,,0.915625,0.03125,0.884375,1280,32,40,1.0,0.565625,0.8687499999999999,counterfactual_dose,1.0,1.0,0.4950266306291982,0.4908333002106602,0.0024598495437352,0.0681153721242294,0.060239532222365375,4.0,7.154615356913663
DEAP,valence,all,72,gpu_mlp,20260911,0.0275249413728685,subject,-0.0059605093414125,0.0027657848269967,,,0.911328125,0.03125,0.880078125,1280,32,40,1.0,0.565625,0.8687499999999999,counterfactual_dose,0.0,0.0,0.4931287014587225,0.5206536428315911,0.0027657848269967,0.0717150046310113,0.0024341067246967055,4.0,7.154615356913663
DEAP,valence,all,72,gpu_mlp,20260911,0.0084760920545331,subject,0.0130495025185526,0.0199863407201609,,,0.911328125,0.03125,0.880078125,1280,32,40,1.0,0.565625,0.8687499999999999,counterfactual_dose,0.25,0.2495987043005631,0.4931287014587225,0.5016047935132557,0.0027657848269967,0.0717150046310113,0.017589541266610356,4.0,7.154615356913663
DEAP,valence,all,72,gpu_mlp,20260911,0.0283596327358003,subject,0.0096698548483843,0.0372119076295814,,,0.911328125,0.03125,0.880078125,1280,32,40,1.0,0.565625,0.8687499999999999,counterfactual_dose,0.5,0.4995593800000685,0.4931287014587225,0.5214883341945229,0.0027657848269967,0.0717150046310113,0.0327493858943152,4.0,7.154615356913663
DEAP,valence,all,72,gpu_mlp,20260911,0.0194463213959218,subject,0.001066178309827,0.053810804077882,,,0.911328125,0.03125,0.880078125,1280,32,40,1.0,0.565625,0.8687499999999999,counterfactual_dose,0.75,0.7416060208639793,0.4931287014587225,0.5125750228546444,0.0027657848269967,0.0717150046310113,0.04735771155760475,4.0,7.154615356913663
DEAP,valence,all,72,gpu_mlp,20260911,0.042459954688183,subject,0.010553028869582,0.0717150046310113,,,0.911328125,0.03125,0.880078125,1280,32,40,1.0,0.565625,0.8687499999999999,counterfactual_dose,1.0,1.0,0.4931287014587225,0.5355886561469057,0.0027657848269967,0.0717150046310113,0.06311480681002675,4.0,7.154615356913663
DEAP,valence,all,72,gpu_mlp,20260923,0.0009638697881473,subject,0.0016218607838818,0.0028164612131075,,,0.91328125,0.03125,0.88203125,1280,32,40,1.0,0.565625,0.8687499999999999,counterfactual_dose,0.0,0.0,0.4865306649707858,0.4874945347589332,0.0028164612131075,0.075492083481796,0.002484206804373725,4.0,7.154615356913663
DEAP,valence,all,72,gpu_mlp,20260923,0.0174241822012003,subject,0.0081438548128095,0.0209774598028625,,,0.91328125,0.03125,0.88203125,1280,32,40,1.0,0.565625,0.8687499999999999,counterfactual_dose,0.25,0.249912336992291,0.4865306649707858,0.5039548471719861,0.0028164612131075,0.075492083481796,0.018502775091743563,4.0,7.154615356913663
DEAP,valence,all,72,gpu_mlp,20260923,0.0241364919114432,subject,0.0366921646250727,0.0392035943219379,,,0.91328125,0.03125,0.88203125,1280,32,40,1.0,0.565625,0.8687499999999999,counterfactual_dose,0.5,0.5006307840912296,0.4865306649707858,0.5106671568822291,0.0028164612131075,0.075492083481796,0.03457879530427179,4.0,7.154615356913663
DEAP,valence,all,72,gpu_mlp,20260923,0.0124309392265193,subject,0.0228518061337626,0.056520258304226,,,0.91328125,0.03125,0.88203125,1280,32,40,1.0,0.565625,0.8687499999999999,counterfactual_dose,0.75,0.7411923599308257,0.4865306649707858,0.4989616041973051,0.0028164612131075,0.075492083481796,0.049852634082399344,4.0,7.154615356913663
DEAP,valence,all,72,gpu_mlp,20260923,0.0268194284351525,subject,0.0176680673606448,0.075492083481796,,,0.91328125,0.03125,0.88203125,1280,32,40,1.0,0.565625,0.8687499999999999,counterfactual_dose,1.0,1.0,0.4865306649707858,0.5133500934059383,0.0028164612131075,0.075492083481796,0.06658637675855288,4.0,7.154615356913663
DEAP,valence,all,72,gpu_mlp,20261007,0.0145325728367582,subject,0.0040597943064736,0.0036367940050801,,,0.9144531250000001,0.03125,0.8832031250000001,1280,32,40,1.0,0.565625,0.8687499999999999,counterfactual_dose,0.0,0.0,0.486257402917445,0.5007899757542033,0.0036367940050801,0.0727693948914015,0.0032120278302680107,4.0,7.154615356913663
DEAP,valence,all,72,gpu_mlp,20261007,0.016460312413053,subject,0.0224212639544474,0.0209163690629879,,,0.9144531250000001,0.03125,0.8832031250000001,1280,32,40,1.0,0.565625,0.8687499999999999,counterfactual_dose,0.25,0.2500027314661849,0.486257402917445,0.502717715330498,0.0036367940050801,0.0727693948914015,0.018473402520084236,4.0,7.154615356913663
DEAP,valence,all,72,gpu_mlp,20261007,0.0085903652768393,subject,0.0203995367042508,0.0382282735165877,,,0.9144531250000001,0.03125,0.8832031250000001,1280,32,40,1.0,0.565625,0.8687499999999999,counterfactual_dose,0.5,0.5003264698555798,0.486257402917445,0.4948477681942843,0.0036367940050801,0.0727693948914015,0.033763330633205,4.0,7.154615356913663
DEAP,valence,all,72,gpu_mlp,20261007,0.0524166302317262,subject,0.0335557087726282,0.0552451189017264,,,0.9144531250000001,0.03125,0.8832031250000001,1280,32,40,1.0,0.565625,0.8687499999999999,counterfactual_dose,0.75,0.7508598955068633,0.486257402917445,0.5386740331491713,0.0036367940050801,0.0727693948914015,0.048792661655001325,4.0,7.154615356913663
DEAP,valence,all,72,gpu_mlp,20261007,0.0349924480305259,subject,0.0319782131501178,0.0727693948914015,,,0.9144531250000001,0.03125,0.8832031250000001,1280,32,40,1.0,0.565625,0.8687499999999999,counterfactual_dose,1.0,1.0,0.486257402917445,0.5212498509479709,0.0036367940050801,0.0727693948914015,0.06427015697244484,4.0,7.154615356913663
DEAP,valence,all,72,hist_gradient_boosting,20260813,0.0370071346237927,subject,-0.0152231805715648,0.012523913563004179,0.9580055438197179,0.08191938462049167,0.92109375,0.03125,0.88984375,1280,32,40,1.0,0.565625,0.8687499999999999,observational_factorial,,,,,,,0.0111443262095795,3.0,7.154615356913663
DEAP,valence,all,72,hist_gradient_boosting,20260829,0.0778548431972654,subject,0.0234508525776064,0.010645628242933976,0.9560309603415336,0.07649344018678148,0.915625,0.03125,0.884375,1280,32,40,1.0,0.565625,0.8687499999999999,observational_factorial,,,,,,,0.009414727477344734,3.0,7.154615356913663
DEAP,valence,all,72,hist_gradient_boosting,20260911,0.0469712627687905,subject,0.015421916610358,0.013575499328162963,0.9528347496397377,0.08402644375398191,0.911328125,0.03125,0.880078125,1280,32,40,1.0,0.565625,0.8687499999999999,observational_factorial,,,,,,,0.01194749999466842,3.0,7.154615356913663
DEAP,valence,all,72,hist_gradient_boosting,20260923,0.0390938630311221,subject,0.0020271075956914,0.01275131445262044,0.9575893326406592,0.0860850248812028,0.91328125,0.03125,0.88203125,1280,32,40,1.0,0.565625,0.8687499999999999,observational_factorial,,,,,,,0.011247057825787873,3.0,7.154615356913663
DEAP,valence,all,72,hist_gradient_boosting,20261007,0.0551219245597996,subject,-0.0073532334353511,0.01349483502401298,0.9596660372786114,0.08661178497688639,0.9144531250000001,0.03125,0.8832031250000001,1280,32,40,1.0,0.565625,0.8687499999999999,observational_factorial,,,,,,,0.011918680464567715,3.0,7.154615356913663
DEAP,valence,all,72,linear_logistic,20260813,0.0367835565801502,subject,-0.0152231805715648,0.012523913563004179,0.9580055438197179,0.08191938462049167,0.92109375,0.03125,0.88984375,1280,32,40,1.0,0.565625,0.8687499999999999,observational_factorial,,,,,,,0.0111443262095795,1.0,7.154615356913663
DEAP,valence,all,72,linear_logistic,20260813,0.0092809730116459,subject,-0.0031047821971308,0.0028159470883091,,,0.92109375,0.03125,0.88984375,1280,32,40,1.0,0.565625,0.8687499999999999,counterfactual_dose,0.0,0.0,0.4939633928216543,0.5032443658333002,0.0028159470883091,0.0754765680387855,0.002505752916862551,1.0,7.154615356913663
DEAP,valence,all,72,linear_logistic,20260813,0.0226260980166143,subject,0.0328933109392397,0.0209744455560002,,,0.92109375,0.03125,0.88984375,1280,32,40,1.0,0.565625,0.8687499999999999,counterfactual_dose,0.25,0.2499729218828634,0.4939633928216543,0.5165894908382687,0.0028159470883091,0.0754765680387855,0.01866397928772205,1.0,7.154615356913663
DEAP,valence,all,72,linear_logistic,20260813,0.0148853293056163,subject,0.030238915593215,0.039123555219364,,,0.92109375,0.03125,0.88984375,1280,32,40,1.0,0.565625,0.8687499999999999,counterfactual_dose,0.5,0.4996402395124553,0.4939633928216543,0.5088487221272706,0.0028159470883091,0.0754765680387855,0.03481385108973093,1.0,7.154615356913663
DEAP,valence,all,72,linear_logistic,20260813,0.0126694224730711,subject,0.0358334161886138,0.0565827953888861,,,0.92109375,0.03125,0.88984375,1280,32,40,1.0,0.565625,0.8687499999999999,counterfactual_dose,0.75,0.7422349087305308,0.4939633928216543,0.5066328152947255,0.0028159470883091,0.0754765680387855,0.05034984683432912,1.0,7.154615356913663
DEAP,valence,all,72,linear_logistic,20260813,0.02068345323741,subject,0.0322068210905434,0.0754765680387855,,,0.92109375,0.03125,0.88984375,1280,32,40,1.0,0.565625,0.8687499999999999,counterfactual_dose,1.0,1.0,0.4939633928216543,0.5146468460590643,0.0028159470883091,0.0754765680387855,0.06716235234076304,1.0,7.154615356913663
DEAP,valence,all,72,linear_logistic,20260829,0.0280043920664573,subject,0.0234508525776064,0.010645628242933976,0.9560309603415336,0.07649344018678148,0.915625,0.03125,0.884375,1280,32,40,1.0,0.565625,0.8687499999999999,observational_factorial,,,,,,,0.009414727477344734,1.0,7.154615356913663
DEAP,valence,all,72,linear_logistic,20260829,0.0065334472753288,subject,0.0058514252410852,0.0024598495437352,,,0.915625,0.03125,0.884375,1280,32,40,1.0,0.565625,0.8687499999999999,counterfactual_dose,0.0,0.0,0.5057534083230653,0.5122868555983942,0.0024598495437352,0.0681153721242294,0.0021754294402408178,1.0,7.154615356913663
DEAP,valence,all,72,linear_logistic,20260829,0.0080587463730673,subject,0.0241157717268078,0.0188812378624406,,,0.915625,0.03125,0.884375,1280,32,40,1.0,0.565625,0.8687499999999999,counterfactual_dose,0.25,0.2502379253424993,0.5057534083230653,0.5138121546961326,0.0024598495437352,0.0681153721242294,0.016698094734595905,1.0,7.154615356913663
DEAP,valence,all,72,linear_logistic,20260829,0.0096486346834134,subject,0.0033586040155094,0.0353313205548277,,,0.915625,0.03125,0.884375,1280,32,40,1.0,0.565625,0.8687499999999999,counterfactual_dose,0.5,0.5007723664085064,0.5057534083230653,0.5154020430064787,0.0024598495437352,0.0681153721242294,0.031246136615675744,1.0,7.154615356913663
DEAP,valence,all,72,linear_logistic,20260829,0.0201667395365476,subject,0.0213824221683907,0.0504944655335732,,,0.915625,0.03125,0.884375,1280,32,40,1.0,0.565625,0.8687499999999999,counterfactual_dose,0.75,0.7350515810401548,0.5057534083230653,0.5259201478596129,0.0024598495437352,0.0681153721242294,0.0446560429562538,1.0,7.154615356913663
DEAP,valence,all,72,linear_logistic,20260829,0.0133749354107874,subject,0.0253060628003875,0.0681153721242294,,,0.915625,0.03125,0.884375,1280,32,40,1.0,0.565625,0.8687499999999999,counterfactual_dose,1.0,1.0,0.5057534083230653,0.5191283437338527,0.0024598495437352,0.0681153721242294,0.060239532222365375,1.0,7.154615356913663
DEAP,valence,all,72,linear_logistic,20260911,0.0106000834691363,subject,0.015421916610358,0.013575499328162963,0.9528347496397377,0.08402644375398191,0.911328125,0.03125,0.880078125,1280,32,40,1.0,0.565625,0.8687499999999999,observational_factorial,,,,,,,0.01194749999466842,1.0,7.154615356913663
DEAP,valence,all,72,linear_logistic,20260911,-0.003870384355499,subject,-0.0059605093414125,0.0027657848269967,,,0.911328125,0.03125,0.880078125,1280,32,40,1.0,0.565625,0.8687499999999999,counterfactual_dose,0.0,0.0,0.4913102667037641,0.4874398823482651,0.0027657848269967,0.0717150046310113,0.0024341067246967055,1.0,7.154615356913663
DEAP,valence,all,72,linear_logistic,20260911,0.0054453674629356,subject,0.0130495025185526,0.0199863407201609,,,0.911328125,0.03125,0.880078125,1280,32,40,1.0,0.565625,0.8687499999999999,counterfactual_dose,0.25,0.2495987043005631,0.4913102667037641,0.4967556341666997,0.0027657848269967,0.0717150046310113,0.017589541266610356,1.0,7.154615356913663
DEAP,valence,all,72,linear_logistic,20260911,0.0109851345442981,subject,0.0096698548483843,0.0372119076295814,,,0.911328125,0.03125,0.880078125,1280,32,40,1.0,0.565625,0.8687499999999999,counterfactual_dose,0.5,0.4995593800000685,0.4913102667037641,0.5022954012480623,0.0027657848269967,0.0717150046310113,0.0327493858943152,1.0,7.154615356913663
DEAP,valence,all,72,linear_logistic,20260911,0.0076612742954806,subject,0.001066178309827,0.053810804077882,,,0.911328125,0.03125,0.880078125,1280,32,40,1.0,0.565625,0.8687499999999999,counterfactual_dose,0.75,0.7416060208639793,0.4913102667037641,0.4989715409992448,0.0027657848269967,0.0717150046310113,0.04735771155760475,1.0,7.154615356913663
DEAP,valence,all,72,linear_logistic,20260911,0.0136034818553996,subject,0.010553028869582,0.0717150046310113,,,0.911328125,0.03125,0.880078125,1280,32,40,1.0,0.565625,0.8687499999999999,counterfactual_dose,1.0,1.0,0.4913102667037641,0.5049137485591637,0.0027657848269967,0.0717150046310113,0.06311480681002675,1.0,7.154615356913663
DEAP,valence,all,72,linear_logistic,20260923,0.0189494812989388,subject,0.0020271075956914,0.01275131445262044,0.9575893326406592,0.0860850248812028,0.91328125,0.03125,0.88203125,1280,32,40,1.0,0.565625,0.8687499999999999,observational_factorial,,,,,,,0.011247057825787873,1.0,7.154615356913663
DEAP,valence,all,72,linear_logistic,20260923,0.0291148296832147,subject,0.0016218607838818,0.0028164612131075,,,0.91328125,0.03125,0.88203125,1280,32,40,1.0,0.565625,0.8687499999999999,counterfactual_dose,0.0,0.0,0.4641728606065424,0.4932876902897571,0.0028164612131075,0.075492083481796,0.002484206804373725,1.0,7.154615356913663
DEAP,valence,all,72,linear_logistic,20260923,0.0279422870543344,subject,0.0081438548128095,0.0209774598028625,,,0.91328125,0.03125,0.88203125,1280,32,40,1.0,0.565625,0.8687499999999999,counterfactual_dose,0.25,0.249912336992291,0.4641728606065424,0.4921151476608768,0.0028164612131075,0.075492083481796,0.018502775091743563,1.0,7.154615356913663
DEAP,valence,all,72,linear_logistic,20260923,0.0367761039786954,subject,0.0366921646250727,0.0392035943219379,,,0.91328125,0.03125,0.88203125,1280,32,40,1.0,0.565625,0.8687499999999999,counterfactual_dose,0.5,0.5006307840912296,0.4641728606065424,0.5009489645852379,0.0028164612131075,0.075492083481796,0.03457879530427179,1.0,7.154615356913663
DEAP,valence,all,72,linear_logistic,20260923,0.041754441750467,subject,0.0228518061337626,0.056520258304226,,,0.91328125,0.03125,0.88203125,1280,32,40,1.0,0.565625,0.8687499999999999,counterfactual_dose,0.75,0.7411923599308257,0.4641728606065424,0.5059273023570094,0.0028164612131075,0.075492083481796,0.049852634082399344,1.0,7.154615356913663
DEAP,valence,all,72,linear_logistic,20260923,0.0445168726896935,subject,0.0176680673606448,0.075492083481796,,,0.91328125,0.03125,0.88203125,1280,32,40,1.0,0.565625,0.8687499999999999,counterfactual_dose,1.0,1.0,0.4641728606065424,0.5086897332962359,0.0028164612131075,0.075492083481796,0.06658637675855288,1.0,7.154615356913663
DEAP,valence,all,72,linear_logistic,20261007,0.0314226519337016,subject,-0.0073532334353511,0.01349483502401298,0.9596660372786114,0.08661178497688639,0.9144531250000001,0.03125,0.8832031250000001,1280,32,40,1.0,0.565625,0.8687499999999999,observational_factorial,,,,,,,0.011918680464567715,1.0,7.154615356913663
DEAP,valence,all,72,linear_logistic,20261007,-0.0002235780436424,subject,0.0040597943064736,0.0036367940050801,,,0.9144531250000001,0.03125,0.8832031250000001,1280,32,40,1.0,0.565625,0.8687499999999999,counterfactual_dose,0.0,0.0,0.4812095075320959,0.4809859294884534,0.0036367940050801,0.0727693948914015,0.0032120278302680107,1.0,7.154615356913663
DEAP,valence,all,72,linear_logistic,20261007,0.0109702293413887,subject,0.0224212639544474,0.0209163690629879,,,0.9144531250000001,0.03125,0.8832031250000001,1280,32,40,1.0,0.565625,0.8687499999999999,counterfactual_dose,0.25,0.2500027314661849,0.4812095075320959,0.4921797368734846,0.0036367940050801,0.0727693948914015,0.018473402520084236,1.0,7.154615356913663
DEAP,valence,all,72,linear_logistic,20261007,0.0185023252116538,subject,0.0203995367042508,0.0382282735165877,,,0.9144531250000001,0.03125,0.8832031250000001,1280,32,40,1.0,0.565625,0.8687499999999999,counterfactual_dose,0.5,0.5003264698555798,0.4812095075320959,0.4997118327437497,0.0036367940050801,0.0727693948914015,0.033763330633205,1.0,7.154615356913663
DEAP,valence,all,72,linear_logistic,20261007,0.0155312214316943,subject,0.0335557087726282,0.0552451189017264,,,0.9144531250000001,0.03125,0.8832031250000001,1280,32,40,1.0,0.565625,0.8687499999999999,counterfactual_dose,0.75,0.7508598955068633,0.4812095075320959,0.4967407289637903,0.0036367940050801,0.0727693948914015,0.048792661655001325,1.0,7.154615356913663
DEAP,valence,all,72,linear_logistic,20261007,0.0157398942724273,subject,0.0319782131501178,0.0727693948914015,,,0.9144531250000001,0.03125,0.8832031250000001,1280,32,40,1.0,0.565625,0.8687499999999999,counterfactual_dose,1.0,1.0,0.4812095075320959,0.4969494018045232,0.0036367940050801,0.0727693948914015,0.06427015697244484,1.0,7.154615356913663
DEAP,valence,all,72,rbf_svm,20260813,0.0275423307762629,subject,-0.0152231805715648,0.012523913563004179,0.9580055438197179,0.08191938462049167,0.92109375,0.03125,0.88984375,1280,32,40,1.0,0.565625,0.8687499999999999,observational_factorial,,,,,,,0.0111443262095795,2.0,7.154615356913663
DEAP,valence,all,72,rbf_svm,20260829,0.0466234747009022,subject,0.0234508525776064,0.010645628242933976,0.9560309603415336,0.07649344018678148,0.915625,0.03125,0.884375,1280,32,40,1.0,0.565625,0.8687499999999999,observational_factorial,,,,,,,0.009414727477344734,2.0,7.154615356913663
DEAP,valence,all,72,rbf_svm,20260911,0.0444025994673874,subject,0.015421916610358,0.013575499328162963,0.9528347496397377,0.08402644375398191,0.911328125,0.03125,0.880078125,1280,32,40,1.0,0.565625,0.8687499999999999,observational_factorial,,,,,,,0.01194749999466842,2.0,7.154615356913663
DEAP,valence,all,72,rbf_svm,20260923,0.0318524186175921,subject,0.0020271075956914,0.01275131445262044,0.9575893326406592,0.0860850248812028,0.91328125,0.03125,0.88203125,1280,32,40,1.0,0.565625,0.8687499999999999,observational_factorial,,,,,,,0.011247057825787873,2.0,7.154615356913663
DEAP,valence,all,72,rbf_svm,20261007,0.0487052347072618,subject,-0.0073532334353511,0.01349483502401298,0.9596660372786114,0.08661178497688639,0.9144531250000001,0.03125,0.8832031250000001,1280,32,40,1.0,0.565625,0.8687499999999999,observational_factorial,,,,,,,0.011918680464567715,2.0,7.154615356913663
DEAP,valence,normalized_asymmetry,12,gpu_mlp,20260813,0.0196698994395643,subject,-0.0031047821971308,0.0028159470883091,,,0.6382812499999999,0.03125,0.6070312499999999,1280,32,40,1.0,0.565625,0.8687499999999999,counterfactual_dose,0.0,0.0,0.4692505663977105,0.4889204658372749,0.0028159470883091,0.0754765680387855,0.0017093678809501332,4.0,7.154615356913663
DEAP,valence,normalized_asymmetry,12,gpu_mlp,20260813,0.0287769784172662,subject,0.0328933109392397,0.0209744455560002,,,0.6382812499999999,0.03125,0.6070312499999999,1280,32,40,1.0,0.565625,0.8687499999999999,counterfactual_dose,0.25,0.2499729218828634,0.4692505663977105,0.4980275448149768,0.0028159470883091,0.0754765680387855,0.012732143903915744,4.0,7.154615356913663
DEAP,valence,normalized_asymmetry,12,gpu_mlp,20260813,0.0318424818156524,subject,0.030238915593215,0.039123555219364,,,0.6382812499999999,0.03125,0.6070312499999999,1280,32,40,1.0,0.565625,0.8687499999999999,counterfactual_dose,0.5,0.4996402395124553,0.4692505663977105,0.501093048213363,0.0028159470883091,0.0754765680387855,0.02374922062925455,4.0,7.154615356913663
DEAP,valence,normalized_asymmetry,12,gpu_mlp,20260813,0.0350719424460431,subject,0.0358334161886138,0.0565827953888861,,,0.6382812499999999,0.03125,0.6070312499999999,1280,32,40,1.0,0.565625,0.8687499999999999,counterfactual_dose,0.75,0.7422349087305308,0.4692505663977105,0.5043225088437537,0.0028159470883091,0.0754765680387855,0.03434752501340976,4.0,7.154615356913663
DEAP,valence,normalized_asymmetry,12,gpu_mlp,20260813,0.0216622282284669,subject,0.0322068210905434,0.0754765680387855,,,0.6382812499999999,0.03125,0.6070312499999999,1280,32,40,1.0,0.565625,0.8687499999999999,counterfactual_dose,1.0,1.0,0.4692505663977105,0.4909127946261775,0.0028159470883091,0.0754765680387855,0.045816635442294,4.0,7.154615356913663
DEAP,valence,normalized_asymmetry,12,gpu_mlp,20260829,-0.0030207877896578,subject,0.0058514252410852,0.0024598495437352,,,0.634765625,0.03125,0.603515625,1280,32,40,1.0,0.565625,0.8687499999999999,counterfactual_dose,0.0,0.0,0.485402837950634,0.4823820501609762,0.0024598495437352,0.0681153721242294,0.0014845576347933141,4.0,7.154615356913663
DEAP,valence,normalized_asymmetry,12,gpu_mlp,20260829,-0.0053161890377201,subject,0.0241157717268078,0.0188812378624406,,,0.634765625,0.03125,0.603515625,1280,32,40,1.0,0.565625,0.8687499999999999,counterfactual_dose,0.25,0.2502379253424993,0.485402837950634,0.4800866489129138,0.0024598495437352,0.0681153721242294,0.011395122069324503,4.0,7.154615356913663
DEAP,valence,normalized_asymmetry,12,gpu_mlp,20260829,-0.0195605946182281,subject,0.0033586040155094,0.0353313205548277,,,0.634765625,0.03125,0.603515625,1280,32,40,1.0,0.565625,0.8687499999999999,counterfactual_dose,0.5,0.5007723664085064,0.485402837950634,0.4658422433324058,0.0024598495437352,0.0681153721242294,0.021323004006722185,4.0,7.154615356913663
DEAP,valence,normalized_asymmetry,12,gpu_mlp,20260829,-0.0026829365237092,subject,0.0213824221683907,0.0504944655335732,,,0.634765625,0.03125,0.603515625,1280,32,40,1.0,0.565625,0.8687499999999999,counterfactual_dose,0.75,0.7350515810401548,0.485402837950634,0.4827199014269248,0.0024598495437352,0.0681153721242294,0.03047419892553539,4.0,7.154615356913663
DEAP,valence,normalized_asymmetry,12,gpu_mlp,20260829,0.0148704241027067,subject,0.0253060628003875,0.0681153721242294,,,0.634765625,0.03125,0.603515625,1280,32,40,1.0,0.565625,0.8687499999999999,counterfactual_dose,1.0,1.0,0.485402837950634,0.5002732620533408,0.0024598495437352,0.0681153721242294,0.04110869137966188,4.0,7.154615356913663
DEAP,valence,normalized_asymmetry,12,gpu_mlp,20260911,0.0002384832465519,subject,-0.0059605093414125,0.0027657848269967,,,0.6246093749999999,0.03125,0.5933593749999999,1280,32,40,1.0,0.565625,0.8687499999999999,counterfactual_dose,0.0,0.0,0.4753964783973926,0.4756349616439445,0.0027657848269967,0.0717150046310113,0.001641104356331245,4.0,7.154615356913663
DEAP,valence,normalized_asymmetry,12,gpu_mlp,20260911,-0.0028916093644422,subject,0.0130495025185526,0.0199863407201609,,,0.6246093749999999,0.03125,0.5933593749999999,1280,32,40,1.0,0.565625,0.8687499999999999,counterfactual_dose,0.25,0.2495987043005631,0.4753964783973926,0.4725048690329504,0.0027657848269967,0.0717150046310113,0.01185908263825172,4.0,7.154615356913663
DEAP,valence,normalized_asymmetry,12,gpu_mlp,20260911,-0.0036120275050678,subject,0.0096698548483843,0.0372119076295814,,,0.6246093749999999,0.03125,0.5933593749999999,1280,32,40,1.0,0.565625,0.8687499999999999,counterfactual_dose,0.5,0.4995593800000685,0.4753964783973926,0.4717844508923248,0.0027657848269967,0.0717150046310113,0.02208003425364615,4.0,7.154615356913663
DEAP,valence,normalized_asymmetry,12,gpu_mlp,20260911,-0.0054453674629357,subject,0.001066178309827,0.053810804077882,,,0.6246093749999999,0.03125,0.5933593749999999,1280,32,40,1.0,0.565625,0.8687499999999999,counterfactual_dose,0.75,0.7416060208639793,0.4753964783973926,0.4699511109344568,0.0027657848269967,0.0717150046310113,0.031929145075899515,4.0,7.154615356913663
DEAP,valence,normalized_asymmetry,12,gpu_mlp,20260911,0.0080786199769465,subject,0.010553028869582,0.0717150046310113,,,0.6246093749999999,0.03125,0.5933593749999999,1280,32,40,1.0,0.565625,0.8687499999999999,counterfactual_dose,1.0,1.0,0.4753964783973926,0.4834750983743392,0.0027657848269967,0.0717150046310113,0.04255277032597896,4.0,7.154615356913663
DEAP,valence,normalized_asymmetry,12,gpu_mlp,20260923,-0.0121576771731785,subject,0.0016218607838818,0.0028164612131075,,,0.63125,0.03125,0.6,1280,32,40,1.0,0.565625,0.8687499999999999,counterfactual_dose,0.0,0.0,0.4666123454827298,0.4544546683095513,0.0028164612131075,0.075492083481796,0.0016898767278645,4.0,7.154615356913663
DEAP,valence,normalized_asymmetry,12,gpu_mlp,20260923,0.0021364124170277,subject,0.0081438548128095,0.0209774598028625,,,0.63125,0.03125,0.6,1280,32,40,1.0,0.565625,0.8687499999999999,counterfactual_dose,0.25,0.249912336992291,0.4666123454827298,0.4687487578997575,0.0028164612131075,0.075492083481796,0.012586475881717499,4.0,7.154615356913663
DEAP,valence,normalized_asymmetry,12,gpu_mlp,20260923,-0.0073383282324416,subject,0.0366921646250727,0.0392035943219379,,,0.63125,0.03125,0.6,1280,32,40,1.0,0.565625,0.8687499999999999,counterfactual_dose,0.5,0.5006307840912296,0.4666123454827298,0.4592740172502881,0.0028164612131075,0.075492083481796,0.02352215659316274,4.0,7.154615356913663
DEAP,valence,normalized_asymmetry,12,gpu_mlp,20260923,0.0043374140466632,subject,0.0228518061337626,0.056520258304226,,,0.63125,0.03125,0.6,1280,32,40,1.0,0.565625,0.8687499999999999,counterfactual_dose,0.75,0.7411923599308257,0.4666123454827298,0.470949759529393,0.0028164612131075,0.075492083481796,0.0339121549825356,4.0,7.154615356913663
DEAP,valence,normalized_asymmetry,12,gpu_mlp,20260923,0.0236247466115505,subject,0.0176680673606448,0.075492083481796,,,0.63125,0.03125,0.6,1280,32,40,1.0,0.565625,0.8687499999999999,counterfactual_dose,1.0,1.0,0.4666123454827298,0.4902370920942803,0.0028164612131075,0.075492083481796,0.045295250089077595,4.0,7.154615356913663
DEAP,valence,normalized_asymmetry,12,gpu_mlp,20261007,0.0034828490798521,subject,0.0040597943064736,0.0036367940050801,,,0.623828125,0.03125,0.592578125,1280,32,40,1.0,0.565625,0.8687499999999999,counterfactual_dose,0.0,0.0,0.4774683016018125,0.4809511506816646,0.0036367940050801,0.0727693948914015,0.002155084572541606,4.0,7.154615356913663
DEAP,valence,normalized_asymmetry,12,gpu_mlp,20261007,0.0151436861560474,subject,0.0224212639544474,0.0209163690629879,,,0.623828125,0.03125,0.592578125,1280,32,40,1.0,0.565625,0.8687499999999999,counterfactual_dose,0.25,0.2500027314661849,0.4774683016018125,0.4926119877578599,0.0036367940050801,0.0727693948914015,0.012394582761153376,4.0,7.154615356913663
DEAP,valence,normalized_asymmetry,12,gpu_mlp,20261007,0.0169422473071266,subject,0.0203995367042508,0.0382282735165877,,,0.623828125,0.03125,0.592578125,1280,32,40,1.0,0.565625,0.8687499999999999,counterfactual_dose,0.5,0.5003264698555798,0.4774683016018125,0.4944105489089391,0.0036367940050801,0.0727693948914015,0.022653238642446696,4.0,7.154615356913663
DEAP,valence,normalized_asymmetry,12,gpu_mlp,20261007,0.0294377757462537,subject,0.0335557087726282,0.0552451189017264,,,0.623828125,0.03125,0.592578125,1280,32,40,1.0,0.565625,0.8687499999999999,counterfactual_dose,0.75,0.7508598955068633,0.4774683016018125,0.5069060773480663,0.0036367940050801,0.0727693948914015,0.03273704897418708,4.0,7.154615356913663
DEAP,valence,normalized_asymmetry,12,gpu_mlp,20261007,0.0136183870583091,subject,0.0319782131501178,0.0727693948914015,,,0.623828125,0.03125,0.592578125,1280,32,40,1.0,0.565625,0.8687499999999999,counterfactual_dose,1.0,1.0,0.4774683016018125,0.4910866886601216,0.0036367940050801,0.0727693948914015,0.043121551582131275,4.0,7.154615356913663
DEAP,valence,normalized_asymmetry,12,linear_logistic,20260813,0.030851285822171,subject,-0.0152231805715648,0.012523913563004179,0.9580055438197179,0.08191938462049167,0.6382812499999999,0.03125,0.6070312499999999,1280,32,40,1.0,0.565625,0.8687499999999999,observational_factorial,,,,,,,0.0076024069050423795,1.0,7.154615356913663
DEAP,valence,normalized_asymmetry,12,linear_logistic,20260813,0.0152082753686553,subject,-0.0031047821971308,0.0028159470883091,,,0.6382812499999999,0.03125,0.6070312499999999,1280,32,40,1.0,0.565625,0.8687499999999999,counterfactual_dose,0.0,0.0,0.4749145435033189,0.4901228188719743,0.0028159470883091,0.0754765680387855,0.0017093678809501332,1.0,7.154615356913663
DEAP,valence,normalized_asymmetry,12,linear_logistic,20260813,0.0146468460590643,subject,0.0328933109392397,0.0209744455560002,,,0.6382812499999999,0.03125,0.6070312499999999,1280,32,40,1.0,0.565625,0.8687499999999999,counterfactual_dose,0.25,0.2499729218828634,0.4749145435033189,0.4895613895623832,0.0028159470883091,0.0754765680387855,0.012732143903915744,1.0,7.154615356913663
DEAP,valence,normalized_asymmetry,12,linear_logistic,20260813,0.0133451250049683,subject,0.030238915593215,0.039123555219364,,,0.6382812499999999,0.03125,0.6070312499999999,1280,32,40,1.0,0.565625,0.8687499999999999,counterfactual_dose,0.5,0.4996402395124553,0.4749145435033189,0.4882596685082873,0.0028159470883091,0.0754765680387855,0.02374922062925455,1.0,7.154615356913663
DEAP,valence,normalized_asymmetry,12,linear_logistic,20260813,0.0040641519933224,subject,0.0358334161886138,0.0565827953888861,,,0.6382812499999999,0.03125,0.6070312499999999,1280,32,40,1.0,0.565625,0.8687499999999999,counterfactual_dose,0.75,0.7422349087305308,0.4749145435033189,0.4789786954966413,0.0028159470883091,0.0754765680387855,0.03434752501340976,1.0,7.154615356913663
DEAP,valence,normalized_asymmetry,12,linear_logistic,20260813,0.0050429269843793,subject,0.0322068210905434,0.0754765680387855,,,0.6382812499999999,0.03125,0.6070312499999999,1280,32,40,1.0,0.565625,0.8687499999999999,counterfactual_dose,1.0,1.0,0.4749145435033189,0.4799574704876982,0.0028159470883091,0.0754765680387855,0.045816635442294,1.0,7.154615356913663
DEAP,valence,normalized_asymmetry,12,linear_logistic,20260829,-0.0036418379108867,subject,0.0234508525776064,0.010645628242933976,0.9560309603415336,0.07649344018678148,0.634765625,0.03125,0.603515625,1280,32,40,1.0,0.565625,0.8687499999999999,observational_factorial,,,,,,,0.00642480298255195,1.0,7.154615356913663
DEAP,valence,normalized_asymmetry,12,linear_logistic,20260829,0.0005614293095909,subject,0.0058514252410852,0.0024598495437352,,,0.634765625,0.03125,0.603515625,1280,32,40,1.0,0.565625,0.8687499999999999,counterfactual_dose,0.0,0.0,0.4593535116658055,0.4599149409753965,0.0024598495437352,0.0681153721242294,0.0014845576347933141,1.0,7.154615356913663
DEAP,valence,normalized_asymmetry,12,linear_logistic,20260829,0.0058627131444015,subject,0.0241157717268078,0.0188812378624406,,,0.634765625,0.03125,0.603515625,1280,32,40,1.0,0.565625,0.8687499999999999,counterfactual_dose,0.25,0.2502379253424993,0.4593535116658055,0.4652162248102071,0.0024598495437352,0.0681153721242294,0.011395122069324503,1.0,7.154615356913663
DEAP,valence,normalized_asymmetry,12,linear_logistic,20260829,0.0199779402996939,subject,0.0033586040155094,0.0353313205548277,,,0.634765625,0.03125,0.603515625,1280,32,40,1.0,0.565625,0.8687499999999999,counterfactual_dose,0.5,0.5007723664085064,0.4593535116658055,0.4793314519654994,0.0024598495437352,0.0681153721242294,0.021323004006722185,1.0,7.154615356913663
DEAP,valence,normalized_asymmetry,12,linear_logistic,20260829,0.0260791366906474,subject,0.0213824221683907,0.0504944655335732,,,0.634765625,0.03125,0.603515625,1280,32,40,1.0,0.565625,0.8687499999999999,counterfactual_dose,0.75,0.7350515810401548,0.4593535116658055,0.4854326483564529,0.0024598495437352,0.0681153721242294,0.03047419892553539,1.0,7.154615356913663
DEAP,valence,normalized_asymmetry,12,linear_logistic,20260829,0.025085456496681,subject,0.0253060628003875,0.0681153721242294,,,0.634765625,0.03125,0.603515625,1280,32,40,1.0,0.565625,0.8687499999999999,counterfactual_dose,1.0,1.0,0.4593535116658055,0.4844389681624865,0.0024598495437352,0.0681153721242294,0.04110869137966188,1.0,7.154615356913663
DEAP,valence,normalized_asymmetry,12,linear_logistic,20260911,0.0193047219682817,subject,0.015421916610358,0.013575499328162963,0.9528347496397377,0.08402644375398191,0.6246093749999999,0.03125,0.5933593749999999,1280,32,40,1.0,0.565625,0.8687499999999999,observational_factorial,,,,,,,0.008055149796671695,1.0,7.154615356913663
DEAP,valence,normalized_asymmetry,12,linear_logistic,20260911,-0.0034828490798521,subject,-0.0059605093414125,0.0027657848269967,,,0.6246093749999999,0.03125,0.5933593749999999,1280,32,40,1.0,0.565625,0.8687499999999999,counterfactual_dose,0.0,0.0,0.4735631384395246,0.4700802893596725,0.0027657848269967,0.0717150046310113,0.001641104356331245,1.0,7.154615356913663
DEAP,valence,normalized_asymmetry,12,linear_logistic,20260911,0.0007899757542033,subject,0.0130495025185526,0.0199863407201609,,,0.6246093749999999,0.03125,0.5933593749999999,1280,32,40,1.0,0.565625,0.8687499999999999,counterfactual_dose,0.25,0.2495987043005631,0.4735631384395246,0.4743531141937279,0.0027657848269967,0.0717150046310113,0.01185908263825172,1.0,7.154615356913663
DEAP,valence,normalized_asymmetry,12,linear_logistic,20260911,-0.0066129416908461,subject,0.0096698548483843,0.0372119076295814,,,0.6246093749999999,0.03125,0.5933593749999999,1280,32,40,1.0,0.565625,0.8687499999999999,counterfactual_dose,0.5,0.4995593800000685,0.4735631384395246,0.4669501967486784,0.0027657848269967,0.0717150046310113,0.02208003425364615,1.0,7.154615356913663
DEAP,valence,normalized_asymmetry,12,linear_logistic,20260911,0.0033437338526968,subject,0.001066178309827,0.053810804077882,,,0.6246093749999999,0.03125,0.5933593749999999,1280,32,40,1.0,0.565625,0.8687499999999999,counterfactual_dose,0.75,0.7416060208639793,0.4735631384395246,0.4769068722922214,0.0027657848269967,0.0717150046310113,0.031929145075899515,1.0,7.154615356913663
DEAP,valence,normalized_asymmetry,12,linear_logistic,20260911,-0.0077208951071187,subject,0.010553028869582,0.0717150046310113,,,0.6246093749999999,0.03125,0.5933593749999999,1280,32,40,1.0,0.565625,0.8687499999999999,counterfactual_dose,1.0,1.0,0.4735631384395246,0.4658422433324058,0.0027657848269967,0.0717150046310113,0.04255277032597896,1.0,7.154615356913663
DEAP,valence,normalized_asymmetry,12,linear_logistic,20260923,0.001830855757383,subject,0.0020271075956914,0.01275131445262044,0.9575893326406592,0.0860850248812028,0.63125,0.03125,0.6,1280,32,40,1.0,0.565625,0.8687499999999999,observational_factorial,,,,,,,0.007650788671572264,1.0,7.154615356913663
DEAP,valence,normalized_asymmetry,12,linear_logistic,20260923,0.0028568305576532,subject,0.0016218607838818,0.0028164612131075,,,0.63125,0.03125,0.6,1280,32,40,1.0,0.565625,0.8687499999999999,counterfactual_dose,0.0,0.0,0.4662595890138717,0.469116419571525,0.0028164612131075,0.075492083481796,0.0016898767278645,1.0,7.154615356913663
DEAP,valence,normalized_asymmetry,12,linear_logistic,20260923,0.0147412456774911,subject,0.0081438548128095,0.0209774598028625,,,0.63125,0.03125,0.6,1280,32,40,1.0,0.565625,0.8687499999999999,counterfactual_dose,0.25,0.249912336992291,0.4662595890138717,0.4810008346913629,0.0028164612131075,0.075492083481796,0.012586475881717499,1.0,7.154615356913663
DEAP,valence,normalized_asymmetry,12,linear_logistic,20260923,0.0203952859811598,subject,0.0366921646250727,0.0392035943219379,,,0.63125,0.03125,0.6,1280,32,40,1.0,0.565625,0.8687499999999999,counterfactual_dose,0.5,0.5006307840912296,0.4662595890138717,0.4866548749950315,0.0028164612131075,0.075492083481796,0.02352215659316274,1.0,7.154615356913663
DEAP,valence,normalized_asymmetry,12,linear_logistic,20260923,0.0136332922612186,subject,0.0228518061337626,0.056520258304226,,,0.63125,0.03125,0.6,1280,32,40,1.0,0.565625,0.8687499999999999,counterfactual_dose,0.75,0.7411923599308257,0.4662595890138717,0.4798928812750904,0.0028164612131075,0.075492083481796,0.0339121549825356,1.0,7.154615356913663
DEAP,valence,normalized_asymmetry,12,linear_logistic,20260923,0.0092163837990381,subject,0.0176680673606448,0.075492083481796,,,0.63125,0.03125,0.6,1280,32,40,1.0,0.565625,0.8687499999999999,counterfactual_dose,1.0,1.0,0.4662595890138717,0.4754759728129099,0.0028164612131075,0.075492083481796,0.045295250089077595,1.0,7.154615356913663
DEAP,valence,normalized_asymmetry,12,linear_logistic,20261007,0.032771572797011,subject,-0.0073532334353511,0.01349483502401298,0.9596660372786114,0.08661178497688639,0.623828125,0.03125,0.592578125,1280,32,40,1.0,0.565625,0.8687499999999999,observational_factorial,,,,,,,0.00799674403571394,1.0,7.154615356913663
DEAP,valence,normalized_asymmetry,12,linear_logistic,20261007,0.0211157041217854,subject,0.0040597943064736,0.0036367940050801,,,0.623828125,0.03125,0.592578125,1280,32,40,1.0,0.565625,0.8687499999999999,counterfactual_dose,0.0,0.0,0.4578282125680671,0.4789439166898526,0.0036367940050801,0.0727693948914015,0.002155084572541606,1.0,7.154615356913663
DEAP,valence,normalized_asymmetry,12,linear_logistic,20261007,0.0182737787670416,subject,0.0224212639544474,0.0209163690629879,,,0.623828125,0.03125,0.592578125,1280,32,40,1.0,0.565625,0.8687499999999999,counterfactual_dose,0.25,0.2500027314661849,0.4578282125680671,0.4761019913351087,0.0036367940050801,0.0727693948914015,0.012394582761153376,1.0,7.154615356913663
DEAP,valence,normalized_asymmetry,12,linear_logistic,20261007,0.0168776580945188,subject,0.0203995367042508,0.0382282735165877,,,0.623828125,0.03125,0.592578125,1280,32,40,1.0,0.565625,0.8687499999999999,counterfactual_dose,0.5,0.5003264698555798,0.4578282125680671,0.4747058706625859,0.0036367940050801,0.0727693948914015,0.022653238642446696,1.0,7.154615356913663
DEAP,valence,normalized_asymmetry,12,linear_logistic,20261007,0.0293880917365554,subject,0.0335557087726282,0.0552451189017264,,,0.623828125,0.03125,0.592578125,1280,32,40,1.0,0.565625,0.8687499999999999,counterfactual_dose,0.75,0.7508598955068633,0.4578282125680671,0.4872163043046226,0.0036367940050801,0.0727693948914015,0.03273704897418708,1.0,7.154615356913663
DEAP,valence,normalized_asymmetry,12,linear_logistic,20261007,0.0176328550419332,subject,0.0319782131501178,0.0727693948914015,,,0.623828125,0.03125,0.592578125,1280,32,40,1.0,0.565625,0.8687499999999999,counterfactual_dose,1.0,1.0,0.4578282125680671,0.4754610676100004,0.0036367940050801,0.0727693948914015,0.043121551582131275,1.0,7.154615356913663
DEAP,valence,normalized_asymmetry,12,rbf_svm,20260813,0.0112261019913351,subject,-0.0152231805715648,0.012523913563004179,0.9580055438197179,0.08191938462049167,0.6382812499999999,0.03125,0.6070312499999999,1280,32,40,1.0,0.565625,0.8687499999999999,observational_factorial,,,,,,,0.0076024069050423795,2.0,7.154615356913663
DEAP,valence,normalized_asymmetry,12,rbf_svm,20260829,0.0044467188679995,subject,0.0234508525776064,0.010645628242933976,0.9560309603415336,0.07649344018678148,0.634765625,0.03125,0.603515625,1280,32,40,1.0,0.565625,0.8687499999999999,observational_factorial,,,,,,,0.00642480298255195,2.0,7.154615356913663
DEAP,valence,normalized_asymmetry,12,rbf_svm,20260911,0.0207480424500179,subject,0.015421916610358,0.013575499328162963,0.9528347496397377,0.08402644375398191,0.6246093749999999,0.03125,0.5933593749999999,1280,32,40,1.0,0.565625,0.8687499999999999,observational_factorial,,,,,,,0.008055149796671695,2.0,7.154615356913663
DEAP,valence,normalized_asymmetry,12,rbf_svm,20260923,0.0256021701975436,subject,0.0020271075956914,0.01275131445262044,0.9575893326406592,0.0860850248812028,0.63125,0.03125,0.6,1280,32,40,1.0,0.565625,0.8687499999999999,observational_factorial,,,,,,,0.007650788671572264,2.0,7.154615356913663
DEAP,valence,normalized_asymmetry,12,rbf_svm,20261007,0.0168403950872451,subject,-0.0073532334353511,0.01349483502401298,0.9596660372786114,0.08661178497688639,0.623828125,0.03125,0.592578125,1280,32,40,1.0,0.565625,0.8687499999999999,observational_factorial,,,,,,,0.00799674403571394,2.0,7.154615356913663
DEAP,valence,relative_power,24,gpu_mlp,20260813,0.0198636670773877,subject,-0.0031047821971308,0.0028159470883091,,,0.632421875,0.03125,0.601171875,1280,32,40,1.0,0.565625,0.8687499999999999,counterfactual_dose,0.0,0.0,0.4892930959100123,0.5091567629874001,0.0028159470883091,0.0754765680387855,0.0016928681909795724,4.0,7.154615356913663
DEAP,valence,relative_power,24,gpu_mlp,20260813,0.0099218967367543,subject,0.0328933109392397,0.0209744455560002,,,0.632421875,0.03125,0.601171875,1280,32,40,1.0,0.565625,0.8687499999999999,counterfactual_dose,0.25,0.2499729218828634,0.4892930959100123,0.4992149926467666,0.0028159470883091,0.0754765680387855,0.012609246761986057,4.0,7.154615356913663
DEAP,valence,relative_power,24,gpu_mlp,20260813,0.0304463611431296,subject,0.030238915593215,0.039123555219364,,,0.632421875,0.03125,0.601171875,1280,32,40,1.0,0.565625,0.8687499999999999,counterfactual_dose,0.5,0.4996402395124553,0.4892930959100123,0.519739457053142,0.0028159470883091,0.0754765680387855,0.023519981047891093,4.0,7.154615356913663
DEAP,valence,relative_power,24,gpu_mlp,20260813,0.0058428395405222,subject,0.0358334161886138,0.0565827953888861,,,0.632421875,0.03125,0.601171875,1280,32,40,1.0,0.565625,0.8687499999999999,counterfactual_dose,0.75,0.7422349087305308,0.4892930959100123,0.4951359354505346,0.0028159470883091,0.0754765680387855,0.03401598519667801,4.0,7.154615356913663
DEAP,valence,relative_power,24,gpu_mlp,20260813,0.0120086251440836,subject,0.0322068210905434,0.0754765680387855,,,0.632421875,0.03125,0.601171875,1280,32,40,1.0,0.565625,0.8687499999999999,counterfactual_dose,1.0,1.0,0.4892930959100123,0.501301721054096,0.0028159470883091,0.0754765680387855,0.04537438992644175,4.0,7.154615356913663
DEAP,valence,relative_power,24,gpu_mlp,20260829,0.0061310067967725,subject,0.0058514252410852,0.0024598495437352,,,0.641015625,0.03125,0.609765625,1280,32,40,1.0,0.565625,0.8687499999999999,counterfactual_dose,0.0,0.0,0.50324933423427,0.5093803410310426,0.0024598495437352,0.0681153721242294,0.001499931694441659,4.0,7.154615356913663
DEAP,valence,relative_power,24,gpu_mlp,20260829,-0.0104733892444055,subject,0.0241157717268078,0.0188812378624406,,,0.641015625,0.03125,0.609765625,1280,32,40,1.0,0.565625,0.8687499999999999,counterfactual_dose,0.25,0.2502379253424993,0.50324933423427,0.4927759449898644,0.0024598495437352,0.0681153721242294,0.011513129805964755,4.0,7.154615356913663
DEAP,valence,relative_power,24,gpu_mlp,20260829,0.0049435589649827,subject,0.0033586040155094,0.0353313205548277,,,0.641015625,0.03125,0.609765625,1280,32,40,1.0,0.565625,0.8687499999999999,counterfactual_dose,0.5,0.5007723664085064,0.50324933423427,0.5081928931992528,0.0024598495437352,0.0681153721242294,0.021543824760189855,4.0,7.154615356913663
DEAP,valence,relative_power,24,gpu_mlp,20260829,-4.968400969751485e-06,subject,0.0213824221683907,0.0504944655335732,,,0.641015625,0.03125,0.609765625,1280,32,40,1.0,0.565625,0.8687499999999999,counterfactual_dose,0.75,0.7350515810401548,0.50324933423427,0.5032443658333002,0.0024598495437352,0.0681153721242294,0.03078978933512022,4.0,7.154615356913663
DEAP,valence,relative_power,24,gpu_mlp,20260829,0.0041088676020509,subject,0.0253060628003875,0.0681153721242294,,,0.641015625,0.03125,0.609765625,1280,32,40,1.0,0.565625,0.8687499999999999,counterfactual_dose,1.0,1.0,0.50324933423427,0.507358201836321,0.0024598495437352,0.0681153721242294,0.04153441245543831,4.0,7.154615356913663
DEAP,valence,relative_power,24,gpu_mlp,20260911,-0.0158044834850352,subject,-0.0059605093414125,0.0027657848269967,,,0.630859375,0.03125,0.599609375,1280,32,40,1.0,0.565625,0.8687499999999999,counterfactual_dose,0.0,0.0,0.4906097221670178,0.4748052386819826,0.0027657848269967,0.0717150046310113,0.0016583905114999746,4.0,7.154615356913663
DEAP,valence,relative_power,24,gpu_mlp,20260911,-0.0146319408561548,subject,0.0130495025185526,0.0199863407201609,,,0.630859375,0.03125,0.599609375,1280,32,40,1.0,0.565625,0.8687499999999999,counterfactual_dose,0.25,0.2495987043005631,0.4906097221670178,0.4759777813108629,0.0027657848269967,0.0717150046310113,0.011983997267752728,4.0,7.154615356913663
DEAP,valence,relative_power,24,gpu_mlp,20260911,-0.0071644341984976,subject,0.0096698548483843,0.0372119076295814,,,0.630859375,0.03125,0.599609375,1280,32,40,1.0,0.565625,0.8687499999999999,counterfactual_dose,0.5,0.4995593800000685,0.4906097221670178,0.4834452879685201,0.0027657848269967,0.0717150046310113,0.022312608676331037,4.0,7.154615356913663
DEAP,valence,relative_power,24,gpu_mlp,20260911,-0.0067470885170317,subject,0.001066178309827,0.053810804077882,,,0.630859375,0.03125,0.599609375,1280,32,40,1.0,0.565625,0.8687499999999999,counterfactual_dose,0.75,0.7416060208639793,0.4906097221670178,0.4838626336499861,0.0027657848269967,0.0717150046310113,0.032265462601386276,4.0,7.154615356913663
DEAP,valence,relative_power,24,gpu_mlp,20260911,-0.0030058825867483,subject,0.010553028869582,0.0717150046310113,,,0.630859375,0.03125,0.599609375,1280,32,40,1.0,0.565625,0.8687499999999999,counterfactual_dose,1.0,1.0,0.4906097221670178,0.4876038395802694,0.0027657848269967,0.0717150046310113,0.04300098910492279,4.0,7.154615356913663
DEAP,valence,relative_power,24,gpu_mlp,20260923,0.0017339719384713,subject,0.0016218607838818,0.0028164612131075,,,0.63828125,0.03125,0.60703125,1280,32,40,1.0,0.565625,0.8687499999999999,counterfactual_dose,0.0,0.0,0.4888409714217576,0.4905749433602289,0.0028164612131075,0.075492083481796,0.0017096799707691623,4.0,7.154615356913663
DEAP,valence,relative_power,24,gpu_mlp,20260923,0.018258873564132,subject,0.0081438548128095,0.0209774598028625,,,0.63828125,0.03125,0.60703125,1280,32,40,1.0,0.565625,0.8687499999999999,counterfactual_dose,0.25,0.249912336992291,0.4888409714217576,0.5070998449858897,0.0028164612131075,0.075492083481796,0.012733973645956376,4.0,7.154615356913663
DEAP,valence,relative_power,24,gpu_mlp,20260923,0.0319418498350491,subject,0.0366921646250727,0.0392035943219379,,,0.63828125,0.03125,0.60703125,1280,32,40,1.0,0.565625,0.8687499999999999,counterfactual_dose,0.5,0.5006307840912296,0.4888409714217576,0.5207828212568067,0.0028164612131075,0.075492083481796,0.023797806865738867,4.0,7.154615356913663
DEAP,valence,relative_power,24,gpu_mlp,20260923,0.005877618347311,subject,0.0228518061337626,0.056520258304226,,,0.63828125,0.03125,0.60703125,1280,32,40,1.0,0.565625,0.8687499999999999,counterfactual_dose,0.75,0.7411923599308257,0.4888409714217576,0.4947185897690687,0.0028164612131075,0.075492083481796,0.03430956304873719,4.0,7.154615356913663
DEAP,valence,relative_power,24,gpu_mlp,20260923,0.0041287412059303,subject,0.0176680673606448,0.075492083481796,,,0.63828125,0.03125,0.60703125,1280,32,40,1.0,0.565625,0.8687499999999999,counterfactual_dose,1.0,1.0,0.4888409714217576,0.4929697126276879,0.0028164612131075,0.075492083481796,0.045826053801058975,4.0,7.154615356913663
DEAP,valence,relative_power,24,gpu_mlp,20261007,0.0084611868516236,subject,0.0040597943064736,0.0036367940050801,,,0.640234375,0.03125,0.608984375,1280,32,40,1.0,0.565625,0.8687499999999999,counterfactual_dose,0.0,0.0,0.4902221868913708,0.4986833737429945,0.0036367940050801,0.0727693948914015,0.0022147507241874515,4.0,7.154615356913663
DEAP,valence,relative_power,24,gpu_mlp,20261007,0.0193668269804045,subject,0.0224212639544474,0.0209163690629879,,,0.640234375,0.03125,0.608984375,1280,32,40,1.0,0.565625,0.8687499999999999,counterfactual_dose,0.25,0.2500027314661849,0.4902221868913708,0.5095890138717755,0.0036367940050801,0.0727693948914015,0.012737741941093023,4.0,7.154615356913663
DEAP,valence,relative_power,24,gpu_mlp,20261007,0.0209567152907508,subject,0.0203995367042508,0.0382282735165877,,,0.640234375,0.03125,0.608984375,1280,32,40,1.0,0.565625,0.8687499999999999,counterfactual_dose,0.5,0.5003264698555798,0.4902221868913708,0.5111789021821217,0.0036367940050801,0.0727693948914015,0.023280421254828217,4.0,7.154615356913663
DEAP,valence,relative_power,24,gpu_mlp,20261007,0.0326473627727652,subject,0.0335557087726282,0.0552451189017264,,,0.640234375,0.03125,0.608984375,1280,32,40,1.0,0.565625,0.8687499999999999,counterfactual_dose,0.75,0.7508598955068633,0.4902221868913708,0.5228695496641361,0.0036367940050801,0.0727693948914015,0.03364341420616854,4.0,7.154615356913663
DEAP,valence,relative_power,24,gpu_mlp,20261007,0.0185321356174729,subject,0.0319782131501178,0.0727693948914015,,,0.640234375,0.03125,0.608984375,1280,32,40,1.0,0.565625,0.8687499999999999,counterfactual_dose,1.0,1.0,0.4902221868913708,0.5087543225088438,0.0036367940050801,0.0727693948914015,0.044315424467068334,4.0,7.154615356913663
DEAP,valence,relative_power,24,linear_logistic,20260813,0.0184849358082594,subject,-0.0152231805715648,0.012523913563004179,0.9580055438197179,0.08191938462049167,0.632421875,0.03125,0.601171875,1280,32,40,1.0,0.565625,0.8687499999999999,observational_factorial,,,,,,,0.0075290245990091535,1.0,7.154615356913663
DEAP,valence,relative_power,24,linear_logistic,20260813,-0.0019923287889026,subject,-0.0031047821971308,0.0028159470883091,,,0.632421875,0.03125,0.601171875,1280,32,40,1.0,0.565625,0.8687499999999999,counterfactual_dose,0.0,0.0,0.5173645613895624,0.5153722326006598,0.0028159470883091,0.0754765680387855,0.0016928681909795724,1.0,7.154615356913663
DEAP,valence,relative_power,24,linear_logistic,20260813,0.0072091498072259,subject,0.0328933109392397,0.0209744455560002,,,0.632421875,0.03125,0.601171875,1280,32,40,1.0,0.565625,0.8687499999999999,counterfactual_dose,0.25,0.2499729218828634,0.5173645613895624,0.5245737111967884,0.0028159470883091,0.0754765680387855,0.012609246761986057,1.0,7.154615356913663
DEAP,valence,relative_power,24,linear_logistic,20260813,-0.0029412933741405,subject,0.030238915593215,0.039123555219364,,,0.632421875,0.03125,0.601171875,1280,32,40,1.0,0.565625,0.8687499999999999,counterfactual_dose,0.5,0.4996402395124553,0.5173645613895624,0.5144232680154219,0.0028159470883091,0.0754765680387855,0.023519981047891093,1.0,7.154615356913663
DEAP,valence,relative_power,24,linear_logistic,20260813,0.0041088676020508,subject,0.0358334161886138,0.0565827953888861,,,0.632421875,0.03125,0.601171875,1280,32,40,1.0,0.565625,0.8687499999999999,counterfactual_dose,0.75,0.7422349087305308,0.5173645613895624,0.5214734289916133,0.0028159470883091,0.0754765680387855,0.03401598519667801,1.0,7.154615356913663
DEAP,valence,relative_power,24,linear_logistic,20260813,0.0023103064509717,subject,0.0322068210905434,0.0754765680387855,,,0.632421875,0.03125,0.601171875,1280,32,40,1.0,0.565625,0.8687499999999999,counterfactual_dose,1.0,1.0,0.5173645613895624,0.5196748678405342,0.0028159470883091,0.0754765680387855,0.04537438992644175,1.0,7.154615356913663
DEAP,valence,relative_power,24,linear_logistic,20260829,0.0423382288644223,subject,0.0234508525776064,0.010645628242933976,0.9560309603415336,0.07649344018678148,0.641015625,0.03125,0.609765625,1280,32,40,1.0,0.565625,0.8687499999999999,observational_factorial,,,,,,,0.0064913381590702875,1.0,7.154615356913663
DEAP,valence,relative_power,24,linear_logistic,20260829,-0.002717715330498,subject,0.0058514252410852,0.0024598495437352,,,0.641015625,0.03125,0.609765625,1280,32,40,1.0,0.565625,0.8687499999999999,counterfactual_dose,0.0,0.0,0.5091269525815811,0.5064092372510831,0.0024598495437352,0.0681153721242294,0.001499931694441659,1.0,7.154615356913663
DEAP,valence,relative_power,24,linear_logistic,20260829,0.0147561508804006,subject,0.0241157717268078,0.0188812378624406,,,0.641015625,0.03125,0.609765625,1280,32,40,1.0,0.565625,0.8687499999999999,counterfactual_dose,0.25,0.2502379253424993,0.5091269525815811,0.5238831034619817,0.0024598495437352,0.0681153721242294,0.011513129805964755,1.0,7.154615356913663
DEAP,valence,relative_power,24,linear_logistic,20260829,0.0082674192138002,subject,0.0033586040155094,0.0353313205548277,,,0.641015625,0.03125,0.609765625,1280,32,40,1.0,0.565625,0.8687499999999999,counterfactual_dose,0.5,0.5007723664085064,0.5091269525815811,0.5173943717953814,0.0024598495437352,0.0681153721242294,0.021543824760189855,1.0,7.154615356913663
DEAP,valence,relative_power,24,linear_logistic,20260829,0.0095045510552883,subject,0.0213824221683907,0.0504944655335732,,,0.641015625,0.03125,0.609765625,1280,32,40,1.0,0.565625,0.8687499999999999,counterfactual_dose,0.75,0.7350515810401548,0.5091269525815811,0.5186315036368695,0.0024598495437352,0.0681153721242294,0.03078978933512022,1.0,7.154615356913663
DEAP,valence,relative_power,24,linear_logistic,20260829,0.0148853293056162,subject,0.0253060628003875,0.0681153721242294,,,0.641015625,0.03125,0.609765625,1280,32,40,1.0,0.565625,0.8687499999999999,counterfactual_dose,1.0,1.0,0.5091269525815811,0.5240122818871974,0.0024598495437352,0.0681153721242294,0.04153441245543831,1.0,7.154615356913663
DEAP,valence,relative_power,24,linear_logistic,20260911,0.01758565523272,subject,0.015421916610358,0.013575499328162963,0.9528347496397377,0.08402644375398191,0.630859375,0.03125,0.599609375,1280,32,40,1.0,0.565625,0.8687499999999999,observational_factorial,,,,,,,0.008139996667472714,1.0,7.154615356913663
DEAP,valence,relative_power,24,linear_logistic,20260911,0.0228844548670456,subject,-0.0059605093414125,0.0027657848269967,,,0.630859375,0.03125,0.599609375,1280,32,40,1.0,0.565625,0.8687499999999999,counterfactual_dose,0.0,0.0,0.4704827298382288,0.4933671847052744,0.0027657848269967,0.0717150046310113,0.0016583905114999746,1.0,7.154615356913663
DEAP,valence,relative_power,24,linear_logistic,20260911,0.0291645136929131,subject,0.0130495025185526,0.0199863407201609,,,0.630859375,0.03125,0.599609375,1280,32,40,1.0,0.565625,0.8687499999999999,counterfactual_dose,0.25,0.2495987043005631,0.4704827298382288,0.499647243531142,0.0027657848269967,0.0717150046310113,0.011983997267752728,1.0,7.154615356913663
DEAP,valence,relative_power,24,linear_logistic,20260911,0.021423744981915,subject,0.0096698548483843,0.0372119076295814,,,0.630859375,0.03125,0.599609375,1280,32,40,1.0,0.565625,0.8687499999999999,counterfactual_dose,0.5,0.4995593800000685,0.4704827298382288,0.4919064748201439,0.0027657848269967,0.0717150046310113,0.022312608676331037,1.0,7.154615356913663
DEAP,valence,relative_power,24,linear_logistic,20260911,0.0216821018323463,subject,0.001066178309827,0.053810804077882,,,0.630859375,0.03125,0.599609375,1280,32,40,1.0,0.565625,0.8687499999999999,counterfactual_dose,0.75,0.7416060208639793,0.4704827298382288,0.4921648316705752,0.0027657848269967,0.0717150046310113,0.032265462601386276,1.0,7.154615356913663
DEAP,valence,relative_power,24,linear_logistic,20260911,0.0339987678365594,subject,0.010553028869582,0.0717150046310113,,,0.630859375,0.03125,0.599609375,1280,32,40,1.0,0.565625,0.8687499999999999,counterfactual_dose,1.0,1.0,0.4704827298382288,0.5044814976747883,0.0027657848269967,0.0717150046310113,0.04300098910492279,1.0,7.154615356913663
DEAP,valence,relative_power,24,linear_logistic,20260923,0.0132805357923604,subject,0.0020271075956914,0.01275131445262044,0.9575893326406592,0.0860850248812028,0.63828125,0.03125,0.60703125,1280,32,40,1.0,0.565625,0.8687499999999999,observational_factorial,,,,,,,0.007740446351317252,1.0,7.154615356913663
DEAP,valence,relative_power,24,linear_logistic,20260923,-0.0061508804006518,subject,0.0016218607838818,0.0028164612131075,,,0.63828125,0.03125,0.60703125,1280,32,40,1.0,0.565625,0.8687499999999999,counterfactual_dose,0.0,0.0,0.4890645494654,0.4829136690647482,0.0028164612131075,0.075492083481796,0.0017096799707691623,1.0,7.154615356913663
DEAP,valence,relative_power,24,linear_logistic,20260923,0.0009638697881474,subject,0.0081438548128095,0.0209774598028625,,,0.63828125,0.03125,0.60703125,1280,32,40,1.0,0.565625,0.8687499999999999,counterfactual_dose,0.25,0.249912336992291,0.4890645494654,0.4900284192535474,0.0028164612131075,0.075492083481796,0.012733973645956376,1.0,7.154615356913663
DEAP,valence,relative_power,24,linear_logistic,20260923,0.0075171906673556,subject,0.0366921646250727,0.0392035943219379,,,0.63828125,0.03125,0.60703125,1280,32,40,1.0,0.565625,0.8687499999999999,counterfactual_dose,0.5,0.5006307840912296,0.4890645494654,0.4965817401327557,0.0028164612131075,0.075492083481796,0.023797806865738867,1.0,7.154615356913663
DEAP,valence,relative_power,24,linear_logistic,20260923,0.01477602448428,subject,0.0228518061337626,0.056520258304226,,,0.63828125,0.03125,0.60703125,1280,32,40,1.0,0.565625,0.8687499999999999,counterfactual_dose,0.75,0.7411923599308257,0.4890645494654,0.5038405739496801,0.0028164612131075,0.075492083481796,0.03430956304873719,1.0,7.154615356913663
DEAP,valence,relative_power,24,linear_logistic,20260923,0.0122222663857864,subject,0.0176680673606448,0.075492083481796,,,0.63828125,0.03125,0.60703125,1280,32,40,1.0,0.565625,0.8687499999999999,counterfactual_dose,1.0,1.0,0.4890645494654,0.5012868158511865,0.0028164612131075,0.075492083481796,0.045826053801058975,1.0,7.154615356913663
DEAP,valence,relative_power,24,linear_logistic,20261007,0.0086276282841131,subject,-0.0073532334353511,0.01349483502401298,0.9596660372786114,0.08661178497688639,0.640234375,0.03125,0.608984375,1280,32,40,1.0,0.565625,0.8687499999999999,observational_factorial,,,,,,,0.008218143672826654,1.0,7.154615356913663
DEAP,valence,relative_power,24,linear_logistic,20261007,0.0054453674629356,subject,0.0040597943064736,0.0036367940050801,,,0.640234375,0.03125,0.608984375,1280,32,40,1.0,0.565625,0.8687499999999999,counterfactual_dose,0.0,0.0,0.4946043165467626,0.5000496840096983,0.0036367940050801,0.0727693948914015,0.0022147507241874515,1.0,7.154615356913663
DEAP,valence,relative_power,24,linear_logistic,20261007,0.0169770261139154,subject,0.0224212639544474,0.0209163690629879,,,0.640234375,0.03125,0.608984375,1280,32,40,1.0,0.565625,0.8687499999999999,counterfactual_dose,0.25,0.2500027314661849,0.4946043165467626,0.5115813426606781,0.0036367940050801,0.0727693948914015,0.012737741941093023,1.0,7.154615356913663
DEAP,valence,relative_power,24,linear_logistic,20261007,0.0297607218092927,subject,0.0203995367042508,0.0382282735165877,,,0.640234375,0.03125,0.608984375,1280,32,40,1.0,0.565625,0.8687499999999999,counterfactual_dose,0.5,0.5003264698555798,0.4946043165467626,0.5243650383560554,0.0036367940050801,0.0727693948914015,0.023280421254828217,1.0,7.154615356913663
DEAP,valence,relative_power,24,linear_logistic,20261007,0.0117254262888031,subject,0.0335557087726282,0.0552451189017264,,,0.640234375,0.03125,0.608984375,1280,32,40,1.0,0.565625,0.8687499999999999,counterfactual_dose,0.75,0.7508598955068633,0.4946043165467626,0.5063297428355658,0.0036367940050801,0.0727693948914015,0.03364341420616854,1.0,7.154615356913663
DEAP,valence,relative_power,24,linear_logistic,20261007,0.0144878572280296,subject,0.0319782131501178,0.0727693948914015,,,0.640234375,0.03125,0.608984375,1280,32,40,1.0,0.565625,0.8687499999999999,counterfactual_dose,1.0,1.0,0.4946043165467626,0.5090921737747923,0.0036367940050801,0.0727693948914015,0.044315424467068334,1.0,7.154615356913663
DEAP,valence,relative_power,24,rbf_svm,20260813,0.0267001868118764,subject,-0.0152231805715648,0.012523913563004179,0.9580055438197179,0.08191938462049167,0.632421875,0.03125,0.601171875,1280,32,40,1.0,0.565625,0.8687499999999999,observational_factorial,,,,,,,0.0075290245990091535,2.0,7.154615356913663
DEAP,valence,relative_power,24,rbf_svm,20260829,0.0513484240232123,subject,0.0234508525776064,0.010645628242933976,0.9560309603415336,0.07649344018678148,0.641015625,0.03125,0.609765625,1280,32,40,1.0,0.565625,0.8687499999999999,observational_factorial,,,,,,,0.0064913381590702875,2.0,7.154615356913663
DEAP,valence,relative_power,24,rbf_svm,20260911,0.0508913311339878,subject,0.015421916610358,0.013575499328162963,0.9528347496397377,0.08402644375398191,0.630859375,0.03125,0.599609375,1280,32,40,1.0,0.565625,0.8687499999999999,observational_factorial,,,,,,,0.008139996667472714,2.0,7.154615356913663
DEAP,valence,relative_power,24,rbf_svm,20260923,0.0248991414603123,subject,0.0020271075956914,0.01275131445262044,0.9575893326406592,0.0860850248812028,0.63828125,0.03125,0.60703125,1280,32,40,1.0,0.565625,0.8687499999999999,observational_factorial,,,,,,,0.007740446351317252,2.0,7.154615356913663
DEAP,valence,relative_power,24,rbf_svm,20261007,0.0175931078341746,subject,-0.0073532334353511,0.01349483502401298,0.9596660372786114,0.08661178497688639,0.640234375,0.03125,0.608984375,1280,32,40,1.0,0.565625,0.8687499999999999,observational_factorial,,,,,,,0.008218143672826654,2.0,7.154615356913663
MAHNOB-HCI,arousal,absolute_power,24,linear_logistic,20260813,0.012001008790892,stimulus,0.3366551376279003,0.10746261803599035,0.808689380823402,0.20504122539765784,0.09447578347578339,0.05,0.0444757834757834,527,27,20,0.975925925925926,0.5123339658444023,0.9753320683111955,observational_factorial,,,,,,,0.0047794841315095225,1.0,6.267200548541362
MAHNOB-HCI,arousal,absolute_power,24,linear_logistic,20260829,0.0026841043378007,stimulus,0.3010448191382043,0.10540092647106208,0.811087405978723,0.20861766013928168,0.0912891737891737,0.05,0.0412891737891737,527,27,20,0.975925925925926,0.5123339658444023,0.9753320683111955,observational_factorial,,,,,,,0.004351917170603601,1.0,6.267200548541362
MAHNOB-HCI,arousal,absolute_power,24,linear_logistic,20260911,-0.0042657443435653,stimulus,0.2449992794350771,0.08929965520295874,0.8104595036824911,0.1881648810909507,0.09874358974358965,0.05,0.048743589743589645,527,27,20,0.975925925925926,0.5123339658444023,0.9753320683111955,observational_factorial,,,,,,,0.004352785757457032,1.0,6.267200548541362
MAHNOB-HCI,arousal,absolute_power,24,linear_logistic,20260923,0.0077352644473266,stimulus,0.2816832396598933,0.08308318122194736,0.8109486710887898,0.17873879006829343,0.09369230769230766,0.05,0.04369230769230765,527,27,20,0.975925925925926,0.5123339658444023,0.9753320683111955,observational_factorial,,,,,,,0.0036300959180050807,1.0,6.267200548541362
MAHNOB-HCI,arousal,absolute_power,24,linear_logistic,20261007,-0.0114858048710188,stimulus,0.2844718259115146,0.0825603708604267,0.8090355989672267,0.1714264156771772,0.1086168091168091,0.05,0.058616809116809096,527,27,20,0.975925925925926,0.5123339658444023,0.9753320683111955,observational_factorial,,,,,,,0.0048394254993386,1.0,6.267200548541362
MAHNOB-HCI,arousal,absolute_power,24,rbf_svm,20260813,0.003937887303646,stimulus,0.3366551376279003,0.10746261803599035,0.808689380823402,0.20504122539765784,0.09447578347578339,0.05,0.0444757834757834,527,27,20,0.975925925925926,0.5123339658444023,0.9753320683111955,observational_factorial,,,,,,,0.0047794841315095225,2.0,6.267200548541362
MAHNOB-HCI,arousal,absolute_power,24,rbf_svm,20260829,-0.0116731517509727,stimulus,0.3010448191382043,0.10540092647106208,0.811087405978723,0.20861766013928168,0.0912891737891737,0.05,0.0412891737891737,527,27,20,0.975925925925926,0.5123339658444023,0.9753320683111955,observational_factorial,,,,,,,0.004351917170603601,2.0,6.267200548541362
MAHNOB-HCI,arousal,absolute_power,24,rbf_svm,20260911,-0.0193615794783109,stimulus,0.2449992794350771,0.08929965520295874,0.8104595036824911,0.1881648810909507,0.09874358974358965,0.05,0.048743589743589645,527,27,20,0.975925925925926,0.5123339658444023,0.9753320683111955,observational_factorial,,,,,,,0.004352785757457032,2.0,6.267200548541362
MAHNOB-HCI,arousal,absolute_power,24,rbf_svm,20260923,0.0221753855022338,stimulus,0.2816832396598933,0.08308318122194736,0.8109486710887898,0.17873879006829343,0.09369230769230766,0.05,0.04369230769230765,527,27,20,0.975925925925926,0.5123339658444023,0.9753320683111955,observational_factorial,,,,,,,0.0036300959180050807,2.0,6.267200548541362
MAHNOB-HCI,arousal,absolute_power,24,rbf_svm,20261007,-0.0069966854013546,stimulus,0.2844718259115146,0.0825603708604267,0.8090355989672267,0.1714264156771772,0.1086168091168091,0.05,0.058616809116809096,527,27,20,0.975925925925926,0.5123339658444023,0.9753320683111955,observational_factorial,,,,,,,0.0048394254993386,2.0,6.267200548541362
MAHNOB-HCI,arousal,all,72,extra_trees,20260813,0.0149084882547916,stimulus,0.3366551376279003,0.10746261803599035,0.808689380823402,0.20504122539765784,0.10309401709401705,0.05,0.05309401709401705,527,27,20,0.975925925925926,0.5123339658444023,0.9753320683111955,observational_factorial,,,,,,,0.005705622078970697,3.0,6.267200548541362
MAHNOB-HCI,arousal,all,72,extra_trees,20260829,0.0040315607436229,stimulus,0.3010448191382043,0.10540092647106208,0.811087405978723,0.20861766013928168,0.10028632478632475,0.05,0.05028632478632475,527,27,20,0.975925925925926,0.5123339658444023,0.9753320683111955,observational_factorial,,,,,,,0.0053002252213033615,3.0,6.267200548541362
MAHNOB-HCI,arousal,all,72,extra_trees,20260911,-0.0098212998991208,stimulus,0.2449992794350771,0.08929965520295874,0.8104595036824911,0.1881648810909507,0.10054131054131049,0.05,0.050541310541310495,527,27,20,0.975925925925926,0.5123339658444023,0.9753320683111955,observational_factorial,,,,,,,0.0045133216048446915,3.0,6.267200548541362
MAHNOB-HCI,arousal,all,72,extra_trees,20260923,-0.0038910505836575,stimulus,0.2816832396598933,0.08308318122194736,0.8109486710887898,0.17873879006829343,0.10046723646723646,0.05,0.05046723646723645,527,27,20,0.975925925925926,0.5123339658444023,0.9753320683111955,observational_factorial,,,,,,,0.004192978553178277,3.0,6.267200548541362
MAHNOB-HCI,arousal,all,72,extra_trees,20261007,-0.0225500792621415,stimulus,0.2844718259115146,0.0825603708604267,0.8090355989672267,0.1714264156771772,0.10709686609686606,0.05,0.05709686609686605,527,27,20,0.975925925925926,0.5123339658444023,0.9753320683111955,observational_factorial,,,,,,,0.004713938439925385,3.0,6.267200548541362
MAHNOB-HCI,arousal,all,72,gpu_mlp,20260813,0.0362155930249316,stimulus,0.1210340280634398,0.0365633796043627,,,0.10309401709401705,0.05,0.05309401709401705,527,27,20,0.975925925925926,0.5123339658444023,0.9753320683111955,counterfactual_dose,0.0,0.0,0.5122712206369794,0.548486813661911,0.0365633796043627,0.2978892782842983,0.0019412967017290676,4.0,6.267200548541362
MAHNOB-HCI,arousal,all,72,gpu_mlp,20260813,0.0232526300619685,stimulus,0.1641729724523842,0.1017655708939244,,,0.10309401709401705,0.05,0.05309401709401705,527,27,20,0.975925925925926,0.5123339658444023,0.9753320683111955,counterfactual_dose,0.25,0.2495622205630771,0.5122712206369794,0.5355238506989479,0.0365633796043627,0.2978892782842983,0.005403142960624427,4.0,6.267200548541362
MAHNOB-HCI,arousal,all,72,gpu_mlp,20260813,0.0402939904885429,stimulus,0.1541233423439305,0.1673519787448739,,,0.10309401709401705,0.05,0.05309401709401705,527,27,20,0.975925925925926,0.5123339658444023,0.9753320683111955,counterfactual_dose,0.5,0.500476157016646,0.5122712206369794,0.5525652111255224,0.0365633796043627,0.2978892782842983,0.008885388820197912,4.0,6.267200548541362
MAHNOB-HCI,arousal,all,72,gpu_mlp,20260813,0.028901859057501,stimulus,0.1760194462400345,0.2312305721373025,,,0.10309401709401705,0.05,0.05309401709401705,527,27,20,0.975925925925926,0.5123339658444023,0.9753320683111955,counterfactual_dose,0.75,0.7439378114479226,0.5122712206369794,0.5411730796944805,0.0365633796043627,0.2978892782842983,0.012276959949717281,4.0,6.267200548541362
MAHNOB-HCI,arousal,all,72,gpu_mlp,20260813,0.01779074794639,stimulus,0.1817914520120402,0.2978892782842983,,,0.10309401709401705,0.05,0.05309401709401705,527,27,20,0.975925925925926,0.5123339658444023,0.9753320683111955,counterfactual_dose,1.0,1.0,0.5122712206369794,0.5300619685833694,0.0365633796043627,0.2978892782842983,0.015816138433350935,4.0,6.267200548541362
MAHNOB-HCI,arousal,all,72,gpu_mlp,20260829,0.0290892059374549,stimulus,0.1095213675213675,0.0313070402315021,,,0.10028632478632475,0.05,0.05028632478632475,527,27,20,0.975925925925926,0.5123339658444023,0.9753320683111955,counterfactual_dose,0.0,0.0,0.4869073353509151,0.51599654128837,0.0313070402315021,0.3085198851423723,0.0015743159931798504,4.0,6.267200548541362
MAHNOB-HCI,arousal,all,72,gpu_mlp,20260829,-0.011204784551088,stimulus,0.1525265355559473,0.1006952936317075,,,0.10028632478632475,0.05,0.05028632478632475,527,27,20,0.975925925925926,0.5123339658444023,0.9753320683111955,counterfactual_dose,0.25,0.2502110861653162,0.4869073353509151,0.475702550799827,0.0313070402315021,0.3085198851423723,0.005063596240018381,4.0,6.267200548541362
MAHNOB-HCI,arousal,all,72,gpu_mlp,20260829,0.0140870442426862,stimulus,0.1684727837521955,0.1698329732454751,,,0.10028632478632475,0.05,0.05028632478632475,527,27,20,0.975925925925926,0.5123339658444023,0.9753320683111955,counterfactual_dose,0.5,0.4997939203262326,0.4869073353509151,0.5009943795936014,0.0313070402315021,0.3085198851423723,0.008540276052049163,4.0,6.267200548541362
MAHNOB-HCI,arousal,all,72,gpu_mlp,20260829,0.0023202190517365,stimulus,0.1628235996030113,0.2381526542051179,,,0.10028632478632475,0.05,0.05028632478632475,527,27,20,0.975925925925926,0.5123339658444023,0.9753320683111955,counterfactual_dose,0.75,0.7461278640433864,0.4869073353509151,0.4892275544026517,0.0313070402315021,0.3085198851423723,0.011975821718083847,4.0,6.267200548541362
MAHNOB-HCI,arousal,all,72,gpu_mlp,20260829,0.028808185617524,stimulus,0.1766096468890586,0.3085198851423723,,,0.10028632478632475,0.05,0.05028632478632475,527,27,20,0.975925925925926,0.5123339658444023,0.9753320683111955,counterfactual_dose,1.0,1.0,0.4869073353509151,0.5157155209684392,0.0313070402315021,0.3085198851423723,0.015514331147308939,4.0,6.267200548541362
MAHNOB-HCI,arousal,all,72,gpu_mlp,20260911,0.0,stimulus,0.0609799367299367,0.0225386606477231,,,0.10054131054131049,0.05,0.050541310541310495,527,27,20,0.975925925925926,0.5123339658444023,0.9753320683111955,counterfactual_dose,0.0,0.0,0.5443147427583226,0.5443147427583226,0.0225386606477231,0.2917775452623966,0.0011391334469817876,4.0,6.267200548541362
MAHNOB-HCI,arousal,all,72,gpu_mlp,20260911,-0.0131503098429168,stimulus,0.1436608146755205,0.0898416071604762,,,0.10054131054131049,0.05,0.050541310541310495,527,27,20,0.975925925925926,0.5123339658444023,0.9753320683111955,counterfactual_dose,0.25,0.2499997702854312,0.5443147427583226,0.5311644329154057,0.0225386606477231,0.2917775452623966,0.004540712567028053,4.0,6.267200548541362
MAHNOB-HCI,arousal,all,72,gpu_mlp,20260911,-0.0132439832828938,stimulus,0.1631903407050465,0.1570173307131142,,,0.10054131054131049,0.05,0.050541310541310495,527,27,20,0.975925925925926,0.5123339658444023,0.9753320683111955,counterfactual_dose,0.5,0.4993106943070132,0.5443147427583226,0.5310707594754287,0.0225386606477231,0.2917775452623966,0.007935861671939154,4.0,6.267200548541362
MAHNOB-HCI,arousal,all,72,gpu_mlp,20260911,-0.0114858048710189,stimulus,0.1650392418039477,0.2230144304263544,,,0.10054131054131049,0.05,0.050541310541310495,527,27,20,0.975925925925926,0.5123339658444023,0.9753320683111955,counterfactual_dose,0.75,0.7439333325362428,0.5443147427583226,0.5328289378873037,0.0225386606477231,0.2917775452623966,0.011271441583371863,4.0,6.267200548541362
MAHNOB-HCI,arousal,all,72,gpu_mlp,20260911,0.0091655858192822,stimulus,0.1575460405607464,0.2917775452623966,,,0.10054131054131049,0.05,0.050541310541310495,527,27,20,0.975925925925926,0.5123339658444023,0.9753320683111955,counterfactual_dose,1.0,1.0,0.5443147427583226,0.5534803285776049,0.0225386606477231,0.2917775452623966,0.014746819524088064,4.0,6.267200548541362
MAHNOB-HCI,arousal,all,72,gpu_mlp,20260923,-0.017581784118749,stimulus,0.0339838201014671,0.0194125177697171,,,0.10046723646723646,0.05,0.05046723646723645,527,27,20,0.975925925925926,0.5123339658444023,0.9753320683111955,counterfactual_dose,0.0,0.0,0.491900850266609,0.4743190661478599,0.0194125177697171,0.2734680078342737,0.0009796961247087424,4.0,6.267200548541362
MAHNOB-HCI,arousal,all,72,gpu_mlp,20260923,-0.016010952586828,stimulus,0.1147121865063041,0.0828597197714336,,,0.10046723646723646,0.05,0.05046723646723645,527,27,20,0.975925925925926,0.5123339658444023,0.9753320683111955,counterfactual_dose,0.25,0.2496699864404841,0.491900850266609,0.4758898976797809,0.0194125177697171,0.2734680078342737,0.0041817010713138866,4.0,6.267200548541362
MAHNOB-HCI,arousal,all,72,gpu_mlp,20260923,-0.0118388816832396,stimulus,0.1540765868118809,0.14640224862186,,,0.10046723646723646,0.05,0.05046723646723645,527,27,20,0.975925925925926,0.5123339658444023,0.9753320683111955,counterfactual_dose,0.5,0.5000810288476384,0.491900850266609,0.4800619685833693,0.0194125177697171,0.2734680078342737,0.00738851690053455,4.0,6.267200548541362
MAHNOB-HCI,arousal,all,72,gpu_mlp,20260923,-0.0067516933275688,stimulus,0.14550444000444,0.2076438849918167,,,0.10046723646723646,0.05,0.05046723646723645,527,27,20,0.975925925925926,0.5123339658444023,0.9753320683111955,counterfactual_dose,0.75,0.7408844434007787,0.491900850266609,0.4851491569390402,0.0194125177697171,0.2734680078342737,0.010479213044857664,4.0,6.267200548541362
MAHNOB-HCI,arousal,all,72,gpu_mlp,20260923,-0.0231373396743046,stimulus,0.1495079593609005,0.2734680078342737,,,0.10046723646723646,0.05,0.05046723646723645,527,27,20,0.975925925925926,0.5123339658444023,0.9753320683111955,counterfactual_dose,1.0,1.0,0.491900850266609,0.4687635105923043,0.0194125177697171,0.2734680078342737,0.013801174617596362,4.0,6.267200548541362
MAHNOB-HCI,arousal,all,72,gpu_mlp,20261007,-0.0115794783109957,stimulus,0.0639194253458959,0.0245612094245798,,,0.10709686609686606,0.05,0.05709686609686605,527,27,20,0.975925925925926,0.5123339658444023,0.9753320683111955,counterfactual_dose,0.0,0.0,0.5366263150309842,0.5250468367199885,0.0245612094245798,0.2801227222934172,0.0014023680856923174,4.0,6.267200548541362
MAHNOB-HCI,arousal,all,72,gpu_mlp,20261007,0.0136186770428016,stimulus,0.1333932799226916,0.0885372069276629,,,0.10709686609686606,0.05,0.05709686609686605,527,27,20,0.975925925925926,0.5123339658444023,0.9753320683111955,counterfactual_dose,0.25,0.2504695474248806,0.5366263150309842,0.5502449920737859,0.0245612094245798,0.2801227222934172,0.00505519704853929,4.0,6.267200548541362
MAHNOB-HCI,arousal,all,72,gpu_mlp,20261007,-0.0019455252918287,stimulus,0.1312775117039822,0.1525422196304965,,,0.10709686609686606,0.05,0.05709686609686605,527,27,20,0.975925925925926,0.5123339658444023,0.9753320683111955,counterfactual_dose,0.5,0.5010342087226913,0.5366263150309842,0.5346807897391554,0.0245612094245798,0.2801227222934172,0.00870968268836119,4.0,6.267200548541362
MAHNOB-HCI,arousal,all,72,gpu_mlp,20261007,0.0175097276264591,stimulus,0.1407895225689343,0.2176516624420262,,,0.10709686609686606,0.05,0.05709686609686605,527,27,20,0.975925925925926,0.5123339658444023,0.9753320683111955,counterfactual_dose,0.75,0.7585235562579667,0.5366263150309842,0.5541360426574434,0.0245612094245798,0.2801227222934172,0.01242722782621266,4.0,6.267200548541362
MAHNOB-HCI,arousal,all,72,gpu_mlp,20261007,0.0134313301628476,stimulus,0.139766772443243,0.2801227222934172,,,0.10709686609686606,0.05,0.05709686609686605,527,27,20,0.975925925925926,0.5123339658444023,0.9753320683111955,counterfactual_dose,1.0,1.0,0.5366263150309842,0.5500576451938319,0.0245612094245798,0.2801227222934172,0.015994129565476838,4.0,6.267200548541362
MAHNOB-HCI,arousal,all,72,hist_gradient_boosting,20260813,0.0359345727050007,stimulus,0.3366551376279003,0.10746261803599035,0.808689380823402,0.20504122539765784,0.10309401709401705,0.05,0.05309401709401705,527,27,20,0.975925925925926,0.5123339658444023,0.9753320683111955,observational_factorial,,,,,,,0.005705622078970697,3.0,6.267200548541362
MAHNOB-HCI,arousal,all,72,hist_gradient_boosting,20260829,-0.0025904308978238,stimulus,0.3010448191382043,0.10540092647106208,0.811087405978723,0.20861766013928168,0.10028632478632475,0.05,0.05028632478632475,527,27,20,0.975925925925926,0.5123339658444023,0.9753320683111955,observational_factorial,,,,,,,0.0053002252213033615,3.0,6.267200548541362
MAHNOB-HCI,arousal,all,72,hist_gradient_boosting,20260911,0.0038910505836575,stimulus,0.2449992794350771,0.08929965520295874,0.8104595036824911,0.1881648810909507,0.10054131054131049,0.05,0.050541310541310495,527,27,20,0.975925925925926,0.5123339658444023,0.9753320683111955,observational_factorial,,,,,,,0.0045133216048446915,3.0,6.267200548541362
MAHNOB-HCI,arousal,all,72,hist_gradient_boosting,20260923,0.0072200605274534,stimulus,0.2816832396598933,0.08308318122194736,0.8109486710887898,0.17873879006829343,0.10046723646723646,0.05,0.05046723646723645,527,27,20,0.975925925925926,0.5123339658444023,0.9753320683111955,observational_factorial,,,,,,,0.004192978553178277,3.0,6.267200548541362
MAHNOB-HCI,arousal,all,72,hist_gradient_boosting,20261007,-0.0130097996829513,stimulus,0.2844718259115146,0.0825603708604267,0.8090355989672267,0.1714264156771772,0.10709686609686606,0.05,0.05709686609686605,527,27,20,0.975925925925926,0.5123339658444023,0.9753320683111955,observational_factorial,,,,,,,0.004713938439925385,3.0,6.267200548541362
MAHNOB-HCI,arousal,all,72,linear_logistic,20260813,0.0189040207522697,stimulus,0.3366551376279003,0.10746261803599035,0.808689380823402,0.20504122539765784,0.10309401709401705,0.05,0.05309401709401705,527,27,20,0.975925925925926,0.5123339658444023,0.9753320683111955,observational_factorial,,,,,,,0.005705622078970697,1.0,6.267200548541362
MAHNOB-HCI,arousal,all,72,linear_logistic,20260813,0.0296296296296296,stimulus,0.1210340280634398,0.0365633796043627,,,0.10309401709401705,0.05,0.05309401709401705,527,27,20,0.975925925925926,0.5123339658444023,0.9753320683111955,counterfactual_dose,0.0,0.0,0.5217394437238795,0.5513690733535092,0.0365633796043627,0.2978892782842983,0.0019412967017290676,1.0,6.267200548541362
MAHNOB-HCI,arousal,all,72,linear_logistic,20260813,-0.0005620406398616,stimulus,0.1641729724523842,0.1017655708939244,,,0.10309401709401705,0.05,0.05309401709401705,527,27,20,0.975925925925926,0.5123339658444023,0.9753320683111955,counterfactual_dose,0.25,0.2495622205630771,0.5217394437238795,0.5211774030840178,0.0365633796043627,0.2978892782842983,0.005403142960624427,1.0,6.267200548541362
MAHNOB-HCI,arousal,all,72,linear_logistic,20260813,0.0199020031704856,stimulus,0.1541233423439305,0.1673519787448739,,,0.10309401709401705,0.05,0.05309401709401705,527,27,20,0.975925925925926,0.5123339658444023,0.9753320683111955,counterfactual_dose,0.5,0.500476157016646,0.5217394437238795,0.5416414468943651,0.0365633796043627,0.2978892782842983,0.008885388820197912,1.0,6.267200548541362
MAHNOB-HCI,arousal,all,72,linear_logistic,20260813,0.0089782389393284,stimulus,0.1760194462400345,0.2312305721373025,,,0.10309401709401705,0.05,0.05309401709401705,527,27,20,0.975925925925926,0.5123339658444023,0.9753320683111955,counterfactual_dose,0.75,0.7439378114479226,0.5217394437238795,0.530717682663208,0.0365633796043627,0.2978892782842983,0.012276959949717281,1.0,6.267200548541362
MAHNOB-HCI,arousal,all,72,linear_logistic,20260813,0.0088845654993515,stimulus,0.1817914520120402,0.2978892782842983,,,0.10309401709401705,0.05,0.05309401709401705,527,27,20,0.975925925925926,0.5123339658444023,0.9753320683111955,counterfactual_dose,1.0,1.0,0.5217394437238795,0.530624009223231,0.0365633796043627,0.2978892782842983,0.015816138433350935,1.0,6.267200548541362
MAHNOB-HCI,arousal,all,72,linear_logistic,20260829,0.0029182879377431,stimulus,0.3010448191382043,0.10540092647106208,0.811087405978723,0.20861766013928168,0.10028632478632475,0.05,0.05028632478632475,527,27,20,0.975925925925926,0.5123339658444023,0.9753320683111955,observational_factorial,,,,,,,0.0053002252213033615,1.0,6.267200548541362
MAHNOB-HCI,arousal,all,72,linear_logistic,20260829,-0.012869289522986,stimulus,0.1095213675213675,0.0313070402315021,,,0.10028632478632475,0.05,0.05028632478632475,527,27,20,0.975925925925926,0.5123339658444023,0.9753320683111955,counterfactual_dose,0.0,0.0,0.5487678339818418,0.5358985444588558,0.0313070402315021,0.3085198851423723,0.0015743159931798504,1.0,6.267200548541362
MAHNOB-HCI,arousal,all,72,linear_logistic,20260829,-0.0130566364029399,stimulus,0.1525265355559473,0.1006952936317075,,,0.10028632478632475,0.05,0.05028632478632475,527,27,20,0.975925925925926,0.5123339658444023,0.9753320683111955,counterfactual_dose,0.25,0.2502110861653162,0.5487678339818418,0.5357111975789018,0.0313070402315021,0.3085198851423723,0.005063596240018381,1.0,6.267200548541362
MAHNOB-HCI,arousal,all,72,linear_logistic,20260829,0.0214944516500936,stimulus,0.1684727837521955,0.1698329732454751,,,0.10028632478632475,0.05,0.05028632478632475,527,27,20,0.975925925925926,0.5123339658444023,0.9753320683111955,counterfactual_dose,0.5,0.4997939203262326,0.5487678339818418,0.5702622856319355,0.0313070402315021,0.3085198851423723,0.008540276052049163,1.0,6.267200548541362
MAHNOB-HCI,arousal,all,72,linear_logistic,20260829,0.0039847240236344,stimulus,0.1628235996030113,0.2381526542051179,,,0.10028632478632475,0.05,0.05028632478632475,527,27,20,0.975925925925926,0.5123339658444023,0.9753320683111955,counterfactual_dose,0.75,0.7461278640433864,0.5487678339818418,0.5527525580054763,0.0313070402315021,0.3085198851423723,0.011975821718083847,1.0,6.267200548541362
MAHNOB-HCI,arousal,all,72,linear_logistic,20260829,0.0136186770428015,stimulus,0.1766096468890586,0.3085198851423723,,,0.10028632478632475,0.05,0.05028632478632475,527,27,20,0.975925925925926,0.5123339658444023,0.9753320683111955,counterfactual_dose,1.0,1.0,0.5487678339818418,0.5623865110246433,0.0313070402315021,0.3085198851423723,0.015514331147308939,1.0,6.267200548541362
MAHNOB-HCI,arousal,all,72,linear_logistic,20260911,-0.0170413604265745,stimulus,0.2449992794350771,0.08929965520295874,0.8104595036824911,0.1881648810909507,0.10054131054131049,0.05,0.050541310541310495,527,27,20,0.975925925925926,0.5123339658444023,0.9753320683111955,observational_factorial,,,,,,,0.0045133216048446915,1.0,6.267200548541362
MAHNOB-HCI,arousal,all,72,linear_logistic,20260911,0.020838737570255,stimulus,0.0609799367299367,0.0225386606477231,,,0.10054131054131049,0.05,0.050541310541310495,527,27,20,0.975925925925926,0.5123339658444023,0.9753320683111955,counterfactual_dose,0.0,0.0,0.5391338809626748,0.5599726185329298,0.0225386606477231,0.2917775452623966,0.0011391334469817876,1.0,6.267200548541362
MAHNOB-HCI,arousal,all,72,linear_logistic,20260911,-0.001570831531921,stimulus,0.1436608146755205,0.0898416071604762,,,0.10054131054131049,0.05,0.050541310541310495,527,27,20,0.975925925925926,0.5123339658444023,0.9753320683111955,counterfactual_dose,0.25,0.2499997702854312,0.5391338809626748,0.5375630494307537,0.0225386606477231,0.2917775452623966,0.004540712567028053,1.0,6.267200548541362
MAHNOB-HCI,arousal,all,72,linear_logistic,20260911,0.0015708315319209,stimulus,0.1631903407050465,0.1570173307131142,,,0.10054131054131049,0.05,0.050541310541310495,527,27,20,0.975925925925926,0.5123339658444023,0.9753320683111955,counterfactual_dose,0.5,0.4993106943070132,0.5391338809626748,0.5407047124945957,0.0225386606477231,0.2917775452623966,0.007935861671939154,1.0,6.267200548541362
MAHNOB-HCI,arousal,all,72,linear_logistic,20260911,-0.0037973771436806,stimulus,0.1650392418039477,0.2230144304263544,,,0.10054131054131049,0.05,0.050541310541310495,527,27,20,0.975925925925926,0.5123339658444023,0.9753320683111955,counterfactual_dose,0.75,0.7439333325362428,0.5391338809626748,0.5353365038189941,0.0225386606477231,0.2917775452623966,0.011271441583371863,1.0,6.267200548541362
MAHNOB-HCI,arousal,all,72,linear_logistic,20260911,0.0150958351347455,stimulus,0.1575460405607464,0.2917775452623966,,,0.10054131054131049,0.05,0.050541310541310495,527,27,20,0.975925925925926,0.5123339658444023,0.9753320683111955,counterfactual_dose,1.0,1.0,0.5391338809626748,0.5542297160974203,0.0225386606477231,0.2917775452623966,0.014746819524088064,1.0,6.267200548541362
MAHNOB-HCI,arousal,all,72,linear_logistic,20260923,-0.0130097996829514,stimulus,0.2816832396598933,0.08308318122194736,0.8109486710887898,0.17873879006829343,0.10046723646723646,0.05,0.05046723646723645,527,27,20,0.975925925925926,0.5123339658444023,0.9753320683111955,observational_factorial,,,,,,,0.004192978553178277,1.0,6.267200548541362
MAHNOB-HCI,arousal,all,72,linear_logistic,20260923,0.0009367343997693,stimulus,0.0339838201014671,0.0194125177697171,,,0.10046723646723646,0.05,0.05046723646723645,527,27,20,0.975925925925926,0.5123339658444023,0.9753320683111955,counterfactual_dose,0.0,0.0,0.530624009223231,0.5315607436230004,0.0194125177697171,0.2734680078342737,0.0009796961247087424,1.0,6.267200548541362
MAHNOB-HCI,arousal,all,72,linear_logistic,20260923,0.0027885862516212,stimulus,0.1147121865063041,0.0828597197714336,,,0.10046723646723646,0.05,0.05046723646723645,527,27,20,0.975925925925926,0.5123339658444023,0.9753320683111955,counterfactual_dose,0.25,0.2496699864404841,0.530624009223231,0.5334125954748523,0.0194125177697171,0.2734680078342737,0.0041817010713138866,1.0,6.267200548541362
MAHNOB-HCI,arousal,all,72,linear_logistic,20260923,0.0145554114425709,stimulus,0.1540765868118809,0.14640224862186,,,0.10046723646723646,0.05,0.05046723646723645,527,27,20,0.975925925925926,0.5123339658444023,0.9753320683111955,counterfactual_dose,0.5,0.5000810288476384,0.530624009223231,0.545179420665802,0.0194125177697171,0.2734680078342737,0.00738851690053455,1.0,6.267200548541362
MAHNOB-HCI,arousal,all,72,linear_logistic,20260923,0.0124225392707881,stimulus,0.14550444000444,0.2076438849918167,,,0.10046723646723646,0.05,0.05046723646723645,527,27,20,0.975925925925926,0.5123339658444023,0.9753320683111955,counterfactual_dose,0.75,0.7408844434007787,0.530624009223231,0.5430465484940192,0.0194125177697171,0.2734680078342737,0.010479213044857664,1.0,6.267200548541362
MAHNOB-HCI,arousal,all,72,linear_logistic,20260923,0.003069606571552,stimulus,0.1495079593609005,0.2734680078342737,,,0.10046723646723646,0.05,0.05046723646723645,527,27,20,0.975925925925926,0.5123339658444023,0.9753320683111955,counterfactual_dose,1.0,1.0,0.530624009223231,0.5336936157947831,0.0194125177697171,0.2734680078342737,0.013801174617596362,1.0,6.267200548541362
MAHNOB-HCI,arousal,all,72,linear_logistic,20261007,-0.0062004611615507,stimulus,0.2844718259115146,0.0825603708604267,0.8090355989672267,0.1714264156771772,0.10709686609686606,0.05,0.05709686609686605,527,27,20,0.975925925925926,0.5123339658444023,0.9753320683111955,observational_factorial,,,,,,,0.004713938439925385,1.0,6.267200548541362
MAHNOB-HCI,arousal,all,72,linear_logistic,20261007,0.0122351923908344,stimulus,0.0639194253458959,0.0245612094245798,,,0.10709686609686606,0.05,0.05709686609686605,527,27,20,0.975925925925926,0.5123339658444023,0.9753320683111955,counterfactual_dose,0.0,0.0,0.5399553249747802,0.5521905173656146,0.0245612094245798,0.2801227222934172,0.0014023680856923174,1.0,6.267200548541362
MAHNOB-HCI,arousal,all,72,linear_logistic,20261007,0.0273310275255801,stimulus,0.1333932799226916,0.0885372069276629,,,0.10709686609686606,0.05,0.05709686609686605,527,27,20,0.975925925925926,0.5123339658444023,0.9753320683111955,counterfactual_dose,0.25,0.2504695474248806,0.5399553249747802,0.5672863525003603,0.0245612094245798,0.2801227222934172,0.00505519704853929,1.0,6.267200548541362
MAHNOB-HCI,arousal,all,72,linear_logistic,20261007,0.0177907479463901,stimulus,0.1312775117039822,0.1525422196304965,,,0.10709686609686606,0.05,0.05709686609686605,527,27,20,0.975925925925926,0.5123339658444023,0.9753320683111955,counterfactual_dose,0.5,0.5010342087226913,0.5399553249747802,0.5577460729211703,0.0245612094245798,0.2801227222934172,0.00870968268836119,1.0,6.267200548541362
MAHNOB-HCI,arousal,all,72,linear_logistic,20261007,0.0176970745064131,stimulus,0.1407895225689343,0.2176516624420262,,,0.10709686609686606,0.05,0.05709686609686605,527,27,20,0.975925925925926,0.5123339658444023,0.9753320683111955,counterfactual_dose,0.75,0.7585235562579667,0.5399553249747802,0.5576523994811933,0.0245612094245798,0.2801227222934172,0.01242722782621266,1.0,6.267200548541362
MAHNOB-HCI,arousal,all,72,linear_logistic,20261007,0.0155642023346304,stimulus,0.139766772443243,0.2801227222934172,,,0.10709686609686606,0.05,0.05709686609686605,527,27,20,0.975925925925926,0.5123339658444023,0.9753320683111955,counterfactual_dose,1.0,1.0,0.5399553249747802,0.5555195273094106,0.0245612094245798,0.2801227222934172,0.015994129565476838,1.0,6.267200548541362
MAHNOB-HCI,arousal,all,72,rbf_svm,20260813,0.0320903588413316,stimulus,0.3366551376279003,0.10746261803599035,0.808689380823402,0.20504122539765784,0.10309401709401705,0.05,0.05309401709401705,527,27,20,0.975925925925926,0.5123339658444023,0.9753320683111955,observational_factorial,,,,,,,0.005705622078970697,2.0,6.267200548541362
MAHNOB-HCI,arousal,all,72,rbf_svm,20260829,0.0294999279435076,stimulus,0.3010448191382043,0.10540092647106208,0.811087405978723,0.20861766013928168,0.10028632478632475,0.05,0.05028632478632475,527,27,20,0.975925925925926,0.5123339658444023,0.9753320683111955,observational_factorial,,,,,,,0.0053002252213033615,2.0,6.267200548541362
MAHNOB-HCI,arousal,all,72,rbf_svm,20260911,0.0061644329154056,stimulus,0.2449992794350771,0.08929965520295874,0.8104595036824911,0.1881648810909507,0.10054131054131049,0.05,0.050541310541310495,527,27,20,0.975925925925926,0.5123339658444023,0.9753320683111955,observational_factorial,,,,,,,0.0045133216048446915,2.0,6.267200548541362
MAHNOB-HCI,arousal,all,72,rbf_svm,20260923,-0.0161622712206369,stimulus,0.2816832396598933,0.08308318122194736,0.8109486710887898,0.17873879006829343,0.10046723646723646,0.05,0.05046723646723645,527,27,20,0.975925925925926,0.5123339658444023,0.9753320683111955,observational_factorial,,,,,,,0.004192978553178277,2.0,6.267200548541362
MAHNOB-HCI,arousal,all,72,rbf_svm,20261007,-0.0218115002161694,stimulus,0.2844718259115146,0.0825603708604267,0.8090355989672267,0.1714264156771772,0.10709686609686606,0.05,0.05709686609686605,527,27,20,0.975925925925926,0.5123339658444023,0.9753320683111955,observational_factorial,,,,,,,0.004713938439925385,2.0,6.267200548541362
MAHNOB-HCI,arousal,normalized_asymmetry,12,gpu_mlp,20260813,-0.0078757746072921,stimulus,0.1210340280634398,0.0365633796043627,,,0.07976495726495719,0.05,0.029764957264957197,527,27,20,0.975925925925926,0.5123339658444023,0.9753320683111955,counterfactual_dose,0.0,0.0,0.5052385069894798,0.4973627323821876,0.0365633796043627,0.2978892782842983,0.0010883074313862632,4.0,6.267200548541362
MAHNOB-HCI,arousal,normalized_asymmetry,12,gpu_mlp,20260813,-0.0099149733390979,stimulus,0.1641729724523842,0.1017655708939244,,,0.07976495726495719,0.05,0.029764957264957197,527,27,20,0.975925925925926,0.5123339658444023,0.9753320683111955,counterfactual_dose,0.25,0.2495622205630771,0.5052385069894798,0.4953235336503819,0.0365633796043627,0.2978892782842983,0.003029047868701632,4.0,6.267200548541362
MAHNOB-HCI,arousal,normalized_asymmetry,12,gpu_mlp,20260813,-0.0078757746072921,stimulus,0.1541233423439305,0.1673519787448739,,,0.07976495726495719,0.05,0.029764957264957197,527,27,20,0.975925925925926,0.5123339658444023,0.9753320683111955,counterfactual_dose,0.5,0.500476157016646,0.5052385069894798,0.4973627323821876,0.0365633796043627,0.2978892782842983,0.004981224495547196,4.0,6.267200548541362
MAHNOB-HCI,arousal,normalized_asymmetry,12,gpu_mlp,20260813,-0.0039847240236345,stimulus,0.1760194462400345,0.2312305721373025,,,0.07976495726495719,0.05,0.029764957264957197,527,27,20,0.975925925925926,0.5123339658444023,0.9753320683111955,counterfactual_dose,0.75,0.7439378114479226,0.5052385069894798,0.5012537829658452,0.0365633796043627,0.2978892782842983,0.0068825680980184115,4.0,6.267200548541362
MAHNOB-HCI,arousal,normalized_asymmetry,12,gpu_mlp,20260813,-0.0152831820146995,stimulus,0.1817914520120402,0.2978892782842983,,,0.07976495726495719,0.05,0.029764957264957197,527,27,20,0.975925925925926,0.5123339658444023,0.9753320683111955,counterfactual_dose,1.0,1.0,0.5052385069894798,0.4899553249747802,0.0365633796043627,0.2978892782842983,0.00886666163782108,4.0,6.267200548541362
MAHNOB-HCI,arousal,normalized_asymmetry,12,gpu_mlp,20260829,-0.0168540135466205,stimulus,0.1095213675213675,0.0313070402315021,,,0.07577350427350424,0.05,0.025773504273504243,527,27,20,0.975925925925926,0.5123339658444023,0.9753320683111955,counterfactual_dose,0.0,0.0,0.5170053321804294,0.5001513186338089,0.0313070402315021,0.3085198851423723,0.0008068921351973887,4.0,6.267200548541362
MAHNOB-HCI,arousal,normalized_asymmetry,12,gpu_mlp,20260829,-0.0263942931258106,stimulus,0.1525265355559473,0.1006952936317075,,,0.07577350427350424,0.05,0.025773504273504243,527,27,20,0.975925925925926,0.5123339658444023,0.9753320683111955,counterfactual_dose,0.25,0.2502110861653162,0.5170053321804294,0.4906110390546188,0.0313070402315021,0.3085198851423723,0.0025952705807385777,4.0,6.267200548541362
MAHNOB-HCI,arousal,normalized_asymmetry,12,gpu_mlp,20260829,-0.0112984579910649,stimulus,0.1684727837521955,0.1698329732454751,,,0.07577350427350424,0.05,0.025773504273504243,527,27,20,0.975925925925926,0.5123339658444023,0.9753320683111955,counterfactual_dose,0.5,0.4997939203262326,0.5170053321804294,0.5057068741893644,0.0313070402315021,0.3085198851423723,0.004377190861724185,4.0,6.267200548541362
MAHNOB-HCI,arousal,normalized_asymmetry,12,gpu_mlp,20260829,-0.0052745352356247,stimulus,0.1628235996030113,0.2381526542051179,,,0.07577350427350424,0.05,0.025773504273504243,527,27,20,0.975925925925926,0.5123339658444023,0.9753320683111955,counterfactual_dose,0.75,0.7461278640433864,0.5170053321804294,0.5117307969448047,0.0313070402315021,0.3085198851423723,0.006138028450901984,4.0,6.267200548541362
MAHNOB-HCI,arousal,normalized_asymmetry,12,gpu_mlp,20260829,-0.0091655858192822,stimulus,0.1766096468890586,0.3085198851423723,,,0.07577350427350424,0.05,0.025773504273504243,527,27,20,0.975925925925926,0.5123339658444023,0.9753320683111955,counterfactual_dose,1.0,1.0,0.5170053321804294,0.5078397463611471,0.0313070402315021,0.3085198851423723,0.00795163857817797,4.0,6.267200548541362
MAHNOB-HCI,arousal,normalized_asymmetry,12,gpu_mlp,20260911,0.0113921314310418,stimulus,0.0609799367299367,0.0225386606477231,,,0.07581196581196581,0.05,0.0258119658119658,527,27,20,0.975925925925926,0.5123339658444023,0.9753320683111955,counterfactual_dose,0.0,0.0,0.4800403516356823,0.4914324830667242,0.0225386606477231,0.2917775452623966,0.0005817671380865276,4.0,6.267200548541362
MAHNOB-HCI,arousal,normalized_asymmetry,12,gpu_mlp,20260911,0.0003746937599077,stimulus,0.1436608146755205,0.0898416071604762,,,0.07581196581196581,0.05,0.0258119658119658,527,27,20,0.975925925925926,0.5123339658444023,0.9753320683111955,counterfactual_dose,0.25,0.2499997702854312,0.4800403516356823,0.4804150453955901,0.0225386606477231,0.2917775452623966,0.0023189884925182737,4.0,6.267200548541362
MAHNOB-HCI,arousal,normalized_asymmetry,12,gpu_mlp,20260911,0.0024138924917135,stimulus,0.1631903407050465,0.1570173307131142,,,0.07581196581196581,0.05,0.0258119658119658,527,27,20,0.975925925925926,0.5123339658444023,0.9753320683111955,counterfactual_dose,0.5,0.4993106943070132,0.4800403516356823,0.4824542441273959,0.0225386606477231,0.2917775452623966,0.004052925972253031,4.0,6.267200548541362
MAHNOB-HCI,arousal,normalized_asymmetry,12,gpu_mlp,20260911,-0.0072200605274534,stimulus,0.1650392418039477,0.2230144304263544,,,0.07581196581196581,0.05,0.0258119658119658,527,27,20,0.975925925925926,0.5123339658444023,0.9753320683111955,counterfactual_dose,0.75,0.7439333325362428,0.4800403516356823,0.4728202911082289,0.0225386606477231,0.2917775452623966,0.005756440853740085,4.0,6.267200548541362
MAHNOB-HCI,arousal,normalized_asymmetry,12,gpu_mlp,20260911,0.0178844213863669,stimulus,0.1575460405607464,0.2917775452623966,,,0.07581196581196581,0.05,0.0258119658119658,527,27,20,0.975925925925926,0.5123339658444023,0.9753320683111955,counterfactual_dose,1.0,1.0,0.4800403516356823,0.4979247730220493,0.0225386606477231,0.2917775452623966,0.007531352023012284,4.0,6.267200548541362
MAHNOB-HCI,arousal,normalized_asymmetry,12,gpu_mlp,20260923,0.0126098861507421,stimulus,0.0339838201014671,0.0194125177697171,,,0.08627920227920224,0.05,0.03627920227920224,527,27,20,0.975925925925926,0.5123339658444023,0.9753320683111955,counterfactual_dose,0.0,0.0,0.4982778498342701,0.5108877359850122,0.0194125177697171,0.2734680078342737,0.0007042706589161747,4.0,6.267200548541362
MAHNOB-HCI,arousal,normalized_asymmetry,12,gpu_mlp,20260923,0.0145554114425709,stimulus,0.1147121865063041,0.0828597197714336,,,0.08627920227920224,0.05,0.03627920227920224,527,27,20,0.975925925925926,0.5123339658444023,0.9753320683111955,counterfactual_dose,0.25,0.2496699864404841,0.4982778498342701,0.512833261276841,0.0194125177697171,0.2734680078342737,0.003006084534385853,4.0,6.267200548541362
MAHNOB-HCI,arousal,normalized_asymmetry,12,gpu_mlp,20260923,0.0315030984291684,stimulus,0.1540765868118809,0.14640224862186,,,0.08627920227920224,0.05,0.03627920227920224,527,27,20,0.975925925925926,0.5123339658444023,0.9753320683111955,counterfactual_dose,0.5,0.5000810288476384,0.4982778498342701,0.5297809482634386,0.0194125177697171,0.2734680078342737,0.005311356791882516,4.0,6.267200548541362
MAHNOB-HCI,arousal,normalized_asymmetry,12,gpu_mlp,20260923,0.0182591151462745,stimulus,0.14550444000444,0.2076438849918167,,,0.08627920227920224,0.05,0.03627920227920224,527,27,20,0.975925925925926,0.5123339658444023,0.9753320683111955,counterfactual_dose,0.75,0.7408844434007787,0.4982778498342701,0.5165369649805447,0.0194125177697171,0.2734680078342737,0.007533154505657525,4.0,6.267200548541362
MAHNOB-HCI,arousal,normalized_asymmetry,12,gpu_mlp,20260923,0.0167819570543305,stimulus,0.1495079593609005,0.2734680078342737,,,0.08627920227920224,0.05,0.03627920227920224,527,27,20,0.975925925925926,0.5123339658444023,0.9753320683111955,counterfactual_dose,1.0,1.0,0.4982778498342701,0.5150598068886006,0.0194125177697171,0.2734680078342737,0.00992120117311008,4.0,6.267200548541362
MAHNOB-HCI,arousal,normalized_asymmetry,12,gpu_mlp,20261007,0.017697074506413,stimulus,0.0639194253458959,0.0245612094245798,,,0.07229202279202275,0.05,0.022292022792022748,527,27,20,0.975925925925926,0.5123339658444023,0.9753320683111955,counterfactual_dose,0.0,0.0,0.4952298602104049,0.5129269347168179,0.0245612094245798,0.2801227222934172,0.0005475190402923767,4.0,6.267200548541362
MAHNOB-HCI,arousal,normalized_asymmetry,12,gpu_mlp,20261007,0.0006557140798386,stimulus,0.1333932799226916,0.0885372069276629,,,0.07229202279202275,0.05,0.022292022792022748,527,27,20,0.975925925925926,0.5123339658444023,0.9753320683111955,counterfactual_dose,0.25,0.2504695474248806,0.4952298602104049,0.4958855742902436,0.0245612094245798,0.2801227222934172,0.0019736734347734954,4.0,6.267200548541362
MAHNOB-HCI,arousal,normalized_asymmetry,12,gpu_mlp,20261007,0.0229716097420377,stimulus,0.1312775117039822,0.1525422196304965,,,0.07229202279202275,0.05,0.022292022792022748,527,27,20,0.975925925925926,0.5123339658444023,0.9753320683111955,counterfactual_dose,0.5,0.5010342087226913,0.4952298602104049,0.5182014699524427,0.0245612094245798,0.2801227222934172,0.0034004746367487675,4.0,6.267200548541362
MAHNOB-HCI,arousal,normalized_asymmetry,12,gpu_mlp,20261007,0.0041720709035883,stimulus,0.1407895225689343,0.2176516624420262,,,0.07229202279202275,0.05,0.022292022792022748,527,27,20,0.975925925925926,0.5123339658444023,0.9753320683111955,counterfactual_dose,0.75,0.7585235562579667,0.4952298602104049,0.4994019311139933,0.0245612094245798,0.2801227222934172,0.00485189581987929,4.0,6.267200548541362
MAHNOB-HCI,arousal,normalized_asymmetry,12,gpu_mlp,20261007,0.0272373540856031,stimulus,0.139766772443243,0.2801227222934172,,,0.07229202279202275,0.05,0.022292022792022748,527,27,20,0.975925925925926,0.5123339658444023,0.9753320683111955,counterfactual_dose,1.0,1.0,0.4952298602104049,0.5224672142960081,0.0245612094245798,0.2801227222934172,0.0062445021099283154,4.0,6.267200548541362
MAHNOB-HCI,arousal,normalized_asymmetry,12,linear_logistic,20260813,-0.005602392275544,stimulus,0.3366551376279003,0.10746261803599035,0.808689380823402,0.20504122539765784,0.07976495726495719,0.05,0.029764957264957197,527,27,20,0.975925925925926,0.5123339658444023,0.9753320683111955,observational_factorial,,,,,,,0.003198620233421671,1.0,6.267200548541362
MAHNOB-HCI,arousal,normalized_asymmetry,12,linear_logistic,20260813,0.0319498486813661,stimulus,0.1210340280634398,0.0365633796043627,,,0.07976495726495719,0.05,0.029764957264957197,527,27,20,0.975925925925926,0.5123339658444023,0.9753320683111955,counterfactual_dose,0.0,0.0,0.4979247730220493,0.5298746217034155,0.0365633796043627,0.2978892782842983,0.0010883074313862632,1.0,6.267200548541362
MAHNOB-HCI,arousal,normalized_asymmetry,12,linear_logistic,20260813,0.0451938319642599,stimulus,0.1641729724523842,0.1017655708939244,,,0.07976495726495719,0.05,0.029764957264957197,527,27,20,0.975925925925926,0.5123339658444023,0.9753320683111955,counterfactual_dose,0.25,0.2495622205630771,0.4979247730220493,0.5431186049863093,0.0365633796043627,0.2978892782842983,0.003029047868701632,1.0,6.267200548541362
MAHNOB-HCI,arousal,normalized_asymmetry,12,linear_logistic,20260813,0.0358408992650237,stimulus,0.1541233423439305,0.1673519787448739,,,0.07976495726495719,0.05,0.029764957264957197,527,27,20,0.975925925925926,0.5123339658444023,0.9753320683111955,counterfactual_dose,0.5,0.500476157016646,0.4979247730220493,0.5337656722870731,0.0365633796043627,0.2978892782842983,0.004981224495547196,1.0,6.267200548541362
MAHNOB-HCI,arousal,normalized_asymmetry,12,linear_logistic,20260813,0.0307537109093528,stimulus,0.1760194462400345,0.2312305721373025,,,0.07976495726495719,0.05,0.029764957264957197,527,27,20,0.975925925925926,0.5123339658444023,0.9753320683111955,counterfactual_dose,0.75,0.7439378114479226,0.4979247730220493,0.5286784839314022,0.0365633796043627,0.2978892782842983,0.0068825680980184115,1.0,6.267200548541362
MAHNOB-HCI,arousal,normalized_asymmetry,12,linear_logistic,20260813,0.0474203775760195,stimulus,0.1817914520120402,0.2978892782842983,,,0.07976495726495719,0.05,0.029764957264957197,527,27,20,0.975925925925926,0.5123339658444023,0.9753320683111955,counterfactual_dose,1.0,1.0,0.4979247730220493,0.5453451505980689,0.0365633796043627,0.2978892782842983,0.00886666163782108,1.0,6.267200548541362
MAHNOB-HCI,arousal,normalized_asymmetry,12,linear_logistic,20260829,0.0290783974636114,stimulus,0.3010448191382043,0.10540092647106208,0.811087405978723,0.20861766013928168,0.07577350427350424,0.05,0.025773504273504243,527,27,20,0.975925925925926,0.5123339658444023,0.9753320683111955,observational_factorial,,,,,,,0.002716551228833225,1.0,6.267200548541362
MAHNOB-HCI,arousal,normalized_asymmetry,12,linear_logistic,20260829,-0.0090719123793053,stimulus,0.1095213675213675,0.0313070402315021,,,0.07577350427350424,0.05,0.025773504273504243,527,27,20,0.975925925925926,0.5123339658444023,0.9753320683111955,counterfactual_dose,0.0,0.0,0.5372820291108229,0.5282101167315175,0.0313070402315021,0.3085198851423723,0.0008068921351973887,1.0,6.267200548541362
MAHNOB-HCI,arousal,normalized_asymmetry,12,linear_logistic,20260829,-0.0086972186193976,stimulus,0.1525265355559473,0.1006952936317075,,,0.07577350427350424,0.05,0.025773504273504243,527,27,20,0.975925925925926,0.5123339658444023,0.9753320683111955,counterfactual_dose,0.25,0.2502110861653162,0.5372820291108229,0.5285848104914252,0.0313070402315021,0.3085198851423723,0.0025952705807385777,1.0,6.267200548541362
MAHNOB-HCI,arousal,normalized_asymmetry,12,linear_logistic,20260829,-0.0147211413748378,stimulus,0.1684727837521955,0.1698329732454751,,,0.07577350427350424,0.05,0.025773504273504243,527,27,20,0.975925925925926,0.5123339658444023,0.9753320683111955,counterfactual_dose,0.5,0.4997939203262326,0.5372820291108229,0.5225608877359851,0.0313070402315021,0.3085198851423723,0.004377190861724185,1.0,6.267200548541362
MAHNOB-HCI,arousal,normalized_asymmetry,12,linear_logistic,20260829,-0.0031416630638421,stimulus,0.1628235996030113,0.2381526542051179,,,0.07577350427350424,0.05,0.025773504273504243,527,27,20,0.975925925925926,0.5123339658444023,0.9753320683111955,counterfactual_dose,0.75,0.7461278640433864,0.5372820291108229,0.5341403660469808,0.0313070402315021,0.3085198851423723,0.006138028450901984,1.0,6.267200548541362
MAHNOB-HCI,arousal,normalized_asymmetry,12,linear_logistic,20260829,0.0004683671998846,stimulus,0.1766096468890586,0.3085198851423723,,,0.07577350427350424,0.05,0.025773504273504243,527,27,20,0.975925925925926,0.5123339658444023,0.9753320683111955,counterfactual_dose,1.0,1.0,0.5372820291108229,0.5377503963107075,0.0313070402315021,0.3085198851423723,0.00795163857817797,1.0,6.267200548541362
MAHNOB-HCI,arousal,normalized_asymmetry,12,linear_logistic,20260911,-0.0004683671998846,stimulus,0.2449992794350771,0.08929965520295874,0.8104595036824911,0.1881648810909507,0.07581196581196581,0.05,0.0258119658119658,527,27,20,0.975925925925926,0.5123339658444023,0.9753320683111955,observational_factorial,,,,,,,0.0023049996471191047,1.0,6.267200548541362
MAHNOB-HCI,arousal,normalized_asymmetry,12,linear_logistic,20260911,0.0251981553537974,stimulus,0.0609799367299367,0.0225386606477231,,,0.07581196581196581,0.05,0.0258119658119658,527,27,20,0.975925925925926,0.5123339658444023,0.9753320683111955,counterfactual_dose,0.0,0.0,0.4982057933419801,0.5234039486957776,0.0225386606477231,0.2917775452623966,0.0005817671380865276,1.0,6.267200548541362
MAHNOB-HCI,arousal,normalized_asymmetry,12,linear_logistic,20260911,0.0190805591583801,stimulus,0.1436608146755205,0.0898416071604762,,,0.07581196581196581,0.05,0.0258119658119658,527,27,20,0.975925925925926,0.5123339658444023,0.9753320683111955,counterfactual_dose,0.25,0.2499997702854312,0.4982057933419801,0.5172863525003603,0.0225386606477231,0.2917775452623966,0.0023189884925182737,1.0,6.267200548541362
MAHNOB-HCI,arousal,normalized_asymmetry,12,linear_logistic,20260911,0.019174232598357,stimulus,0.1631903407050465,0.1570173307131142,,,0.07581196581196581,0.05,0.0258119658119658,527,27,20,0.975925925925926,0.5123339658444023,0.9753320683111955,counterfactual_dose,0.5,0.4993106943070132,0.4982057933419801,0.5173800259403372,0.0225386606477231,0.2917775452623966,0.004052925972253031,1.0,6.267200548541362
MAHNOB-HCI,arousal,normalized_asymmetry,12,linear_logistic,20260911,0.0187058653984724,stimulus,0.1650392418039477,0.2230144304263544,,,0.07581196581196581,0.05,0.0258119658119658,527,27,20,0.975925925925926,0.5123339658444023,0.9753320683111955,counterfactual_dose,0.75,0.7439333325362428,0.4982057933419801,0.5169116587404525,0.0225386606477231,0.2917775452623966,0.005756440853740085,1.0,6.267200548541362
MAHNOB-HCI,arousal,normalized_asymmetry,12,linear_logistic,20260911,0.0150021616947687,stimulus,0.1575460405607464,0.2917775452623966,,,0.07581196581196581,0.05,0.0258119658119658,527,27,20,0.975925925925926,0.5123339658444023,0.9753320683111955,counterfactual_dose,1.0,1.0,0.4982057933419801,0.5132079550367489,0.0225386606477231,0.2917775452623966,0.007531352023012284,1.0,6.267200548541362
MAHNOB-HCI,arousal,normalized_asymmetry,12,linear_logistic,20260923,0.0016753134457413,stimulus,0.2816832396598933,0.08308318122194736,0.8109486710887898,0.17873879006829343,0.08627920227920224,0.05,0.03627920227920224,527,27,20,0.975925925925926,0.5123339658444023,0.9753320683111955,observational_factorial,,,,,,,0.0030141915375506453,1.0,6.267200548541362
MAHNOB-HCI,arousal,normalized_asymmetry,12,linear_logistic,20260923,0.0364029399048855,stimulus,0.0339838201014671,0.0194125177697171,,,0.08627920227920224,0.05,0.03627920227920224,527,27,20,0.975925925925926,0.5123339658444023,0.9753320683111955,counterfactual_dose,0.0,0.0,0.503105634817697,0.5395085747225825,0.0194125177697171,0.2734680078342737,0.0007042706589161747,1.0,6.267200548541362
MAHNOB-HCI,arousal,normalized_asymmetry,12,linear_logistic,20260923,0.019361579478311,stimulus,0.1147121865063041,0.0828597197714336,,,0.08627920227920224,0.05,0.03627920227920224,527,27,20,0.975925925925926,0.5123339658444023,0.9753320683111955,counterfactual_dose,0.25,0.2496699864404841,0.503105634817697,0.5224672142960081,0.0194125177697171,0.2734680078342737,0.003006084534385853,1.0,6.267200548541362
MAHNOB-HCI,arousal,normalized_asymmetry,12,linear_logistic,20260923,0.0305663640293991,stimulus,0.1540765868118809,0.14640224862186,,,0.08627920227920224,0.05,0.03627920227920224,527,27,20,0.975925925925926,0.5123339658444023,0.9753320683111955,counterfactual_dose,0.5,0.5000810288476384,0.503105634817697,0.5336719988470962,0.0194125177697171,0.2734680078342737,0.005311356791882516,1.0,6.267200548541362
MAHNOB-HCI,arousal,normalized_asymmetry,12,linear_logistic,20260923,0.0229716097420378,stimulus,0.14550444000444,0.2076438849918167,,,0.08627920227920224,0.05,0.03627920227920224,527,27,20,0.975925925925926,0.5123339658444023,0.9753320683111955,counterfactual_dose,0.75,0.7408844434007787,0.503105634817697,0.5260772445597348,0.0194125177697171,0.2734680078342737,0.007533154505657525,1.0,6.267200548541362
MAHNOB-HCI,arousal,normalized_asymmetry,12,linear_logistic,20260923,0.0325118893212279,stimulus,0.1495079593609005,0.2734680078342737,,,0.08627920227920224,0.05,0.03627920227920224,527,27,20,0.975925925925926,0.5123339658444023,0.9753320683111955,counterfactual_dose,1.0,1.0,0.503105634817697,0.5356175241389249,0.0194125177697171,0.2734680078342737,0.00992120117311008,1.0,6.267200548541362
MAHNOB-HCI,arousal,normalized_asymmetry,12,linear_logistic,20261007,0.0051340250756594,stimulus,0.2844718259115146,0.0825603708604267,0.8090355989672267,0.1714264156771772,0.07229202279202275,0.05,0.022292022792022748,527,27,20,0.975925925925926,0.5123339658444023,0.9753320683111955,observational_factorial,,,,,,,0.0018404376689384826,1.0,6.267200548541362
MAHNOB-HCI,arousal,normalized_asymmetry,12,linear_logistic,20261007,-0.0017581784118749,stimulus,0.0639194253458959,0.0245612094245798,,,0.07229202279202275,0.05,0.022292022792022748,527,27,20,0.975925925925926,0.5123339658444023,0.9753320683111955,counterfactual_dose,0.0,0.0,0.5055195273094106,0.5037613488975357,0.0245612094245798,0.2801227222934172,0.0005475190402923767,1.0,6.267200548541362
MAHNOB-HCI,arousal,normalized_asymmetry,12,linear_logistic,20261007,0.0037973771436805,stimulus,0.1333932799226916,0.0885372069276629,,,0.07229202279202275,0.05,0.022292022792022748,527,27,20,0.975925925925926,0.5123339658444023,0.9753320683111955,counterfactual_dose,0.25,0.2504695474248806,0.5055195273094106,0.5093169044530912,0.0245612094245798,0.2801227222934172,0.0019736734347734954,1.0,6.267200548541362
MAHNOB-HCI,arousal,normalized_asymmetry,12,linear_logistic,20261007,0.0120478455108804,stimulus,0.1312775117039822,0.1525422196304965,,,0.07229202279202275,0.05,0.022292022792022748,527,27,20,0.975925925925926,0.5123339658444023,0.9753320683111955,counterfactual_dose,0.5,0.5010342087226913,0.5055195273094106,0.5175673728202911,0.0245612094245798,0.2801227222934172,0.0034004746367487675,1.0,6.267200548541362
MAHNOB-HCI,arousal,normalized_asymmetry,12,linear_logistic,20261007,0.0058365758754863,stimulus,0.1407895225689343,0.2176516624420262,,,0.07229202279202275,0.05,0.022292022792022748,527,27,20,0.975925925925926,0.5123339658444023,0.9753320683111955,counterfactual_dose,0.75,0.7585235562579667,0.5055195273094106,0.511356103184897,0.0245612094245798,0.2801227222934172,0.00485189581987929,1.0,6.267200548541362
MAHNOB-HCI,arousal,normalized_asymmetry,12,linear_logistic,20261007,0.0169476869865974,stimulus,0.139766772443243,0.2801227222934172,,,0.07229202279202275,0.05,0.022292022792022748,527,27,20,0.975925925925926,0.5123339658444023,0.9753320683111955,counterfactual_dose,1.0,1.0,0.5055195273094106,0.5224672142960081,0.0245612094245798,0.2801227222934172,0.0062445021099283154,1.0,6.267200548541362
MAHNOB-HCI,arousal,normalized_asymmetry,12,rbf_svm,20260813,-0.0300043233895373,stimulus,0.3366551376279003,0.10746261803599035,0.808689380823402,0.20504122539765784,0.07976495726495719,0.05,0.029764957264957197,527,27,20,0.975925925925926,0.5123339658444023,0.9753320683111955,observational_factorial,,,,,,,0.003198620233421671,2.0,6.267200548541362
MAHNOB-HCI,arousal,normalized_asymmetry,12,rbf_svm,20260829,-0.0082864966133449,stimulus,0.3010448191382043,0.10540092647106208,0.811087405978723,0.20861766013928168,0.07577350427350424,0.05,0.025773504273504243,527,27,20,0.975925925925926,0.5123339658444023,0.9753320683111955,observational_factorial,,,,,,,0.002716551228833225,2.0,6.267200548541362
MAHNOB-HCI,arousal,normalized_asymmetry,12,rbf_svm,20260911,0.0014303213719555,stimulus,0.2449992794350771,0.08929965520295874,0.8104595036824911,0.1881648810909507,0.07581196581196581,0.05,0.0258119658119658,527,27,20,0.975925925925926,0.5123339658444023,0.9753320683111955,observational_factorial,,,,,,,0.0023049996471191047,2.0,6.267200548541362
MAHNOB-HCI,arousal,normalized_asymmetry,12,rbf_svm,20260923,-0.024776624873901,stimulus,0.2816832396598933,0.08308318122194736,0.8109486710887898,0.17873879006829343,0.08627920227920224,0.05,0.03627920227920224,527,27,20,0.975925925925926,0.5123339658444023,0.9753320683111955,observational_factorial,,,,,,,0.0030141915375506453,2.0,6.267200548541362
MAHNOB-HCI,arousal,normalized_asymmetry,12,rbf_svm,20261007,-0.0324650526012394,stimulus,0.2844718259115146,0.0825603708604267,0.8090355989672267,0.1714264156771772,0.07229202279202275,0.05,0.022292022792022748,527,27,20,0.975925925925926,0.5123339658444023,0.9753320683111955,observational_factorial,,,,,,,0.0018404376689384826,2.0,6.267200548541362
MAHNOB-HCI,arousal,relative_power,24,gpu_mlp,20260813,0.025666522553682,stimulus,0.1210340280634398,0.0365633796043627,,,0.058866096866096854,0.05,0.008866096866096851,527,27,20,0.975925925925926,0.5123339658444023,0.9753320683111955,counterfactual_dose,0.0,0.0,0.5093169044530912,0.5349834270067733,0.0365633796043627,0.2978892782842983,0.00032417446532414964,4.0,6.267200548541362
MAHNOB-HCI,arousal,relative_power,24,gpu_mlp,20260813,0.0283398184176394,stimulus,0.1641729724523842,0.1017655708939244,,,0.058866096866096854,0.05,0.008866096866096851,527,27,20,0.975925925925926,0.5123339658444023,0.9753320683111955,counterfactual_dose,0.25,0.2495622205630771,0.5093169044530912,0.5376567228707306,0.0365633796043627,0.2978892782842983,0.0009022634091791801,4.0,6.267200548541362
MAHNOB-HCI,arousal,relative_power,24,gpu_mlp,20260813,-0.003047989623865,stimulus,0.1541233423439305,0.1673519787448739,,,0.058866096866096854,0.05,0.008866096866096851,527,27,20,0.975925925925926,0.5123339658444023,0.9753320683111955,counterfactual_dose,0.5,0.500476157016646,0.5093169044530912,0.5062689148292261,0.0365633796043627,0.2978892782842983,0.0014837588542850333,4.0,6.267200548541362
MAHNOB-HCI,arousal,relative_power,24,gpu_mlp,20260813,0.0196425997982419,stimulus,0.1760194462400345,0.2312305721373025,,,0.058866096866096854,0.05,0.008866096866096851,527,27,20,0.975925925925926,0.5123339658444023,0.9753320683111955,counterfactual_dose,0.75,0.7439378114479226,0.5093169044530912,0.5289595042513331,0.0365633796043627,0.2978892782842983,0.0020501126509723197,4.0,6.267200548541362
MAHNOB-HCI,arousal,relative_power,24,gpu_mlp,20260813,0.007969448047269,stimulus,0.1817914520120402,0.2978892782842983,,,0.058866096866096854,0.05,0.008866096866096851,527,27,20,0.975925925925926,0.5123339658444023,0.9753320683111955,counterfactual_dose,1.0,1.0,0.5093169044530912,0.5172863525003603,0.0365633796043627,0.2978892782842983,0.00264111519664027,4.0,6.267200548541362
MAHNOB-HCI,arousal,relative_power,24,gpu_mlp,20260829,-0.0184248450785415,stimulus,0.1095213675213675,0.0313070402315021,,,0.06550142450142445,0.05,0.015501424501424443,527,27,20,0.975925925925926,0.5123339658444023,0.9753320683111955,counterfactual_dose,0.0,0.0,0.5351491569390402,0.5167243118604986,0.0313070402315021,0.3085198851423723,0.0004853037205116875,4.0,6.267200548541362
MAHNOB-HCI,arousal,relative_power,24,gpu_mlp,20260829,-0.0162919729067588,stimulus,0.1525265355559473,0.1006952936317075,,,0.06550142450142445,0.05,0.015501424501424443,527,27,20,0.975925925925926,0.5123339658444023,0.9753320683111955,counterfactual_dose,0.25,0.2502110861653162,0.5351491569390402,0.5188571840322813,0.0313070402315021,0.3085198851423723,0.0015609204918806793,4.0,6.267200548541362
MAHNOB-HCI,arousal,relative_power,24,gpu_mlp,20260829,-0.0091655858192823,stimulus,0.1684727837521955,0.1698329732454751,,,0.06550142450142445,0.05,0.015501424501424443,527,27,20,0.975925925925926,0.5123339658444023,0.9753320683111955,counterfactual_dose,0.5,0.4997939203262326,0.5351491569390402,0.5259835711197578,0.0313070402315021,0.3085198851423723,0.00263265301261717,4.0,6.267200548541362
MAHNOB-HCI,arousal,relative_power,24,gpu_mlp,20260829,-0.0150021616947687,stimulus,0.1628235996030113,0.2381526542051179,,,0.06550142450142445,0.05,0.015501424501424443,527,27,20,0.975925925925926,0.5123339658444023,0.9753320683111955,counterfactual_dose,0.75,0.7461278640433864,0.5351491569390402,0.5201469952442714,0.0313070402315021,0.3085198851423723,0.0036917053889744776,4.0,6.267200548541362
MAHNOB-HCI,arousal,relative_power,24,gpu_mlp,20260829,-0.0035163568237498,stimulus,0.1766096468890586,0.3085198851423723,,,0.06550142450142445,0.05,0.015501424501424443,527,27,20,0.975925925925926,0.5123339658444023,0.9753320683111955,counterfactual_dose,1.0,1.0,0.5351491569390402,0.5316328001152903,0.0313070402315021,0.3085198851423723,0.004782497706722625,4.0,6.267200548541362
MAHNOB-HCI,arousal,relative_power,24,gpu_mlp,20260911,-0.020838737570255,stimulus,0.0609799367299367,0.0225386606477231,,,0.07208404558404549,0.05,0.022084045584045496,527,27,20,0.975925925925926,0.5123339658444023,0.9753320683111955,counterfactual_dose,0.0,0.0,0.5302276985156362,0.5093889609453812,0.0225386606477231,0.2917775452623966,0.0004977448091476493,4.0,6.267200548541362
MAHNOB-HCI,arousal,relative_power,24,gpu_mlp,20260911,-0.0129629629629629,stimulus,0.1436608146755205,0.0898416071604762,,,0.07208404558404549,0.05,0.022084045584045496,527,27,20,0.975925925925926,0.5123339658444023,0.9753320683111955,counterfactual_dose,0.25,0.2499997702854312,0.5302276985156362,0.5172647355526733,0.0225386606477231,0.2917775452623966,0.001984066147875865,4.0,6.267200548541362
MAHNOB-HCI,arousal,relative_power,24,gpu_mlp,20260911,-0.0203703703703703,stimulus,0.1631903407050465,0.1570173307131142,,,0.07208404558404549,0.05,0.022084045584045496,527,27,20,0.975925925925926,0.5123339658444023,0.9753320683111955,counterfactual_dose,0.5,0.4993106943070132,0.5302276985156362,0.5098573281452659,0.0225386606477231,0.2917775452623966,0.003467577888953561,4.0,6.267200548541362
MAHNOB-HCI,arousal,relative_power,24,gpu_mlp,20260911,-0.019174232598357,stimulus,0.1650392418039477,0.2230144304263544,,,0.07208404558404549,0.05,0.022084045584045496,527,27,20,0.975925925925926,0.5123339658444023,0.9753320683111955,counterfactual_dose,0.75,0.7439333325362428,0.5302276985156362,0.5110534659172792,0.0225386606477231,0.2917775452623966,0.004925060847435553,4.0,6.267200548541362
MAHNOB-HCI,arousal,relative_power,24,gpu_mlp,20260911,-0.0248234615938895,stimulus,0.1575460405607464,0.2917775452623966,,,0.07208404558404549,0.05,0.022084045584045496,527,27,20,0.975925925925926,0.5123339658444023,0.9753320683111955,counterfactual_dose,1.0,1.0,0.5302276985156362,0.5054042369217466,0.0225386606477231,0.2917775452623966,0.006443628609975664,4.0,6.267200548541362
MAHNOB-HCI,arousal,relative_power,24,gpu_mlp,20260923,0.0003746937599077,stimulus,0.0339838201014671,0.0194125177697171,,,0.0748290598290598,0.05,0.024829059829059794,527,27,20,0.975925925925926,0.5123339658444023,0.9753320683111955,counterfactual_dose,0.0,0.0,0.4859706009511457,0.4863452947110535,0.0194125177697171,0.2734680078342737,0.00048199456513699224,4.0,6.267200548541362
MAHNOB-HCI,arousal,relative_power,24,gpu_mlp,20260923,0.0001873468799538,stimulus,0.1147121865063041,0.0828597197714336,,,0.0748290598290598,0.05,0.024829059829059794,527,27,20,0.975925925925926,0.5123339658444023,0.9753320683111955,counterfactual_dose,0.25,0.2496699864404841,0.4859706009511457,0.4861579478310995,0.0194125177697171,0.2734680078342737,0.0020573289396240532,4.0,6.267200548541362
MAHNOB-HCI,arousal,relative_power,24,gpu_mlp,20260923,-0.0201830234904165,stimulus,0.1540765868118809,0.14640224862186,,,0.0748290598290598,0.05,0.024829059829059794,527,27,20,0.975925925925926,0.5123339658444023,0.9753320683111955,counterfactual_dose,0.5,0.5000810288476384,0.4859706009511457,0.4657875774607292,0.0194125177697171,0.2734680078342737,0.0036350301901410483,4.0,6.267200548541362
MAHNOB-HCI,arousal,relative_power,24,gpu_mlp,20260923,-0.0240740740740741,stimulus,0.14550444000444,0.2076438849918167,,,0.0748290598290598,0.05,0.024829059829059794,527,27,20,0.975925925925926,0.5123339658444023,0.9753320683111955,counterfactual_dose,0.75,0.7408844434007787,0.4859706009511457,0.4618965268770716,0.0194125177697171,0.2734680078342737,0.005155602443600228,4.0,6.267200548541362
MAHNOB-HCI,arousal,relative_power,24,gpu_mlp,20260923,0.0099149733390978,stimulus,0.1495079593609005,0.2734680078342737,,,0.0748290598290598,0.05,0.024829059829059794,527,27,20,0.975925925925926,0.5123339658444023,0.9753320683111955,counterfactual_dose,1.0,1.0,0.4859706009511457,0.4958855742902436,0.0194125177697171,0.2734680078342737,0.006789953527850974,4.0,6.267200548541362
MAHNOB-HCI,arousal,relative_power,24,gpu_mlp,20261007,0.0046404381034731,stimulus,0.0639194253458959,0.0245612094245798,,,0.07138319088319085,0.05,0.02138319088319085,527,27,20,0.975925925925926,0.5123339658444023,0.9753320683111955,counterfactual_dose,0.0,0.0,0.4888312436950569,0.49347168179853,0.0245612094245798,0.2801227222934172,0.000525197029447816,4.0,6.267200548541362
MAHNOB-HCI,arousal,relative_power,24,gpu_mlp,20261007,0.0157515492145842,stimulus,0.1333932799226916,0.0885372069276629,,,0.07138319088319085,0.05,0.02138319088319085,527,27,20,0.975925925925926,0.5123339658444023,0.9753320683111955,counterfactual_dose,0.25,0.2504695474248806,0.4888312436950569,0.5045827929096411,0.0245612094245798,0.2801227222934172,0.001893207995998783,4.0,6.267200548541362
MAHNOB-HCI,arousal,relative_power,24,gpu_mlp,20261007,0.0064922899553249,stimulus,0.1312775117039822,0.1525422196304965,,,0.07138319088319085,0.05,0.02138319088319085,527,27,20,0.975925925925926,0.5123339658444023,0.9753320683111955,counterfactual_dose,0.5,0.5010342087226913,0.4888312436950569,0.4953235336503819,0.0245612094245798,0.2801227222934172,0.003261839400104529,4.0,6.267200548541362
MAHNOB-HCI,arousal,relative_power,24,gpu_mlp,20261007,0.0351131286928952,stimulus,0.1407895225689343,0.2176516624420262,,,0.07138319088319085,0.05,0.02138319088319085,527,27,20,0.975925925925926,0.5123339658444023,0.9753320683111955,counterfactual_dose,0.75,0.7585235562579667,0.4888312436950569,0.5239443723879522,0.0245612094245798,0.2801227222934172,0.0046540870440416665,4.0,6.267200548541362
MAHNOB-HCI,arousal,relative_power,24,gpu_mlp,20261007,0.0121415189508574,stimulus,0.139766772443243,0.2801227222934172,,,0.07138319088319085,0.05,0.02138319088319085,527,27,20,0.975925925925926,0.5123339658444023,0.9753320683111955,counterfactual_dose,1.0,1.0,0.4888312436950569,0.5009727626459144,0.0245612094245798,0.2801227222934172,0.0059899176415192015,4.0,6.267200548541362
MAHNOB-HCI,arousal,relative_power,24,linear_logistic,20260813,0.0354770139789595,stimulus,0.3366551376279003,0.10746261803599035,0.808689380823402,0.20504122539765784,0.058866096866096854,0.05,0.008866096866096851,527,27,20,0.975925925925926,0.5123339658444023,0.9753320683111955,observational_factorial,,,,,,,0.000952773980991457,1.0,6.267200548541362
MAHNOB-HCI,arousal,relative_power,24,linear_logistic,20260813,0.0477950713359274,stimulus,0.1210340280634398,0.0365633796043627,,,0.058866096866096854,0.05,0.008866096866096851,527,27,20,0.975925925925926,0.5123339658444023,0.9753320683111955,counterfactual_dose,0.0,0.0,0.4836719988470961,0.5314670701830235,0.0365633796043627,0.2978892782842983,0.00032417446532414964,1.0,6.267200548541362
MAHNOB-HCI,arousal,relative_power,24,linear_logistic,20260813,0.0379737714368064,stimulus,0.1641729724523842,0.1017655708939244,,,0.058866096866096854,0.05,0.008866096866096851,527,27,20,0.975925925925926,0.5123339658444023,0.9753320683111955,counterfactual_dose,0.25,0.2495622205630771,0.4836719988470961,0.5216457702839026,0.0365633796043627,0.2978892782842983,0.0009022634091791801,1.0,6.267200548541362
MAHNOB-HCI,arousal,relative_power,24,linear_logistic,20260813,0.041864822020464,stimulus,0.1541233423439305,0.1673519787448739,,,0.058866096866096854,0.05,0.008866096866096851,527,27,20,0.975925925925926,0.5123339658444023,0.9753320683111955,counterfactual_dose,0.5,0.500476157016646,0.4836719988470961,0.5255368208675602,0.0365633796043627,0.2978892782842983,0.0014837588542850333,1.0,6.267200548541362
MAHNOB-HCI,arousal,relative_power,24,linear_logistic,20260813,0.030566364029399,stimulus,0.1760194462400345,0.2312305721373025,,,0.058866096866096854,0.05,0.008866096866096851,527,27,20,0.975925925925926,0.5123339658444023,0.9753320683111955,counterfactual_dose,0.75,0.7439378114479226,0.4836719988470961,0.5142383628764952,0.0365633796043627,0.2978892782842983,0.0020501126509723197,1.0,6.267200548541362
MAHNOB-HCI,arousal,relative_power,24,linear_logistic,20260813,0.0458495460440986,stimulus,0.1817914520120402,0.2978892782842983,,,0.058866096866096854,0.05,0.008866096866096851,527,27,20,0.975925925925926,0.5123339658444023,0.9753320683111955,counterfactual_dose,1.0,1.0,0.4836719988470961,0.5295215448911947,0.0365633796043627,0.2978892782842983,0.00264111519664027,1.0,6.267200548541362
MAHNOB-HCI,arousal,relative_power,24,linear_logistic,20260829,0.0184824902723735,stimulus,0.3010448191382043,0.10540092647106208,0.811087405978723,0.20861766013928168,0.06550142450142445,0.05,0.015501424501424443,527,27,20,0.975925925925926,0.5123339658444023,0.9753320683111955,observational_factorial,,,,,,,0.001633864504071358,1.0,6.267200548541362
MAHNOB-HCI,arousal,relative_power,24,linear_logistic,20260829,-0.0108300907911802,stimulus,0.1095213675213675,0.0313070402315021,,,0.06550142450142445,0.05,0.015501424501424443,527,27,20,0.975925925925926,0.5123339658444023,0.9753320683111955,counterfactual_dose,0.0,0.0,0.4969880386222798,0.4861579478310995,0.0313070402315021,0.3085198851423723,0.0004853037205116875,1.0,6.267200548541362
MAHNOB-HCI,arousal,relative_power,24,linear_logistic,20260829,-0.0052745352356247,stimulus,0.1525265355559473,0.1006952936317075,,,0.06550142450142445,0.05,0.015501424501424443,527,27,20,0.975925925925926,0.5123339658444023,0.9753320683111955,counterfactual_dose,0.25,0.2502110861653162,0.4969880386222798,0.4917135033866551,0.0313070402315021,0.3085198851423723,0.0015609204918806793,1.0,6.267200548541362
MAHNOB-HCI,arousal,relative_power,24,linear_logistic,20260829,0.011392131431042,stimulus,0.1684727837521955,0.1698329732454751,,,0.06550142450142445,0.05,0.015501424501424443,527,27,20,0.975925925925926,0.5123339658444023,0.9753320683111955,counterfactual_dose,0.5,0.4997939203262326,0.4969880386222798,0.5083801700533218,0.0313070402315021,0.3085198851423723,0.00263265301261717,1.0,6.267200548541362
MAHNOB-HCI,arousal,relative_power,24,linear_logistic,20260829,0.0117668251909497,stimulus,0.1628235996030113,0.2381526542051179,,,0.06550142450142445,0.05,0.015501424501424443,527,27,20,0.975925925925926,0.5123339658444023,0.9753320683111955,counterfactual_dose,0.75,0.7461278640433864,0.4969880386222798,0.5087548638132295,0.0313070402315021,0.3085198851423723,0.0036917053889744776,1.0,6.267200548541362
MAHNOB-HCI,arousal,relative_power,24,linear_logistic,20260829,-0.0053682086756016,stimulus,0.1766096468890586,0.3085198851423723,,,0.06550142450142445,0.05,0.015501424501424443,527,27,20,0.975925925925926,0.5123339658444023,0.9753320683111955,counterfactual_dose,1.0,1.0,0.4969880386222798,0.4916198299466782,0.0313070402315021,0.3085198851423723,0.004782497706722625,1.0,6.267200548541362
MAHNOB-HCI,arousal,relative_power,24,linear_logistic,20260911,-0.0163964548205793,stimulus,0.2449992794350771,0.08929965520295874,0.8104595036824911,0.1881648810909507,0.07208404558404549,0.05,0.022084045584045496,527,27,20,0.975925925925926,0.5123339658444023,0.9753320683111955,observational_factorial,,,,,,,0.0019720976561416865,1.0,6.267200548541362
MAHNOB-HCI,arousal,relative_power,24,linear_logistic,20260911,-0.006117596195417,stimulus,0.0609799367299367,0.0225386606477231,,,0.07208404558404549,0.05,0.022084045584045496,527,27,20,0.975925925925926,0.5123339658444023,0.9753320683111955,counterfactual_dose,0.0,0.0,0.5067156650814237,0.5005980688860067,0.0225386606477231,0.2917775452623966,0.0004977448091476493,1.0,6.267200548541362
MAHNOB-HCI,arousal,relative_power,24,linear_logistic,20260911,-0.0170413604265743,stimulus,0.1436608146755205,0.0898416071604762,,,0.07208404558404549,0.05,0.022084045584045496,527,27,20,0.975925925925926,0.5123339658444023,0.9753320683111955,counterfactual_dose,0.25,0.2499997702854312,0.5067156650814237,0.4896743046548494,0.0225386606477231,0.2917775452623966,0.001984066147875865,1.0,6.267200548541362
MAHNOB-HCI,arousal,relative_power,24,linear_logistic,20260911,-0.0101023202190516,stimulus,0.1631903407050465,0.1570173307131142,,,0.07208404558404549,0.05,0.022084045584045496,527,27,20,0.975925925925926,0.5123339658444023,0.9753320683111955,counterfactual_dose,0.5,0.4993106943070132,0.5067156650814237,0.4966133448623721,0.0225386606477231,0.2917775452623966,0.003467577888953561,1.0,6.267200548541362
MAHNOB-HCI,arousal,relative_power,24,linear_logistic,20260911,-0.0058365758754863,stimulus,0.1650392418039477,0.2230144304263544,,,0.07208404558404549,0.05,0.022084045584045496,527,27,20,0.975925925925926,0.5123339658444023,0.9753320683111955,counterfactual_dose,0.75,0.7439333325362428,0.5067156650814237,0.5008790892059374,0.0225386606477231,0.2917775452623966,0.004925060847435553,1.0,6.267200548541362
MAHNOB-HCI,arousal,relative_power,24,linear_logistic,20260911,-0.0020391987318055,stimulus,0.1575460405607464,0.2917775452623966,,,0.07208404558404549,0.05,0.022084045584045496,527,27,20,0.975925925925926,0.5123339658444023,0.9753320683111955,counterfactual_dose,1.0,1.0,0.5067156650814237,0.5046764663496182,0.0225386606477231,0.2917775452623966,0.006443628609975664,1.0,6.267200548541362
MAHNOB-HCI,arousal,relative_power,24,linear_logistic,20260923,0.0080523130134025,stimulus,0.2816832396598933,0.08308318122194736,0.8109486710887898,0.17873879006829343,0.0748290598290598,0.05,0.024829059829059794,527,27,20,0.975925925925926,0.5123339658444023,0.9753320683111955,observational_factorial,,,,,,,0.002062877277348348,1.0,6.267200548541362
MAHNOB-HCI,arousal,relative_power,24,linear_logistic,20260923,0.0028822596915982,stimulus,0.0339838201014671,0.0194125177697171,,,0.0748290598290598,0.05,0.024829059829059794,527,27,20,0.975925925925926,0.5123339658444023,0.9753320683111955,counterfactual_dose,0.0,0.0,0.4872820291108229,0.4901642888024211,0.0194125177697171,0.2734680078342737,0.00048199456513699224,1.0,6.267200548541362
MAHNOB-HCI,arousal,relative_power,24,linear_logistic,20260923,0.0118604986309266,stimulus,0.1147121865063041,0.0828597197714336,,,0.0748290598290598,0.05,0.024829059829059794,527,27,20,0.975925925925926,0.5123339658444023,0.9753320683111955,counterfactual_dose,0.25,0.2496699864404841,0.4872820291108229,0.4991425277417495,0.0194125177697171,0.2734680078342737,0.0020573289396240532,1.0,6.267200548541362
MAHNOB-HCI,arousal,relative_power,24,linear_logistic,20260923,-0.0111111111111111,stimulus,0.1540765868118809,0.14640224862186,,,0.0748290598290598,0.05,0.024829059829059794,527,27,20,0.975925925925926,0.5123339658444023,0.9753320683111955,counterfactual_dose,0.5,0.5000810288476384,0.4872820291108229,0.4761709179997118,0.0194125177697171,0.2734680078342737,0.0036350301901410483,1.0,6.267200548541362
MAHNOB-HCI,arousal,relative_power,24,linear_logistic,20260923,0.0115794783109957,stimulus,0.14550444000444,0.2076438849918167,,,0.0748290598290598,0.05,0.024829059829059794,527,27,20,0.975925925925926,0.5123339658444023,0.9753320683111955,counterfactual_dose,0.75,0.7408844434007787,0.4872820291108229,0.4988615074218187,0.0194125177697171,0.2734680078342737,0.005155602443600228,1.0,6.267200548541362
MAHNOB-HCI,arousal,relative_power,24,linear_logistic,20260923,0.0065859633953018,stimulus,0.1495079593609005,0.2734680078342737,,,0.0748290598290598,0.05,0.024829059829059794,527,27,20,0.975925925925926,0.5123339658444023,0.9753320683111955,counterfactual_dose,1.0,1.0,0.4872820291108229,0.4938679925061248,0.0194125177697171,0.2734680078342737,0.006789953527850974,1.0,6.267200548541362
MAHNOB-HCI,arousal,relative_power,24,linear_logistic,20261007,0.0398724600086468,stimulus,0.2844718259115146,0.0825603708604267,0.8090355989672267,0.1714264156771772,0.07138319088319085,0.05,0.02138319088319085,527,27,20,0.975925925925926,0.5123339658444023,0.9753320683111955,observational_factorial,,,,,,,0.0017654041694955317,1.0,6.267200548541362
MAHNOB-HCI,arousal,relative_power,24,linear_logistic,20261007,0.0115794783109958,stimulus,0.0639194253458959,0.0245612094245798,,,0.07138319088319085,0.05,0.02138319088319085,527,27,20,0.975925925925926,0.5123339658444023,0.9753320683111955,counterfactual_dose,0.0,0.0,0.5127395878368641,0.52431906614786,0.0245612094245798,0.2801227222934172,0.000525197029447816,1.0,6.267200548541362
MAHNOB-HCI,arousal,relative_power,24,linear_logistic,20261007,0.0003746937599077,stimulus,0.1333932799226916,0.0885372069276629,,,0.07138319088319085,0.05,0.02138319088319085,527,27,20,0.975925925925926,0.5123339658444023,0.9753320683111955,counterfactual_dose,0.25,0.2504695474248806,0.5127395878368641,0.5131142815967719,0.0245612094245798,0.2801227222934172,0.001893207995998783,1.0,6.267200548541362
MAHNOB-HCI,arousal,relative_power,24,linear_logistic,20261007,0.0077821011673151,stimulus,0.1312775117039822,0.1525422196304965,,,0.07138319088319085,0.05,0.02138319088319085,527,27,20,0.975925925925926,0.5123339658444023,0.9753320683111955,counterfactual_dose,0.5,0.5010342087226913,0.5127395878368641,0.5205216890041793,0.0245612094245798,0.2801227222934172,0.003261839400104529,1.0,6.267200548541362
MAHNOB-HCI,arousal,relative_power,24,linear_logistic,20261007,0.0136186770428015,stimulus,0.1407895225689343,0.2176516624420262,,,0.07138319088319085,0.05,0.02138319088319085,527,27,20,0.975925925925926,0.5123339658444023,0.9753320683111955,counterfactual_dose,0.75,0.7585235562579667,0.5127395878368641,0.5263582648796656,0.0245612094245798,0.2801227222934172,0.0046540870440416665,1.0,6.267200548541362
MAHNOB-HCI,arousal,relative_power,24,linear_logistic,20261007,0.0265816400057645,stimulus,0.139766772443243,0.2801227222934172,,,0.07138319088319085,0.05,0.02138319088319085,527,27,20,0.975925925925926,0.5123339658444023,0.9753320683111955,counterfactual_dose,1.0,1.0,0.5127395878368641,0.5393212278426287,0.0245612094245798,0.2801227222934172,0.0059899176415192015,1.0,6.267200548541362
MAHNOB-HCI,arousal,relative_power,24,rbf_svm,20260813,0.0085206802132872,stimulus,0.3366551376279003,0.10746261803599035,0.808689380823402,0.20504122539765784,0.058866096866096854,0.05,0.008866096866096851,527,27,20,0.975925925925926,0.5123339658444023,0.9753320683111955,observational_factorial,,,,,,,0.000952773980991457,2.0,6.267200548541362
MAHNOB-HCI,arousal,relative_power,24,rbf_svm,20260829,0.0014879665657876,stimulus,0.3010448191382043,0.10540092647106208,0.811087405978723,0.20861766013928168,0.06550142450142445,0.05,0.015501424501424443,527,27,20,0.975925925925926,0.5123339658444023,0.9753320683111955,observational_factorial,,,,,,,0.001633864504071358,2.0,6.267200548541362
MAHNOB-HCI,arousal,relative_power,24,rbf_svm,20260911,-0.0049574866695489,stimulus,0.2449992794350771,0.08929965520295874,0.8104595036824911,0.1881648810909507,0.07208404558404549,0.05,0.022084045584045496,527,27,20,0.975925925925926,0.5123339658444023,0.9753320683111955,observational_factorial,,,,,,,0.0019720976561416865,2.0,6.267200548541362
MAHNOB-HCI,arousal,relative_power,24,rbf_svm,20260923,0.0153300187346879,stimulus,0.2816832396598933,0.08308318122194736,0.8109486710887898,0.17873879006829343,0.0748290598290598,0.05,0.024829059829059794,527,27,20,0.975925925925926,0.5123339658444023,0.9753320683111955,observational_factorial,,,,,,,0.002062877277348348,2.0,6.267200548541362
MAHNOB-HCI,arousal,relative_power,24,rbf_svm,20261007,0.0036100302637268,stimulus,0.2844718259115146,0.0825603708604267,0.8090355989672267,0.1714264156771772,0.07138319088319085,0.05,0.02138319088319085,527,27,20,0.975925925925926,0.5123339658444023,0.9753320683111955,observational_factorial,,,,,,,0.0017654041694955317,2.0,6.267200548541362
MAHNOB-HCI,arousal,absolute_power,24,linear_logistic,20260813,0.0458747658163999,subject,0.2405029543161838,0.05774487459442106,0.8770544700798674,0.1657141541944533,0.6095063025210083,0.037037037037037,0.5724692654839714,527,27,20,0.975925925925926,0.5123339658444023,0.9753320683111955,observational_factorial,,,,,,,0.033057165944532264,1.0,6.267200548541362
MAHNOB-HCI,arousal,absolute_power,24,linear_logistic,20260829,0.0565967718691454,subject,0.2195201037613489,0.06460748409815062,0.8814618103717939,0.18114307261174167,0.5955882352941178,0.037037037037037,0.5585511982570808,527,27,20,0.975925925925926,0.5123339658444023,0.9753320683111955,observational_factorial,,,,,,,0.03608658765939732,1.0,6.267200548541362
MAHNOB-HCI,arousal,absolute_power,24,linear_logistic,20260911,0.0372243839169909,subject,0.1769058942210694,0.06943154195841937,0.8743261524758936,0.18706203019308962,0.5899918300653595,0.037037037037037,0.5529547930283225,527,27,20,0.975925925925926,0.5123339658444023,0.9753320683111955,observational_factorial,,,,,,,0.03839250391325507,1.0,6.267200548541362
MAHNOB-HCI,arousal,absolute_power,24,linear_logistic,20260923,0.0189184320507277,subject,0.2203415477734544,0.05829310380021528,0.8721376582167534,0.16728902505426668,0.5769354964207906,0.037037037037037,0.5398984593837536,527,27,20,0.975925925925926,0.5123339658444023,0.9753320683111955,observational_factorial,,,,,,,0.03147235693443346,1.0,6.267200548541362
MAHNOB-HCI,arousal,absolute_power,24,linear_logistic,20261007,0.0061175961954171,subject,0.1857184032281308,0.05875874397250404,0.8782388260955674,0.1697884156826515,0.5946623093681918,0.037037037037037,0.5576252723311548,527,27,20,0.975925925925926,0.5123339658444023,0.9753320683111955,observational_factorial,,,,,,,0.03276536060950416,1.0,6.267200548541362
MAHNOB-HCI,arousal,absolute_power,24,rbf_svm,20260813,0.0298638132295719,subject,0.2405029543161838,0.05774487459442106,0.8770544700798674,0.1657141541944533,0.6095063025210083,0.037037037037037,0.5724692654839714,527,27,20,0.975925925925926,0.5123339658444023,0.9753320683111955,observational_factorial,,,,,,,0.033057165944532264,2.0,6.267200548541362
MAHNOB-HCI,arousal,absolute_power,24,rbf_svm,20260829,0.0372460008646779,subject,0.2195201037613489,0.06460748409815062,0.8814618103717939,0.18114307261174167,0.5955882352941178,0.037037037037037,0.5585511982570808,527,27,20,0.975925925925926,0.5123339658444023,0.9753320683111955,observational_factorial,,,,,,,0.03608658765939732,2.0,6.267200548541362
MAHNOB-HCI,arousal,absolute_power,24,rbf_svm,20260911,0.0326055627612048,subject,0.1769058942210694,0.06943154195841937,0.8743261524758936,0.18706203019308962,0.5899918300653595,0.037037037037037,0.5529547930283225,527,27,20,0.975925925925926,0.5123339658444023,0.9753320683111955,observational_factorial,,,,,,,0.03839250391325507,2.0,6.267200548541362
MAHNOB-HCI,arousal,absolute_power,24,rbf_svm,20260923,0.039497766248739,subject,0.2203415477734544,0.05829310380021528,0.8721376582167534,0.16728902505426668,0.5769354964207906,0.037037037037037,0.5398984593837536,527,27,20,0.975925925925926,0.5123339658444023,0.9753320683111955,observational_factorial,,,,,,,0.03147235693443346,2.0,6.267200548541362
MAHNOB-HCI,arousal,absolute_power,24,rbf_svm,20261007,0.03385934572705,subject,0.1857184032281308,0.05875874397250404,0.8782388260955674,0.1697884156826515,0.5946623093681918,0.037037037037037,0.5576252723311548,527,27,20,0.975925925925926,0.5123339658444023,0.9753320683111955,observational_factorial,,,,,,,0.03276536060950416,2.0,6.267200548541362
MAHNOB-HCI,arousal,all,72,extra_trees,20260813,0.0292549358697219,subject,0.2405029543161838,0.05774487459442106,0.8770544700798674,0.1657141541944533,0.7540655150949269,0.037037037037037,0.7170284780578899,527,27,20,0.975925925925926,0.5123339658444023,0.9753320683111955,observational_factorial,,,,,,,0.04140471954608145,3.0,6.267200548541362
MAHNOB-HCI,arousal,all,72,extra_trees,20260829,0.0590466926070039,subject,0.2195201037613489,0.06460748409815062,0.8814618103717939,0.18114307261174167,0.752740818549642,0.037037037037037,0.715703781512605,527,27,20,0.975925925925926,0.5123339658444023,0.9753320683111955,observational_factorial,,,,,,,0.04623982068306189,3.0,6.267200548541362
MAHNOB-HCI,arousal,all,72,extra_trees,20260911,0.0137123504827784,subject,0.1769058942210694,0.06943154195841937,0.8743261524758936,0.18706203019308962,0.7426937441643324,0.037037037037037,0.7056567071272954,527,27,20,0.975925925925926,0.5123339658444023,0.9753320683111955,observational_factorial,,,,,,,0.048994833269148864,3.0,6.267200548541362
MAHNOB-HCI,arousal,all,72,extra_trees,20260923,0.0656578757746073,subject,0.2203415477734544,0.05829310380021528,0.8721376582167534,0.16728902505426668,0.7342903828197945,0.037037037037037,0.6972533457827575,527,27,20,0.975925925925926,0.5123339658444023,0.9753320683111955,observational_factorial,,,,,,,0.040645061660761685,3.0,6.267200548541362
MAHNOB-HCI,arousal,all,72,extra_trees,20261007,0.0647895950425133,subject,0.1857184032281308,0.05875874397250404,0.8782388260955674,0.1697884156826515,0.7438200280112046,0.037037037037037,0.7067829909741676,527,27,20,0.975925925925926,0.5123339658444023,0.9753320683111955,observational_factorial,,,,,,,0.04152968081077175,3.0,6.267200548541362
MAHNOB-HCI,arousal,all,72,gpu_mlp,20260813,0.0095402795791901,subject,0.0360137068813539,0.0140857678566835,,,0.7540655150949269,0.037037037037037,0.7170284780578899,527,27,20,0.975925925925926,0.5123339658444023,0.9753320683111955,counterfactual_dose,0.0,0.0,0.5122712206369794,0.5218115002161695,0.0140857678566835,0.234614977100928,0.010099896688554516,4.0,6.267200548541362
MAHNOB-HCI,arousal,all,72,gpu_mlp,20260813,0.0216817985300475,subject,0.0790085665968019,0.0692754385692257,,,0.7540655150949269,0.037037037037037,0.7170284780578899,527,27,20,0.975925925925926,0.5123339658444023,0.9753320683111955,counterfactual_dose,0.25,0.2502221938490175,0.5122712206369794,0.533953019167027,0.0140857678566835,0.234614977100928,0.049672462284084756,4.0,6.267200548541362
MAHNOB-HCI,arousal,all,72,gpu_mlp,20260813,0.0270500072056493,subject,0.0730714008214008,0.1244115902858697,,,0.7540655150949269,0.037037037037037,0.7170284780578899,527,27,20,0.975925925925926,0.5123339658444023,0.9753320683111955,counterfactual_dose,0.5,0.5000775106990603,0.5122712206369794,0.5393212278426287,0.0140857678566835,0.234614977100928,0.08920665323543892,4.0,6.267200548541362
MAHNOB-HCI,arousal,all,72,gpu_mlp,20260813,0.0326055627612048,subject,0.0941643617820088,0.1769882465844567,,,0.7540655150949269,0.037037037037037,0.7170284780578899,527,27,20,0.975925925925926,0.5123339658444023,0.9753320683111955,counterfactual_dose,0.75,0.7384630849021738,0.5122712206369794,0.5448767833981842,0.0140857678566835,0.234614977100928,0.12690561308258752,4.0,6.267200548541362
MAHNOB-HCI,arousal,all,72,gpu_mlp,20260813,0.0419584954604409,subject,0.0926475746475746,0.234614977100928,,,0.7540655150949269,0.037037037037037,0.7170284780578899,527,27,20,0.975925925925926,0.5123339658444023,0.9753320683111955,counterfactual_dose,1.0,1.0,0.5122712206369794,0.5542297160974203,0.0140857678566835,0.234614977100928,0.16822561996026508,4.0,6.267200548541362
MAHNOB-HCI,arousal,all,72,gpu_mlp,20260829,0.0524138924917135,subject,0.0865615087526852,0.0170681449609202,,,0.752740818549642,0.037037037037037,0.715703781512605,527,27,20,0.975925925925926,0.5123339658444023,0.9753320683111955,counterfactual_dose,0.0,0.0,0.4869073353509151,0.5393212278426287,0.0170681449609202,0.2433256480780411,0.012215735891935902,4.0,6.267200548541362
MAHNOB-HCI,arousal,all,72,gpu_mlp,20260829,0.0316688283614353,subject,0.107642321730557,0.0736283200154783,,,0.752740818549642,0.037037037037037,0.715703781512605,527,27,20,0.975925925925926,0.5123339658444023,0.9753320683111955,counterfactual_dose,0.25,0.2499462881732268,0.4869073353509151,0.5185761637123505,0.0170681449609202,0.2433256480780411,0.05269606706149804,4.0,6.267200548541362
MAHNOB-HCI,arousal,all,72,gpu_mlp,20260829,0.0444444444444444,subject,0.1001891507185624,0.1302708640119373,,,0.752740818549642,0.037037037037037,0.715703781512605,527,27,20,0.975925925925926,0.5123339658444023,0.9753320683111955,counterfactual_dose,0.5,0.5002489404712455,0.4869073353509151,0.5313517797953595,0.0170681449609202,0.2433256480780411,0.09323534999425785,4.0,6.267200548541362
MAHNOB-HCI,arousal,all,72,gpu_mlp,20260829,0.0904813373684968,subject,0.0842100350629762,0.1859539186893404,,,0.752740818549642,0.037037037037037,0.715703781512605,527,27,20,0.975925925925926,0.5123339658444023,0.9753320683111955,counterfactual_dose,0.75,0.7463859338664887,0.4869073353509151,0.577388672719412,0.0170681449609202,0.2433256480780411,0.1330879227930484,4.0,6.267200548541362
MAHNOB-HCI,arousal,all,72,gpu_mlp,20260829,0.0641807176826632,subject,0.0974537635567047,0.2433256480780411,,,0.752740818549642,0.037037037037037,0.715703781512605,527,27,20,0.975925925925926,0.5123339658444023,0.9753320683111955,counterfactual_dose,1.0,1.0,0.4869073353509151,0.5510880530335783,0.0170681449609202,0.2433256480780411,0.17414908646845936,4.0,6.267200548541362
MAHNOB-HCI,arousal,all,72,gpu_mlp,20260911,-0.0172287073065284,subject,0.0823916916416916,0.0205257884508196,,,0.7426937441643324,0.037037037037037,0.7056567071272954,527,27,20,0.975925925925926,0.5123339658444023,0.9753320683111955,counterfactual_dose,0.0,0.0,0.5443147427583226,0.5270860354517941,0.0205257884508196,0.2529070923200868,0.01448416028939683,4.0,6.267200548541362
MAHNOB-HCI,arousal,all,72,gpu_mlp,20260911,-0.0110174376711342,subject,0.1227264891970774,0.0785478733941444,,,0.7426937441643324,0.037037037037037,0.7056567071272954,527,27,20,0.975925925925926,0.5123339658444023,0.9753320683111955,counterfactual_dose,0.25,0.2497540141925925,0.5443147427583226,0.5332973050871883,0.0205257884508196,0.2529070923200868,0.055427833691163636,4.0,6.267200548541362
MAHNOB-HCI,arousal,all,72,gpu_mlp,20260911,0.0053682086756016,subject,0.1254693133663721,0.1367938741307088,,,0.7426937441643324,0.037037037037037,0.7056567071272954,527,27,20,0.975925925925926,0.5123339658444023,0.9753320683111955,counterfactual_dose,0.5,0.5007307166416114,0.5443147427583226,0.5496829514339242,0.0205257884508196,0.2529070923200868,0.0965295147742617,4.0,6.267200548541362
MAHNOB-HCI,arousal,all,72,gpu_mlp,20260911,-0.0078757746072921,subject,0.1152094033417562,0.1931320852913517,,,0.7426937441643324,0.037037037037037,0.7056567071272954,527,27,20,0.975925925925926,0.5123339658444023,0.9753320683111955,counterfactual_dose,0.75,0.7412292693721525,0.5443147427583226,0.5364389681510304,0.0205257884508196,0.2529070923200868,0.1362849513473232,4.0,6.267200548541362
MAHNOB-HCI,arousal,all,72,gpu_mlp,20260911,0.0038910505836575,subject,0.1069050443021031,0.2529070923200868,,,0.7426937441643324,0.037037037037037,0.7056567071272954,527,27,20,0.975925925925926,0.5123339658444023,0.9753320683111955,counterfactual_dose,1.0,1.0,0.5443147427583226,0.5482057933419802,0.0205257884508196,0.2529070923200868,0.17846558597573137,4.0,6.267200548541362
MAHNOB-HCI,arousal,all,72,gpu_mlp,20260923,0.01434644761493,subject,0.0616242695213283,0.0126083573342276,,,0.7342903828197945,0.037037037037037,0.6972533457827575,527,27,20,0.975925925925926,0.5123339658444023,0.9753320683111955,counterfactual_dose,0.0,0.0,0.491900850266609,0.5062472978815391,0.0126083573342276,0.2320478977847085,0.008791219336114764,4.0,6.267200548541362
MAHNOB-HCI,arousal,all,72,gpu_mlp,20260923,0.0430609597924772,subject,0.1202369574869574,0.0674352295447094,,,0.7342903828197945,0.037037037037037,0.6972533457827575,527,27,20,0.975925925925926,0.5123339658444023,0.9753320683111955,counterfactual_dose,0.25,0.2498442855392603,0.491900850266609,0.5349618100590863,0.0126083573342276,0.2320478977847085,0.047019439423676895,4.0,6.267200548541362
MAHNOB-HCI,arousal,all,72,gpu_mlp,20260923,0.0599149733390979,subject,0.0876445596886773,0.1225145897301018,,,0.7342903828197945,0.037037037037037,0.6972533457827575,527,27,20,0.975925925925926,0.5123339658444023,0.9753320683111955,counterfactual_dose,0.5,0.5011146633643921,0.491900850266609,0.5518158236057069,0.0126083573342276,0.2320478977847085,0.08542370759651535,4.0,6.267200548541362
MAHNOB-HCI,arousal,all,72,gpu_mlp,20260923,0.0789018590575011,subject,0.1181317750876574,0.1756306448958544,,,0.7342903828197945,0.037037037037037,0.6972533457827575,527,27,20,0.975925925925926,0.5123339658444023,0.9753320683111955,counterfactual_dose,0.75,0.7424685505740444,0.491900850266609,0.5708027093241101,0.0126083573342276,0.2320478977847085,0.12245905477561786,4.0,6.267200548541362
MAHNOB-HCI,arousal,all,72,gpu_mlp,20260923,0.0420305519527309,subject,0.099696000078353,0.2320478977847085,,,0.7342903828197945,0.037037037037037,0.6972533457827575,527,27,20,0.975925925925926,0.5123339658444023,0.9753320683111955,counterfactual_dose,1.0,1.0,0.491900850266609,0.53393140221934,0.0126083573342276,0.2320478977847085,0.16179617311224334,4.0,6.267200548541362
MAHNOB-HCI,arousal,all,72,gpu_mlp,20261007,-0.0206513906903011,subject,0.0495764382676147,0.0142795795210271,,,0.7438200280112046,0.037037037037037,0.7067829909741676,527,27,20,0.975925925925926,0.5123339658444023,0.9753320683111955,counterfactual_dose,0.0,0.0,0.5366263150309842,0.515974924340683,0.0142795795210271,0.2339988734358164,0.010092563923725007,4.0,6.267200548541362
MAHNOB-HCI,arousal,all,72,gpu_mlp,20261007,0.019361579478311,subject,0.0993309011250187,0.0693328421670181,,,0.7438200280112046,0.037037037037037,0.7067829909741676,527,27,20,0.975925925925926,0.5123339658444023,0.9753320683111955,counterfactual_dose,0.25,0.2506055752747193,0.5366263150309842,0.5559878945092953,0.0142795795210271,0.2339988734358164,0.049003273559544945,4.0,6.267200548541362
MAHNOB-HCI,arousal,all,72,gpu_mlp,20261007,0.0214007782101167,subject,0.1047290585231761,0.124161340053874,,,0.7438200280112046,0.037037037037037,0.7067829909741676,527,27,20,0.975925925925926,0.5123339658444023,0.9753320683111955,counterfactual_dose,0.5,0.5001986961810408,0.5366263150309842,0.558027093241101,0.0142795795210271,0.2339988734358164,0.08775512328663779,4.0,6.267200548541362
MAHNOB-HCI,arousal,all,72,gpu_mlp,20261007,0.0056492289955325,subject,0.124925143483967,0.1789774854359311,,,0.7438200280112046,0.037037037037037,0.7067829909741676,527,27,20,0.975925925925926,0.5123339658444023,0.9753320683111955,counterfactual_dose,0.75,0.7491408747576234,0.5366263150309842,0.5422755440265168,0.0142795795210271,0.2339988734358164,0.1264982424734429,4.0,6.267200548541362
MAHNOB-HCI,arousal,all,72,gpu_mlp,20261007,-0.0054618821155785,subject,0.1149545552486728,0.2339988734358164,,,0.7438200280112046,0.037037037037037,0.7067829909741676,527,27,20,0.975925925925926,0.5123339658444023,0.9753320683111955,counterfactual_dose,1.0,1.0,0.5366263150309842,0.5311644329154057,0.0142795795210271,0.2339988734358164,0.165386423651552,4.0,6.267200548541362
MAHNOB-HCI,arousal,all,72,hist_gradient_boosting,20260813,0.0230436662343278,subject,0.2405029543161838,0.05774487459442106,0.8770544700798674,0.1657141541944533,0.7540655150949269,0.037037037037037,0.7170284780578899,527,27,20,0.975925925925926,0.5123339658444023,0.9753320683111955,observational_factorial,,,,,,,0.04140471954608145,3.0,6.267200548541362
MAHNOB-HCI,arousal,all,72,hist_gradient_boosting,20260829,0.0842808762069463,subject,0.2195201037613489,0.06460748409815062,0.8814618103717939,0.18114307261174167,0.752740818549642,0.037037037037037,0.715703781512605,527,27,20,0.975925925925926,0.5123339658444023,0.9753320683111955,observational_factorial,,,,,,,0.04623982068306189,3.0,6.267200548541362
MAHNOB-HCI,arousal,all,72,hist_gradient_boosting,20260911,0.0359345727050007,subject,0.1769058942210694,0.06943154195841937,0.8743261524758936,0.18706203019308962,0.7426937441643324,0.037037037037037,0.7056567071272954,527,27,20,0.975925925925926,0.5123339658444023,0.9753320683111955,observational_factorial,,,,,,,0.048994833269148864,3.0,6.267200548541362
MAHNOB-HCI,arousal,all,72,hist_gradient_boosting,20260923,0.0430609597924773,subject,0.2203415477734544,0.05829310380021528,0.8721376582167534,0.16728902505426668,0.7342903828197945,0.037037037037037,0.6972533457827575,527,27,20,0.975925925925926,0.5123339658444023,0.9753320683111955,observational_factorial,,,,,,,0.040645061660761685,3.0,6.267200548541362
MAHNOB-HCI,arousal,all,72,hist_gradient_boosting,20261007,0.0210729211701973,subject,0.1857184032281308,0.05875874397250404,0.8782388260955674,0.1697884156826515,0.7438200280112046,0.037037037037037,0.7067829909741676,527,27,20,0.975925925925926,0.5123339658444023,0.9753320683111955,observational_factorial,,,,,,,0.04152968081077175,3.0,6.267200548541362
MAHNOB-HCI,arousal,all,72,linear_logistic,20260813,0.0093421242253926,subject,0.2405029543161838,0.05774487459442106,0.8770544700798674,0.1657141541944533,0.7540655150949269,0.037037037037037,0.7170284780578899,527,27,20,0.975925925925926,0.5123339658444023,0.9753320683111955,observational_factorial,,,,,,,0.04140471954608145,1.0,6.267200548541362
MAHNOB-HCI,arousal,all,72,linear_logistic,20260813,0.0050871883556709,subject,0.0360137068813539,0.0140857678566835,,,0.7540655150949269,0.037037037037037,0.7170284780578899,527,27,20,0.975925925925926,0.5123339658444023,0.9753320683111955,counterfactual_dose,0.0,0.0,0.5217394437238795,0.5268266320795504,0.0140857678566835,0.234614977100928,0.010099896688554516,1.0,6.267200548541362
MAHNOB-HCI,arousal,all,72,linear_logistic,20260813,0.0105490704712495,subject,0.0790085665968019,0.0692754385692257,,,0.7540655150949269,0.037037037037037,0.7170284780578899,527,27,20,0.975925925925926,0.5123339658444023,0.9753320683111955,counterfactual_dose,0.25,0.2502221938490175,0.5217394437238795,0.532288514195129,0.0140857678566835,0.234614977100928,0.049672462284084756,1.0,6.267200548541362
MAHNOB-HCI,arousal,all,72,linear_logistic,20260813,0.0067516933275688,subject,0.0730714008214008,0.1244115902858697,,,0.7540655150949269,0.037037037037037,0.7170284780578899,527,27,20,0.975925925925926,0.5123339658444023,0.9753320683111955,counterfactual_dose,0.5,0.5000775106990603,0.5217394437238795,0.5284911370514483,0.0140857678566835,0.234614977100928,0.08920665323543892,1.0,6.267200548541362
MAHNOB-HCI,arousal,all,72,linear_logistic,20260813,0.0372243839169909,subject,0.0941643617820088,0.1769882465844567,,,0.7540655150949269,0.037037037037037,0.7170284780578899,527,27,20,0.975925925925926,0.5123339658444023,0.9753320683111955,counterfactual_dose,0.75,0.7384630849021738,0.5217394437238795,0.5589638276408704,0.0140857678566835,0.234614977100928,0.12690561308258752,1.0,6.267200548541362
MAHNOB-HCI,arousal,all,72,linear_logistic,20260813,0.0101743767113416,subject,0.0926475746475746,0.234614977100928,,,0.7540655150949269,0.037037037037037,0.7170284780578899,527,27,20,0.975925925925926,0.5123339658444023,0.9753320683111955,counterfactual_dose,1.0,1.0,0.5217394437238795,0.5319138204352212,0.0140857678566835,0.234614977100928,0.16822561996026508,1.0,6.267200548541362
MAHNOB-HCI,arousal,all,72,linear_logistic,20260829,0.0436806456261709,subject,0.2195201037613489,0.06460748409815062,0.8814618103717939,0.18114307261174167,0.752740818549642,0.037037037037037,0.715703781512605,527,27,20,0.975925925925926,0.5123339658444023,0.9753320683111955,observational_factorial,,,,,,,0.04623982068306189,1.0,6.267200548541362
MAHNOB-HCI,arousal,all,72,linear_logistic,20260829,-0.0073137339674305,subject,0.0865615087526852,0.0170681449609202,,,0.752740818549642,0.037037037037037,0.715703781512605,527,27,20,0.975925925925926,0.5123339658444023,0.9753320683111955,counterfactual_dose,0.0,0.0,0.5487678339818418,0.5414541000144113,0.0170681449609202,0.2433256480780411,0.012215735891935902,1.0,6.267200548541362
MAHNOB-HCI,arousal,all,72,linear_logistic,20260829,0.0155642023346302,subject,0.107642321730557,0.0736283200154783,,,0.752740818549642,0.037037037037037,0.715703781512605,527,27,20,0.975925925925926,0.5123339658444023,0.9753320683111955,counterfactual_dose,0.25,0.2499462881732268,0.5487678339818418,0.5643320363164721,0.0170681449609202,0.2433256480780411,0.05269606706149804,1.0,6.267200548541362
MAHNOB-HCI,arousal,all,72,linear_logistic,20260829,0.0037037037037036,subject,0.1001891507185624,0.1302708640119373,,,0.752740818549642,0.037037037037037,0.715703781512605,527,27,20,0.975925925925926,0.5123339658444023,0.9753320683111955,counterfactual_dose,0.5,0.5002489404712455,0.5487678339818418,0.5524715376855455,0.0170681449609202,0.2433256480780411,0.09323534999425785,1.0,6.267200548541362
MAHNOB-HCI,arousal,all,72,linear_logistic,20260829,0.0455685257241677,subject,0.0842100350629762,0.1859539186893404,,,0.752740818549642,0.037037037037037,0.715703781512605,527,27,20,0.975925925925926,0.5123339658444023,0.9753320683111955,counterfactual_dose,0.75,0.7463859338664887,0.5487678339818418,0.5943363597060095,0.0170681449609202,0.2433256480780411,0.1330879227930484,1.0,6.267200548541362
MAHNOB-HCI,arousal,all,72,linear_logistic,20260829,0.0281524715376855,subject,0.0974537635567047,0.2433256480780411,,,0.752740818549642,0.037037037037037,0.715703781512605,527,27,20,0.975925925925926,0.5123339658444023,0.9753320683111955,counterfactual_dose,1.0,1.0,0.5487678339818418,0.5769203055195273,0.0170681449609202,0.2433256480780411,0.17414908646845936,1.0,6.267200548541362
MAHNOB-HCI,arousal,all,72,linear_logistic,20260911,0.0244487678339818,subject,0.1769058942210694,0.06943154195841937,0.8743261524758936,0.18706203019308962,0.7426937441643324,0.037037037037037,0.7056567071272954,527,27,20,0.975925925925926,0.5123339658444023,0.9753320683111955,observational_factorial,,,,,,,0.048994833269148864,1.0,6.267200548541362
MAHNOB-HCI,arousal,all,72,linear_logistic,20260911,-0.0112047845510881,subject,0.0823916916416916,0.0205257884508196,,,0.7426937441643324,0.037037037037037,0.7056567071272954,527,27,20,0.975925925925926,0.5123339658444023,0.9753320683111955,counterfactual_dose,0.0,0.0,0.5391338809626748,0.5279290964115866,0.0205257884508196,0.2529070923200868,0.01448416028939683,1.0,6.267200548541362
MAHNOB-HCI,arousal,all,72,linear_logistic,20260911,0.0150958351347455,subject,0.1227264891970774,0.0785478733941444,,,0.7426937441643324,0.037037037037037,0.7056567071272954,527,27,20,0.975925925925926,0.5123339658444023,0.9753320683111955,counterfactual_dose,0.25,0.2497540141925925,0.5391338809626748,0.5542297160974203,0.0205257884508196,0.2529070923200868,0.055427833691163636,1.0,6.267200548541362
MAHNOB-HCI,arousal,all,72,linear_logistic,20260911,0.0203703703703703,subject,0.1254693133663721,0.1367938741307088,,,0.7426937441643324,0.037037037037037,0.7056567071272954,527,27,20,0.975925925925926,0.5123339658444023,0.9753320683111955,counterfactual_dose,0.5,0.5007307166416114,0.5391338809626748,0.5595042513330452,0.0205257884508196,0.2529070923200868,0.0965295147742617,1.0,6.267200548541362
MAHNOB-HCI,arousal,all,72,linear_logistic,20260911,0.0149084882547917,subject,0.1152094033417562,0.1931320852913517,,,0.7426937441643324,0.037037037037037,0.7056567071272954,527,27,20,0.975925925925926,0.5123339658444023,0.9753320683111955,counterfactual_dose,0.75,0.7412292693721525,0.5391338809626748,0.5540423692174665,0.0205257884508196,0.2529070923200868,0.1362849513473232,1.0,6.267200548541362
MAHNOB-HCI,arousal,all,72,linear_logistic,20260911,0.0340827208531487,subject,0.1069050443021031,0.2529070923200868,,,0.7426937441643324,0.037037037037037,0.7056567071272954,527,27,20,0.975925925925926,0.5123339658444023,0.9753320683111955,counterfactual_dose,1.0,1.0,0.5391338809626748,0.5732166018158236,0.0205257884508196,0.2529070923200868,0.17846558597573137,1.0,6.267200548541362
MAHNOB-HCI,arousal,all,72,linear_logistic,20260923,0.0368965268770716,subject,0.2203415477734544,0.05829310380021528,0.8721376582167534,0.16728902505426668,0.7342903828197945,0.037037037037037,0.6972533457827575,527,27,20,0.975925925925926,0.5123339658444023,0.9753320683111955,observational_factorial,,,,,,,0.040645061660761685,1.0,6.267200548541362
MAHNOB-HCI,arousal,all,72,linear_logistic,20260923,-0.0026949128116444,subject,0.0616242695213283,0.0126083573342276,,,0.7342903828197945,0.037037037037037,0.6972533457827575,527,27,20,0.975925925925926,0.5123339658444023,0.9753320683111955,counterfactual_dose,0.0,0.0,0.530624009223231,0.5279290964115866,0.0126083573342276,0.2320478977847085,0.008791219336114764,1.0,6.267200548541362
MAHNOB-HCI,arousal,all,72,linear_logistic,20260923,0.0196209828505548,subject,0.1202369574869574,0.0674352295447094,,,0.7342903828197945,0.037037037037037,0.6972533457827575,527,27,20,0.975925925925926,0.5123339658444023,0.9753320683111955,counterfactual_dose,0.25,0.2498442855392603,0.530624009223231,0.5502449920737859,0.0126083573342276,0.2320478977847085,0.047019439423676895,1.0,6.267200548541362
MAHNOB-HCI,arousal,all,72,linear_logistic,20260923,0.0236993803141662,subject,0.0876445596886773,0.1225145897301018,,,0.7342903828197945,0.037037037037037,0.6972533457827575,527,27,20,0.975925925925926,0.5123339658444023,0.9753320683111955,counterfactual_dose,0.5,0.5011146633643921,0.530624009223231,0.5543233895373973,0.0126083573342276,0.2320478977847085,0.08542370759651535,1.0,6.267200548541362
MAHNOB-HCI,arousal,all,72,linear_logistic,20260923,0.0312004611615506,subject,0.1181317750876574,0.1756306448958544,,,0.7342903828197945,0.037037037037037,0.6972533457827575,527,27,20,0.975925925925926,0.5123339658444023,0.9753320683111955,counterfactual_dose,0.75,0.7424685505740444,0.530624009223231,0.5618244703847817,0.0126083573342276,0.2320478977847085,0.12245905477561786,1.0,6.267200548541362
MAHNOB-HCI,arousal,all,72,linear_logistic,20260923,0.0212854878224527,subject,0.099696000078353,0.2320478977847085,,,0.7342903828197945,0.037037037037037,0.6972533457827575,527,27,20,0.975925925925926,0.5123339658444023,0.9753320683111955,counterfactual_dose,1.0,1.0,0.530624009223231,0.5519094970456838,0.0126083573342276,0.2320478977847085,0.16179617311224334,1.0,6.267200548541362
MAHNOB-HCI,arousal,all,72,linear_logistic,20261007,-0.005638420521689,subject,0.1857184032281308,0.05875874397250404,0.8782388260955674,0.1697884156826515,0.7438200280112046,0.037037037037037,0.7067829909741676,527,27,20,0.975925925925926,0.5123339658444023,0.9753320683111955,observational_factorial,,,,,,,0.04152968081077175,1.0,6.267200548541362
MAHNOB-HCI,arousal,all,72,linear_logistic,20261007,0.0138996973627324,subject,0.0495764382676147,0.0142795795210271,,,0.7438200280112046,0.037037037037037,0.7067829909741676,527,27,20,0.975925925925926,0.5123339658444023,0.9753320683111955,counterfactual_dose,0.0,0.0,0.5399553249747802,0.5538550223375126,0.0142795795210271,0.2339988734358164,0.010092563923725007,1.0,6.267200548541362
MAHNOB-HCI,arousal,all,72,linear_logistic,20261007,0.0112984579910651,subject,0.0993309011250187,0.0693328421670181,,,0.7438200280112046,0.037037037037037,0.7067829909741676,527,27,20,0.975925925925926,0.5123339658444023,0.9753320683111955,counterfactual_dose,0.25,0.2506055752747193,0.5399553249747802,0.5512537829658453,0.0142795795210271,0.2339988734358164,0.049003273559544945,1.0,6.267200548541362
MAHNOB-HCI,arousal,all,72,linear_logistic,20261007,0.0168540135466206,subject,0.1047290585231761,0.124161340053874,,,0.7438200280112046,0.037037037037037,0.7067829909741676,527,27,20,0.975925925925926,0.5123339658444023,0.9753320683111955,counterfactual_dose,0.5,0.5001986961810408,0.5399553249747802,0.5568093385214008,0.0142795795210271,0.2339988734358164,0.08775512328663779,1.0,6.267200548541362
MAHNOB-HCI,arousal,all,72,linear_logistic,20261007,0.0117668251909497,subject,0.124925143483967,0.1789774854359311,,,0.7438200280112046,0.037037037037037,0.7067829909741676,527,27,20,0.975925925925926,0.5123339658444023,0.9753320683111955,counterfactual_dose,0.75,0.7491408747576234,0.5399553249747802,0.5517221501657299,0.0142795795210271,0.2339988734358164,0.1264982424734429,1.0,6.267200548541362
MAHNOB-HCI,arousal,all,72,linear_logistic,20261007,0.0099149733390979,subject,0.1149545552486728,0.2339988734358164,,,0.7438200280112046,0.037037037037037,0.7067829909741676,527,27,20,0.975925925925926,0.5123339658444023,0.9753320683111955,counterfactual_dose,1.0,1.0,0.5399553249747802,0.5498702983138781,0.0142795795210271,0.2339988734358164,0.165386423651552,1.0,6.267200548541362
MAHNOB-HCI,arousal,all,72,rbf_svm,20260813,0.0376459143968871,subject,0.2405029543161838,0.05774487459442106,0.8770544700798674,0.1657141541944533,0.7540655150949269,0.037037037037037,0.7170284780578899,527,27,20,0.975925925925926,0.5123339658444023,0.9753320683111955,observational_factorial,,,,,,,0.04140471954608145,2.0,6.267200548541362
MAHNOB-HCI,arousal,all,72,rbf_svm,20260829,0.0659028678483931,subject,0.2195201037613489,0.06460748409815062,0.8814618103717939,0.18114307261174167,0.752740818549642,0.037037037037037,0.715703781512605,527,27,20,0.975925925925926,0.5123339658444023,0.9753320683111955,observational_factorial,,,,,,,0.04623982068306189,2.0,6.267200548541362
MAHNOB-HCI,arousal,all,72,rbf_svm,20260911,0.0397787865686697,subject,0.1769058942210694,0.06943154195841937,0.8743261524758936,0.18706203019308962,0.7426937441643324,0.037037037037037,0.7056567071272954,527,27,20,0.975925925925926,0.5123339658444023,0.9753320683111955,observational_factorial,,,,,,,0.048994833269148864,2.0,6.267200548541362
MAHNOB-HCI,arousal,all,72,rbf_svm,20260923,0.0373757025507998,subject,0.2203415477734544,0.05829310380021528,0.8721376582167534,0.16728902505426668,0.7342903828197945,0.037037037037037,0.6972533457827575,527,27,20,0.975925925925926,0.5123339658444023,0.9753320683111955,observational_factorial,,,,,,,0.040645061660761685,2.0,6.267200548541362
MAHNOB-HCI,arousal,all,72,rbf_svm,20261007,0.046541288370082,subject,0.1857184032281308,0.05875874397250404,0.8782388260955674,0.1697884156826515,0.7438200280112046,0.037037037037037,0.7067829909741676,527,27,20,0.975925925925926,0.5123339658444023,0.9753320683111955,observational_factorial,,,,,,,0.04152968081077175,2.0,6.267200548541362
MAHNOB-HCI,arousal,normalized_asymmetry,12,gpu_mlp,20260813,0.0168540135466204,subject,0.0360137068813539,0.0140857678566835,,,0.41340258325552437,0.037037037037037,0.3763655462184874,527,27,20,0.975925925925926,0.5123339658444023,0.9753320683111955,counterfactual_dose,0.0,0.0,0.5052385069894798,0.5220925205361002,0.0140857678566835,0.234614977100928,0.005301397713287498,4.0,6.267200548541362
MAHNOB-HCI,arousal,normalized_asymmetry,12,gpu_mlp,20260813,0.0179564778786567,subject,0.0790085665968019,0.0692754385692257,,,0.41340258325552437,0.037037037037037,0.3763655462184874,527,27,20,0.975925925925926,0.5123339658444023,0.9753320683111955,counterfactual_dose,0.25,0.2502221938490175,0.5052385069894798,0.5231949848681365,0.0140857678566835,0.234614977100928,0.0260728882766319,4.0,6.267200548541362
MAHNOB-HCI,arousal,normalized_asymmetry,12,gpu_mlp,20260813,0.0164793197867128,subject,0.0730714008214008,0.1244115902858697,,,0.41340258325552437,0.037037037037037,0.3763655462184874,527,27,20,0.975925925925926,0.5123339658444023,0.9753320683111955,counterfactual_dose,0.5,0.5000775106990603,0.5052385069894798,0.5217178267761926,0.0140857678566835,0.234614977100928,0.04682423613385201,4.0,6.267200548541362
MAHNOB-HCI,arousal,normalized_asymmetry,12,gpu_mlp,20260813,0.0179564778786567,subject,0.0941643617820088,0.1769882465844567,,,0.41340258325552437,0.037037037037037,0.3763655462184874,527,27,20,0.975925925925926,0.5123339658444023,0.9753320683111955,counterfactual_dose,0.75,0.7384630849021738,0.5052385069894798,0.5231949848681365,0.0140857678566835,0.234614977100928,0.06661227810001139,4.0,6.267200548541362
MAHNOB-HCI,arousal,normalized_asymmetry,12,gpu_mlp,20260813,0.0411154345006483,subject,0.0926475746475746,0.234614977100928,,,0.41340258325552437,0.037037037037037,0.3763655462184874,527,27,20,0.975925925925926,0.5123339658444023,0.9753320683111955,counterfactual_dose,1.0,1.0,0.5052385069894798,0.5463539414901282,0.0140857678566835,0.234614977100928,0.08830099400762867,4.0,6.267200548541362
MAHNOB-HCI,arousal,normalized_asymmetry,12,gpu_mlp,20260829,-0.0116731517509727,subject,0.0865615087526852,0.0170681449609202,,,0.39108309990662926,0.037037037037037,0.3540460628695923,527,27,20,0.975925925925926,0.5123339658444023,0.9753320683111955,counterfactual_dose,0.0,0.0,0.5170053321804294,0.5053321804294567,0.0170681449609202,0.2433256480780411,0.006042909523901269,4.0,6.267200548541362
MAHNOB-HCI,arousal,normalized_asymmetry,12,gpu_mlp,20260829,0.0088845654993515,subject,0.107642321730557,0.0736283200154783,,,0.39108309990662926,0.037037037037037,0.3540460628695923,527,27,20,0.975925925925926,0.5123339658444023,0.9753320683111955,counterfactual_dose,0.25,0.2499462881732268,0.5170053321804294,0.525889897679781,0.0170681449609202,0.2433256480780411,0.02606781681718249,4.0,6.267200548541362
MAHNOB-HCI,arousal,normalized_asymmetry,12,gpu_mlp,20260829,0.0173223807465052,subject,0.1001891507185624,0.1302708640119373,,,0.39108309990662926,0.037037037037037,0.3540460628695923,527,27,20,0.975925925925926,0.5123339658444023,0.9753320683111955,counterfactual_dose,0.5,0.5002489404712455,0.5170053321804294,0.5343277129269347,0.0170681449609202,0.2433256480780411,0.04612188651004646,4.0,6.267200548541362
MAHNOB-HCI,arousal,normalized_asymmetry,12,gpu_mlp,20260829,0.0074074074074074,subject,0.0842100350629762,0.1859539186893404,,,0.39108309990662926,0.037037037037037,0.3540460628695923,527,27,20,0.975925925925926,0.5123339658444023,0.9753320683111955,counterfactual_dose,0.75,0.7463859338664887,0.5170053321804294,0.5244127395878369,0.0170681449609202,0.2433256480780411,0.06583625278713326,4.0,6.267200548541362
MAHNOB-HCI,arousal,normalized_asymmetry,12,gpu_mlp,20260829,0.0280587980977086,subject,0.0974537635567047,0.2433256480780411,,,0.39108309990662926,0.037037037037037,0.3540460628695923,527,27,20,0.975925925925926,0.5123339658444023,0.9753320683111955,counterfactual_dose,1.0,1.0,0.5170053321804294,0.545064130278138,0.0170681449609202,0.2433256480780411,0.08614848769722243,4.0,6.267200548541362
MAHNOB-HCI,arousal,normalized_asymmetry,12,gpu_mlp,20260911,-0.0059302493154633,subject,0.0823916916416916,0.0205257884508196,,,0.3935632586367881,0.037037037037037,0.3565262215997511,527,27,20,0.975925925925926,0.5123339658444023,0.9753320683111955,counterfactual_dose,0.0,0.0,0.4800403516356823,0.474110102320219,0.0205257884508196,0.2529070923200868,0.0073179818017265206,4.0,6.267200548541362
MAHNOB-HCI,arousal,normalized_asymmetry,12,gpu_mlp,20260911,0.0033290099437959,subject,0.1227264891970774,0.0785478733941444,,,0.3935632586367881,0.037037037037037,0.3565262215997511,527,27,20,0.975925925925926,0.5123339658444023,0.9753320683111955,counterfactual_dose,0.25,0.2497540141925925,0.4800403516356823,0.4833693615794783,0.0205257884508196,0.2529070923200868,0.028004376515909923,4.0,6.267200548541362
MAHNOB-HCI,arousal,normalized_asymmetry,12,gpu_mlp,20260911,0.0349041648652543,subject,0.1254693133663721,0.1367938741307088,,,0.3935632586367881,0.037037037037037,0.3565262215997511,527,27,20,0.975925925925926,0.5123339658444023,0.9753320683111955,counterfactual_dose,0.5,0.5007307166416114,0.4800403516356823,0.5149445165009368,0.0205257884508196,0.2529070923200868,0.048770603081813545,4.0,6.267200548541362
MAHNOB-HCI,arousal,normalized_asymmetry,12,gpu_mlp,20260911,0.0437166738723159,subject,0.1152094033417562,0.1931320852913517,,,0.3935632586367881,0.037037037037037,0.3565262215997511,527,27,20,0.975925925925926,0.5123339658444023,0.9753320683111955,counterfactual_dose,0.75,0.7412292693721525,0.4800403516356823,0.5237570255079983,0.0205257884508196,0.2529070923200868,0.06885665263860649,4.0,6.267200548541362
MAHNOB-HCI,arousal,normalized_asymmetry,12,gpu_mlp,20260911,0.0374117307969448,subject,0.1069050443021031,0.2529070923200868,,,0.3935632586367881,0.037037037037037,0.3565262215997511,527,27,20,0.975925925925926,0.5123339658444023,0.9753320683111955,counterfactual_dose,1.0,1.0,0.4800403516356823,0.5174520824326272,0.0205257884508196,0.2529070923200868,0.09016801004065998,4.0,6.267200548541362
MAHNOB-HCI,arousal,normalized_asymmetry,12,gpu_mlp,20260923,-0.0170413604265745,subject,0.0616242695213283,0.0126083573342276,,,0.4015017117958294,0.037037037037037,0.3644646747587924,527,27,20,0.975925925925926,0.5123339658444023,0.9753320683111955,counterfactual_dose,0.0,0.0,0.4982778498342701,0.4812364894076956,0.0126083573342276,0.2320478977847085,0.004595300855061897,4.0,6.267200548541362
MAHNOB-HCI,arousal,normalized_asymmetry,12,gpu_mlp,20260923,0.012775616083009,subject,0.1202369574869574,0.0674352295447094,,,0.4015017117958294,0.037037037037037,0.3644646747587924,527,27,20,0.975925925925926,0.5123339658444023,0.9753320683111955,counterfactual_dose,0.25,0.2498442855392603,0.4982778498342701,0.5110534659172792,0.0126083573342276,0.2320478977847085,0.02457775900329702,4.0,6.267200548541362
MAHNOB-HCI,arousal,normalized_asymmetry,12,gpu_mlp,20260923,0.0322308690012969,subject,0.0876445596886773,0.1225145897301018,,,0.4015017117958294,0.037037037037037,0.3644646747587924,527,27,20,0.975925925925926,0.5123339658444023,0.9753320683111955,counterfactual_dose,0.5,0.5011146633643921,0.4982778498342701,0.530508718835567,0.0126083573342276,0.2320478977847085,0.044652240099188445,4.0,6.267200548541362
MAHNOB-HCI,arousal,normalized_asymmetry,12,gpu_mlp,20260923,0.0341763942931257,subject,0.1181317750876574,0.1756306448958544,,,0.4015017117958294,0.037037037037037,0.3644646747587924,527,27,20,0.975925925925926,0.5123339658444023,0.9753320683111955,counterfactual_dose,0.75,0.7424685505740444,0.4982778498342701,0.5324542441273958,0.0126083573342276,0.2320478977847085,0.06401116586964453,4.0,6.267200548541362
MAHNOB-HCI,arousal,normalized_asymmetry,12,gpu_mlp,20260923,0.0213071047701396,subject,0.099696000078353,0.2320478977847085,,,0.4015017117958294,0.037037037037037,0.3644646747587924,527,27,20,0.975925925925926,0.5123339658444023,0.9753320683111955,counterfactual_dose,1.0,1.0,0.4982778498342701,0.5195849546044098,0.0126083573342276,0.2320478977847085,0.08457326159456528,4.0,6.267200548541362
MAHNOB-HCI,arousal,normalized_asymmetry,12,gpu_mlp,20261007,-0.0082504683671998,subject,0.0495764382676147,0.0142795795210271,,,0.37746654217242454,0.037037037037037,0.34042950513538756,527,27,20,0.975925925925926,0.5123339658444023,0.9753320683111955,counterfactual_dose,0.0,0.0,0.4952298602104049,0.486979391843205,0.0142795795210271,0.2339988734358164,0.00486119018988467,4.0,6.267200548541362
MAHNOB-HCI,arousal,normalized_asymmetry,12,gpu_mlp,20261007,0.0169476869865975,subject,0.0993309011250187,0.0693328421670181,,,0.37746654217242454,0.037037037037037,0.34042950513538756,527,27,20,0.975925925925926,0.5123339658444023,0.9753320683111955,counterfactual_dose,0.25,0.2506055752747193,0.4952298602104049,0.5121775471970025,0.0142795795210271,0.2339988734358164,0.023602945148547903,4.0,6.267200548541362
MAHNOB-HCI,arousal,normalized_asymmetry,12,gpu_mlp,20261007,0.0152831820146995,subject,0.1047290585231761,0.124161340053874,,,0.37746654217242454,0.037037037037037,0.34042950513538756,527,27,20,0.975925925925926,0.5123339658444023,0.9753320683111955,counterfactual_dose,0.5,0.5001986961810408,0.4952298602104049,0.5105130422251045,0.0142795795210271,0.2339988734358164,0.0422681835514869,4.0,6.267200548541362
MAHNOB-HCI,arousal,normalized_asymmetry,12,gpu_mlp,20261007,0.0011024643320363,subject,0.124925143483967,0.1789774854359311,,,0.37746654217242454,0.037037037037037,0.34042950513538756,527,27,20,0.975925925925926,0.5123339658444023,0.9753320683111955,counterfactual_dose,0.75,0.7491408747576234,0.4952298602104049,0.4963323245424413,0.0142795795210271,0.2339988734358164,0.06092921679733005,4.0,6.267200548541362
MAHNOB-HCI,arousal,normalized_asymmetry,12,gpu_mlp,20261007,-0.0151895085747225,subject,0.1149545552486728,0.2339988734358164,,,0.37746654217242454,0.037037037037037,0.34042950513538756,527,27,20,0.975925925925926,0.5123339658444023,0.9753320683111955,counterfactual_dose,1.0,1.0,0.4952298602104049,0.4800403516356823,0.0142795795210271,0.2339988734358164,0.07966012068599317,4.0,6.267200548541362
MAHNOB-HCI,arousal,normalized_asymmetry,12,linear_logistic,20260813,-0.0241425277417494,subject,0.2405029543161838,0.05774487459442106,0.8770544700798674,0.1657141541944533,0.41340258325552437,0.037037037037037,0.3763655462184874,527,27,20,0.975925925925926,0.5123339658444023,0.9753320683111955,observational_factorial,,,,,,,0.02173318126804734,1.0,6.267200548541362
MAHNOB-HCI,arousal,normalized_asymmetry,12,linear_logistic,20260813,0.0140654272949992,subject,0.0360137068813539,0.0140857678566835,,,0.41340258325552437,0.037037037037037,0.3763655462184874,527,27,20,0.975925925925926,0.5123339658444023,0.9753320683111955,counterfactual_dose,0.0,0.0,0.4979247730220493,0.5119902003170486,0.0140857678566835,0.234614977100928,0.005301397713287498,1.0,6.267200548541362
MAHNOB-HCI,arousal,normalized_asymmetry,12,linear_logistic,20260813,0.0312941346015276,subject,0.0790085665968019,0.0692754385692257,,,0.41340258325552437,0.037037037037037,0.3763655462184874,527,27,20,0.975925925925926,0.5123339658444023,0.9753320683111955,counterfactual_dose,0.25,0.2502221938490175,0.4979247730220493,0.5292189076235769,0.0140857678566835,0.234614977100928,0.0260728882766319,1.0,6.267200548541362
MAHNOB-HCI,arousal,normalized_asymmetry,12,linear_logistic,20260813,0.028973915549791,subject,0.0730714008214008,0.1244115902858697,,,0.41340258325552437,0.037037037037037,0.3763655462184874,527,27,20,0.975925925925926,0.5123339658444023,0.9753320683111955,counterfactual_dose,0.5,0.5000775106990603,0.4979247730220493,0.5268986885718403,0.0140857678566835,0.234614977100928,0.04682423613385201,1.0,6.267200548541362
MAHNOB-HCI,arousal,normalized_asymmetry,12,linear_logistic,20260813,0.0445381178844213,subject,0.0941643617820088,0.1769882465844567,,,0.41340258325552437,0.037037037037037,0.3763655462184874,527,27,20,0.975925925925926,0.5123339658444023,0.9753320683111955,counterfactual_dose,0.75,0.7384630849021738,0.4979247730220493,0.5424628909064706,0.0140857678566835,0.234614977100928,0.06661227810001139,1.0,6.267200548541362
MAHNOB-HCI,arousal,normalized_asymmetry,12,linear_logistic,20260813,0.0271220636979392,subject,0.0926475746475746,0.234614977100928,,,0.41340258325552437,0.037037037037037,0.3763655462184874,527,27,20,0.975925925925926,0.5123339658444023,0.9753320683111955,counterfactual_dose,1.0,1.0,0.4979247730220493,0.5250468367199885,0.0140857678566835,0.234614977100928,0.08830099400762867,1.0,6.267200548541362
MAHNOB-HCI,arousal,normalized_asymmetry,12,linear_logistic,20260829,0.0380782533506268,subject,0.2195201037613489,0.06460748409815062,0.8814618103717939,0.18114307261174167,0.39108309990662926,0.037037037037037,0.3540460628695923,527,27,20,0.975925925925926,0.5123339658444023,0.9753320683111955,observational_factorial,,,,,,,0.022874025376860018,1.0,6.267200548541362
MAHNOB-HCI,arousal,normalized_asymmetry,12,linear_logistic,20260829,0.0040783974636113,subject,0.0865615087526852,0.0170681449609202,,,0.39108309990662926,0.037037037037037,0.3540460628695923,527,27,20,0.975925925925926,0.5123339658444023,0.9753320683111955,counterfactual_dose,0.0,0.0,0.5372820291108229,0.5413604265744343,0.0170681449609202,0.2433256480780411,0.006042909523901269,1.0,6.267200548541362
MAHNOB-HCI,arousal,normalized_asymmetry,12,linear_logistic,20260829,0.0287145121775471,subject,0.107642321730557,0.0736283200154783,,,0.39108309990662926,0.037037037037037,0.3540460628695923,527,27,20,0.975925925925926,0.5123339658444023,0.9753320683111955,counterfactual_dose,0.25,0.2499462881732268,0.5372820291108229,0.5659965412883701,0.0170681449609202,0.2433256480780411,0.02606781681718249,1.0,6.267200548541362
MAHNOB-HCI,arousal,normalized_asymmetry,12,linear_logistic,20260829,0.0231589566219916,subject,0.1001891507185624,0.1302708640119373,,,0.39108309990662926,0.037037037037037,0.3540460628695923,527,27,20,0.975925925925926,0.5123339658444023,0.9753320683111955,counterfactual_dose,0.5,0.5002489404712455,0.5372820291108229,0.5604409857328145,0.0170681449609202,0.2433256480780411,0.04612188651004646,1.0,6.267200548541362
MAHNOB-HCI,arousal,normalized_asymmetry,12,linear_logistic,20260829,0.020838737570255,subject,0.0842100350629762,0.1859539186893404,,,0.39108309990662926,0.037037037037037,0.3540460628695923,527,27,20,0.975925925925926,0.5123339658444023,0.9753320683111955,counterfactual_dose,0.75,0.7463859338664887,0.5372820291108229,0.5581207666810779,0.0170681449609202,0.2433256480780411,0.06583625278713326,1.0,6.267200548541362
MAHNOB-HCI,arousal,normalized_asymmetry,12,linear_logistic,20260829,0.0346447614930105,subject,0.0974537635567047,0.2433256480780411,,,0.39108309990662926,0.037037037037037,0.3540460628695923,527,27,20,0.975925925925926,0.5123339658444023,0.9753320683111955,counterfactual_dose,1.0,1.0,0.5372820291108229,0.5719267906038334,0.0170681449609202,0.2433256480780411,0.08614848769722243,1.0,6.267200548541362
MAHNOB-HCI,arousal,normalized_asymmetry,12,linear_logistic,20260911,-0.00473411154345,subject,0.1769058942210694,0.06943154195841937,0.8743261524758936,0.18706203019308962,0.3935632586367881,0.037037037037037,0.3565262215997511,527,27,20,0.975925925925926,0.5123339658444023,0.9753320683111955,observational_factorial,,,,,,,0.024754165314279843,1.0,6.267200548541362
MAHNOB-HCI,arousal,normalized_asymmetry,12,linear_logistic,20260911,0.0091655858192822,subject,0.0823916916416916,0.0205257884508196,,,0.3935632586367881,0.037037037037037,0.3565262215997511,527,27,20,0.975925925925926,0.5123339658444023,0.9753320683111955,counterfactual_dose,0.0,0.0,0.4982057933419801,0.5073713791612624,0.0205257884508196,0.2529070923200868,0.0073179818017265206,1.0,6.267200548541362
MAHNOB-HCI,arousal,normalized_asymmetry,12,linear_logistic,20260911,0.0148148148148148,subject,0.1227264891970774,0.0785478733941444,,,0.3935632586367881,0.037037037037037,0.3565262215997511,527,27,20,0.975925925925926,0.5123339658444023,0.9753320683111955,counterfactual_dose,0.25,0.2497540141925925,0.4982057933419801,0.513020608156795,0.0205257884508196,0.2529070923200868,0.028004376515909923,1.0,6.267200548541362
MAHNOB-HCI,arousal,normalized_asymmetry,12,linear_logistic,20260911,0.0259259259259259,subject,0.1254693133663721,0.1367938741307088,,,0.3935632586367881,0.037037037037037,0.3565262215997511,527,27,20,0.975925925925926,0.5123339658444023,0.9753320683111955,counterfactual_dose,0.5,0.5007307166416114,0.4982057933419801,0.524131719267906,0.0205257884508196,0.2529070923200868,0.048770603081813545,1.0,6.267200548541362
MAHNOB-HCI,arousal,normalized_asymmetry,12,linear_logistic,20260911,0.0315751549214584,subject,0.1152094033417562,0.1931320852913517,,,0.3935632586367881,0.037037037037037,0.3565262215997511,527,27,20,0.975925925925926,0.5123339658444023,0.9753320683111955,counterfactual_dose,0.75,0.7412292693721525,0.4982057933419801,0.5297809482634386,0.0205257884508196,0.2529070923200868,0.06885665263860649,1.0,6.267200548541362
MAHNOB-HCI,arousal,normalized_asymmetry,12,linear_logistic,20260911,0.0393572560887736,subject,0.1069050443021031,0.2529070923200868,,,0.3935632586367881,0.037037037037037,0.3565262215997511,527,27,20,0.975925925925926,0.5123339658444023,0.9753320683111955,counterfactual_dose,1.0,1.0,0.4982057933419801,0.5375630494307537,0.0205257884508196,0.2529070923200868,0.09016801004065998,1.0,6.267200548541362
MAHNOB-HCI,arousal,normalized_asymmetry,12,linear_logistic,20260923,-0.0024967574578469,subject,0.2203415477734544,0.05829310380021528,0.8721376582167534,0.16728902505426668,0.4015017117958294,0.037037037037037,0.3644646747587924,527,27,20,0.975925925925926,0.5123339658444023,0.9753320683111955,observational_factorial,,,,,,,0.02124577711722599,1.0,6.267200548541362
MAHNOB-HCI,arousal,normalized_asymmetry,12,linear_logistic,20260923,0.0164793197867128,subject,0.0616242695213283,0.0126083573342276,,,0.4015017117958294,0.037037037037037,0.3644646747587924,527,27,20,0.975925925925926,0.5123339658444023,0.9753320683111955,counterfactual_dose,0.0,0.0,0.503105634817697,0.5195849546044098,0.0126083573342276,0.2320478977847085,0.004595300855061897,1.0,6.267200548541362
MAHNOB-HCI,arousal,normalized_asymmetry,12,linear_logistic,20260923,0.0260195993659029,subject,0.1202369574869574,0.0674352295447094,,,0.4015017117958294,0.037037037037037,0.3644646747587924,527,27,20,0.975925925925926,0.5123339658444023,0.9753320683111955,counterfactual_dose,0.25,0.2498442855392603,0.503105634817697,0.5291252341835999,0.0126083573342276,0.2320478977847085,0.02457775900329702,1.0,6.267200548541362
MAHNOB-HCI,arousal,normalized_asymmetry,12,linear_logistic,20260923,0.0224095691021761,subject,0.0876445596886773,0.1225145897301018,,,0.4015017117958294,0.037037037037037,0.3644646747587924,527,27,20,0.975925925925926,0.5123339658444023,0.9753320683111955,counterfactual_dose,0.5,0.5011146633643921,0.503105634817697,0.5255152039198732,0.0126083573342276,0.2320478977847085,0.044652240099188445,1.0,6.267200548541362
MAHNOB-HCI,arousal,normalized_asymmetry,12,linear_logistic,20260923,0.0263942931258107,subject,0.1181317750876574,0.1756306448958544,,,0.4015017117958294,0.037037037037037,0.3644646747587924,527,27,20,0.975925925925926,0.5123339658444023,0.9753320683111955,counterfactual_dose,0.75,0.7424685505740444,0.503105634817697,0.5294999279435078,0.0126083573342276,0.2320478977847085,0.06401116586964453,1.0,6.267200548541362
MAHNOB-HCI,arousal,normalized_asymmetry,12,linear_logistic,20260923,0.0191742325983571,subject,0.099696000078353,0.2320478977847085,,,0.4015017117958294,0.037037037037037,0.3644646747587924,527,27,20,0.975925925925926,0.5123339658444023,0.9753320683111955,counterfactual_dose,1.0,1.0,0.503105634817697,0.5222798674160541,0.0126083573342276,0.2320478977847085,0.08457326159456528,1.0,6.267200548541362
MAHNOB-HCI,arousal,normalized_asymmetry,12,linear_logistic,20261007,-0.0128224528029975,subject,0.1857184032281308,0.05875874397250404,0.8782388260955674,0.1697884156826515,0.37746654217242454,0.037037037037037,0.34042950513538756,527,27,20,0.975925925925926,0.5123339658444023,0.9753320683111955,observational_factorial,,,,,,,0.020003210132936485,1.0,6.267200548541362
MAHNOB-HCI,arousal,normalized_asymmetry,12,linear_logistic,20261007,0.0108300907911802,subject,0.0495764382676147,0.0142795795210271,,,0.37746654217242454,0.037037037037037,0.34042950513538756,527,27,20,0.975925925925926,0.5123339658444023,0.9753320683111955,counterfactual_dose,0.0,0.0,0.5055195273094106,0.5163496181005909,0.0142795795210271,0.2339988734358164,0.00486119018988467,1.0,6.267200548541362
MAHNOB-HCI,arousal,normalized_asymmetry,12,linear_logistic,20261007,0.0089782389393283,subject,0.0993309011250187,0.0693328421670181,,,0.37746654217242454,0.037037037037037,0.34042950513538756,527,27,20,0.975925925925926,0.5123339658444023,0.9753320683111955,counterfactual_dose,0.25,0.2506055752747193,0.5055195273094106,0.514497766248739,0.0142795795210271,0.2339988734358164,0.023602945148547903,1.0,6.267200548541362
MAHNOB-HCI,arousal,normalized_asymmetry,12,linear_logistic,20261007,0.0165729932266895,subject,0.1047290585231761,0.124161340053874,,,0.37746654217242454,0.037037037037037,0.34042950513538756,527,27,20,0.975925925925926,0.5123339658444023,0.9753320683111955,counterfactual_dose,0.5,0.5001986961810408,0.5055195273094106,0.5220925205361002,0.0142795795210271,0.2339988734358164,0.0422681835514869,1.0,6.267200548541362
MAHNOB-HCI,arousal,normalized_asymmetry,12,linear_logistic,20261007,0.0080415045395589,subject,0.124925143483967,0.1789774854359311,,,0.37746654217242454,0.037037037037037,0.34042950513538756,527,27,20,0.975925925925926,0.5123339658444023,0.9753320683111955,counterfactual_dose,0.75,0.7491408747576234,0.5055195273094106,0.5135610318489696,0.0142795795210271,0.2339988734358164,0.06092921679733005,1.0,6.267200548541362
MAHNOB-HCI,arousal,normalized_asymmetry,12,linear_logistic,20261007,0.0065643464476148,subject,0.1149545552486728,0.2339988734358164,,,0.37746654217242454,0.037037037037037,0.34042950513538756,527,27,20,0.975925925925926,0.5123339658444023,0.9753320683111955,counterfactual_dose,1.0,1.0,0.5055195273094106,0.5120838737570255,0.0142795795210271,0.2339988734358164,0.07966012068599317,1.0,6.267200548541362
MAHNOB-HCI,arousal,normalized_asymmetry,12,rbf_svm,20260813,0.0129413460152759,subject,0.2405029543161838,0.05774487459442106,0.8770544700798674,0.1657141541944533,0.41340258325552437,0.037037037037037,0.3763655462184874,527,27,20,0.975925925925926,0.5123339658444023,0.9753320683111955,observational_factorial,,,,,,,0.02173318126804734,2.0,6.267200548541362
MAHNOB-HCI,arousal,normalized_asymmetry,12,rbf_svm,20260829,0.0452514771580918,subject,0.2195201037613489,0.06460748409815062,0.8814618103717939,0.18114307261174167,0.39108309990662926,0.037037037037037,0.3540460628695923,527,27,20,0.975925925925926,0.5123339658444023,0.9753320683111955,observational_factorial,,,,,,,0.022874025376860018,2.0,6.267200548541362
MAHNOB-HCI,arousal,normalized_asymmetry,12,rbf_svm,20260911,0.0280119613777201,subject,0.1769058942210694,0.06943154195841937,0.8743261524758936,0.18706203019308962,0.3935632586367881,0.037037037037037,0.3565262215997511,527,27,20,0.975925925925926,0.5123339658444023,0.9753320683111955,observational_factorial,,,,,,,0.024754165314279843,2.0,6.267200548541362
MAHNOB-HCI,arousal,normalized_asymmetry,12,rbf_svm,20260923,0.0397787865686698,subject,0.2203415477734544,0.05829310380021528,0.8721376582167534,0.16728902505426668,0.4015017117958294,0.037037037037037,0.3644646747587924,527,27,20,0.975925925925926,0.5123339658444023,0.9753320683111955,observational_factorial,,,,,,,0.02124577711722599,2.0,6.267200548541362
MAHNOB-HCI,arousal,normalized_asymmetry,12,rbf_svm,20261007,-0.0095871162991785,subject,0.1857184032281308,0.05875874397250404,0.8782388260955674,0.1697884156826515,0.37746654217242454,0.037037037037037,0.34042950513538756,527,27,20,0.975925925925926,0.5123339658444023,0.9753320683111955,observational_factorial,,,,,,,0.020003210132936485,2.0,6.267200548541362
MAHNOB-HCI,arousal,relative_power,24,gpu_mlp,20260813,0.011392131431042,subject,0.0360137068813539,0.0140857678566835,,,0.4018499066293184,0.037037037037037,0.36481286959228143,527,27,20,0.975925925925926,0.5123339658444023,0.9753320683111955,counterfactual_dose,0.0,0.0,0.5093169044530912,0.5207090358841332,0.0140857678566835,0.234614977100928,0.0051386693922074265,4.0,6.267200548541362
MAHNOB-HCI,arousal,relative_power,24,gpu_mlp,20260813,0.0321371955613201,subject,0.0790085665968019,0.0692754385692257,,,0.4018499066293184,0.037037037037037,0.36481286959228143,527,27,20,0.975925925925926,0.5123339658444023,0.9753320683111955,counterfactual_dose,0.25,0.2502221938490175,0.5093169044530912,0.5414541000144113,0.0140857678566835,0.234614977100928,0.02527257153670304,4.0,6.267200548541362
MAHNOB-HCI,arousal,relative_power,24,gpu_mlp,20260813,0.0191742325983571,subject,0.0730714008214008,0.1244115902858697,,,0.4018499066293184,0.037037037037037,0.36481286959228143,527,27,20,0.975925925925926,0.5123339658444023,0.9753320683111955,counterfactual_dose,0.5,0.5000775106990603,0.5093169044530912,0.5284911370514483,0.0140857678566835,0.234614977100928,0.04538694926272733,4.0,6.267200548541362
MAHNOB-HCI,arousal,relative_power,24,gpu_mlp,20260813,0.0103833405389826,subject,0.0941643617820088,0.1769882465844567,,,0.4018499066293184,0.037037037037037,0.36481286959228143,527,27,20,0.975925925925926,0.5123339658444023,0.9753320683111955,counterfactual_dose,0.75,0.7384630849021738,0.5093169044530912,0.5197002449920738,0.0140857678566835,0.234614977100928,0.06456759012058196,4.0,6.267200548541362
MAHNOB-HCI,arousal,relative_power,24,gpu_mlp,20260813,0.0172287073065283,subject,0.0926475746475746,0.234614977100928,,,0.4018499066293184,0.037037037037037,0.36481286959228143,527,27,20,0.975925925925926,0.5123339658444023,0.9753320683111955,counterfactual_dose,1.0,1.0,0.5093169044530912,0.5265456117596196,0.0140857678566835,0.234614977100928,0.08559056304551693,4.0,6.267200548541362
MAHNOB-HCI,arousal,relative_power,24,gpu_mlp,20260829,-0.0237209972618532,subject,0.0865615087526852,0.0170681449609202,,,0.3972202769996887,0.037037037037037,0.3601832399626517,527,27,20,0.975925925925926,0.5123339658444023,0.9753320683111955,counterfactual_dose,0.0,0.0,0.5351491569390402,0.5114281596771869,0.0170681449609202,0.2433256480780411,0.006147659752176446,4.0,6.267200548541362
MAHNOB-HCI,arousal,relative_power,24,gpu_mlp,20260829,0.0059302493154633,subject,0.107642321730557,0.0736283200154783,,,0.3972202769996887,0.037037037037037,0.3601832399626517,527,27,20,0.975925925925926,0.5123339658444023,0.9753320683111955,counterfactual_dose,0.25,0.2499462881732268,0.5351491569390402,0.5410794062545036,0.0170681449609202,0.2433256480780411,0.02651968685618193,4.0,6.267200548541362
MAHNOB-HCI,arousal,relative_power,24,gpu_mlp,20260829,-0.0136186770428016,subject,0.1001891507185624,0.1302708640119373,,,0.3972202769996887,0.037037037037037,0.3601832399626517,527,27,20,0.975925925925926,0.5123339658444023,0.9753320683111955,counterfactual_dose,0.5,0.5002489404712455,0.5351491569390402,0.5215304798962386,0.0170681449609202,0.2433256480780411,0.04692138187255358,4.0,6.267200548541362
MAHNOB-HCI,arousal,relative_power,24,gpu_mlp,20260829,0.014533794494884,subject,0.0842100350629762,0.1859539186893404,,,0.3972202769996887,0.037037037037037,0.3601832399626517,527,27,20,0.975925925925926,0.5123339658444023,0.9753320683111955,counterfactual_dose,0.75,0.7463859338664887,0.5351491569390402,0.5496829514339242,0.0170681449609202,0.2433256480780411,0.06697748491727812,4.0,6.267200548541362
MAHNOB-HCI,arousal,relative_power,24,gpu_mlp,20260829,0.0302853437094682,subject,0.0974537635567047,0.2433256480780411,,,0.3972202769996887,0.037037037037037,0.3601832399626517,527,27,20,0.975925925925926,0.5123339658444023,0.9753320683111955,counterfactual_dose,1.0,1.0,0.5351491569390402,0.5654345006485084,0.0170681449609202,0.2433256480780411,0.08764182029076083,4.0,6.267200548541362
MAHNOB-HCI,arousal,relative_power,24,gpu_mlp,20260911,0.0102896670990055,subject,0.0823916916416916,0.0205257884508196,,,0.3850509648303766,0.037037037037037,0.3480139277933396,527,27,20,0.975925925925926,0.5123339658444023,0.9753320683111955,counterfactual_dose,0.0,0.0,0.5302276985156362,0.5405173656146418,0.0205257884508196,0.2529070923200868,0.007143260259824896,4.0,6.267200548541362
MAHNOB-HCI,arousal,relative_power,24,gpu_mlp,20260911,-0.0193399625306239,subject,0.1227264891970774,0.0785478733941444,,,0.3850509648303766,0.037037037037037,0.3480139277933396,527,27,20,0.975925925925926,0.5123339658444023,0.9753320683111955,counterfactual_dose,0.25,0.2497540141925925,0.5302276985156362,0.5108877359850122,0.0205257884508196,0.2529070923200868,0.02733575393971015,4.0,6.267200548541362
MAHNOB-HCI,arousal,relative_power,24,gpu_mlp,20260911,-0.012775616083009,subject,0.1254693133663721,0.1367938741307088,,,0.3850509648303766,0.037037037037037,0.3480139277933396,527,27,20,0.975925925925926,0.5123339658444023,0.9753320683111955,counterfactual_dose,0.5,0.5007307166416114,0.5302276985156362,0.5174520824326272,0.0205257884508196,0.2529070923200868,0.04760617343429568,4.0,6.267200548541362
MAHNOB-HCI,arousal,relative_power,24,gpu_mlp,20260911,0.0138060239227555,subject,0.1152094033417562,0.1931320852913517,,,0.3850509648303766,0.037037037037037,0.3480139277933396,527,27,20,0.975925925925926,0.5123339658444023,0.9753320683111955,counterfactual_dose,0.75,0.7412292693721525,0.5302276985156362,0.5440337224383918,0.0205257884508196,0.2529070923200868,0.06721265558516158,4.0,6.267200548541362
MAHNOB-HCI,arousal,relative_power,24,gpu_mlp,20260911,0.0085314886871307,subject,0.1069050443021031,0.2529070923200868,,,0.3850509648303766,0.037037037037037,0.3480139277933396,527,27,20,0.975925925925926,0.5123339658444023,0.9753320683111955,counterfactual_dose,1.0,1.0,0.5302276985156362,0.5387591872027669,0.0205257884508196,0.2529070923200868,0.08801519056510616,4.0,6.267200548541362
MAHNOB-HCI,arousal,relative_power,24,gpu_mlp,20260923,-0.0037973771436806,subject,0.0616242695213283,0.0126083573342276,,,0.3884531590413943,0.037037037037037,0.35141612200435735,527,27,20,0.975925925925926,0.5123339658444023,0.9753320683111955,counterfactual_dose,0.0,0.0,0.4859706009511457,0.4821732238074651,0.0126083573342276,0.2320478977847085,0.004430780039239459,4.0,6.267200548541362
MAHNOB-HCI,arousal,relative_power,24,gpu_mlp,20260923,0.0247297881539125,subject,0.1202369574869574,0.0674352295447094,,,0.3884531590413943,0.037037037037037,0.35141612200435735,527,27,20,0.975925925925926,0.5123339658444023,0.9753320683111955,counterfactual_dose,0.25,0.2498442855392603,0.4859706009511457,0.5107003891050583,0.0126083573342276,0.2320478977847085,0.023697826853075442,4.0,6.267200548541362
MAHNOB-HCI,arousal,relative_power,24,gpu_mlp,20260923,0.0327929096411586,subject,0.0876445596886773,0.1225145897301018,,,0.3884531590413943,0.037037037037037,0.35141612200435735,527,27,20,0.975925925925926,0.5123339658444023,0.9753320683111955,counterfactual_dose,0.5,0.5011146633643921,0.4859706009511457,0.5187635105923044,0.0126083573342276,0.2320478977847085,0.04305360201190724,4.0,6.267200548541362
MAHNOB-HCI,arousal,relative_power,24,gpu_mlp,20260923,0.0381611183167602,subject,0.1181317750876574,0.1756306448958544,,,0.3884531590413943,0.037037037037037,0.35141612200435735,527,27,20,0.975925925925926,0.5123339658444023,0.9753320683111955,counterfactual_dose,0.75,0.7424685505740444,0.4859706009511457,0.524131719267906,0.0126083573342276,0.2320478977847085,0.06171944013442553,4.0,6.267200548541362
MAHNOB-HCI,arousal,relative_power,24,gpu_mlp,20260923,0.0228779363020608,subject,0.099696000078353,0.2320478977847085,,,0.3884531590413943,0.037037037037037,0.35141612200435735,527,27,20,0.975925925925926,0.5123339658444023,0.9753320683111955,counterfactual_dose,1.0,1.0,0.4859706009511457,0.5088485372532066,0.0126083573342276,0.2320478977847085,0.08154537235876576,4.0,6.267200548541362
MAHNOB-HCI,arousal,relative_power,24,gpu_mlp,20261007,0.0381611183167603,subject,0.0495764382676147,0.0142795795210271,,,0.38303376906318076,0.037037037037037,0.3459967320261438,527,27,20,0.975925925925926,0.5123339658444023,0.9753320683111955,counterfactual_dose,0.0,0.0,0.4888312436950569,0.5269923620118173,0.0142795795210271,0.2339988734358164,0.004940687848982824,4.0,6.267200548541362
MAHNOB-HCI,arousal,relative_power,24,gpu_mlp,20261007,0.0308473843493298,subject,0.0993309011250187,0.0693328421670181,,,0.38303376906318076,0.037037037037037,0.3459967320261438,527,27,20,0.975925925925926,0.5123339658444023,0.9753320683111955,counterfactual_dose,0.25,0.2506055752747193,0.4888312436950569,0.5196786280443868,0.0142795795210271,0.2339988734358164,0.023988936811872683,4.0,6.267200548541362
MAHNOB-HCI,arousal,relative_power,24,gpu_mlp,20261007,0.0533506268914829,subject,0.1047290585231761,0.124161340053874,,,0.38303376906318076,0.037037037037037,0.3459967320261438,527,27,20,0.975925925925926,0.5123339658444023,0.9753320683111955,counterfactual_dose,0.5,0.5001986961810408,0.4888312436950569,0.5421818705865399,0.0142795795210271,0.2339988734358164,0.04295941790262715,4.0,6.267200548541362
MAHNOB-HCI,arousal,relative_power,24,gpu_mlp,20261007,0.0519671422395157,subject,0.124925143483967,0.1789774854359311,,,0.38303376906318076,0.037037037037037,0.3459967320261438,527,27,20,0.975925925925926,0.5123339658444023,0.9753320683111955,counterfactual_dose,0.75,0.7491408747576234,0.4888312436950569,0.5407983859345726,0.0142795795210271,0.2339988734358164,0.0619256250670889,4.0,6.267200548541362
MAHNOB-HCI,arousal,relative_power,24,gpu_mlp,20261007,0.0457558726041216,subject,0.1149545552486728,0.2339988734358164,,,0.38303376906318076,0.037037037037037,0.3459967320261438,527,27,20,0.975925925925926,0.5123339658444023,0.9753320683111955,counterfactual_dose,1.0,1.0,0.4888312436950569,0.5345871162991785,0.0142795795210271,0.2339988734358164,0.0809628455065917,4.0,6.267200548541362
MAHNOB-HCI,arousal,relative_power,24,linear_logistic,20260813,0.0191634241245135,subject,0.2405029543161838,0.05774487459442106,0.8770544700798674,0.1657141541944533,0.4018499066293184,0.037037037037037,0.36481286959228143,527,27,20,0.975925925925926,0.5123339658444023,0.9753320683111955,observational_factorial,,,,,,,0.021066073405037175,1.0,6.267200548541362
MAHNOB-HCI,arousal,relative_power,24,linear_logistic,20260813,0.0090719123793053,subject,0.0360137068813539,0.0140857678566835,,,0.4018499066293184,0.037037037037037,0.36481286959228143,527,27,20,0.975925925925926,0.5123339658444023,0.9753320683111955,counterfactual_dose,0.0,0.0,0.4836719988470961,0.4927439112264015,0.0140857678566835,0.234614977100928,0.0051386693922074265,1.0,6.267200548541362
MAHNOB-HCI,arousal,relative_power,24,linear_logistic,20260813,0.0148148148148148,subject,0.0790085665968019,0.0692754385692257,,,0.4018499066293184,0.037037037037037,0.36481286959228143,527,27,20,0.975925925925926,0.5123339658444023,0.9753320683111955,counterfactual_dose,0.25,0.2502221938490175,0.4836719988470961,0.4984868136619109,0.0140857678566835,0.234614977100928,0.02527257153670304,1.0,6.267200548541362
MAHNOB-HCI,arousal,relative_power,24,linear_logistic,20260813,0.0183311716385645,subject,0.0730714008214008,0.1244115902858697,,,0.4018499066293184,0.037037037037037,0.36481286959228143,527,27,20,0.975925925925926,0.5123339658444023,0.9753320683111955,counterfactual_dose,0.5,0.5000775106990603,0.4836719988470961,0.5020031704856607,0.0140857678566835,0.234614977100928,0.04538694926272733,1.0,6.267200548541362
MAHNOB-HCI,arousal,relative_power,24,linear_logistic,20260813,0.0033290099437959,subject,0.0941643617820088,0.1769882465844567,,,0.4018499066293184,0.037037037037037,0.36481286959228143,527,27,20,0.975925925925926,0.5123339658444023,0.9753320683111955,counterfactual_dose,0.75,0.7384630849021738,0.4836719988470961,0.487001008790892,0.0140857678566835,0.234614977100928,0.06456759012058196,1.0,6.267200548541362
MAHNOB-HCI,arousal,relative_power,24,linear_logistic,20260813,0.025644905605995,subject,0.0926475746475746,0.234614977100928,,,0.4018499066293184,0.037037037037037,0.36481286959228143,527,27,20,0.975925925925926,0.5123339658444023,0.9753320683111955,counterfactual_dose,1.0,1.0,0.4836719988470961,0.5093169044530912,0.0140857678566835,0.234614977100928,0.08559056304551693,1.0,6.267200548541362
MAHNOB-HCI,arousal,relative_power,24,linear_logistic,20260829,0.0186698371523273,subject,0.2195201037613489,0.06460748409815062,0.8814618103717939,0.18114307261174167,0.3972202769996887,0.037037037037037,0.3601832399626517,527,27,20,0.975925925925926,0.5123339658444023,0.9753320683111955,observational_factorial,,,,,,,0.02327053294830739,1.0,6.267200548541362
MAHNOB-HCI,arousal,relative_power,24,linear_logistic,20260829,0.0216817985300475,subject,0.0865615087526852,0.0170681449609202,,,0.3972202769996887,0.037037037037037,0.3601832399626517,527,27,20,0.975925925925926,0.5123339658444023,0.9753320683111955,counterfactual_dose,0.0,0.0,0.4969880386222798,0.5186698371523274,0.0170681449609202,0.2433256480780411,0.006147659752176446,1.0,6.267200548541362
MAHNOB-HCI,arousal,relative_power,24,linear_logistic,20260829,0.037246000864678,subject,0.107642321730557,0.0736283200154783,,,0.3972202769996887,0.037037037037037,0.3601832399626517,527,27,20,0.975925925925926,0.5123339658444023,0.9753320683111955,counterfactual_dose,0.25,0.2499462881732268,0.4969880386222798,0.5342340394869578,0.0170681449609202,0.2433256480780411,0.02651968685618193,1.0,6.267200548541362
MAHNOB-HCI,arousal,relative_power,24,linear_logistic,20260829,0.0411370514483355,subject,0.1001891507185624,0.1302708640119373,,,0.3972202769996887,0.037037037037037,0.3601832399626517,527,27,20,0.975925925925926,0.5123339658444023,0.9753320683111955,counterfactual_dose,0.5,0.5002489404712455,0.4969880386222798,0.5381250900706154,0.0170681449609202,0.2433256480780411,0.04692138187255358,1.0,6.267200548541362
MAHNOB-HCI,arousal,relative_power,24,linear_logistic,20260829,0.0489191526156507,subject,0.0842100350629762,0.1859539186893404,,,0.3972202769996887,0.037037037037037,0.3601832399626517,527,27,20,0.975925925925926,0.5123339658444023,0.9753320683111955,counterfactual_dose,0.75,0.7463859338664887,0.4969880386222798,0.5459071912379305,0.0170681449609202,0.2433256480780411,0.06697748491727812,1.0,6.267200548541362
MAHNOB-HCI,arousal,relative_power,24,linear_logistic,20260829,0.0414180717682663,subject,0.0974537635567047,0.2433256480780411,,,0.3972202769996887,0.037037037037037,0.3601832399626517,527,27,20,0.975925925925926,0.5123339658444023,0.9753320683111955,counterfactual_dose,1.0,1.0,0.4969880386222798,0.5384061103905462,0.0170681449609202,0.2433256480780411,0.08764182029076083,1.0,6.267200548541362
MAHNOB-HCI,arousal,relative_power,24,linear_logistic,20260911,0.0293594177835422,subject,0.1769058942210694,0.06943154195841937,0.8743261524758936,0.18706203019308962,0.3850509648303766,0.037037037037037,0.3480139277933396,527,27,20,0.975925925925926,0.5123339658444023,0.9753320683111955,observational_factorial,,,,,,,0.024163143629697587,1.0,6.267200548541362
MAHNOB-HCI,arousal,relative_power,24,linear_logistic,20260911,-0.0088845654993513,subject,0.0823916916416916,0.0205257884508196,,,0.3850509648303766,0.037037037037037,0.3480139277933396,527,27,20,0.975925925925926,0.5123339658444023,0.9753320683111955,counterfactual_dose,0.0,0.0,0.5067156650814237,0.4978310995820724,0.0205257884508196,0.2529070923200868,0.007143260259824896,1.0,6.267200548541362
MAHNOB-HCI,arousal,relative_power,24,linear_logistic,20260911,0.0084378152471539,subject,0.1227264891970774,0.0785478733941444,,,0.3850509648303766,0.037037037037037,0.3480139277933396,527,27,20,0.975925925925926,0.5123339658444023,0.9753320683111955,counterfactual_dose,0.25,0.2497540141925925,0.5067156650814237,0.5151534803285777,0.0205257884508196,0.2529070923200868,0.02733575393971015,1.0,6.267200548541362
MAHNOB-HCI,arousal,relative_power,24,linear_logistic,20260911,0.0006557140798386,subject,0.1254693133663721,0.1367938741307088,,,0.3850509648303766,0.037037037037037,0.3480139277933396,527,27,20,0.975925925925926,0.5123339658444023,0.9753320683111955,counterfactual_dose,0.5,0.5007307166416114,0.5067156650814237,0.5073713791612624,0.0205257884508196,0.2529070923200868,0.04760617343429568,1.0,6.267200548541362
MAHNOB-HCI,arousal,relative_power,24,linear_logistic,20260911,0.0154705288946535,subject,0.1152094033417562,0.1931320852913517,,,0.3850509648303766,0.037037037037037,0.3480139277933396,527,27,20,0.975925925925926,0.5123339658444023,0.9753320683111955,counterfactual_dose,0.75,0.7412292693721525,0.5067156650814237,0.5221861939760772,0.0205257884508196,0.2529070923200868,0.06721265558516158,1.0,6.267200548541362
MAHNOB-HCI,arousal,relative_power,24,linear_logistic,20260911,0.0255728491137052,subject,0.1069050443021031,0.2529070923200868,,,0.3850509648303766,0.037037037037037,0.3480139277933396,527,27,20,0.975925925925926,0.5123339658444023,0.9753320683111955,counterfactual_dose,1.0,1.0,0.5067156650814237,0.532288514195129,0.0205257884508196,0.2529070923200868,0.08801519056510616,1.0,6.267200548541362
MAHNOB-HCI,arousal,relative_power,24,linear_logistic,20260923,0.0305555555555555,subject,0.2203415477734544,0.05829310380021528,0.8721376582167534,0.16728902505426668,0.3884531590413943,0.037037037037037,0.35141612200435735,527,27,20,0.975925925925926,0.5123339658444023,0.9753320683111955,observational_factorial,,,,,,,0.02048513647706912,1.0,6.267200548541362
MAHNOB-HCI,arousal,relative_power,24,linear_logistic,20260923,0.0222222222222222,subject,0.0616242695213283,0.0126083573342276,,,0.3884531590413943,0.037037037037037,0.35141612200435735,527,27,20,0.975925925925926,0.5123339658444023,0.9753320683111955,counterfactual_dose,0.0,0.0,0.4872820291108229,0.5095042513330451,0.0126083573342276,0.2320478977847085,0.004430780039239459,1.0,6.267200548541362
MAHNOB-HCI,arousal,relative_power,24,linear_logistic,20260923,0.0177691309987029,subject,0.1202369574869574,0.0674352295447094,,,0.3884531590413943,0.037037037037037,0.35141612200435735,527,27,20,0.975925925925926,0.5123339658444023,0.9753320683111955,counterfactual_dose,0.25,0.2498442855392603,0.4872820291108229,0.5050511601095259,0.0126083573342276,0.2320478977847085,0.023697826853075442,1.0,6.267200548541362
MAHNOB-HCI,arousal,relative_power,24,linear_logistic,20260923,0.0273094105778929,subject,0.0876445596886773,0.1225145897301018,,,0.3884531590413943,0.037037037037037,0.35141612200435735,527,27,20,0.975925925925926,0.5123339658444023,0.9753320683111955,counterfactual_dose,0.5,0.5011146633643921,0.4872820291108229,0.5145914396887159,0.0126083573342276,0.2320478977847085,0.04305360201190724,1.0,6.267200548541362
MAHNOB-HCI,arousal,relative_power,24,linear_logistic,20260923,0.0334270067733102,subject,0.1181317750876574,0.1756306448958544,,,0.3884531590413943,0.037037037037037,0.35141612200435735,527,27,20,0.975925925925926,0.5123339658444023,0.9753320683111955,counterfactual_dose,0.75,0.7424685505740444,0.4872820291108229,0.5207090358841332,0.0126083573342276,0.2320478977847085,0.06171944013442553,1.0,6.267200548541362
MAHNOB-HCI,arousal,relative_power,24,linear_logistic,20260923,0.0330523130134024,subject,0.099696000078353,0.2320478977847085,,,0.3884531590413943,0.037037037037037,0.35141612200435735,527,27,20,0.975925925925926,0.5123339658444023,0.9753320683111955,counterfactual_dose,1.0,1.0,0.4872820291108229,0.5203343421242254,0.0126083573342276,0.2320478977847085,0.08154537235876576,1.0,6.267200548541362
MAHNOB-HCI,arousal,relative_power,24,linear_logistic,20261007,0.002367055771725,subject,0.1857184032281308,0.05875874397250404,0.8782388260955674,0.1697884156826515,0.38303376906318076,0.037037037037037,0.3459967320261438,527,27,20,0.975925925925926,0.5123339658444023,0.9753320683111955,observational_factorial,,,,,,,0.02033033339244727,1.0,6.267200548541362
MAHNOB-HCI,arousal,relative_power,24,linear_logistic,20261007,0.0212134313301628,subject,0.0495764382676147,0.0142795795210271,,,0.38303376906318076,0.037037037037037,0.3459967320261438,527,27,20,0.975925925925926,0.5123339658444023,0.9753320683111955,counterfactual_dose,0.0,0.0,0.5127395878368641,0.533953019167027,0.0142795795210271,0.2339988734358164,0.004940687848982824,1.0,6.267200548541362
MAHNOB-HCI,arousal,relative_power,24,linear_logistic,20261007,0.0339890474131718,subject,0.0993309011250187,0.0693328421670181,,,0.38303376906318076,0.037037037037037,0.3459967320261438,527,27,20,0.975925925925926,0.5123339658444023,0.9753320683111955,counterfactual_dose,0.25,0.2506055752747193,0.5127395878368641,0.546728635250036,0.0142795795210271,0.2339988734358164,0.023988936811872683,1.0,6.267200548541362
MAHNOB-HCI,arousal,relative_power,24,linear_logistic,20261007,0.029089205937455,subject,0.1047290585231761,0.124161340053874,,,0.38303376906318076,0.037037037037037,0.3459967320261438,527,27,20,0.975925925925926,0.5123339658444023,0.9753320683111955,counterfactual_dose,0.5,0.5001986961810408,0.5127395878368641,0.5418287937743191,0.0142795795210271,0.2339988734358164,0.04295941790262715,1.0,6.267200548541362
MAHNOB-HCI,arousal,relative_power,24,linear_logistic,20261007,0.0345510880530335,subject,0.124925143483967,0.1789774854359311,,,0.38303376906318076,0.037037037037037,0.3459967320261438,527,27,20,0.975925925925926,0.5123339658444023,0.9753320683111955,counterfactual_dose,0.75,0.7491408747576234,0.5127395878368641,0.5472906758898977,0.0142795795210271,0.2339988734358164,0.0619256250670889,1.0,6.267200548541362
MAHNOB-HCI,arousal,relative_power,24,linear_logistic,20261007,0.0538189940913675,subject,0.1149545552486728,0.2339988734358164,,,0.38303376906318076,0.037037037037037,0.3459967320261438,527,27,20,0.975925925925926,0.5123339658444023,0.9753320683111955,counterfactual_dose,1.0,1.0,0.5127395878368641,0.5665585819282317,0.0142795795210271,0.2339988734358164,0.0809628455065917,1.0,6.267200548541362
MAHNOB-HCI,arousal,relative_power,24,rbf_svm,20260813,0.0154597204208099,subject,0.2405029543161838,0.05774487459442106,0.8770544700798674,0.1657141541944533,0.4018499066293184,0.037037037037037,0.36481286959228143,527,27,20,0.975925925925926,0.5123339658444023,0.9753320683111955,observational_factorial,,,,,,,0.021066073405037175,2.0,6.267200548541362
MAHNOB-HCI,arousal,relative_power,24,rbf_svm,20260829,0.0457666810779651,subject,0.2195201037613489,0.06460748409815062,0.8814618103717939,0.18114307261174167,0.3972202769996887,0.037037037037037,0.3601832399626517,527,27,20,0.975925925925926,0.5123339658444023,0.9753320683111955,observational_factorial,,,,,,,0.02327053294830739,2.0,6.267200548541362
MAHNOB-HCI,arousal,relative_power,24,rbf_svm,20260911,0.0442210693183456,subject,0.1769058942210694,0.06943154195841937,0.8743261524758936,0.18706203019308962,0.3850509648303766,0.037037037037037,0.3480139277933396,527,27,20,0.975925925925926,0.5123339658444023,0.9753320683111955,observational_factorial,,,,,,,0.024163143629697587,2.0,6.267200548541362
MAHNOB-HCI,arousal,relative_power,24,rbf_svm,20260923,0.0397787865686697,subject,0.2203415477734544,0.05829310380021528,0.8721376582167534,0.16728902505426668,0.3884531590413943,0.037037037037037,0.35141612200435735,527,27,20,0.975925925925926,0.5123339658444023,0.9753320683111955,observational_factorial,,,,,,,0.02048513647706912,2.0,6.267200548541362
MAHNOB-HCI,arousal,relative_power,24,rbf_svm,20261007,0.0255728491137051,subject,0.1857184032281308,0.05875874397250404,0.8782388260955674,0.1697884156826515,0.38303376906318076,0.037037037037037,0.3459967320261438,527,27,20,0.975925925925926,0.5123339658444023,0.9753320683111955,observational_factorial,,,,,,,0.02033033339244727,2.0,6.267200548541362
MAHNOB-HCI,valence,absolute_power,24,linear_logistic,20260813,0.0121043844367015,stimulus,0.519076655052265,0.28449787268817384,0.48286031830592774,0.3210302981133393,0.09447578347578339,0.05,0.0444757834757834,527,27,20,0.975925925925926,0.5445920303605313,0.9108159392789374,observational_factorial,,,,,,,0.012653265785000211,1.0,6.267200548541362
MAHNOB-HCI,valence,absolute_power,24,linear_logistic,20260829,0.0288254936120789,stimulus,0.4418844367015098,0.30191951934014694,0.4835594356341035,0.3420482650638451,0.0912891737891737,0.05,0.0412891737891737,527,27,20,0.975925925925926,0.5445920303605313,0.9108159392789374,observational_factorial,,,,,,,0.012466007504379116,1.0,6.267200548541362
MAHNOB-HCI,valence,absolute_power,24,linear_logistic,20260911,0.0055313588850173,stimulus,0.5147502903600465,0.2637512266011671,0.4814264398231979,0.2888966550618047,0.09874358974358965,0.05,0.048743589743589645,527,27,20,0.975925925925926,0.5445920303605313,0.9108159392789374,observational_factorial,,,,,,,0.012856181583815837,1.0,6.267200548541362
MAHNOB-HCI,valence,absolute_power,24,linear_logistic,20260923,0.0250544425087109,stimulus,0.4494991289198606,0.20890776387978313,0.4834111455454542,0.251238555567351,0.09369230769230766,0.05,0.04369230769230765,527,27,20,0.975925925925926,0.5445920303605313,0.9108159392789374,observational_factorial,,,,,,,0.009127662298747438,1.0,6.267200548541362
MAHNOB-HCI,valence,absolute_power,24,linear_logistic,20261007,-0.0113240418118467,stimulus,0.4265824622531939,0.2595736954851604,0.48348865997373175,0.29908993867945627,0.1086168091168091,0.05,0.058616809116809096,527,27,20,0.975925925925926,0.5445920303605313,0.9108159392789374,observational_factorial,,,,,,,0.015215381759998379,1.0,6.267200548541362
MAHNOB-HCI,valence,absolute_power,24,rbf_svm,20260813,0.0260961091753774,stimulus,0.519076655052265,0.28449787268817384,0.48286031830592774,0.3210302981133393,0.09447578347578339,0.05,0.0444757834757834,527,27,20,0.975925925925926,0.5445920303605313,0.9108159392789374,observational_factorial,,,,,,,0.012653265785000211,2.0,6.267200548541362
MAHNOB-HCI,valence,absolute_power,24,rbf_svm,20260829,0.0243358013937281,stimulus,0.4418844367015098,0.30191951934014694,0.4835594356341035,0.3420482650638451,0.0912891737891737,0.05,0.0412891737891737,527,27,20,0.975925925925926,0.5445920303605313,0.9108159392789374,observational_factorial,,,,,,,0.012466007504379116,2.0,6.267200548541362
MAHNOB-HCI,valence,absolute_power,24,rbf_svm,20260911,0.0254319105691056,stimulus,0.5147502903600465,0.2637512266011671,0.4814264398231979,0.2888966550618047,0.09874358974358965,0.05,0.048743589743589645,527,27,20,0.975925925925926,0.5445920303605313,0.9108159392789374,observational_factorial,,,,,,,0.012856181583815837,2.0,6.267200548541362
MAHNOB-HCI,valence,absolute_power,24,rbf_svm,20260923,0.0238784843205575,stimulus,0.4494991289198606,0.20890776387978313,0.4834111455454542,0.251238555567351,0.09369230769230766,0.05,0.04369230769230765,527,27,20,0.975925925925926,0.5445920303605313,0.9108159392789374,observational_factorial,,,,,,,0.009127662298747438,2.0,6.267200548541362
MAHNOB-HCI,valence,absolute_power,24,rbf_svm,20261007,0.0080284552845528,stimulus,0.4265824622531939,0.2595736954851604,0.48348865997373175,0.29908993867945627,0.1086168091168091,0.05,0.058616809116809096,527,27,20,0.975925925925926,0.5445920303605313,0.9108159392789374,observational_factorial,,,,,,,0.015215381759998379,2.0,6.267200548541362
MAHNOB-HCI,valence,all,72,extra_trees,20260813,0.0355872531939605,stimulus,0.519076655052265,0.28449787268817384,0.48286031830592774,0.3210302981133393,0.10309401709401705,0.05,0.05309401709401705,527,27,20,0.975925925925926,0.5445920303605313,0.9108159392789374,observational_factorial,,,,,,,0.015105134915717388,3.0,6.267200548541362
MAHNOB-HCI,valence,all,72,extra_trees,20260829,0.0288436411149825,stimulus,0.4418844367015098,0.30191951934014694,0.4835594356341035,0.3420482650638451,0.10028632478632475,0.05,0.05028632478632475,527,27,20,0.975925925925926,0.5445920303605313,0.9108159392789374,observational_factorial,,,,,,,0.015182423008869685,3.0,6.267200548541362
MAHNOB-HCI,valence,all,72,extra_trees,20260911,-0.0062862950058071,stimulus,0.5147502903600465,0.2637512266011671,0.4814264398231979,0.2888966550618047,0.10054131054131049,0.05,0.050541310541310495,527,27,20,0.975925925925926,0.5445920303605313,0.9108159392789374,observational_factorial,,,,,,,0.013330332649301141,3.0,6.267200548541362
MAHNOB-HCI,valence,all,72,extra_trees,20260923,0.0217407084785133,stimulus,0.4494991289198606,0.20890776387978313,0.4834111455454542,0.251238555567351,0.10046723646723646,0.05,0.05046723646723645,527,27,20,0.975925925925926,0.5445920303605313,0.9108159392789374,observational_factorial,,,,,,,0.010542997519562614,3.0,6.267200548541362
MAHNOB-HCI,valence,all,72,extra_trees,20261007,0.0014009872241579,stimulus,0.4265824622531939,0.2595736954851604,0.48348865997373175,0.29908993867945627,0.10709686609686606,0.05,0.05709686609686605,527,27,20,0.975925925925926,0.5445920303605313,0.9108159392789374,observational_factorial,,,,,,,0.014820844533384888,3.0,6.267200548541362
MAHNOB-HCI,valence,all,72,gpu_mlp,20260813,0.0337108013937281,stimulus,0.2314240661299484,0.186269042245304,,,0.10309401709401705,0.05,0.05309401709401705,527,27,20,0.975925925925926,0.5445920303605313,0.9108159392789374,counterfactual_dose,0.0,0.0,0.5162819396051104,0.5499927409988385,0.186269042245304,0.4879444226959651,0.009889771713058354,4.0,6.267200548541362
MAHNOB-HCI,valence,all,72,gpu_mlp,20260813,0.036512775842044,stimulus,0.3094630271689095,0.2584191998243838,,,0.10309401709401705,0.05,0.05309401709401705,527,27,20,0.975925925925926,0.5445920303605313,0.9108159392789374,counterfactual_dose,0.25,0.2288122136147206,0.5162819396051104,0.5527947154471544,0.186269042245304,0.4879444226959651,0.013720513412898042,4.0,6.267200548541362
MAHNOB-HCI,valence,all,72,gpu_mlp,20260813,0.0235990127758419,stimulus,0.3381296938355762,0.3393161172726945,,,0.10309401709401705,0.05,0.05309401709401705,527,27,20,0.975925925925926,0.5445920303605313,0.9108159392789374,counterfactual_dose,0.5,0.5192467530416321,0.5162819396051104,0.5398809523809524,0.186269042245304,0.4879444226959651,0.018015655730751937,4.0,6.267200548541362
MAHNOB-HCI,valence,all,72,gpu_mlp,20260813,0.0462108013937281,stimulus,0.3401278264219441,0.4106344858684629,,,0.10309401709401705,0.05,0.05309401709401705,527,27,20,0.975925925925926,0.5445920303605313,0.9108159392789374,counterfactual_dose,0.75,0.7417909865513002,0.5162819396051104,0.5624927409988385,0.186269042245304,0.4879444226959651,0.02180223441209307,4.0,6.267200548541362
MAHNOB-HCI,valence,all,72,gpu_mlp,20260813,0.0392421602787456,stimulus,0.332096080390198,0.4879444226959651,,,0.10309401709401705,0.05,0.05309401709401705,527,27,20,0.975925925925926,0.5445920303605313,0.9108159392789374,counterfactual_dose,1.0,1.0,0.5162819396051104,0.555524099883856,0.186269042245304,0.4879444226959651,0.025906929519549853,4.0,6.267200548541362
MAHNOB-HCI,valence,all,72,gpu_mlp,20260829,0.0632912311265969,stimulus,0.2845873787375335,0.1872708244055311,,,0.10028632478632475,0.05,0.05028632478632475,527,27,20,0.975925925925926,0.5445920303605313,0.9108159392789374,counterfactual_dose,0.0,0.0,0.4807926829268293,0.5440839140534263,0.1872708244055311,0.5216743097403764,0.009417161499059329,4.0,6.267200548541362
MAHNOB-HCI,valence,all,72,gpu_mlp,20260829,0.0605255516840882,stimulus,0.2942940054441603,0.2711518028250108,,,0.10028632478632475,0.05,0.05028632478632475,527,27,20,0.975925925925926,0.5445920303605313,0.9108159392789374,counterfactual_dose,0.25,0.2507278945898925,0.4807926829268293,0.5413182346109175,0.1872708244055311,0.5216743097403764,0.013635227623255981,4.0,6.267200548541362
MAHNOB-HCI,valence,all,72,gpu_mlp,20260829,0.0549578977932636,stimulus,0.3272788539290087,0.354590361844216,,,0.10028632478632475,0.05,0.05028632478632475,527,27,20,0.975925925925926,0.5445920303605313,0.9108159392789374,counterfactual_dose,0.5,0.5003387633153297,0.4807926829268293,0.535750580720093,0.1872708244055311,0.5216743097403764,0.01783104610179866,4.0,6.267200548541362
MAHNOB-HCI,valence,all,72,gpu_mlp,20260829,0.0489764808362368,stimulus,0.3299455205956754,0.4375223045346786,,,0.10028632478632475,0.05,0.05028632478632475,527,27,20,0.975925925925926,0.5445920303605313,0.9108159392789374,counterfactual_dose,0.75,0.7479236290117055,0.4807926829268293,0.5297691637630662,0.1872708244055311,0.5216743097403764,0.022001388707092135,4.0,6.267200548541362
MAHNOB-HCI,valence,all,72,gpu_mlp,20260829,0.0778745644599302,stimulus,0.3261322227823776,0.5216743097403764,,,0.10028632478632475,0.05,0.05028632478632475,527,27,20,0.975925925925926,0.5445920303605313,0.9108159392789374,counterfactual_dose,1.0,1.0,0.4807926829268293,0.5586672473867595,0.1872708244055311,0.5216743097403764,0.026233083772286347,4.0,6.267200548541362
MAHNOB-HCI,valence,all,72,gpu_mlp,20260911,0.0028019744483158,stimulus,0.2306154895156443,0.1771842197310067,,,0.10054131054131049,0.05,0.050541310541310495,527,27,20,0.975925925925926,0.5445920303605313,0.9108159392789374,counterfactual_dose,0.0,0.0,0.5016623112659698,0.5044642857142857,0.1771842197310067,0.4529947337038743,0.008955122672444605,4.0,6.267200548541362
MAHNOB-HCI,valence,all,72,gpu_mlp,20260911,-0.0048853077816493,stimulus,0.2481226274585407,0.2463975121198807,,,0.10054131054131049,0.05,0.050541310541310495,527,27,20,0.975925925925926,0.5445920303605313,0.9108159392789374,counterfactual_dose,0.25,0.2509650539444528,0.5016623112659698,0.4967770034843205,0.1771842197310067,0.4529947337038743,0.012453253176657207,4.0,6.267200548541362
MAHNOB-HCI,valence,all,72,gpu_mlp,20260911,0.0240127758420442,stimulus,0.2973885004744138,0.3150765136469042,,,0.10054131054131049,0.05,0.050541310541310495,527,27,20,0.975925925925926,0.5445920303605313,0.9108159392789374,counterfactual_dose,0.5,0.4998899660820025,0.5016623112659698,0.525675087108014,0.1771842197310067,0.4529947337038743,0.01592437992050164,4.0,6.267200548541362
MAHNOB-HCI,valence,all,72,gpu_mlp,20260911,0.0093568524970962,stimulus,0.2757694528553662,0.3796794984443593,,,0.10054131054131049,0.05,0.050541310541310495,527,27,20,0.975925925925926,0.5445920303605313,0.9108159392789374,counterfactual_dose,0.75,0.7320190691059458,0.5016623112659698,0.5110191637630661,0.1771842197310067,0.4529947337038743,0.019189499437045378,4.0,6.267200548541362
MAHNOB-HCI,valence,all,72,gpu_mlp,20260911,0.0101117886178861,stimulus,0.2909440560299693,0.4529947337038743,,,0.10054131054131049,0.05,0.050541310541310495,527,27,20,0.975925925925926,0.5445920303605313,0.9108159392789374,counterfactual_dose,1.0,1.0,0.5016623112659698,0.511774099883856,0.1771842197310067,0.4529947337038743,0.022894947509705763,4.0,6.267200548541362
MAHNOB-HCI,valence,all,72,gpu_mlp,20260923,0.0466245644599303,stimulus,0.1705261339967222,0.1218143056704642,,,0.10046723646723646,0.05,0.05046723646723645,527,27,20,0.975925925925926,0.5445920303605313,0.9108159392789374,counterfactual_dose,0.0,0.0,0.4578034262485482,0.5044279907084785,0.1218143056704642,0.3944855603328526,0.006147631369363539,4.0,6.267200548541362
MAHNOB-HCI,valence,all,72,gpu_mlp,20260923,0.0274970963995354,stimulus,0.2406691984486102,0.1893683211898622,,,0.10046723646723646,0.05,0.05046723646723645,527,27,20,0.975925925925926,0.5445920303605313,0.9108159392789374,counterfactual_dose,0.25,0.2475378213521243,0.4578034262485482,0.4853005226480836,0.1218143056704642,0.3944855603328526,0.009556895844892358,4.0,6.267200548541362
MAHNOB-HCI,valence,all,72,gpu_mlp,20260923,0.0452235772357723,stimulus,0.2458176839500369,0.2582626145376862,,,0.10046723646723646,0.05,0.05046723646723645,527,27,20,0.975925925925926,0.5445920303605313,0.9108159392789374,counterfactual_dose,0.5,0.5006398726145138,0.4578034262485482,0.5030270034843205,0.1218143056704642,0.3944855603328526,0.013033800438520145,4.0,6.267200548541362
MAHNOB-HCI,valence,all,72,gpu_mlp,20260923,0.0351480836236933,stimulus,0.2417840705046587,0.3263922867372549,,,0.10046723646723646,0.05,0.05046723646723645,527,27,20,0.975925925925926,0.5445920303605313,0.9108159392789374,counterfactual_dose,0.75,0.7501146035300399,0.4578034262485482,0.4929515098722415,0.1218143056704642,0.3944855603328526,0.016472116715851085,4.0,6.267200548541362
MAHNOB-HCI,valence,all,72,gpu_mlp,20260923,0.0514735772357723,stimulus,0.2385996993202875,0.3944855603328526,,,0.10046723646723646,0.05,0.05046723646723645,527,27,20,0.975925925925926,0.5445920303605313,0.9108159392789374,counterfactual_dose,1.0,1.0,0.4578034262485482,0.5092770034843206,0.1218143056704642,0.3944855603328526,0.019908596056228342,4.0,6.267200548541362
MAHNOB-HCI,valence,all,72,gpu_mlp,20261007,0.0218568524970964,stimulus,0.2228712500949343,0.1565856910839797,,,0.10709686609686606,0.05,0.05709686609686605,527,27,20,0.975925925925926,0.5445920303605313,0.9108159392789374,counterfactual_dose,0.0,0.0,0.501698606271777,0.5235554587688734,0.1565856910839797,0.4742422005266297,0.008940552236507223,4.0,6.267200548541362
MAHNOB-HCI,valence,all,72,gpu_mlp,20261007,0.0190548780487804,stimulus,0.2680141072377914,0.236418946515842,,,0.10709686609686606,0.05,0.05709686609686605,527,27,20,0.975925925925926,0.5445920303605313,0.9108159392789374,counterfactual_dose,0.25,0.2530155066712316,0.501698606271777,0.5207534843205575,0.1565856910839797,0.4742422005266297,0.013498780931977167,4.0,6.267200548541362
MAHNOB-HCI,valence,all,72,gpu_mlp,20261007,0.0315548780487804,stimulus,0.2897447328213582,0.3148127006585227,,,0.10709686609686606,0.05,0.05709686609686605,527,27,20,0.975925925925926,0.5445920303605313,0.9108159392789374,counterfactual_dose,0.5,0.4963059890618679,0.501698606271777,0.5332534843205574,0.1565856910839797,0.4742422005266297,0.017974818615092446,4.0,6.267200548541362
MAHNOB-HCI,valence,all,72,gpu_mlp,20261007,0.0392058652729385,stimulus,0.2845780661546915,0.3957575515054243,,,0.10709686609686606,0.05,0.05709686609686605,527,27,20,0.975925925925926,0.5445920303605313,0.9108159392789374,counterfactual_dose,0.75,0.7549923456557164,0.501698606271777,0.5409044715447155,0.1565856910839797,0.4742422005266297,0.02259651592512878,4.0,6.267200548541362
MAHNOB-HCI,valence,all,72,gpu_mlp,20261007,0.0375362950058072,stimulus,0.2751494947261201,0.4742422005266297,,,0.10709686609686606,0.05,0.05709686609686605,527,27,20,0.975925925925926,0.5445920303605313,0.9108159392789374,counterfactual_dose,1.0,1.0,0.501698606271777,0.5392349012775842,0.1565856910839797,0.4742422005266297,0.027077743420952073,4.0,6.267200548541362
MAHNOB-HCI,valence,all,72,hist_gradient_boosting,20260813,0.0284843205574913,stimulus,0.519076655052265,0.28449787268817384,0.48286031830592774,0.3210302981133393,0.10309401709401705,0.05,0.05309401709401705,527,27,20,0.975925925925926,0.5445920303605313,0.9108159392789374,observational_factorial,,,,,,,0.015105134915717388,3.0,6.267200548541362
MAHNOB-HCI,valence,all,72,hist_gradient_boosting,20260829,0.0229348141695702,stimulus,0.4418844367015098,0.30191951934014694,0.4835594356341035,0.3420482650638451,0.10028632478632475,0.05,0.05028632478632475,527,27,20,0.975925925925926,0.5445920303605313,0.9108159392789374,observational_factorial,,,,,,,0.015182423008869685,3.0,6.267200548541362
MAHNOB-HCI,valence,all,72,hist_gradient_boosting,20260911,0.0038436411149825,stimulus,0.5147502903600465,0.2637512266011671,0.4814264398231979,0.2888966550618047,0.10054131054131049,0.05,0.050541310541310495,527,27,20,0.975925925925926,0.5445920303605313,0.9108159392789374,observational_factorial,,,,,,,0.013330332649301141,3.0,6.267200548541362
MAHNOB-HCI,valence,all,72,hist_gradient_boosting,20260923,0.0212470963995354,stimulus,0.4494991289198606,0.20890776387978313,0.4834111455454542,0.251238555567351,0.10046723646723646,0.05,0.05046723646723645,527,27,20,0.975925925925926,0.5445920303605313,0.9108159392789374,observational_factorial,,,,,,,0.010542997519562614,3.0,6.267200548541362
MAHNOB-HCI,valence,all,72,hist_gradient_boosting,20261007,0.0274608013937282,stimulus,0.4265824622531939,0.2595736954851604,0.48348865997373175,0.29908993867945627,0.10709686609686606,0.05,0.05709686609686605,527,27,20,0.975925925925926,0.5445920303605313,0.9108159392789374,observational_factorial,,,,,,,0.014820844533384888,3.0,6.267200548541362
MAHNOB-HCI,valence,all,72,linear_logistic,20260813,0.0395833333333333,stimulus,0.519076655052265,0.28449787268817384,0.48286031830592774,0.3210302981133393,0.10309401709401705,0.05,0.05309401709401705,527,27,20,0.975925925925926,0.5445920303605313,0.9108159392789374,observational_factorial,,,,,,,0.015105134915717388,1.0,6.267200548541362
MAHNOB-HCI,valence,all,72,linear_logistic,20260813,-0.0142784552845527,stimulus,0.2314240661299484,0.186269042245304,,,0.10309401709401705,0.05,0.05309401709401705,527,27,20,0.975925925925926,0.5445920303605313,0.9108159392789374,counterfactual_dose,0.0,0.0,0.5068524970963995,0.4925740418118467,0.186269042245304,0.4879444226959651,0.009889771713058354,1.0,6.267200548541362
MAHNOB-HCI,valence,all,72,linear_logistic,20260813,0.0208333333333333,stimulus,0.3094630271689095,0.2584191998243838,,,0.10309401709401705,0.05,0.05309401709401705,527,27,20,0.975925925925926,0.5445920303605313,0.9108159392789374,counterfactual_dose,0.25,0.2288122136147206,0.5068524970963995,0.5276858304297328,0.186269042245304,0.4879444226959651,0.013720513412898042,1.0,6.267200548541362
MAHNOB-HCI,valence,all,72,linear_logistic,20260813,0.0235627177700348,stimulus,0.3381296938355762,0.3393161172726945,,,0.10309401709401705,0.05,0.05309401709401705,527,27,20,0.975925925925926,0.5445920303605313,0.9108159392789374,counterfactual_dose,0.5,0.5192467530416321,0.5068524970963995,0.5304152148664343,0.186269042245304,0.4879444226959651,0.018015655730751937,1.0,6.267200548541362
MAHNOB-HCI,valence,all,72,linear_logistic,20260813,0.0093568524970965,stimulus,0.3401278264219441,0.4106344858684629,,,0.10309401709401705,0.05,0.05309401709401705,527,27,20,0.975925925925926,0.5445920303605313,0.9108159392789374,counterfactual_dose,0.75,0.7417909865513002,0.5068524970963995,0.516209349593496,0.186269042245304,0.4879444226959651,0.02180223441209307,1.0,6.267200548541362
MAHNOB-HCI,valence,all,72,linear_logistic,20260813,0.0169715447154472,stimulus,0.332096080390198,0.4879444226959651,,,0.10309401709401705,0.05,0.05309401709401705,527,27,20,0.975925925925926,0.5445920303605313,0.9108159392789374,counterfactual_dose,1.0,1.0,0.5068524970963995,0.5238240418118467,0.186269042245304,0.4879444226959651,0.025906929519549853,1.0,6.267200548541362
MAHNOB-HCI,valence,all,72,linear_logistic,20260829,0.0519853368176539,stimulus,0.4418844367015098,0.30191951934014694,0.4835594356341035,0.3420482650638451,0.10028632478632475,0.05,0.05028632478632475,527,27,20,0.975925925925926,0.5445920303605313,0.9108159392789374,observational_factorial,,,,,,,0.015182423008869685,1.0,6.267200548541362
MAHNOB-HCI,valence,all,72,linear_logistic,20260829,0.0528382694541231,stimulus,0.2845873787375335,0.1872708244055311,,,0.10028632478632475,0.05,0.05028632478632475,527,27,20,0.975925925925926,0.5445920303605313,0.9108159392789374,counterfactual_dose,0.0,0.0,0.5023809523809524,0.5552192218350755,0.1872708244055311,0.5216743097403764,0.009417161499059329,1.0,6.267200548541362
MAHNOB-HCI,valence,all,72,linear_logistic,20260829,0.0431039488966318,stimulus,0.2942940054441603,0.2711518028250108,,,0.10028632478632475,0.05,0.05028632478632475,527,27,20,0.975925925925926,0.5445920303605313,0.9108159392789374,counterfactual_dose,0.25,0.2507278945898925,0.5023809523809524,0.5454849012775842,0.1872708244055311,0.5216743097403764,0.013635227623255981,1.0,6.267200548541362
MAHNOB-HCI,valence,all,72,linear_logistic,20260829,0.0131823461091753,stimulus,0.3272788539290087,0.354590361844216,,,0.10028632478632475,0.05,0.05028632478632475,527,27,20,0.975925925925926,0.5445920303605313,0.9108159392789374,counterfactual_dose,0.5,0.5003387633153297,0.5023809523809524,0.5155632984901277,0.1872708244055311,0.5216743097403764,0.01783104610179866,1.0,6.267200548541362
MAHNOB-HCI,valence,all,72,linear_logistic,20260829,0.027424506387921,stimulus,0.3299455205956754,0.4375223045346786,,,0.10028632478632475,0.05,0.05028632478632475,527,27,20,0.975925925925926,0.5445920303605313,0.9108159392789374,counterfactual_dose,0.75,0.7479236290117055,0.5023809523809524,0.5298054587688734,0.1872708244055311,0.5216743097403764,0.022001388707092135,1.0,6.267200548541362
MAHNOB-HCI,valence,all,72,linear_logistic,20260829,0.0333696283391405,stimulus,0.3261322227823776,0.5216743097403764,,,0.10028632478632475,0.05,0.05028632478632475,527,27,20,0.975925925925926,0.5445920303605313,0.9108159392789374,counterfactual_dose,1.0,1.0,0.5023809523809524,0.535750580720093,0.1872708244055311,0.5216743097403764,0.026233083772286347,1.0,6.267200548541362
MAHNOB-HCI,valence,all,72,linear_logistic,20260911,0.0164779326364691,stimulus,0.5147502903600465,0.2637512266011671,0.4814264398231979,0.2888966550618047,0.10054131054131049,0.05,0.050541310541310495,527,27,20,0.975925925925926,0.5445920303605313,0.9108159392789374,observational_factorial,,,,,,,0.013330332649301141,1.0,6.267200548541362
MAHNOB-HCI,valence,all,72,linear_logistic,20260911,0.0247314169570267,stimulus,0.2306154895156443,0.1771842197310067,,,0.10054131054131049,0.05,0.050541310541310495,527,27,20,0.975925925925926,0.5445920303605313,0.9108159392789374,counterfactual_dose,0.0,0.0,0.5043916957026713,0.529123112659698,0.1771842197310067,0.4529947337038743,0.008955122672444605,1.0,6.267200548541362
MAHNOB-HCI,valence,all,72,linear_logistic,20260911,0.0007186411149826,stimulus,0.2481226274585407,0.2463975121198807,,,0.10054131054131049,0.05,0.050541310541310495,527,27,20,0.975925925925926,0.5445920303605313,0.9108159392789374,counterfactual_dose,0.25,0.2509650539444528,0.5043916957026713,0.5051103368176539,0.1771842197310067,0.4529947337038743,0.012453253176657207,1.0,6.267200548541362
MAHNOB-HCI,valence,all,72,linear_logistic,20260911,0.0066274680603948,stimulus,0.2973885004744138,0.3150765136469042,,,0.10054131054131049,0.05,0.050541310541310495,527,27,20,0.975925925925926,0.5445920303605313,0.9108159392789374,counterfactual_dose,0.5,0.4998899660820025,0.5043916957026713,0.5110191637630661,0.1771842197310067,0.4529947337038743,0.01592437992050164,1.0,6.267200548541362
MAHNOB-HCI,valence,all,72,linear_logistic,20260911,0.0031431475029035,stimulus,0.2757694528553662,0.3796794984443593,,,0.10054131054131049,0.05,0.050541310541310495,527,27,20,0.975925925925926,0.5445920303605313,0.9108159392789374,counterfactual_dose,0.75,0.7320190691059458,0.5043916957026713,0.5075348432055748,0.1771842197310067,0.4529947337038743,0.019189499437045378,1.0,6.267200548541362
MAHNOB-HCI,valence,all,72,linear_logistic,20260911,0.0066274680603948,stimulus,0.2909440560299693,0.4529947337038743,,,0.10054131054131049,0.05,0.050541310541310495,527,27,20,0.975925925925926,0.5445920303605313,0.9108159392789374,counterfactual_dose,1.0,1.0,0.5043916957026713,0.5110191637630661,0.1771842197310067,0.4529947337038743,0.022894947509705763,1.0,6.267200548541362
MAHNOB-HCI,valence,all,72,linear_logistic,20260923,0.0173671602787455,stimulus,0.4494991289198606,0.20890776387978313,0.4834111455454542,0.251238555567351,0.10046723646723646,0.05,0.05046723646723645,527,27,20,0.975925925925926,0.5445920303605313,0.9108159392789374,observational_factorial,,,,,,,0.010542997519562614,1.0,6.267200548541362
MAHNOB-HCI,valence,all,72,linear_logistic,20260923,0.0160569105691056,stimulus,0.1705261339967222,0.1218143056704642,,,0.10046723646723646,0.05,0.05046723646723645,527,27,20,0.975925925925926,0.5445920303605313,0.9108159392789374,counterfactual_dose,0.0,0.0,0.4751887340301974,0.4912456445993031,0.1218143056704642,0.3944855603328526,0.006147631369363539,1.0,6.267200548541362
MAHNOB-HCI,valence,all,72,linear_logistic,20260923,0.0163617886178861,stimulus,0.2406691984486102,0.1893683211898622,,,0.10046723646723646,0.05,0.05046723646723645,527,27,20,0.975925925925926,0.5445920303605313,0.9108159392789374,counterfactual_dose,0.25,0.2475378213521243,0.4751887340301974,0.4915505226480836,0.1218143056704642,0.3944855603328526,0.009556895844892358,1.0,6.267200548541362
MAHNOB-HCI,valence,all,72,linear_logistic,20260923,0.0344657375145179,stimulus,0.2458176839500369,0.2582626145376862,,,0.10046723646723646,0.05,0.05046723646723645,527,27,20,0.975925925925926,0.5445920303605313,0.9108159392789374,counterfactual_dose,0.5,0.5006398726145138,0.4751887340301974,0.5096544715447154,0.1218143056704642,0.3944855603328526,0.013033800438520145,1.0,6.267200548541362
MAHNOB-HCI,valence,all,72,linear_logistic,20260923,0.0156794425087107,stimulus,0.2417840705046587,0.3263922867372549,,,0.10046723646723646,0.05,0.05046723646723645,527,27,20,0.975925925925926,0.5445920303605313,0.9108159392789374,counterfactual_dose,0.75,0.7501146035300399,0.4751887340301974,0.4908681765389082,0.1218143056704642,0.3944855603328526,0.016472116715851085,1.0,6.267200548541362
MAHNOB-HCI,valence,all,72,linear_logistic,20260923,0.0334059233449477,stimulus,0.2385996993202875,0.3944855603328526,,,0.10046723646723646,0.05,0.05046723646723645,527,27,20,0.975925925925926,0.5445920303605313,0.9108159392789374,counterfactual_dose,1.0,1.0,0.4751887340301974,0.5085946573751452,0.1218143056704642,0.3944855603328526,0.019908596056228342,1.0,6.267200548541362
MAHNOB-HCI,valence,all,72,linear_logistic,20261007,0.0205103077816492,stimulus,0.4265824622531939,0.2595736954851604,0.48348865997373175,0.29908993867945627,0.10709686609686606,0.05,0.05709686609686605,527,27,20,0.975925925925926,0.5445920303605313,0.9108159392789374,observational_factorial,,,,,,,0.014820844533384888,1.0,6.267200548541362
MAHNOB-HCI,valence,all,72,linear_logistic,20261007,0.011099012775842,stimulus,0.2228712500949343,0.1565856910839797,,,0.10709686609686606,0.05,0.05709686609686605,527,27,20,0.975925925925926,0.5445920303605313,0.9108159392789374,counterfactual_dose,0.0,0.0,0.5061701509872242,0.5172691637630662,0.1565856910839797,0.4742422005266297,0.008940552236507223,1.0,6.267200548541362
MAHNOB-HCI,valence,all,72,linear_logistic,20261007,-0.0101117886178861,stimulus,0.2680141072377914,0.236418946515842,,,0.10709686609686606,0.05,0.05709686609686605,527,27,20,0.975925925925926,0.5445920303605313,0.9108159392789374,counterfactual_dose,0.25,0.2530155066712316,0.5061701509872242,0.496058362369338,0.1565856910839797,0.4742422005266297,0.013498780931977167,1.0,6.267200548541362
MAHNOB-HCI,valence,all,72,linear_logistic,20261007,0.033674506387921,stimulus,0.2897447328213582,0.3148127006585227,,,0.10709686609686606,0.05,0.05709686609686605,527,27,20,0.975925925925926,0.5445920303605313,0.9108159392789374,counterfactual_dose,0.5,0.4963059890618679,0.5061701509872242,0.5398446573751452,0.1565856910839797,0.4742422005266297,0.017974818615092446,1.0,6.267200548541362
MAHNOB-HCI,valence,all,72,linear_logistic,20261007,0.0333333333333333,stimulus,0.2845780661546915,0.3957575515054243,,,0.10709686609686606,0.05,0.05709686609686605,527,27,20,0.975925925925926,0.5445920303605313,0.9108159392789374,counterfactual_dose,0.75,0.7549923456557164,0.5061701509872242,0.5395034843205575,0.1565856910839797,0.4742422005266297,0.02259651592512878,1.0,6.267200548541362
MAHNOB-HCI,valence,all,72,linear_logistic,20261007,0.0371588269454122,stimulus,0.2751494947261201,0.4742422005266297,,,0.10709686609686606,0.05,0.05709686609686605,527,27,20,0.975925925925926,0.5445920303605313,0.9108159392789374,counterfactual_dose,1.0,1.0,0.5061701509872242,0.5433289779326365,0.1565856910839797,0.4742422005266297,0.027077743420952073,1.0,6.267200548541362
MAHNOB-HCI,valence,all,72,rbf_svm,20260813,0.0274970963995354,stimulus,0.519076655052265,0.28449787268817384,0.48286031830592774,0.3210302981133393,0.10309401709401705,0.05,0.05309401709401705,527,27,20,0.975925925925926,0.5445920303605313,0.9108159392789374,observational_factorial,,,,,,,0.015105134915717388,2.0,6.267200548541362
MAHNOB-HCI,valence,all,72,rbf_svm,20260829,0.0380117595818815,stimulus,0.4418844367015098,0.30191951934014694,0.4835594356341035,0.3420482650638451,0.10028632478632475,0.05,0.05028632478632475,527,27,20,0.975925925925926,0.5445920303605313,0.9108159392789374,observational_factorial,,,,,,,0.015182423008869685,2.0,6.267200548541362
MAHNOB-HCI,valence,all,72,rbf_svm,20260911,-0.0100573461091753,stimulus,0.5147502903600465,0.2637512266011671,0.4814264398231979,0.2888966550618047,0.10054131054131049,0.05,0.050541310541310495,527,27,20,0.975925925925926,0.5445920303605313,0.9108159392789374,observational_factorial,,,,,,,0.013330332649301141,2.0,6.267200548541362
MAHNOB-HCI,valence,all,72,rbf_svm,20260923,0.0198279616724738,stimulus,0.4494991289198606,0.20890776387978313,0.4834111455454542,0.251238555567351,0.10046723646723646,0.05,0.05046723646723645,527,27,20,0.975925925925926,0.5445920303605313,0.9108159392789374,observational_factorial,,,,,,,0.010542997519562614,2.0,6.267200548541362
MAHNOB-HCI,valence,all,72,rbf_svm,20261007,-0.0114946283391405,stimulus,0.4265824622531939,0.2595736954851604,0.48348865997373175,0.29908993867945627,0.10709686609686606,0.05,0.05709686609686605,527,27,20,0.975925925925926,0.5445920303605313,0.9108159392789374,observational_factorial,,,,,,,0.014820844533384888,2.0,6.267200548541362
MAHNOB-HCI,valence,normalized_asymmetry,12,gpu_mlp,20260813,-0.0146196283391405,stimulus,0.2314240661299484,0.186269042245304,,,0.07976495726495719,0.05,0.029764957264957197,527,27,20,0.975925925925926,0.5445920303605313,0.9108159392789374,counterfactual_dose,0.0,0.0,0.4612514518002323,0.4466318234610917,0.186269042245304,0.4879444226959651,0.00554429008221598,4.0,6.267200548541362
MAHNOB-HCI,valence,normalized_asymmetry,12,gpu_mlp,20260813,0.0281794425087107,stimulus,0.3094630271689095,0.2584191998243838,,,0.07976495726495719,0.05,0.029764957264957197,527,27,20,0.975925925925926,0.5445920303605313,0.9108159392789374,counterfactual_dose,0.25,0.2288122136147206,0.4612514518002323,0.4894308943089431,0.186269042245304,0.4879444226959651,0.007691836439217219,4.0,6.267200548541362
MAHNOB-HCI,valence,normalized_asymmetry,12,gpu_mlp,20260813,0.0138646922183507,stimulus,0.3381296938355762,0.3393161172726945,,,0.07976495726495719,0.05,0.029764957264957197,527,27,20,0.975925925925926,0.5445920303605313,0.9108159392789374,counterfactual_dose,0.5,0.5192467530416321,0.4612514518002323,0.475116144018583,0.186269042245304,0.4879444226959651,0.010099729729932956,4.0,6.267200548541362
MAHNOB-HCI,valence,normalized_asymmetry,12,gpu_mlp,20260813,0.0097343205574912,stimulus,0.3401278264219441,0.4106344858684629,,,0.07976495726495719,0.05,0.029764957264957197,527,27,20,0.975925925925926,0.5445920303605313,0.9108159392789374,counterfactual_dose,0.75,0.7417909865513002,0.4612514518002323,0.4709857723577235,0.186269042245304,0.4879444226959651,0.012222517923392469,4.0,6.267200548541362
MAHNOB-HCI,valence,normalized_asymmetry,12,gpu_mlp,20260813,0.0066274680603948,stimulus,0.332096080390198,0.4879444226959651,,,0.07976495726495719,0.05,0.029764957264957197,527,27,20,0.975925925925926,0.5445920303605313,0.9108159392789374,counterfactual_dose,1.0,1.0,0.4612514518002323,0.4678789198606272,0.186269042245304,0.4879444226959651,0.014523644889219612,4.0,6.267200548541362
MAHNOB-HCI,valence,normalized_asymmetry,12,gpu_mlp,20260829,-0.0031068524970964,stimulus,0.2845873787375335,0.1872708244055311,,,0.07577350427350424,0.05,0.025773504273504243,527,27,20,0.975925925925926,0.5445920303605313,0.9108159392789374,counterfactual_dose,0.0,0.0,0.4682200929152148,0.4651132404181184,0.1872708244055311,0.5216743097403764,0.004826625393118619,4.0,6.267200548541362
MAHNOB-HCI,valence,normalized_asymmetry,12,gpu_mlp,20260829,3.629500580726308e-05,stimulus,0.2942940054441603,0.2711518028250108,,,0.07577350427350424,0.05,0.025773504273504243,527,27,20,0.975925925925926,0.5445920303605313,0.9108159392789374,counterfactual_dose,0.25,0.2507278945898925,0.4682200929152148,0.4682563879210221,0.1872708244055311,0.5216743097403764,0.006988532148878795,4.0,6.267200548541362
MAHNOB-HCI,valence,normalized_asymmetry,12,gpu_mlp,20260829,-0.0006460511033681,stimulus,0.3272788539290087,0.354590361844216,,,0.07577350427350424,0.05,0.025773504273504243,527,27,20,0.975925925925926,0.5445920303605313,0.9108159392789374,counterfactual_dose,0.5,0.5003387633153297,0.4682200929152148,0.4675740418118467,0.1872708244055311,0.5216743097403764,0.009139036206335317,4.0,6.267200548541362
MAHNOB-HCI,valence,normalized_asymmetry,12,gpu_mlp,20260829,-0.0003048780487804,stimulus,0.3299455205956754,0.4375223045346786,,,0.07577350427350424,0.05,0.025773504273504243,527,27,20,0.975925925925926,0.5445920303605313,0.9108159392789374,counterfactual_dose,0.75,0.7479236290117055,0.4682200929152148,0.4679152148664344,0.1872708244055311,0.5216743097403764,0.011276482985677964,4.0,6.267200548541362
MAHNOB-HCI,valence,normalized_asymmetry,12,gpu_mlp,20260829,0.0143147502903601,stimulus,0.3261322227823776,0.5216743097403764,,,0.07577350427350424,0.05,0.025773504273504243,527,27,20,0.975925925925926,0.5445920303605313,0.9108159392789374,counterfactual_dose,1.0,1.0,0.4682200929152148,0.4825348432055749,0.1872708244055311,0.5216743097403764,0.013445375051470967,4.0,6.267200548541362
MAHNOB-HCI,valence,normalized_asymmetry,12,gpu_mlp,20260911,0.0212470963995353,stimulus,0.2306154895156443,0.1771842197310067,,,0.07581196581196581,0.05,0.0258119658119658,527,27,20,0.975925925925926,0.5445920303605313,0.9108159392789374,counterfactual_dose,0.0,0.0,0.4498112659698026,0.4710583623693379,0.1771842197310067,0.4529947337038743,0.004573473022116581,4.0,6.267200548541362
MAHNOB-HCI,valence,normalized_asymmetry,12,gpu_mlp,20260911,0.035489256678281,stimulus,0.2481226274585407,0.2463975121198807,,,0.07581196581196581,0.05,0.0258119658119658,527,27,20,0.975925925925926,0.5445920303605313,0.9108159392789374,counterfactual_dose,0.25,0.2509650539444528,0.4498112659698026,0.4853005226480836,0.1771842197310067,0.4529947337038743,0.006360004158991789,4.0,6.267200548541362
MAHNOB-HCI,valence,normalized_asymmetry,12,gpu_mlp,20260911,0.0341245644599302,stimulus,0.2973885004744138,0.3150765136469042,,,0.07581196581196581,0.05,0.0258119658119658,527,27,20,0.975925925925926,0.5445920303605313,0.9108159392789374,counterfactual_dose,0.5,0.4998899660820025,0.4498112659698026,0.4839358304297328,0.1771842197310067,0.4529947337038743,0.008132744198407267,4.0,6.267200548541362
MAHNOB-HCI,valence,normalized_asymmetry,12,gpu_mlp,20260911,0.013937282229965,stimulus,0.2757694528553662,0.3796794984443593,,,0.07581196581196581,0.05,0.0258119658119658,527,27,20,0.975925925925926,0.5445920303605313,0.9108159392789374,counterfactual_dose,0.75,0.7320190691059458,0.4498112659698026,0.4637485481997677,0.1771842197310067,0.4529947337038743,0.009800274233350123,4.0,6.267200548541362
MAHNOB-HCI,valence,normalized_asymmetry,12,gpu_mlp,20260911,0.019163763066202,stimulus,0.2909440560299693,0.4529947337038743,,,0.07581196581196581,0.05,0.0258119658119658,527,27,20,0.975925925925926,0.5445920303605313,0.9108159392789374,counterfactual_dose,1.0,1.0,0.4498112659698026,0.4689750290360046,0.1771842197310067,0.4529947337038743,0.011692684579364954,4.0,6.267200548541362
MAHNOB-HCI,valence,normalized_asymmetry,12,gpu_mlp,20260923,-0.0031794425087108,stimulus,0.1705261339967222,0.1218143056704642,,,0.08627920227920224,0.05,0.03627920227920224,527,27,20,0.975925925925926,0.5445920303605313,0.9108159392789374,counterfactual_dose,0.0,0.0,0.4612514518002323,0.4580720092915215,0.1218143056704642,0.3944855603328526,0.004419325835919343,4.0,6.267200548541362
MAHNOB-HCI,valence,normalized_asymmetry,12,gpu_mlp,20260923,-0.0052264808362369,stimulus,0.2406691984486102,0.1893683211898622,,,0.08627920227920224,0.05,0.03627920227920224,527,27,20,0.975925925925926,0.5445920303605313,0.9108159392789374,counterfactual_dose,0.25,0.2475378213521243,0.4612514518002323,0.4560249709639953,0.1218143056704642,0.3944855603328526,0.0068701316297199505,4.0,6.267200548541362
MAHNOB-HCI,valence,normalized_asymmetry,12,gpu_mlp,20260923,0.0148882113821138,stimulus,0.2458176839500369,0.2582626145376862,,,0.08627920227920224,0.05,0.03627920227920224,527,27,20,0.975925925925926,0.5445920303605313,0.9108159392789374,counterfactual_dose,0.5,0.5006398726145138,0.4612514518002323,0.4761396631823461,0.1218143056704642,0.3944855603328526,0.009369561633968354,4.0,6.267200548541362
MAHNOB-HCI,valence,normalized_asymmetry,12,gpu_mlp,20260923,0.011099012775842,stimulus,0.2417840705046587,0.3263922867372549,,,0.08627920227920224,0.05,0.03627920227920224,527,27,20,0.975925925925926,0.5445920303605313,0.9108159392789374,counterfactual_dose,0.75,0.7501146035300399,0.4612514518002323,0.4723504645760743,0.1218143056704642,0.3944855603328526,0.011841251792912249,4.0,6.267200548541362
MAHNOB-HCI,valence,normalized_asymmetry,12,gpu_mlp,20260923,0.0190548780487804,stimulus,0.2385996993202875,0.3944855603328526,,,0.08627920227920224,0.05,0.03627920227920224,527,27,20,0.975925925925926,0.5445920303605313,0.9108159392789374,counterfactual_dose,1.0,1.0,0.4612514518002323,0.4803063298490128,0.1218143056704642,0.3944855603328526,0.014311621439539998,4.0,6.267200548541362
MAHNOB-HCI,valence,normalized_asymmetry,12,gpu_mlp,20261007,0.0090882694541231,stimulus,0.2228712500949343,0.1565856910839797,,,0.07229202279202275,0.05,0.022292022792022748,527,27,20,0.975925925925926,0.5445920303605313,0.9108159392789374,counterfactual_dose,0.0,0.0,0.489017131242741,0.4981054006968641,0.1565856910839797,0.4742422005266297,0.0034906117945487087,4.0,6.267200548541362
MAHNOB-HCI,valence,normalized_asymmetry,12,gpu_mlp,20261007,0.0031794425087107,stimulus,0.2680141072377914,0.236418946515842,,,0.07229202279202275,0.05,0.022292022792022748,527,27,20,0.975925925925926,0.5445920303605313,0.9108159392789374,counterfactual_dose,0.25,0.2530155066712316,0.489017131242741,0.4921965737514517,0.1565856910839797,0.4742422005266297,0.005270256544197157,4.0,6.267200548541362
MAHNOB-HCI,valence,normalized_asymmetry,12,gpu_mlp,20261007,0.043140243902439,stimulus,0.2897447328213582,0.3148127006585227,,,0.07229202279202275,0.05,0.022292022792022748,527,27,20,0.975925925925926,0.5445920303605313,0.9108159392789374,counterfactual_dose,0.5,0.4963059890618679,0.489017131242741,0.53215737514518,0.1565856910839797,0.4742422005266297,0.0070178118982980224,4.0,6.267200548541362
MAHNOB-HCI,valence,normalized_asymmetry,12,gpu_mlp,20261007,0.0076872822299651,stimulus,0.2845780661546915,0.3957575515054243,,,0.07229202279202275,0.05,0.022292022792022748,527,27,20,0.975925925925926,0.5445920303605313,0.9108159392789374,counterfactual_dose,0.75,0.7549923456557164,0.489017131242741,0.4967044134727061,0.1565856910839797,0.4742422005266297,0.008822236358274034,4.0,6.267200548541362
MAHNOB-HCI,valence,normalized_asymmetry,12,gpu_mlp,20261007,0.0004137630662021,stimulus,0.2751494947261201,0.4742422005266297,,,0.07229202279202275,0.05,0.022292022792022748,527,27,20,0.975925925925926,0.5445920303605313,0.9108159392789374,counterfactual_dose,1.0,1.0,0.489017131242741,0.4894308943089431,0.1565856910839797,0.4742422005266297,0.01057181794307865,4.0,6.267200548541362
MAHNOB-HCI,valence,normalized_asymmetry,12,linear_logistic,20260813,0.0036367595818815,stimulus,0.519076655052265,0.28449787268817384,0.48286031830592774,0.3210302981133393,0.07976495726495719,0.05,0.029764957264957197,527,27,20,0.975925925925926,0.5445920303605313,0.9108159392789374,observational_factorial,,,,,,,0.008468067022534727,1.0,6.267200548541362
MAHNOB-HCI,valence,normalized_asymmetry,12,linear_logistic,20260813,0.0205284552845527,stimulus,0.2314240661299484,0.186269042245304,,,0.07976495726495719,0.05,0.029764957264957197,527,27,20,0.975925925925926,0.5445920303605313,0.9108159392789374,counterfactual_dose,0.0,0.0,0.4856054006968641,0.5061338559814169,0.186269042245304,0.4879444226959651,0.00554429008221598,1.0,6.267200548541362
MAHNOB-HCI,valence,normalized_asymmetry,12,linear_logistic,20260813,0.0302627758420441,stimulus,0.3094630271689095,0.2584191998243838,,,0.07976495726495719,0.05,0.029764957264957197,527,27,20,0.975925925925926,0.5445920303605313,0.9108159392789374,counterfactual_dose,0.25,0.2288122136147206,0.4856054006968641,0.5158681765389083,0.186269042245304,0.4879444226959651,0.007691836439217219,1.0,6.267200548541362
MAHNOB-HCI,valence,normalized_asymmetry,12,linear_logistic,20260813,0.0128411730545875,stimulus,0.3381296938355762,0.3393161172726945,,,0.07976495726495719,0.05,0.029764957264957197,527,27,20,0.975925925925926,0.5445920303605313,0.9108159392789374,counterfactual_dose,0.5,0.5192467530416321,0.4856054006968641,0.4984465737514517,0.186269042245304,0.4879444226959651,0.010099729729932956,1.0,6.267200548541362
MAHNOB-HCI,valence,normalized_asymmetry,12,linear_logistic,20260813,0.0006823461091753,stimulus,0.3401278264219441,0.4106344858684629,,,0.07976495726495719,0.05,0.029764957264957197,527,27,20,0.975925925925926,0.5445920303605313,0.9108159392789374,counterfactual_dose,0.75,0.7417909865513002,0.4856054006968641,0.4862877468060395,0.186269042245304,0.4879444226959651,0.012222517923392469,1.0,6.267200548541362
MAHNOB-HCI,valence,normalized_asymmetry,12,linear_logistic,20260813,-0.0069686411149825,stimulus,0.332096080390198,0.4879444226959651,,,0.07976495726495719,0.05,0.029764957264957197,527,27,20,0.975925925925926,0.5445920303605313,0.9108159392789374,counterfactual_dose,1.0,1.0,0.4856054006968641,0.4786367595818815,0.186269042245304,0.4879444226959651,0.014523644889219612,1.0,6.267200548541362
MAHNOB-HCI,valence,normalized_asymmetry,12,linear_logistic,20260829,0.0443162020905922,stimulus,0.4418844367015098,0.30191951934014694,0.4835594356341035,0.3420482650638451,0.07577350427350424,0.05,0.025773504273504243,527,27,20,0.975925925925926,0.5445920303605313,0.9108159392789374,observational_factorial,,,,,,,0.007781524021967624,1.0,6.267200548541362
MAHNOB-HCI,valence,normalized_asymmetry,12,linear_logistic,20260829,-0.0191637630662021,stimulus,0.2845873787375335,0.1872708244055311,,,0.07577350427350424,0.05,0.025773504273504243,527,27,20,0.975925925925926,0.5445920303605313,0.9108159392789374,counterfactual_dose,0.0,0.0,0.4891260162601626,0.4699622531939605,0.1872708244055311,0.5216743097403764,0.004826625393118619,1.0,6.267200548541362
MAHNOB-HCI,valence,normalized_asymmetry,12,linear_logistic,20260829,-0.0042029616724739,stimulus,0.2942940054441603,0.2711518028250108,,,0.07577350427350424,0.05,0.025773504273504243,527,27,20,0.975925925925926,0.5445920303605313,0.9108159392789374,counterfactual_dose,0.25,0.2507278945898925,0.4891260162601626,0.4849230545876887,0.1872708244055311,0.5216743097403764,0.006988532148878795,1.0,6.267200548541362
MAHNOB-HCI,valence,normalized_asymmetry,12,linear_logistic,20260829,-0.0108304297328687,stimulus,0.3272788539290087,0.354590361844216,,,0.07577350427350424,0.05,0.025773504273504243,527,27,20,0.975925925925926,0.5445920303605313,0.9108159392789374,counterfactual_dose,0.5,0.5003387633153297,0.4891260162601626,0.4782955865272938,0.1872708244055311,0.5216743097403764,0.009139036206335317,1.0,6.267200548541362
MAHNOB-HCI,valence,normalized_asymmetry,12,linear_logistic,20260829,-3.629500580720757e-05,stimulus,0.3299455205956754,0.4375223045346786,,,0.07577350427350424,0.05,0.025773504273504243,527,27,20,0.975925925925926,0.5445920303605313,0.9108159392789374,counterfactual_dose,0.75,0.7479236290117055,0.4891260162601626,0.4890897212543554,0.1872708244055311,0.5216743097403764,0.011276482985677964,1.0,6.267200548541362
MAHNOB-HCI,valence,normalized_asymmetry,12,linear_logistic,20260829,0.0009872241579558,stimulus,0.3261322227823776,0.5216743097403764,,,0.07577350427350424,0.05,0.025773504273504243,527,27,20,0.975925925925926,0.5445920303605313,0.9108159392789374,counterfactual_dose,1.0,1.0,0.4891260162601626,0.4901132404181184,0.1872708244055311,0.5216743097403764,0.013445375051470967,1.0,6.267200548541362
MAHNOB-HCI,valence,normalized_asymmetry,12,linear_logistic,20260911,0.0260598141695703,stimulus,0.5147502903600465,0.2637512266011671,0.4814264398231979,0.2888966550618047,0.07581196581196581,0.05,0.0258119658119658,527,27,20,0.975925925925926,0.5445920303605313,0.9108159392789374,observational_factorial,,,,,,,0.00680793764389337,1.0,6.267200548541362
MAHNOB-HCI,valence,normalized_asymmetry,12,linear_logistic,20260911,0.0222706155632984,stimulus,0.2306154895156443,0.1771842197310067,,,0.07581196581196581,0.05,0.0258119658119658,527,27,20,0.975925925925926,0.5445920303605313,0.9108159392789374,counterfactual_dose,0.0,0.0,0.4626887340301975,0.4849593495934959,0.1771842197310067,0.4529947337038743,0.004573473022116581,1.0,6.267200548541362
MAHNOB-HCI,valence,normalized_asymmetry,12,linear_logistic,20260911,0.0486716027874564,stimulus,0.2481226274585407,0.2463975121198807,,,0.07581196581196581,0.05,0.0258119658119658,527,27,20,0.975925925925926,0.5445920303605313,0.9108159392789374,counterfactual_dose,0.25,0.2509650539444528,0.4626887340301975,0.5113603368176539,0.1771842197310067,0.4529947337038743,0.006360004158991789,1.0,6.267200548541362
MAHNOB-HCI,valence,normalized_asymmetry,12,linear_logistic,20260911,0.0264372822299651,stimulus,0.2973885004744138,0.3150765136469042,,,0.07581196581196581,0.05,0.0258119658119658,527,27,20,0.975925925925926,0.5445920303605313,0.9108159392789374,counterfactual_dose,0.5,0.4998899660820025,0.4626887340301975,0.4891260162601626,0.1771842197310067,0.4529947337038743,0.008132744198407267,1.0,6.267200548541362
MAHNOB-HCI,valence,normalized_asymmetry,12,linear_logistic,20260911,0.0246951219512194,stimulus,0.2757694528553662,0.3796794984443593,,,0.07581196581196581,0.05,0.0258119658119658,527,27,20,0.975925925925926,0.5445920303605313,0.9108159392789374,counterfactual_dose,0.75,0.7320190691059458,0.4626887340301975,0.4873838559814169,0.1771842197310067,0.4529947337038743,0.009800274233350123,1.0,6.267200548541362
MAHNOB-HCI,valence,normalized_asymmetry,12,linear_logistic,20260911,0.036512775842044,stimulus,0.2909440560299693,0.4529947337038743,,,0.07581196581196581,0.05,0.0258119658119658,527,27,20,0.975925925925926,0.5445920303605313,0.9108159392789374,counterfactual_dose,1.0,1.0,0.4626887340301975,0.4992015098722415,0.1771842197310067,0.4529947337038743,0.011692684579364954,1.0,6.267200548541362
MAHNOB-HCI,valence,normalized_asymmetry,12,linear_logistic,20260923,-0.0269671893147503,stimulus,0.4494991289198606,0.20890776387978313,0.4834111455454542,0.251238555567351,0.08627920227920224,0.05,0.03627920227920224,527,27,20,0.975925925925926,0.5445920303605313,0.9108159392789374,observational_factorial,,,,,,,0.007579007023490472,1.0,6.267200548541362
MAHNOB-HCI,valence,normalized_asymmetry,12,linear_logistic,20260923,-0.0023882113821138,stimulus,0.1705261339967222,0.1218143056704642,,,0.08627920227920224,0.05,0.03627920227920224,527,27,20,0.975925925925926,0.5445920303605313,0.9108159392789374,counterfactual_dose,0.0,0.0,0.4796965737514518,0.4773083623693379,0.1218143056704642,0.3944855603328526,0.004419325835919343,1.0,6.267200548541362
MAHNOB-HCI,valence,normalized_asymmetry,12,linear_logistic,20260923,0.0062499999999999,stimulus,0.2406691984486102,0.1893683211898622,,,0.08627920227920224,0.05,0.03627920227920224,527,27,20,0.975925925925926,0.5445920303605313,0.9108159392789374,counterfactual_dose,0.25,0.2475378213521243,0.4796965737514518,0.4859465737514518,0.1218143056704642,0.3944855603328526,0.0068701316297199505,1.0,6.267200548541362
MAHNOB-HCI,valence,normalized_asymmetry,12,linear_logistic,20260923,-0.0034480255516841,stimulus,0.2458176839500369,0.2582626145376862,,,0.08627920227920224,0.05,0.03627920227920224,527,27,20,0.975925925925926,0.5445920303605313,0.9108159392789374,counterfactual_dose,0.5,0.5006398726145138,0.4796965737514518,0.4762485481997677,0.1218143056704642,0.3944855603328526,0.009369561633968354,1.0,6.267200548541362
MAHNOB-HCI,valence,normalized_asymmetry,12,linear_logistic,20260923,0.0246951219512194,stimulus,0.2417840705046587,0.3263922867372549,,,0.08627920227920224,0.05,0.03627920227920224,527,27,20,0.975925925925926,0.5445920303605313,0.9108159392789374,counterfactual_dose,0.75,0.7501146035300399,0.4796965737514518,0.5043916957026713,0.1218143056704642,0.3944855603328526,0.011841251792912249,1.0,6.267200548541362
MAHNOB-HCI,valence,normalized_asymmetry,12,linear_logistic,20260923,0.0243539488966317,stimulus,0.2385996993202875,0.3944855603328526,,,0.08627920227920224,0.05,0.03627920227920224,527,27,20,0.975925925925926,0.5445920303605313,0.9108159392789374,counterfactual_dose,1.0,1.0,0.4796965737514518,0.5040505226480836,0.1218143056704642,0.3944855603328526,0.014311621439539998,1.0,6.267200548541362
MAHNOB-HCI,valence,normalized_asymmetry,12,linear_logistic,20261007,-0.0187499999999999,stimulus,0.4265824622531939,0.2595736954851604,0.48348865997373175,0.29908993867945627,0.07229202279202275,0.05,0.022292022792022748,527,27,20,0.975925925925926,0.5445920303605313,0.9108159392789374,observational_factorial,,,,,,,0.005786422735964768,1.0,6.267200548541362
MAHNOB-HCI,valence,normalized_asymmetry,12,linear_logistic,20261007,-0.0013646922183507,stimulus,0.2228712500949343,0.1565856910839797,,,0.07229202279202275,0.05,0.022292022792022748,527,27,20,0.975925925925926,0.5445920303605313,0.9108159392789374,counterfactual_dose,0.0,0.0,0.5057926829268293,0.5044279907084785,0.1565856910839797,0.4742422005266297,0.0034906117945487087,1.0,6.267200548541362
MAHNOB-HCI,valence,normalized_asymmetry,12,linear_logistic,20261007,0.0128774680603948,stimulus,0.2680141072377914,0.236418946515842,,,0.07229202279202275,0.05,0.022292022792022748,527,27,20,0.975925925925926,0.5445920303605313,0.9108159392789374,counterfactual_dose,0.25,0.2530155066712316,0.5057926829268293,0.5186701509872241,0.1565856910839797,0.4742422005266297,0.005270256544197157,1.0,6.267200548541362
MAHNOB-HCI,valence,normalized_asymmetry,12,linear_logistic,20261007,0.0309814169570266,stimulus,0.2897447328213582,0.3148127006585227,,,0.07229202279202275,0.05,0.022292022792022748,527,27,20,0.975925925925926,0.5445920303605313,0.9108159392789374,counterfactual_dose,0.5,0.4963059890618679,0.5057926829268293,0.5367740998838559,0.1565856910839797,0.4742422005266297,0.0070178118982980224,1.0,6.267200548541362
MAHNOB-HCI,valence,normalized_asymmetry,12,linear_logistic,20261007,0.0111353077816491,stimulus,0.2845780661546915,0.3957575515054243,,,0.07229202279202275,0.05,0.022292022792022748,527,27,20,0.975925925925926,0.5445920303605313,0.9108159392789374,counterfactual_dose,0.75,0.7549923456557164,0.5057926829268293,0.5169279907084785,0.1565856910839797,0.4742422005266297,0.008822236358274034,1.0,6.267200548541362
MAHNOB-HCI,valence,normalized_asymmetry,12,linear_logistic,20261007,0.0024245063879209,stimulus,0.2751494947261201,0.4742422005266297,,,0.07229202279202275,0.05,0.022292022792022748,527,27,20,0.975925925925926,0.5445920303605313,0.9108159392789374,counterfactual_dose,1.0,1.0,0.5057926829268293,0.5082171893147502,0.1565856910839797,0.4742422005266297,0.01057181794307865,1.0,6.267200548541362
MAHNOB-HCI,valence,normalized_asymmetry,12,rbf_svm,20260813,0.0458696283391405,stimulus,0.519076655052265,0.28449787268817384,0.48286031830592774,0.3210302981133393,0.07976495726495719,0.05,0.029764957264957197,527,27,20,0.975925925925926,0.5445920303605313,0.9108159392789374,observational_factorial,,,,,,,0.008468067022534727,2.0,6.267200548541362
MAHNOB-HCI,valence,normalized_asymmetry,12,rbf_svm,20260829,0.0392240127758421,stimulus,0.4418844367015098,0.30191951934014694,0.4835594356341035,0.3420482650638451,0.07577350427350424,0.05,0.025773504273504243,527,27,20,0.975925925925926,0.5445920303605313,0.9108159392789374,observational_factorial,,,,,,,0.007781524021967624,2.0,6.267200548541362
MAHNOB-HCI,valence,normalized_asymmetry,12,rbf_svm,20260911,-0.0018945993031358,stimulus,0.5147502903600465,0.2637512266011671,0.4814264398231979,0.2888966550618047,0.07581196581196581,0.05,0.0258119658119658,527,27,20,0.975925925925926,0.5445920303605313,0.9108159392789374,observational_factorial,,,,,,,0.00680793764389337,2.0,6.267200548541362
MAHNOB-HCI,valence,normalized_asymmetry,12,rbf_svm,20260923,0.0177627758420441,stimulus,0.4494991289198606,0.20890776387978313,0.4834111455454542,0.251238555567351,0.08627920227920224,0.05,0.03627920227920224,527,27,20,0.975925925925926,0.5445920303605313,0.9108159392789374,observational_factorial,,,,,,,0.007579007023490472,2.0,6.267200548541362
MAHNOB-HCI,valence,normalized_asymmetry,12,rbf_svm,20261007,-0.0355074041811846,stimulus,0.4265824622531939,0.2595736954851604,0.48348865997373175,0.29908993867945627,0.07229202279202275,0.05,0.022292022792022748,527,27,20,0.975925925925926,0.5445920303605313,0.9108159392789374,observational_factorial,,,,,,,0.005786422735964768,2.0,6.267200548541362
MAHNOB-HCI,valence,relative_power,24,gpu_mlp,20260813,0.004471544715447,stimulus,0.2314240661299484,0.186269042245304,,,0.058866096866096854,0.05,0.008866096866096851,527,27,20,0.975925925925926,0.5445920303605313,0.9108159392789374,counterfactual_dose,0.0,0.0,0.4939750290360046,0.4984465737514517,0.186269042245304,0.4879444226959651,0.0016514793717019517,4.0,6.267200548541362
MAHNOB-HCI,valence,relative_power,24,gpu_mlp,20260813,0.0003411730545876,stimulus,0.3094630271689095,0.2584191998243838,,,0.058866096866096854,0.05,0.008866096866096851,527,27,20,0.975925925925926,0.5445920303605313,0.9108159392789374,counterfactual_dose,0.25,0.2288122136147206,0.4939750290360046,0.4943162020905923,0.186269042245304,0.4879444226959651,0.002291169657702225,4.0,6.267200548541362
MAHNOB-HCI,valence,relative_power,24,gpu_mlp,20260813,0.0086382113821138,stimulus,0.3381296938355762,0.3393161172726945,,,0.058866096866096854,0.05,0.008866096866096851,527,27,20,0.975925925925926,0.5445920303605313,0.9108159392789374,counterfactual_dose,0.5,0.5192467530416321,0.4939750290360046,0.5026132404181185,0.186269042245304,0.4879444226959651,0.0030084095639675884,4.0,6.267200548541362
MAHNOB-HCI,valence,relative_power,24,gpu_mlp,20260813,0.0190548780487804,stimulus,0.3401278264219441,0.4106344858684629,,,0.058866096866096854,0.05,0.008866096866096851,527,27,20,0.975925925925926,0.5445920303605313,0.9108159392789374,counterfactual_dose,0.75,0.7417909865513002,0.4939750290360046,0.5130299070847851,0.186269042245304,0.4879444226959651,0.0036407251282696705,4.0,6.267200548541362
MAHNOB-HCI,valence,relative_power,24,gpu_mlp,20260813,0.0017421602787456,stimulus,0.332096080390198,0.4879444226959651,,,0.058866096866096854,0.05,0.008866096866096851,527,27,20,0.975925925925926,0.5445920303605313,0.9108159392789374,counterfactual_dose,1.0,1.0,0.4939750290360046,0.4957171893147503,0.186269042245304,0.4879444226959651,0.004326162516894133,4.0,6.267200548541362
MAHNOB-HCI,valence,relative_power,24,gpu_mlp,20260829,0.0435903019744482,stimulus,0.2845873787375335,0.1872708244055311,,,0.06550142450142445,0.05,0.015501424501424443,527,27,20,0.975925925925926,0.5445920303605313,0.9108159392789374,counterfactual_dose,0.0,0.0,0.4783681765389083,0.5219584785133565,0.1872708244055311,0.5216743097403764,0.0029029645458418544,4.0,6.267200548541362
MAHNOB-HCI,valence,relative_power,24,gpu_mlp,20260829,0.0237441927990708,stimulus,0.2942940054441603,0.2711518028250108,,,0.06550142450142445,0.05,0.015501424501424443,527,27,20,0.975925925925926,0.5445920303605313,0.9108159392789374,counterfactual_dose,0.25,0.2507278945898925,0.4783681765389083,0.5021123693379791,0.1872708244055311,0.5216743097403764,0.004203239199917032,4.0,6.267200548541362
MAHNOB-HCI,valence,relative_power,24,gpu_mlp,20260829,0.0275696864111497,stimulus,0.3272788539290087,0.354590361844216,,,0.06550142450142445,0.05,0.015501424501424443,527,27,20,0.975925925925926,0.5445920303605313,0.9108159392789374,counterfactual_dose,0.5,0.5003387633153297,0.4783681765389083,0.505937862950058,0.1872708244055311,0.5216743097403764,0.0054966557230608885,4.0,6.267200548541362
MAHNOB-HCI,valence,relative_power,24,gpu_mlp,20260829,0.0279108594657374,stimulus,0.3299455205956754,0.4375223045346786,,,0.06550142450142445,0.05,0.015501424501424443,527,27,20,0.975925925925926,0.5445920303605313,0.9108159392789374,counterfactual_dose,0.75,0.7479236290117055,0.4783681765389083,0.5062790360046457,0.1872708244055311,0.5216743097403764,0.006782218971433554,4.0,6.267200548541362
MAHNOB-HCI,valence,relative_power,24,gpu_mlp,20260829,0.0293481416957026,stimulus,0.3261322227823776,0.5216743097403764,,,0.06550142450142445,0.05,0.015501424501424443,527,27,20,0.975925925925926,0.5445920303605313,0.9108159392789374,counterfactual_dose,1.0,1.0,0.4783681765389083,0.5077163182346109,0.1872708244055311,0.5216743097403764,0.008086694926773155,4.0,6.267200548541362
MAHNOB-HCI,valence,relative_power,24,gpu_mlp,20260911,0.0174216027874564,stimulus,0.2306154895156443,0.1771842197310067,,,0.07208404558404549,0.05,0.022084045584045496,527,27,20,0.975925925925926,0.5445920303605313,0.9108159392789374,counterfactual_dose,0.0,0.0,0.4685975609756098,0.4860191637630662,0.1771842197310067,0.4529947337038743,0.003912944385313085,4.0,6.267200548541362
MAHNOB-HCI,valence,relative_power,24,gpu_mlp,20260911,-0.0118176538908246,stimulus,0.2481226274585407,0.2463975121198807,,,0.07208404558404549,0.05,0.022084045584045496,527,27,20,0.975925925925926,0.5445920303605313,0.9108159392789374,counterfactual_dose,0.25,0.2509650539444528,0.4685975609756098,0.4567799070847851,0.1771842197310067,0.4529947337038743,0.005441453889450848,4.0,6.267200548541362
MAHNOB-HCI,valence,relative_power,24,gpu_mlp,20260911,-0.0090519744483159,stimulus,0.2973885004744138,0.3150765136469042,,,0.07208404558404549,0.05,0.022084045584045496,527,27,20,0.975925925925926,0.5445920303605313,0.9108159392789374,counterfactual_dose,0.5,0.4998899660820025,0.4685975609756098,0.4595455865272938,0.1771842197310067,0.4529947337038743,0.006958164089840365,4.0,6.267200548541362
MAHNOB-HCI,valence,relative_power,24,gpu_mlp,20260911,0.0024970963995354,stimulus,0.2757694528553662,0.3796794984443593,,,0.07208404558404549,0.05,0.022084045584045496,527,27,20,0.975925925925926,0.5445920303605313,0.9108159392789374,counterfactual_dose,0.75,0.7320190691059458,0.4685975609756098,0.4710946573751452,0.1771842197310067,0.4529947337038743,0.008384859350972761,4.0,6.267200548541362
MAHNOB-HCI,valence,relative_power,24,gpu_mlp,20260911,0.0344294425087107,stimulus,0.2909440560299693,0.4529947337038743,,,0.07208404558404549,0.05,0.022084045584045496,527,27,20,0.975925925925926,0.5445920303605313,0.9108159392789374,counterfactual_dose,1.0,1.0,0.4685975609756098,0.5030270034843205,0.1771842197310067,0.4529947337038743,0.01000395634844891,4.0,6.267200548541362
MAHNOB-HCI,valence,relative_power,24,gpu_mlp,20260923,0.0556039488966318,stimulus,0.1705261339967222,0.1218143056704642,,,0.0748290598290598,0.05,0.024829059829059794,527,27,20,0.975925925925926,0.5445920303605313,0.9108159392789374,counterfactual_dose,0.0,0.0,0.4279544134727061,0.4835583623693379,0.1218143056704642,0.3944855603328526,0.003024534683527333,4.0,6.267200548541362
MAHNOB-HCI,valence,relative_power,24,gpu_mlp,20260923,0.0504137630662021,stimulus,0.2406691984486102,0.1893683211898622,,,0.0748290598290598,0.05,0.024829059829059794,527,27,20,0.975925925925926,0.5445920303605313,0.9108159392789374,counterfactual_dose,0.25,0.2475378213521243,0.4279544134727061,0.4783681765389083,0.1218143056704642,0.3944855603328526,0.0047018373765517,4.0,6.267200548541362
MAHNOB-HCI,valence,relative_power,24,gpu_mlp,20260923,0.0552264808362369,stimulus,0.2458176839500369,0.2582626145376862,,,0.0748290598290598,0.05,0.024829059829059794,527,27,20,0.975925925925926,0.5445920303605313,0.9108159392789374,counterfactual_dose,0.5,0.5006398726145138,0.4279544134727061,0.483180894308943,0.1218143056704642,0.3944855603328526,0.006412417907965618,4.0,6.267200548541362
MAHNOB-HCI,valence,relative_power,24,gpu_mlp,20260923,0.038900987224158,stimulus,0.2417840705046587,0.3263922867372549,,,0.0748290598290598,0.05,0.024829059829059794,527,27,20,0.975925925925926,0.5445920303605313,0.9108159392789374,counterfactual_dose,0.75,0.7501146035300399,0.4279544134727061,0.4668554006968641,0.1218143056704642,0.3944855603328526,0.008104013615142942,4.0,6.267200548541362
MAHNOB-HCI,valence,relative_power,24,gpu_mlp,20260923,0.05,stimulus,0.2385996993202875,0.3944855603328526,,,0.0748290598290598,0.05,0.024829059829059794,527,27,20,0.975925925925926,0.5445920303605313,0.9108159392789374,counterfactual_dose,1.0,1.0,0.4279544134727061,0.4779544134727062,0.1218143056704642,0.3944855603328526,0.009794705579204574,4.0,6.267200548541362
MAHNOB-HCI,valence,relative_power,24,gpu_mlp,20261007,-0.0028019744483159,stimulus,0.2228712500949343,0.1565856910839797,,,0.07138319088319085,0.05,0.02138319088319085,527,27,20,0.975925925925926,0.5445920303605313,0.9108159392789374,counterfactual_dose,0.0,0.0,0.4724956445993031,0.4696936701509872,0.1565856910839797,0.4742422005266297,0.003348301722025094,4.0,6.267200548541362
MAHNOB-HCI,valence,relative_power,24,gpu_mlp,20261007,0.0076146922183507,stimulus,0.2680141072377914,0.236418946515842,,,0.07138319088319085,0.05,0.02138319088319085,527,27,20,0.975925925925926,0.5445920303605313,0.9108159392789374,counterfactual_dose,0.25,0.2530155066712316,0.4724956445993031,0.4801103368176539,0.1565856910839797,0.4742422005266297,0.0050553914617511376,4.0,6.267200548541362
MAHNOB-HCI,valence,relative_power,24,gpu_mlp,20261007,-0.0038254936120789,stimulus,0.2897447328213582,0.3148127006585227,,,0.07138319088319085,0.05,0.02138319088319085,527,27,20,0.975925925925926,0.5445920303605313,0.9108159392789374,counterfactual_dose,0.5,0.4963059890618679,0.4724956445993031,0.4686701509872242,0.1565856910839797,0.4742422005266297,0.006731700070634013,4.0,6.267200548541362
MAHNOB-HCI,valence,relative_power,24,gpu_mlp,20261007,0.0201146922183507,stimulus,0.2845780661546915,0.3957575515054243,,,0.07138319088319085,0.05,0.02138319088319085,527,27,20,0.975925925925926,0.5445920303605313,0.9108159392789374,counterfactual_dose,0.75,0.7549923456557164,0.4724956445993031,0.4926103368176538,0.1565856910839797,0.4742422005266297,0.008462559267304721,4.0,6.267200548541362
MAHNOB-HCI,valence,relative_power,24,gpu_mlp,20261007,0.0020470383275261,stimulus,0.2751494947261201,0.4742422005266297,,,0.07138319088319085,0.05,0.02138319088319085,527,27,20,0.975925925925926,0.5445920303605313,0.9108159392789374,counterfactual_dose,1.0,1.0,0.4724956445993031,0.4745426829268293,0.1565856910839797,0.4742422005266297,0.010140811498725396,4.0,6.267200548541362
MAHNOB-HCI,valence,relative_power,24,linear_logistic,20260813,0.0104711091753774,stimulus,0.519076655052265,0.28449787268817384,0.48286031830592774,0.3210302981133393,0.058866096866096854,0.05,0.008866096866096851,527,27,20,0.975925925925926,0.5445920303605313,0.9108159392789374,observational_factorial,,,,,,,0.0025223856974518387,1.0,6.267200548541362
MAHNOB-HCI,valence,relative_power,24,linear_logistic,20260813,0.0115490708478513,stimulus,0.2314240661299484,0.186269042245304,,,0.058866096866096854,0.05,0.008866096866096851,527,27,20,0.975925925925926,0.5445920303605313,0.9108159392789374,counterfactual_dose,0.0,0.0,0.5002250290360046,0.511774099883856,0.186269042245304,0.4879444226959651,0.0016514793717019517,1.0,6.267200548541362
MAHNOB-HCI,valence,relative_power,24,linear_logistic,20260813,0.0153745644599303,stimulus,0.3094630271689095,0.2584191998243838,,,0.058866096866096854,0.05,0.008866096866096851,527,27,20,0.975925925925926,0.5445920303605313,0.9108159392789374,counterfactual_dose,0.25,0.2288122136147206,0.5002250290360046,0.515599593495935,0.186269042245304,0.4879444226959651,0.002291169657702225,1.0,6.267200548541362
MAHNOB-HCI,valence,relative_power,24,linear_logistic,20260813,0.0115127758420441,stimulus,0.3381296938355762,0.3393161172726945,,,0.058866096866096854,0.05,0.008866096866096851,527,27,20,0.975925925925926,0.5445920303605313,0.9108159392789374,counterfactual_dose,0.5,0.5192467530416321,0.5002250290360046,0.5117378048780488,0.186269042245304,0.4879444226959651,0.0030084095639675884,1.0,6.267200548541362
MAHNOB-HCI,valence,relative_power,24,linear_logistic,20260813,0.0094294425087108,stimulus,0.3401278264219441,0.4106344858684629,,,0.058866096866096854,0.05,0.008866096866096851,527,27,20,0.975925925925926,0.5445920303605313,0.9108159392789374,counterfactual_dose,0.75,0.7417909865513002,0.5002250290360046,0.5096544715447154,0.186269042245304,0.4879444226959651,0.0036407251282696705,1.0,6.267200548541362
MAHNOB-HCI,valence,relative_power,24,linear_logistic,20260813,0.005640243902439,stimulus,0.332096080390198,0.4879444226959651,,,0.058866096866096854,0.05,0.008866096866096851,527,27,20,0.975925925925926,0.5445920303605313,0.9108159392789374,counterfactual_dose,1.0,1.0,0.5002250290360046,0.5058652729384436,0.186269042245304,0.4879444226959651,0.004326162516894133,1.0,6.267200548541362
MAHNOB-HCI,valence,relative_power,24,linear_logistic,20260829,0.0262122531939605,stimulus,0.4418844367015098,0.30191951934014694,0.4835594356341035,0.3420482650638451,0.06550142450142445,0.05,0.015501424501424443,527,27,20,0.975925925925926,0.5445920303605313,0.9108159392789374,observational_factorial,,,,,,,0.004680182634557645,1.0,6.267200548541362
MAHNOB-HCI,valence,relative_power,24,linear_logistic,20260829,0.00806475029036,stimulus,0.2845873787375335,0.1872708244055311,,,0.06550142450142445,0.05,0.015501424501424443,527,27,20,0.975925925925926,0.5445920303605313,0.9108159392789374,counterfactual_dose,0.0,0.0,0.4911730545876887,0.4992378048780488,0.1872708244055311,0.5216743097403764,0.0029029645458418544,1.0,6.267200548541362
MAHNOB-HCI,valence,relative_power,24,linear_logistic,20260829,0.0028019744483159,stimulus,0.2942940054441603,0.2711518028250108,,,0.06550142450142445,0.05,0.015501424501424443,527,27,20,0.975925925925926,0.5445920303605313,0.9108159392789374,counterfactual_dose,0.25,0.2507278945898925,0.4911730545876887,0.4939750290360046,0.1872708244055311,0.5216743097403764,0.004203239199917032,1.0,6.267200548541362
MAHNOB-HCI,valence,relative_power,24,linear_logistic,20260829,-0.0107941347270615,stimulus,0.3272788539290087,0.354590361844216,,,0.06550142450142445,0.05,0.015501424501424443,527,27,20,0.975925925925926,0.5445920303605313,0.9108159392789374,counterfactual_dose,0.5,0.5003387633153297,0.4911730545876887,0.4803789198606272,0.1872708244055311,0.5216743097403764,0.0054966557230608885,1.0,6.267200548541362
MAHNOB-HCI,valence,relative_power,24,linear_logistic,20260829,0.0024608013937282,stimulus,0.3299455205956754,0.4375223045346786,,,0.06550142450142445,0.05,0.015501424501424443,527,27,20,0.975925925925926,0.5445920303605313,0.9108159392789374,counterfactual_dose,0.75,0.7479236290117055,0.4911730545876887,0.4936338559814169,0.1872708244055311,0.5216743097403764,0.006782218971433554,1.0,6.267200548541362
MAHNOB-HCI,valence,relative_power,24,linear_logistic,20260829,-0.0017421602787456,stimulus,0.3261322227823776,0.5216743097403764,,,0.06550142450142445,0.05,0.015501424501424443,527,27,20,0.975925925925926,0.5445920303605313,0.9108159392789374,counterfactual_dose,1.0,1.0,0.4911730545876887,0.4894308943089431,0.1872708244055311,0.5216743097403764,0.008086694926773155,1.0,6.267200548541362
MAHNOB-HCI,valence,relative_power,24,linear_logistic,20260911,0.0116652148664344,stimulus,0.5147502903600465,0.2637512266011671,0.4814264398231979,0.2888966550618047,0.07208404558404549,0.05,0.022084045584045496,527,27,20,0.975925925925926,0.5445920303605313,0.9108159392789374,observational_factorial,,,,,,,0.005824694111108088,1.0,6.267200548541362
MAHNOB-HCI,valence,relative_power,24,linear_logistic,20260911,0.0202235772357723,stimulus,0.2306154895156443,0.1771842197310067,,,0.07208404558404549,0.05,0.022084045584045496,527,27,20,0.975925925925926,0.5445920303605313,0.9108159392789374,counterfactual_dose,0.0,0.0,0.4772720673635308,0.4974956445993031,0.1771842197310067,0.4529947337038743,0.003912944385313085,1.0,6.267200548541362
MAHNOB-HCI,valence,relative_power,24,linear_logistic,20260911,0.0128774680603949,stimulus,0.2481226274585407,0.2463975121198807,,,0.07208404558404549,0.05,0.022084045584045496,527,27,20,0.975925925925926,0.5445920303605313,0.9108159392789374,counterfactual_dose,0.25,0.2509650539444528,0.4772720673635308,0.4901495354239257,0.1771842197310067,0.4529947337038743,0.005441453889450848,1.0,6.267200548541362
MAHNOB-HCI,valence,relative_power,24,linear_logistic,20260911,0.0233667247386759,stimulus,0.2973885004744138,0.3150765136469042,,,0.07208404558404549,0.05,0.022084045584045496,527,27,20,0.975925925925926,0.5445920303605313,0.9108159392789374,counterfactual_dose,0.5,0.4998899660820025,0.4772720673635308,0.5006387921022067,0.1771842197310067,0.4529947337038743,0.006958164089840365,1.0,6.267200548541362
MAHNOB-HCI,valence,relative_power,24,linear_logistic,20260911,0.021588269454123,stimulus,0.2757694528553662,0.3796794984443593,,,0.07208404558404549,0.05,0.022084045584045496,527,27,20,0.975925925925926,0.5445920303605313,0.9108159392789374,counterfactual_dose,0.75,0.7320190691059458,0.4772720673635308,0.4988603368176538,0.1771842197310067,0.4529947337038743,0.008384859350972761,1.0,6.267200548541362
MAHNOB-HCI,valence,relative_power,24,linear_logistic,20260911,0.0274970963995354,stimulus,0.2909440560299693,0.4529947337038743,,,0.07208404558404549,0.05,0.022084045584045496,527,27,20,0.975925925925926,0.5445920303605313,0.9108159392789374,counterfactual_dose,1.0,1.0,0.4772720673635308,0.5047691637630662,0.1771842197310067,0.4529947337038743,0.01000395634844891,1.0,6.267200548541362
MAHNOB-HCI,valence,relative_power,24,linear_logistic,20260923,0.0120063879210221,stimulus,0.4494991289198606,0.20890776387978313,0.4834111455454542,0.251238555567351,0.0748290598290598,0.05,0.024829059829059794,527,27,20,0.975925925925926,0.5445920303605313,0.9108159392789374,observational_factorial,,,,,,,0.005186983368126232,1.0,6.267200548541362
MAHNOB-HCI,valence,relative_power,24,linear_logistic,20260923,0.0469657375145179,stimulus,0.1705261339967222,0.1218143056704642,,,0.0748290598290598,0.05,0.024829059829059794,527,27,20,0.975925925925926,0.5445920303605313,0.9108159392789374,counterfactual_dose,0.0,0.0,0.4525769454123113,0.4995426829268293,0.1218143056704642,0.3944855603328526,0.003024534683527333,1.0,6.267200548541362
MAHNOB-HCI,valence,relative_power,24,linear_logistic,20260923,0.0372314169570267,stimulus,0.2406691984486102,0.1893683211898622,,,0.0748290598290598,0.05,0.024829059829059794,527,27,20,0.975925925925926,0.5445920303605313,0.9108159392789374,counterfactual_dose,0.25,0.2475378213521243,0.4525769454123113,0.489808362369338,0.1218143056704642,0.3944855603328526,0.0047018373765517,1.0,6.267200548541362
MAHNOB-HCI,valence,relative_power,24,linear_logistic,20260923,0.0236716027874563,stimulus,0.2458176839500369,0.2582626145376862,,,0.0748290598290598,0.05,0.024829059829059794,527,27,20,0.975925925925926,0.5445920303605313,0.9108159392789374,counterfactual_dose,0.5,0.5006398726145138,0.4525769454123113,0.4762485481997677,0.1218143056704642,0.3944855603328526,0.006412417907965618,1.0,6.267200548541362
MAHNOB-HCI,valence,relative_power,24,linear_logistic,20260923,0.0201872822299651,stimulus,0.2417840705046587,0.3263922867372549,,,0.0748290598290598,0.05,0.024829059829059794,527,27,20,0.975925925925926,0.5445920303605313,0.9108159392789374,counterfactual_dose,0.75,0.7501146035300399,0.4525769454123113,0.4727642276422764,0.1218143056704642,0.3944855603328526,0.008104013615142942,1.0,6.267200548541362
MAHNOB-HCI,valence,relative_power,24,linear_logistic,20260923,0.0420804297328687,stimulus,0.2385996993202875,0.3944855603328526,,,0.0748290598290598,0.05,0.024829059829059794,527,27,20,0.975925925925926,0.5445920303605313,0.9108159392789374,counterfactual_dose,1.0,1.0,0.4525769454123113,0.49465737514518,0.1218143056704642,0.3944855603328526,0.009794705579204574,1.0,6.267200548541362
MAHNOB-HCI,valence,relative_power,24,linear_logistic,20261007,-0.0145833333333333,stimulus,0.4265824622531939,0.2595736954851604,0.48348865997373175,0.29908993867945627,0.07138319088319085,0.05,0.02138319088319085,527,27,20,0.975925925925926,0.5445920303605313,0.9108159392789374,observational_factorial,,,,,,,0.00555051387881444,1.0,6.267200548541362
MAHNOB-HCI,valence,relative_power,24,linear_logistic,20261007,0.0365127758420441,stimulus,0.2228712500949343,0.1565856910839797,,,0.07138319088319085,0.05,0.02138319088319085,527,27,20,0.975925925925926,0.5445920303605313,0.9108159392789374,counterfactual_dose,0.0,0.0,0.4918916957026713,0.5284044715447155,0.1565856910839797,0.4742422005266297,0.003348301722025094,1.0,6.267200548541362
MAHNOB-HCI,valence,relative_power,24,linear_logistic,20261007,0.0403745644599302,stimulus,0.2680141072377914,0.236418946515842,,,0.07138319088319085,0.05,0.02138319088319085,527,27,20,0.975925925925926,0.5445920303605313,0.9108159392789374,counterfactual_dose,0.25,0.2530155066712316,0.4918916957026713,0.5322662601626016,0.1565856910839797,0.4742422005266297,0.0050553914617511376,1.0,6.267200548541362
MAHNOB-HCI,valence,relative_power,24,linear_logistic,20261007,0.0420804297328687,stimulus,0.2897447328213582,0.3148127006585227,,,0.07138319088319085,0.05,0.02138319088319085,527,27,20,0.975925925925926,0.5445920303605313,0.9108159392789374,counterfactual_dose,0.5,0.4963059890618679,0.4918916957026713,0.5339721254355401,0.1565856910839797,0.4742422005266297,0.006731700070634013,1.0,6.267200548541362
MAHNOB-HCI,valence,relative_power,24,linear_logistic,20261007,0.0438225900116143,stimulus,0.2845780661546915,0.3957575515054243,,,0.07138319088319085,0.05,0.02138319088319085,527,27,20,0.975925925925926,0.5445920303605313,0.9108159392789374,counterfactual_dose,0.75,0.7549923456557164,0.4918916957026713,0.5357142857142857,0.1565856910839797,0.4742422005266297,0.008462559267304721,1.0,6.267200548541362
MAHNOB-HCI,valence,relative_power,24,linear_logistic,20261007,0.0559814169570267,stimulus,0.2751494947261201,0.4742422005266297,,,0.07138319088319085,0.05,0.02138319088319085,527,27,20,0.975925925925926,0.5445920303605313,0.9108159392789374,counterfactual_dose,1.0,1.0,0.4918916957026713,0.5478731126596981,0.1565856910839797,0.4742422005266297,0.010140811498725396,1.0,6.267200548541362
MAHNOB-HCI,valence,relative_power,24,rbf_svm,20260813,0.0043735481997675,stimulus,0.519076655052265,0.28449787268817384,0.48286031830592774,0.3210302981133393,0.058866096866096854,0.05,0.008866096866096851,527,27,20,0.975925925925926,0.5445920303605313,0.9108159392789374,observational_factorial,,,,,,,0.0025223856974518387,2.0,6.267200548541362
MAHNOB-HCI,valence,relative_power,24,rbf_svm,20260829,0.0474412020905923,stimulus,0.4418844367015098,0.30191951934014694,0.4835594356341035,0.3420482650638451,0.06550142450142445,0.05,0.015501424501424443,527,27,20,0.975925925925926,0.5445920303605313,0.9108159392789374,observational_factorial,,,,,,,0.004680182634557645,2.0,6.267200548541362
MAHNOB-HCI,valence,relative_power,24,rbf_svm,20260911,-0.0238240418118466,stimulus,0.5147502903600465,0.2637512266011671,0.4814264398231979,0.2888966550618047,0.07208404558404549,0.05,0.022084045584045496,527,27,20,0.975925925925926,0.5445920303605313,0.9108159392789374,observational_factorial,,,,,,,0.005824694111108088,2.0,6.267200548541362
MAHNOB-HCI,valence,relative_power,24,rbf_svm,20260923,0.0275333914053427,stimulus,0.4494991289198606,0.20890776387978313,0.4834111455454542,0.251238555567351,0.0748290598290598,0.05,0.024829059829059794,527,27,20,0.975925925925926,0.5445920303605313,0.9108159392789374,observational_factorial,,,,,,,0.005186983368126232,2.0,6.267200548541362
MAHNOB-HCI,valence,relative_power,24,rbf_svm,20261007,-0.0234465737514518,stimulus,0.4265824622531939,0.2595736954851604,0.48348865997373175,0.29908993867945627,0.07138319088319085,0.05,0.02138319088319085,527,27,20,0.975925925925926,0.5445920303605313,0.9108159392789374,observational_factorial,,,,,,,0.00555051387881444,2.0,6.267200548541362
MAHNOB-HCI,valence,absolute_power,24,linear_logistic,20260813,0.0368358013937282,subject,0.124390243902439,0.017994057355076375,0.9567205809842529,0.09654603579594705,0.6095063025210083,0.037037037037037,0.5724692654839714,527,27,20,0.975925925925926,0.5445920303605313,0.9108159392789374,observational_factorial,,,,,,,0.010301044797137025,1.0,6.267200548541362
MAHNOB-HCI,valence,absolute_power,24,linear_logistic,20260829,0.0117813588850174,subject,0.1146922183507548,0.01717814448118862,0.9584611403364184,0.09441211390437737,0.5955882352941178,0.037037037037037,0.5585511982570808,527,27,20,0.975925925925926,0.5445920303605313,0.9108159392789374,observational_factorial,,,,,,,0.009594873183801162,1.0,6.267200548541362
MAHNOB-HCI,valence,absolute_power,24,linear_logistic,20260911,0.0115127758420441,subject,0.1702090592334495,0.01601420111344597,0.9545325080653996,0.09207824075708441,0.5899918300653595,0.037037037037037,0.5529547930283225,527,27,20,0.975925925925926,0.5445920303605313,0.9108159392789374,observational_factorial,,,,,,,0.008855129262199448,1.0,6.267200548541362
MAHNOB-HCI,valence,absolute_power,24,linear_logistic,20260923,0.0263102497096399,subject,0.0986716027874564,0.015656580288273294,0.9498975419410495,0.08537800034768978,0.5769354964207906,0.037037037037037,0.5398984593837536,527,27,20,0.975925925925926,0.5445920303605313,0.9108159392789374,observational_factorial,,,,,,,0.008452963576856796,1.0,6.267200548541362
MAHNOB-HCI,valence,absolute_power,24,linear_logistic,20261007,0.0306837979094076,subject,0.0889735772357723,0.01678754727600081,0.9543070216352375,0.09094770633700501,0.5946623093681918,0.037037037037037,0.5576252723311548,527,27,20,0.975925925925926,0.5445920303605313,0.9108159392789374,observational_factorial,,,,,,,0.009361160621552086,1.0,6.267200548541362
MAHNOB-HCI,valence,absolute_power,24,rbf_svm,20260813,0.0259872241579558,subject,0.124390243902439,0.017994057355076375,0.9567205809842529,0.09654603579594705,0.6095063025210083,0.037037037037037,0.5724692654839714,527,27,20,0.975925925925926,0.5445920303605313,0.9108159392789374,observational_factorial,,,,,,,0.010301044797137025,2.0,6.267200548541362
MAHNOB-HCI,valence,absolute_power,24,rbf_svm,20260829,-0.0087652439024389,subject,0.1146922183507548,0.01717814448118862,0.9584611403364184,0.09441211390437737,0.5955882352941178,0.037037037037037,0.5585511982570808,527,27,20,0.975925925925926,0.5445920303605313,0.9108159392789374,observational_factorial,,,,,,,0.009594873183801162,2.0,6.267200548541362
MAHNOB-HCI,valence,absolute_power,24,rbf_svm,20260911,-0.0142966027874563,subject,0.1702090592334495,0.01601420111344597,0.9545325080653996,0.09207824075708441,0.5899918300653595,0.037037037037037,0.5529547930283225,527,27,20,0.975925925925926,0.5445920303605313,0.9108159392789374,observational_factorial,,,,,,,0.008855129262199448,2.0,6.267200548541362
MAHNOB-HCI,valence,absolute_power,24,rbf_svm,20260923,0.0108558362369338,subject,0.0986716027874564,0.015656580288273294,0.9498975419410495,0.08537800034768978,0.5769354964207906,0.037037037037037,0.5398984593837536,527,27,20,0.975925925925926,0.5445920303605313,0.9108159392789374,observational_factorial,,,,,,,0.008452963576856796,2.0,6.267200548541362
MAHNOB-HCI,valence,absolute_power,24,rbf_svm,20261007,0.0208333333333332,subject,0.0889735772357723,0.01678754727600081,0.9543070216352375,0.09094770633700501,0.5946623093681918,0.037037037037037,0.5576252723311548,527,27,20,0.975925925925926,0.5445920303605313,0.9108159392789374,observational_factorial,,,,,,,0.009361160621552086,2.0,6.267200548541362
MAHNOB-HCI,valence,all,72,extra_trees,20260813,0.0421784262485482,subject,0.124390243902439,0.017994057355076375,0.9567205809842529,0.09654603579594705,0.7540655150949269,0.037037037037037,0.7170284780578899,527,27,20,0.975925925925926,0.5445920303605313,0.9108159392789374,observational_factorial,,,,,,,0.012902251559396795,3.0,6.267200548541362
MAHNOB-HCI,valence,all,72,extra_trees,20260829,0.0190730255516841,subject,0.1146922183507548,0.01717814448118862,0.9584611403364184,0.09441211390437737,0.752740818549642,0.037037037037037,0.715703781512605,527,27,20,0.975925925925926,0.5445920303605313,0.9108159392789374,observational_factorial,,,,,,,0.012294462964556581,3.0,6.267200548541362
MAHNOB-HCI,valence,all,72,extra_trees,20260911,0.0079195702671312,subject,0.1702090592334495,0.01601420111344597,0.9545325080653996,0.09207824075708441,0.7426937441643324,0.037037037037037,0.7056567071272954,527,27,20,0.975925925925926,0.5445920303605313,0.9108159392789374,observational_factorial,,,,,,,0.011300528424988552,3.0,6.267200548541362
MAHNOB-HCI,valence,all,72,extra_trees,20260923,0.0352279326364692,subject,0.0986716027874564,0.015656580288273294,0.9498975419410495,0.08537800034768978,0.7342903828197945,0.037037037037037,0.6972533457827575,527,27,20,0.975925925925926,0.5445920303605313,0.9108159392789374,observational_factorial,,,,,,,0.010916602989514924,3.0,6.267200548541362
MAHNOB-HCI,valence,all,72,extra_trees,20261007,0.0465882694541231,subject,0.0889735772357723,0.01678754727600081,0.9543070216352375,0.09094770633700501,0.7438200280112046,0.037037037037037,0.7067829909741676,527,27,20,0.975925925925926,0.5445920303605313,0.9108159392789374,observational_factorial,,,,,,,0.011865152874852092,3.0,6.267200548541362
MAHNOB-HCI,valence,all,72,gpu_mlp,20260813,-0.0044715447154471,subject,-0.0051924154277095,0.0025205710715838,,,0.7540655150949269,0.037037037037037,0.7170284780578899,527,27,20,0.975925925925926,0.5445920303605313,0.9108159392789374,counterfactual_dose,0.0,0.0,0.5162819396051104,0.5118103948896632,0.0025205710715838,0.1655405629004618,0.001807321239294477,4.0,6.267200548541362
MAHNOB-HCI,valence,all,72,gpu_mlp,20260813,-0.0076146922183507,subject,0.0320454545454545,0.0432874260282392,,,0.7540655150949269,0.037037037037037,0.7170284780578899,527,27,20,0.975925925925926,0.5445920303605313,0.9108159392789374,counterfactual_dose,0.25,0.2500810686511556,0.5162819396051104,0.5086672473867596,0.0025205710715838,0.1655405629004618,0.031038317204071846,4.0,6.267200548541362
MAHNOB-HCI,valence,all,72,gpu_mlp,20260813,0.0104529616724737,subject,0.0534158586511527,0.0839445420963274,,,0.7540655150949269,0.037037037037037,0.7170284780578899,527,27,20,0.975925925925926,0.5445920303605313,0.9108159392789374,counterfactual_dose,0.5,0.4996940786870088,0.5162819396051104,0.5267349012775842,0.0025205710715838,0.1655405629004618,0.06019062726059611,4.0,6.267200548541362
MAHNOB-HCI,valence,all,72,gpu_mlp,20260813,0.002424506387921,subject,0.0309820669526551,0.1232723160272332,,,0.7540655150949269,0.037037037037037,0.7170284780578899,527,27,20,0.975925925925926,0.5445920303605313,0.9108159392789374,counterfactual_dose,0.75,0.7434175732077232,0.5162819396051104,0.5187064459930314,0.0025205710715838,0.1655405629004618,0.08838976114767826,4.0,6.267200548541362
MAHNOB-HCI,valence,all,72,gpu_mlp,20260813,0.0031431475029035,subject,0.0509198905669493,0.1655405629004618,,,0.7540655150949269,0.037037037037037,0.7170284780578899,527,27,20,0.975925925925926,0.5445920303605313,0.9108159392789374,counterfactual_dose,1.0,1.0,0.5162819396051104,0.5194250871080139,0.0025205710715838,0.1655405629004618,0.11869729787336451,4.0,6.267200548541362
MAHNOB-HCI,valence,all,72,gpu_mlp,20260829,0.0437862950058071,subject,0.0059793050087167,0.0026349374105486,,,0.752740818549642,0.037037037037037,0.715703781512605,527,27,20,0.975925925925926,0.5445920303605313,0.9108159392789374,counterfactual_dose,0.0,0.0,0.4807926829268293,0.5245789779326364,0.0026349374105486,0.1674206894411057,0.0018858346687786645,4.0,6.267200548541362
MAHNOB-HCI,valence,all,72,gpu_mlp,20260829,0.0323461091753773,subject,0.0306778622993793,0.0438192650260463,,,0.752740818549642,0.037037037037037,0.715703781512605,527,27,20,0.975925925925926,0.5445920303605313,0.9108159392789374,counterfactual_dose,0.25,0.2498518297405005,0.4807926829268293,0.5131387921022067,0.0026349374105486,0.1674206894411057,0.031361613682244376,4.0,6.267200548541362
MAHNOB-HCI,valence,all,72,gpu_mlp,20260829,0.0521559233449476,subject,0.0266266158162442,0.0852184080641546,,,0.752740818549642,0.037037037037037,0.715703781512605,527,27,20,0.975925925925926,0.5445920303605313,0.9108159392789374,counterfactual_dose,0.5,0.5010165517736456,0.4807926829268293,0.532948606271777,0.0026349374105486,0.1674206894411057,0.06099113690599972,4.0,6.267200548541362
MAHNOB-HCI,valence,all,72,gpu_mlp,20260829,0.0462470963995353,subject,0.0143152123074723,0.1267421098313731,,,0.752740818549642,0.037037037037037,0.715703781512605,527,27,20,0.975925925925926,0.5445920303605313,0.9108159392789374,counterfactual_dose,0.75,0.7493687707741179,0.4807926829268293,0.5270397793263647,0.0026349374105486,0.1674206894411057,0.09070980728319965,4.0,6.267200548541362
MAHNOB-HCI,valence,all,72,gpu_mlp,20260829,0.0462108013937282,subject,0.0039321672479567,0.1674206894411057,,,0.752740818549642,0.037037037037037,0.715703781512605,527,27,20,0.975925925925926,0.5445920303605313,0.9108159392789374,counterfactual_dose,1.0,1.0,0.4807926829268293,0.5270034843205575,0.0026349374105486,0.1674206894411057,0.11982362053644681,4.0,6.267200548541362
MAHNOB-HCI,valence,all,72,gpu_mlp,20260911,-0.0239764808362369,subject,-0.0121920336285661,0.0021202722121255,,,0.7426937441643324,0.037037037037037,0.7056567071272954,527,27,20,0.975925925925926,0.5445920303605313,0.9108159392789374,counterfactual_dose,0.0,0.0,0.5016623112659698,0.4776858304297328,0.0021202722121255,0.1674909908406376,0.001496184307421987,4.0,6.267200548541362
MAHNOB-HCI,valence,all,72,gpu_mlp,20260911,0.0031431475029035,subject,0.0187041642567958,0.0435291950009039,,,0.7426937441643324,0.037037037037037,0.7056567071272954,527,27,20,0.975925925925926,0.5445920303605313,0.9108159392789374,counterfactual_dose,0.25,0.2503096028119554,0.5016623112659698,0.5048054587688734,0.0021202722121255,0.1674909908406376,0.030716668408239778,4.0,6.267200548541362
MAHNOB-HCI,valence,all,72,gpu_mlp,20260911,0.008674506387921,subject,0.0551145586439704,0.0847008770799786,,,0.7426937441643324,0.037037037037037,0.7056567071272954,527,27,20,0.975925925925926,0.5445920303605313,0.9108159392789374,counterfactual_dose,0.5,0.4996540149419943,0.5016623112659698,0.5103368176538908,0.0021202722121255,0.1674909908406376,0.05976974201105151,4.0,6.267200548541362
MAHNOB-HCI,valence,all,72,gpu_mlp,20260911,-0.0003411730545876,subject,0.033686933207831,0.1219021526217807,,,0.7426937441643324,0.037037037037037,0.7056567071272954,527,27,20,0.975925925925926,0.5445920303605313,0.9108159392789374,counterfactual_dose,0.75,0.7295039977898309,0.5016623112659698,0.5013211382113821,0.0021202722121255,0.1674909908406376,0.08602107161081478,4.0,6.267200548541362
MAHNOB-HCI,valence,all,72,gpu_mlp,20260911,-0.0125,subject,0.0316658284096364,0.1674909908406376,,,0.7426937441643324,0.037037037037037,0.7056567071272954,527,27,20,0.975925925925926,0.5445920303605313,0.9108159392789374,counterfactual_dose,1.0,1.0,0.5016623112659698,0.4891623112659697,0.0021202722121255,0.1674909908406376,0.11819114107009232,4.0,6.267200548541362
MAHNOB-HCI,valence,all,72,gpu_mlp,20260923,0.0219294425087108,subject,-0.0076381526969762,0.0032083318164589,,,0.7342903828197945,0.037037037037037,0.6972533457827575,527,27,20,0.975925925925926,0.5445920303605313,0.9108159392789374,counterfactual_dose,0.0,0.0,0.4578034262485482,0.479732868757259,0.0032083318164589,0.154326398159694,0.00223702009340724,4.0,6.267200548541362
MAHNOB-HCI,valence,all,72,gpu_mlp,20260923,0.0174216027874564,subject,0.0524965573642044,0.0409835880889976,,,0.7342903828197945,0.037037037037037,0.6972533457827575,527,27,20,0.975925925925926,0.5445920303605313,0.9108159392789374,counterfactual_dose,0.25,0.2500910174278086,0.4578034262485482,0.4752250290360046,0.0032083318164589,0.154326398159694,0.02857594391723595,4.0,6.267200548541362
MAHNOB-HCI,valence,all,72,gpu_mlp,20260923,0.0278019744483159,subject,0.0465128416475165,0.0786952347970089,,,0.7342903828197945,0.037037037037037,0.6972533457827575,527,27,20,0.975925925925926,0.5445920303605313,0.9108159392789374,counterfactual_dose,0.5,0.4997585630853879,0.4578034262485482,0.4856054006968641,0.0032083318164589,0.154326398159694,0.05487051575937414,4.0,6.267200548541362
MAHNOB-HCI,valence,all,72,gpu_mlp,20260923,0.0368539488966318,subject,0.0486784260631009,0.1156138433644321,,,0.7342903828197945,0.037037037037037,0.6972533457827575,527,27,20,0.975925925925926,0.5445920303605313,0.9108159392789374,counterfactual_dose,0.75,0.7453953350731604,0.4578034262485482,0.49465737514518,0.0032083318164589,0.154326398159694,0.08061213910465395,4.0,6.267200548541362
MAHNOB-HCI,valence,all,72,gpu_mlp,20260923,0.0403019744483159,subject,0.0256066502297152,0.154326398159694,,,0.7342903828197945,0.037037037037037,0.6972533457827575,527,27,20,0.975925925925926,0.5445920303605313,0.9108159392789374,counterfactual_dose,1.0,1.0,0.4578034262485482,0.4981054006968641,0.0032083318164589,0.154326398159694,0.10760459745944864,4.0,6.267200548541362
MAHNOB-HCI,valence,all,72,gpu_mlp,20261007,0.0197009291521487,subject,-0.0020783040488922,0.0022511890276564,,,0.7438200280112046,0.037037037037037,0.7067829909741676,527,27,20,0.975925925925926,0.5445920303605313,0.9108159392789374,counterfactual_dose,0.0,0.0,0.501698606271777,0.5213995354239257,0.0022511890276564,0.1558777124926476,0.0015911021142152185,4.0,6.267200548541362
MAHNOB-HCI,valence,all,72,gpu_mlp,20261007,-0.0088196864111498,subject,0.0027053825947014,0.040664993278507,,,0.7438200280112046,0.037037037037037,0.7067829909741676,527,27,20,0.975925925925926,0.5445920303605313,0.9108159392789374,counterfactual_dose,0.25,0.2499910718080699,0.501698606271777,0.4928789198606271,0.0022511890276564,0.1558777124926476,0.0287413255773276,4.0,6.267200548541362
MAHNOB-HCI,valence,all,72,gpu_mlp,20261007,-0.0095020325203252,subject,0.0431197476414194,0.0791313963153132,,,0.7438200280112046,0.037037037037037,0.7067829909741676,527,27,20,0.975925925925926,0.5445920303605313,0.9108159392789374,counterfactual_dose,0.5,0.5002883206413602,0.501698606271777,0.4921965737514517,0.0022511890276564,0.1558777124926476,0.05592872496769929,4.0,6.267200548541362
MAHNOB-HCI,valence,all,72,gpu_mlp,20261007,-0.0168118466898954,subject,-0.0061800411490814,0.1157507375250422,,,0.7438200280112046,0.037037037037037,0.7067829909741676,527,27,20,0.975925925925926,0.5445920303605313,0.9108159392789374,counterfactual_dose,0.75,0.7380943617045009,0.501698606271777,0.4848867595818815,0.0022511890276564,0.1558777124926476,0.08181065247541515,4.0,6.267200548541362
MAHNOB-HCI,valence,all,72,gpu_mlp,20261007,0.0037166085946573,subject,0.0280644258562215,0.1558777124926476,,,0.7438200280112046,0.037037037037037,0.7067829909741676,527,27,20,0.975925925925926,0.5445920303605313,0.9108159392789374,counterfactual_dose,1.0,1.0,0.501698606271777,0.5054152148664344,0.0022511890276564,0.1558777124926476,0.11017171586176484,4.0,6.267200548541362
MAHNOB-HCI,valence,all,72,hist_gradient_boosting,20260813,0.0337108013937283,subject,0.124390243902439,0.017994057355076375,0.9567205809842529,0.09654603579594705,0.7540655150949269,0.037037037037037,0.7170284780578899,527,27,20,0.975925925925926,0.5445920303605313,0.9108159392789374,observational_factorial,,,,,,,0.012902251559396795,3.0,6.267200548541362
MAHNOB-HCI,valence,all,72,hist_gradient_boosting,20260829,0.0145288908246225,subject,0.1146922183507548,0.01717814448118862,0.9584611403364184,0.09441211390437737,0.752740818549642,0.037037037037037,0.715703781512605,527,27,20,0.975925925925926,0.5445920303605313,0.9108159392789374,observational_factorial,,,,,,,0.012294462964556581,3.0,6.267200548541362
MAHNOB-HCI,valence,all,72,hist_gradient_boosting,20260911,0.0097524680603949,subject,0.1702090592334495,0.01601420111344597,0.9545325080653996,0.09207824075708441,0.7426937441643324,0.037037037037037,0.7056567071272954,527,27,20,0.975925925925926,0.5445920303605313,0.9108159392789374,observational_factorial,,,,,,,0.011300528424988552,3.0,6.267200548541362
MAHNOB-HCI,valence,all,72,hist_gradient_boosting,20260923,0.0156431475029036,subject,0.0986716027874564,0.015656580288273294,0.9498975419410495,0.08537800034768978,0.7342903828197945,0.037037037037037,0.6972533457827575,527,27,20,0.975925925925926,0.5445920303605313,0.9108159392789374,observational_factorial,,,,,,,0.010916602989514924,3.0,6.267200548541362
MAHNOB-HCI,valence,all,72,hist_gradient_boosting,20261007,0.0327235772357723,subject,0.0889735772357723,0.01678754727600081,0.9543070216352375,0.09094770633700501,0.7438200280112046,0.037037037037037,0.7067829909741676,527,27,20,0.975925925925926,0.5445920303605313,0.9108159392789374,observational_factorial,,,,,,,0.011865152874852092,3.0,6.267200548541362
MAHNOB-HCI,valence,all,72,linear_logistic,20260813,0.0159843205574913,subject,0.124390243902439,0.017994057355076375,0.9567205809842529,0.09654603579594705,0.7540655150949269,0.037037037037037,0.7170284780578899,527,27,20,0.975925925925926,0.5445920303605313,0.9108159392789374,observational_factorial,,,,,,,0.012902251559396795,1.0,6.267200548541362
MAHNOB-HCI,valence,all,72,linear_logistic,20260813,0.0128774680603949,subject,-0.0051924154277095,0.0025205710715838,,,0.7540655150949269,0.037037037037037,0.7170284780578899,527,27,20,0.975925925925926,0.5445920303605313,0.9108159392789374,counterfactual_dose,0.0,0.0,0.5068524970963995,0.5197299651567944,0.0025205710715838,0.1655405629004618,0.001807321239294477,1.0,6.267200548541362
MAHNOB-HCI,valence,all,72,linear_logistic,20260813,0.0058725319396051,subject,0.0320454545454545,0.0432874260282392,,,0.7540655150949269,0.037037037037037,0.7170284780578899,527,27,20,0.975925925925926,0.5445920303605313,0.9108159392789374,counterfactual_dose,0.25,0.2500810686511556,0.5068524970963995,0.5127250290360046,0.0025205710715838,0.1655405629004618,0.031038317204071846,1.0,6.267200548541362
MAHNOB-HCI,valence,all,72,linear_logistic,20260813,0.0236353077816493,subject,0.0534158586511527,0.0839445420963274,,,0.7540655150949269,0.037037037037037,0.7170284780578899,527,27,20,0.975925925925926,0.5445920303605313,0.9108159392789374,counterfactual_dose,0.5,0.4996940786870088,0.5068524970963995,0.5304878048780488,0.0025205710715838,0.1655405629004618,0.06019062726059611,1.0,6.267200548541362
MAHNOB-HCI,valence,all,72,linear_logistic,20260813,0.0173490127758421,subject,0.0309820669526551,0.1232723160272332,,,0.7540655150949269,0.037037037037037,0.7170284780578899,527,27,20,0.975925925925926,0.5445920303605313,0.9108159392789374,counterfactual_dose,0.75,0.7434175732077232,0.5068524970963995,0.5242015098722416,0.0025205710715838,0.1655405629004618,0.08838976114767826,1.0,6.267200548541362
MAHNOB-HCI,valence,all,72,linear_logistic,20260813,0.0114764808362369,subject,0.0509198905669493,0.1655405629004618,,,0.7540655150949269,0.037037037037037,0.7170284780578899,527,27,20,0.975925925925926,0.5445920303605313,0.9108159392789374,counterfactual_dose,1.0,1.0,0.5068524970963995,0.5183289779326364,0.0025205710715838,0.1655405629004618,0.11869729787336451,1.0,6.267200548541362
MAHNOB-HCI,valence,all,72,linear_logistic,20260829,0.0087725029036004,subject,0.1146922183507548,0.01717814448118862,0.9584611403364184,0.09441211390437737,0.752740818549642,0.037037037037037,0.715703781512605,527,27,20,0.975925925925926,0.5445920303605313,0.9108159392789374,observational_factorial,,,,,,,0.012294462964556581,1.0,6.267200548541362
MAHNOB-HCI,valence,all,72,linear_logistic,20260829,0.0204921602787456,subject,0.0059793050087167,0.0026349374105486,,,0.752740818549642,0.037037037037037,0.715703781512605,527,27,20,0.975925925925926,0.5445920303605313,0.9108159392789374,counterfactual_dose,0.0,0.0,0.5023809523809524,0.522873112659698,0.0026349374105486,0.1674206894411057,0.0018858346687786645,1.0,6.267200548541362
MAHNOB-HCI,valence,all,72,linear_logistic,20260829,0.0270833333333333,subject,0.0306778622993793,0.0438192650260463,,,0.752740818549642,0.037037037037037,0.715703781512605,527,27,20,0.975925925925926,0.5445920303605313,0.9108159392789374,counterfactual_dose,0.25,0.2498518297405005,0.5023809523809524,0.5294642857142857,0.0026349374105486,0.1674206894411057,0.031361613682244376,1.0,6.267200548541362
MAHNOB-HCI,valence,all,72,linear_logistic,20260829,0.0267421602787456,subject,0.0266266158162442,0.0852184080641546,,,0.752740818549642,0.037037037037037,0.715703781512605,527,27,20,0.975925925925926,0.5445920303605313,0.9108159392789374,counterfactual_dose,0.5,0.5010165517736456,0.5023809523809524,0.529123112659698,0.0026349374105486,0.1674206894411057,0.06099113690599972,1.0,6.267200548541362
MAHNOB-HCI,valence,all,72,linear_logistic,20260829,0.017349012775842,subject,0.0143152123074723,0.1267421098313731,,,0.752740818549642,0.037037037037037,0.715703781512605,527,27,20,0.975925925925926,0.5445920303605313,0.9108159392789374,counterfactual_dose,0.75,0.7493687707741179,0.5023809523809524,0.5197299651567944,0.0026349374105486,0.1674206894411057,0.09070980728319965,1.0,6.267200548541362
MAHNOB-HCI,valence,all,72,linear_logistic,20260829,0.0277293844367014,subject,0.0039321672479567,0.1674206894411057,,,0.752740818549642,0.037037037037037,0.715703781512605,527,27,20,0.975925925925926,0.5445920303605313,0.9108159392789374,counterfactual_dose,1.0,1.0,0.5023809523809524,0.5301103368176538,0.0026349374105486,0.1674206894411057,0.11982362053644681,1.0,6.267200548541362
MAHNOB-HCI,valence,all,72,linear_logistic,20260911,-0.0165142276422763,subject,0.1702090592334495,0.01601420111344597,0.9545325080653996,0.09207824075708441,0.7426937441643324,0.037037037037037,0.7056567071272954,527,27,20,0.975925925925926,0.5445920303605313,0.9108159392789374,observational_factorial,,,,,,,0.011300528424988552,1.0,6.267200548541362
MAHNOB-HCI,valence,all,72,linear_logistic,20260911,-0.0173853077816492,subject,-0.0121920336285661,0.0021202722121255,,,0.7426937441643324,0.037037037037037,0.7056567071272954,527,27,20,0.975925925925926,0.5445920303605313,0.9108159392789374,counterfactual_dose,0.0,0.0,0.5043916957026713,0.487006387921022,0.0021202722121255,0.1674909908406376,0.001496184307421987,1.0,6.267200548541362
MAHNOB-HCI,valence,all,72,linear_logistic,20260911,0.0149608013937282,subject,0.0187041642567958,0.0435291950009039,,,0.7426937441643324,0.037037037037037,0.7056567071272954,527,27,20,0.975925925925926,0.5445920303605313,0.9108159392789374,counterfactual_dose,0.25,0.2503096028119554,0.5043916957026713,0.5193524970963995,0.0021202722121255,0.1674909908406376,0.030716668408239778,1.0,6.267200548541362
MAHNOB-HCI,valence,all,72,linear_logistic,20260911,0.0292029616724739,subject,0.0551145586439704,0.0847008770799786,,,0.7426937441643324,0.037037037037037,0.7056567071272954,527,27,20,0.975925925925926,0.5445920303605313,0.9108159392789374,counterfactual_dose,0.5,0.4996540149419943,0.5043916957026713,0.5335946573751452,0.0021202722121255,0.1674909908406376,0.05976974201105151,1.0,6.267200548541362
MAHNOB-HCI,valence,all,72,linear_logistic,20260911,0.0207970383275262,subject,0.033686933207831,0.1219021526217807,,,0.7426937441643324,0.037037037037037,0.7056567071272954,527,27,20,0.975925925925926,0.5445920303605313,0.9108159392789374,counterfactual_dose,0.75,0.7295039977898309,0.5043916957026713,0.5251887340301975,0.0021202722121255,0.1674909908406376,0.08602107161081478,1.0,6.267200548541362
MAHNOB-HCI,valence,all,72,linear_logistic,20260911,0.0184088269454123,subject,0.0316658284096364,0.1674909908406376,,,0.7426937441643324,0.037037037037037,0.7056567071272954,527,27,20,0.975925925925926,0.5445920303605313,0.9108159392789374,counterfactual_dose,1.0,1.0,0.5043916957026713,0.5228005226480836,0.0021202722121255,0.1674909908406376,0.11819114107009232,1.0,6.267200548541362
MAHNOB-HCI,valence,all,72,linear_logistic,20260923,-0.0049034552845528,subject,0.0986716027874564,0.015656580288273294,0.9498975419410495,0.08537800034768978,0.7342903828197945,0.037037037037037,0.6972533457827575,527,27,20,0.975925925925926,0.5445920303605313,0.9108159392789374,observational_factorial,,,,,,,0.010916602989514924,1.0,6.267200548541362
MAHNOB-HCI,valence,all,72,linear_logistic,20260923,0.000413763066202,subject,-0.0076381526969762,0.0032083318164589,,,0.7342903828197945,0.037037037037037,0.6972533457827575,527,27,20,0.975925925925926,0.5445920303605313,0.9108159392789374,counterfactual_dose,0.0,0.0,0.4751887340301974,0.4756024970963995,0.0032083318164589,0.154326398159694,0.00223702009340724,1.0,6.267200548541362
MAHNOB-HCI,valence,all,72,linear_logistic,20260923,0.0274608013937281,subject,0.0524965573642044,0.0409835880889976,,,0.7342903828197945,0.037037037037037,0.6972533457827575,527,27,20,0.975925925925926,0.5445920303605313,0.9108159392789374,counterfactual_dose,0.25,0.2500910174278086,0.4751887340301974,0.5026495354239257,0.0032083318164589,0.154326398159694,0.02857594391723595,1.0,6.267200548541362
MAHNOB-HCI,valence,all,72,linear_logistic,20260923,0.0253774680603948,subject,0.0465128416475165,0.0786952347970089,,,0.7342903828197945,0.037037037037037,0.6972533457827575,527,27,20,0.975925925925926,0.5445920303605313,0.9108159392789374,counterfactual_dose,0.5,0.4997585630853879,0.4751887340301974,0.5005662020905923,0.0032083318164589,0.154326398159694,0.05487051575937414,1.0,6.267200548541362
MAHNOB-HCI,valence,all,72,linear_logistic,20260923,0.0476480836236933,subject,0.0486784260631009,0.1156138433644321,,,0.7342903828197945,0.037037037037037,0.6972533457827575,527,27,20,0.975925925925926,0.5445920303605313,0.9108159392789374,counterfactual_dose,0.75,0.7453953350731604,0.4751887340301974,0.5228368176538908,0.0032083318164589,0.154326398159694,0.08061213910465395,1.0,6.267200548541362
MAHNOB-HCI,valence,all,72,linear_logistic,20260923,0.0337108013937281,subject,0.0256066502297152,0.154326398159694,,,0.7342903828197945,0.037037037037037,0.6972533457827575,527,27,20,0.975925925925926,0.5445920303605313,0.9108159392789374,counterfactual_dose,1.0,1.0,0.4751887340301974,0.5088995354239256,0.0032083318164589,0.154326398159694,0.10760459745944864,1.0,6.267200548541362
MAHNOB-HCI,valence,all,72,linear_logistic,20261007,0.0396377758420441,subject,0.0889735772357723,0.01678754727600081,0.9543070216352375,0.09094770633700501,0.7438200280112046,0.037037037037037,0.7067829909741676,527,27,20,0.975925925925926,0.5445920303605313,0.9108159392789374,observational_factorial,,,,,,,0.011865152874852092,1.0,6.267200548541362
MAHNOB-HCI,valence,all,72,linear_logistic,20261007,0.0114401858304297,subject,-0.0020783040488922,0.0022511890276564,,,0.7438200280112046,0.037037037037037,0.7067829909741676,527,27,20,0.975925925925926,0.5445920303605313,0.9108159392789374,counterfactual_dose,0.0,0.0,0.5061701509872242,0.5176103368176539,0.0022511890276564,0.1558777124926476,0.0015911021142152185,1.0,6.267200548541362
MAHNOB-HCI,valence,all,72,linear_logistic,20261007,0.0194323461091753,subject,0.0027053825947014,0.040664993278507,,,0.7438200280112046,0.037037037037037,0.7067829909741676,527,27,20,0.975925925925926,0.5445920303605313,0.9108159392789374,counterfactual_dose,0.25,0.2499910718080699,0.5061701509872242,0.5256024970963995,0.0022511890276564,0.1558777124926476,0.0287413255773276,1.0,6.267200548541362
MAHNOB-HCI,valence,all,72,linear_logistic,20261007,0.0323098141695702,subject,0.0431197476414194,0.0791313963153132,,,0.7438200280112046,0.037037037037037,0.7067829909741676,527,27,20,0.975925925925926,0.5445920303605313,0.9108159392789374,counterfactual_dose,0.5,0.5002883206413602,0.5061701509872242,0.5384799651567944,0.0022511890276564,0.1558777124926476,0.05592872496769929,1.0,6.267200548541362
MAHNOB-HCI,valence,all,72,linear_logistic,20261007,0.0211382113821138,subject,-0.0061800411490814,0.1157507375250422,,,0.7438200280112046,0.037037037037037,0.7067829909741676,527,27,20,0.975925925925926,0.5445920303605313,0.9108159392789374,counterfactual_dose,0.75,0.7380943617045009,0.5061701509872242,0.527308362369338,0.0022511890276564,0.1558777124926476,0.08181065247541515,1.0,6.267200548541362
MAHNOB-HCI,valence,all,72,linear_logistic,20261007,0.0152293844367015,subject,0.0280644258562215,0.1558777124926476,,,0.7438200280112046,0.037037037037037,0.7067829909741676,527,27,20,0.975925925925926,0.5445920303605313,0.9108159392789374,counterfactual_dose,1.0,1.0,0.5061701509872242,0.5213995354239257,0.0022511890276564,0.1558777124926476,0.11017171586176484,1.0,6.267200548541362
MAHNOB-HCI,valence,all,72,rbf_svm,20260813,0.0083333333333333,subject,0.124390243902439,0.017994057355076375,0.9567205809842529,0.09654603579594705,0.7540655150949269,0.037037037037037,0.7170284780578899,527,27,20,0.975925925925926,0.5445920303605313,0.9108159392789374,observational_factorial,,,,,,,0.012902251559396795,2.0,6.267200548541362
MAHNOB-HCI,valence,all,72,rbf_svm,20260829,-0.0061520034843204,subject,0.1146922183507548,0.01717814448118862,0.9584611403364184,0.09441211390437737,0.752740818549642,0.037037037037037,0.715703781512605,527,27,20,0.975925925925926,0.5445920303605313,0.9108159392789374,observational_factorial,,,,,,,0.012294462964556581,2.0,6.267200548541362
MAHNOB-HCI,valence,all,72,rbf_svm,20260911,-0.0146740708478513,subject,0.1702090592334495,0.01601420111344597,0.9545325080653996,0.09207824075708441,0.7426937441643324,0.037037037037037,0.7056567071272954,527,27,20,0.975925925925926,0.5445920303605313,0.9108159392789374,observational_factorial,,,,,,,0.011300528424988552,2.0,6.267200548541362
MAHNOB-HCI,valence,all,72,rbf_svm,20260923,-0.0066093205574912,subject,0.0986716027874564,0.015656580288273294,0.9498975419410495,0.08537800034768978,0.7342903828197945,0.037037037037037,0.6972533457827575,527,27,20,0.975925925925926,0.5445920303605313,0.9108159392789374,observational_factorial,,,,,,,0.010916602989514924,2.0,6.267200548541362
MAHNOB-HCI,valence,all,72,rbf_svm,20261007,0.0564133275261324,subject,0.0889735772357723,0.01678754727600081,0.9543070216352375,0.09094770633700501,0.7438200280112046,0.037037037037037,0.7067829909741676,527,27,20,0.975925925925926,0.5445920303605313,0.9108159392789374,observational_factorial,,,,,,,0.011865152874852092,2.0,6.267200548541362
MAHNOB-HCI,valence,normalized_asymmetry,12,gpu_mlp,20260813,0.0156794425087107,subject,-0.0051924154277095,0.0025205710715838,,,0.41340258325552437,0.037037037037037,0.3763655462184874,527,27,20,0.975925925925926,0.5445920303605313,0.9108159392789374,counterfactual_dose,0.0,0.0,0.4612514518002323,0.4769308943089431,0.0025205710715838,0.1655405629004618,0.000948656108139155,4.0,6.267200548541362
MAHNOB-HCI,valence,normalized_asymmetry,12,gpu_mlp,20260813,-0.002424506387921,subject,0.0320454545454545,0.0432874260282392,,,0.41340258325552437,0.037037037037037,0.3763655462184874,527,27,20,0.975925925925926,0.5445920303605313,0.9108159392789374,counterfactual_dose,0.25,0.2500810686511556,0.4612514518002323,0.4588269454123113,0.0025205710715838,0.1655405629004618,0.016291895741510614,4.0,6.267200548541362
MAHNOB-HCI,valence,normalized_asymmetry,12,gpu_mlp,20260813,0.0101480836236933,subject,0.0534158586511527,0.0839445420963274,,,0.41340258325552437,0.037037037037037,0.3763655462184874,527,27,20,0.975925925925926,0.5445920303605313,0.9108159392789374,counterfactual_dose,0.5,0.4996940786870088,0.4612514518002323,0.4713995354239256,0.0025205710715838,0.1655405629004618,0.03159383343814507,4.0,6.267200548541362
MAHNOB-HCI,valence,normalized_asymmetry,12,gpu_mlp,20260813,0.0219657375145179,subject,0.0309820669526551,0.1232723160272332,,,0.41340258325552437,0.037037037037037,0.3763655462184874,527,27,20,0.975925925925926,0.5445920303605313,0.9108159392789374,counterfactual_dose,0.75,0.7434175732077232,0.4612514518002323,0.4832171893147503,0.0025205710715838,0.1655405629004618,0.04639545255520762,4.0,6.267200548541362
MAHNOB-HCI,valence,normalized_asymmetry,12,gpu_mlp,20260813,0.0122314169570266,subject,0.0509198905669493,0.1655405629004618,,,0.41340258325552437,0.037037037037037,0.3763655462184874,527,27,20,0.975925925925926,0.5445920303605313,0.9108159392789374,counterfactual_dose,1.0,1.0,0.4612514518002323,0.473482868757259,0.0025205710715838,0.1655405629004618,0.06230376437734817,4.0,6.267200548541362
MAHNOB-HCI,valence,normalized_asymmetry,12,gpu_mlp,20260829,0.016325493612079,subject,0.0059793050087167,0.0026349374105486,,,0.39108309990662926,0.037037037037037,0.3540460628695923,527,27,20,0.975925925925926,0.5445920303605313,0.9108159392789374,counterfactual_dose,0.0,0.0,0.4682200929152148,0.4845455865272938,0.0026349374105486,0.1674206894411057,0.0009328892161125302,4.0,6.267200548541362
MAHNOB-HCI,valence,normalized_asymmetry,12,gpu_mlp,20260829,0.0051538908246225,subject,0.0306778622993793,0.0438192650260463,,,0.39108309990662926,0.037037037037037,0.3540460628695923,527,27,20,0.975925925925926,0.5445920303605313,0.9108159392789374,counterfactual_dose,0.25,0.2498518297405005,0.4682200929152148,0.4733739837398374,0.0026349374105486,0.1674206894411057,0.015514038260310914,4.0,6.267200548541362
MAHNOB-HCI,valence,normalized_asymmetry,12,gpu_mlp,20260829,-0.010111788617886,subject,0.0266266158162442,0.0852184080641546,,,0.39108309990662926,0.037037037037037,0.3540460628695923,527,27,20,0.975925925925926,0.5445920303605313,0.9108159392789374,counterfactual_dose,0.5,0.5010165517736456,0.4682200929152148,0.4581083042973287,0.0026349374105486,0.1674206894411057,0.030171241859128246,4.0,6.267200548541362
MAHNOB-HCI,valence,normalized_asymmetry,12,gpu_mlp,20260829,0.0128411730545877,subject,0.0143152123074723,0.1267421098313731,,,0.39108309990662926,0.037037037037037,0.3540460628695923,527,27,20,0.975925925925926,0.5445920303605313,0.9108159392789374,counterfactual_dose,0.75,0.7493687707741179,0.4682200929152148,0.4810612659698026,0.0026349374105486,0.1674206894411057,0.04487254498558309,4.0,6.267200548541362
MAHNOB-HCI,valence,normalized_asymmetry,12,gpu_mlp,20260829,0.0082970383275261,subject,0.0039321672479567,0.1674206894411057,,,0.39108309990662926,0.037037037037037,0.3540460628695923,527,27,20,0.975925925925926,0.5445920303605313,0.9108159392789374,counterfactual_dose,1.0,1.0,0.4682200929152148,0.476517131242741,0.0026349374105486,0.1674206894411057,0.05927463593953619,4.0,6.267200548541362
MAHNOB-HCI,valence,normalized_asymmetry,12,gpu_mlp,20260911,0.0028019744483158,subject,-0.0121920336285661,0.0021202722121255,,,0.3935632586367881,0.037037037037037,0.3565262215997511,527,27,20,0.975925925925926,0.5445920303605313,0.9108159392789374,counterfactual_dose,0.0,0.0,0.4498112659698026,0.4526132404181184,0.0021202722121255,0.1674909908406376,0.0007559326405520506,4.0,6.267200548541362
MAHNOB-HCI,valence,normalized_asymmetry,12,gpu_mlp,20260911,0.0118539488966317,subject,0.0187041642567958,0.0435291950009039,,,0.3935632586367881,0.037037037037037,0.3565262215997511,527,27,20,0.975925925925926,0.5445920303605313,0.9108159392789374,counterfactual_dose,0.25,0.2503096028119554,0.4498112659698026,0.4616652148664343,0.0021202722121255,0.1674909908406376,0.015519299422951043,4.0,6.267200548541362
MAHNOB-HCI,valence,normalized_asymmetry,12,gpu_mlp,20260911,-0.005226480836237,subject,0.0551145586439704,0.0847008770799786,,,0.3935632586367881,0.037037037037037,0.3565262215997511,527,27,20,0.975925925925926,0.5445920303605313,0.9108159392789374,counterfactual_dose,0.5,0.4996540149419943,0.4498112659698026,0.4445847851335656,0.0021202722121255,0.1674909908406376,0.03019808367150973,4.0,6.267200548541362
MAHNOB-HCI,valence,normalized_asymmetry,12,gpu_mlp,20260911,0.0090519744483158,subject,0.033686933207831,0.1219021526217807,,,0.3935632586367881,0.037037037037037,0.3565262215997511,527,27,20,0.975925925925926,0.5445920303605313,0.9108159392789374,counterfactual_dose,0.75,0.7295039977898309,0.4498112659698026,0.4588632404181184,0.0021202722121255,0.1674909908406376,0.04346131387911967,4.0,6.267200548541362
MAHNOB-HCI,valence,normalized_asymmetry,12,gpu_mlp,20260911,-0.0097706155632985,subject,0.0316658284096364,0.1674909908406376,,,0.3935632586367881,0.037037037037037,0.3565262215997511,527,27,20,0.975925925925926,0.5445920303605313,0.9108159392789374,counterfactual_dose,1.0,1.0,0.4498112659698026,0.4400406504065041,0.0021202722121255,0.1674909908406376,0.05971493011641104,4.0,6.267200548541362
MAHNOB-HCI,valence,normalized_asymmetry,12,gpu_mlp,20260923,-0.0079921602787456,subject,-0.0076381526969762,0.0032083318164589,,,0.4015017117958294,0.037037037037037,0.3644646747587924,527,27,20,0.975925925925926,0.5445920303605313,0.9108159392789374,counterfactual_dose,0.0,0.0,0.4612514518002323,0.4532592915214866,0.0032083318164589,0.154326398159694,0.0011693236120039786,4.0,6.267200548541362
MAHNOB-HCI,valence,normalized_asymmetry,12,gpu_mlp,20260923,0.0413980836236933,subject,0.0524965573642044,0.0409835880889976,,,0.4015017117958294,0.037037037037037,0.3644646747587924,527,27,20,0.975925925925926,0.5445920303605313,0.9108159392789374,counterfactual_dose,0.25,0.2500910174278086,0.4612514518002323,0.5026495354239257,0.0032083318164589,0.154326398159694,0.01493707010330483,4.0,6.267200548541362
MAHNOB-HCI,valence,normalized_asymmetry,12,gpu_mlp,20260923,0.0337108013937281,subject,0.0465128416475165,0.0786952347970089,,,0.4015017117958294,0.037037037037037,0.3644646747587924,527,27,20,0.975925925925926,0.5445920303605313,0.9108159392789374,counterfactual_dose,0.5,0.4997585630853879,0.4612514518002323,0.4949622531939605,0.0032083318164589,0.154326398159694,0.028681633155358655,4.0,6.267200548541362
MAHNOB-HCI,valence,normalized_asymmetry,12,gpu_mlp,20260923,0.0288980836236933,subject,0.0486784260631009,0.1156138433644321,,,0.4015017117958294,0.037037037037037,0.3644646747587924,527,27,20,0.975925925925926,0.5445920303605313,0.9108159392789374,counterfactual_dose,0.75,0.7453953350731604,0.4612514518002323,0.4901495354239257,0.0032083318164589,0.154326398159694,0.042137161819431716,4.0,6.267200548541362
MAHNOB-HCI,valence,normalized_asymmetry,12,gpu_mlp,20260923,0.0518510452961672,subject,0.0256066502297152,0.154326398159694,,,0.4015017117958294,0.037037037037037,0.3644646747587924,527,27,20,0.975925925925926,0.5445920303605313,0.9108159392789374,counterfactual_dose,1.0,1.0,0.4612514518002323,0.5131024970963995,0.0032083318164589,0.154326398159694,0.056246520511968774,4.0,6.267200548541362
MAHNOB-HCI,valence,normalized_asymmetry,12,gpu_mlp,20261007,0.0191274680603949,subject,-0.0020783040488922,0.0022511890276564,,,0.37746654217242454,0.037037037037037,0.34042950513538756,527,27,20,0.975925925925926,0.5445920303605313,0.9108159392789374,counterfactual_dose,0.0,0.0,0.489017131242741,0.5081445993031359,0.0022511890276564,0.1558777124926476,0.0007663711666512826,4.0,6.267200548541362
MAHNOB-HCI,valence,normalized_asymmetry,12,gpu_mlp,20261007,-0.0037891986062717,subject,0.0027053825947014,0.040664993278507,,,0.37746654217242454,0.037037037037037,0.34042950513538756,527,27,20,0.975925925925926,0.5445920303605313,0.9108159392789374,counterfactual_dose,0.25,0.2499910718080699,0.489017131242741,0.4852279326364692,0.0022511890276564,0.1558777124926476,0.013843563538135999,4.0,6.267200548541362
MAHNOB-HCI,valence,normalized_asymmetry,12,gpu_mlp,20261007,0.0198098141695703,subject,0.0431197476414194,0.0791313963153132,,,0.37746654217242454,0.037037037037037,0.34042950513538756,527,27,20,0.975925925925926,0.5445920303605313,0.9108159392789374,counterfactual_dose,0.5,0.5002883206413602,0.489017131242741,0.5088269454123113,0.0022511890276564,0.1558777124926476,0.0269386620882943,4.0,6.267200548541362
MAHNOB-HCI,valence,normalized_asymmetry,12,gpu_mlp,20261007,-0.0013646922183507,subject,-0.0061800411490814,0.1157507375250422,,,0.37746654217242454,0.037037037037037,0.34042950513538756,527,27,20,0.975925925925926,0.5445920303605313,0.9108159392789374,counterfactual_dose,0.75,0.7380943617045009,0.489017131242741,0.4876524390243902,0.0022511890276564,0.1558777124926476,0.03940496629470625,4.0,6.267200548541362
MAHNOB-HCI,valence,normalized_asymmetry,12,gpu_mlp,20261007,-0.0079921602787456,subject,0.0280644258562215,0.1558777124926476,,,0.37746654217242454,0.037037037037037,0.34042950513538756,527,27,20,0.975925925925926,0.5445920303605313,0.9108159392789374,counterfactual_dose,1.0,1.0,0.489017131242741,0.4810249709639953,0.0022511890276564,0.1558777124926476,0.05306537252550824,4.0,6.267200548541362
MAHNOB-HCI,valence,normalized_asymmetry,12,linear_logistic,20260813,0.0005299070847851,subject,0.124390243902439,0.017994057355076375,0.9567205809842529,0.09654603579594705,0.41340258325552437,0.037037037037037,0.3763655462184874,527,27,20,0.975925925925926,0.5445920303605313,0.9108159392789374,observational_factorial,,,,,,,0.006772343225130111,1.0,6.267200548541362
MAHNOB-HCI,valence,normalized_asymmetry,12,linear_logistic,20260813,0.0063225900116143,subject,-0.0051924154277095,0.0025205710715838,,,0.41340258325552437,0.037037037037037,0.3763655462184874,527,27,20,0.975925925925926,0.5445920303605313,0.9108159392789374,counterfactual_dose,0.0,0.0,0.4856054006968641,0.4919279907084785,0.0025205710715838,0.1655405629004618,0.000948656108139155,1.0,6.267200548541362
MAHNOB-HCI,valence,normalized_asymmetry,12,linear_logistic,20260813,-0.0034480255516841,subject,0.0320454545454545,0.0432874260282392,,,0.41340258325552437,0.037037037037037,0.3763655462184874,527,27,20,0.975925925925926,0.5445920303605313,0.9108159392789374,counterfactual_dose,0.25,0.2500810686511556,0.4856054006968641,0.48215737514518,0.0025205710715838,0.1655405629004618,0.016291895741510614,1.0,6.267200548541362
MAHNOB-HCI,valence,normalized_asymmetry,12,linear_logistic,20260813,0.0073461091753774,subject,0.0534158586511527,0.0839445420963274,,,0.41340258325552437,0.037037037037037,0.3763655462184874,527,27,20,0.975925925925926,0.5445920303605313,0.9108159392789374,counterfactual_dose,0.5,0.4996940786870088,0.4856054006968641,0.4929515098722415,0.0025205710715838,0.1655405629004618,0.03159383343814507,1.0,6.267200548541362
MAHNOB-HCI,valence,normalized_asymmetry,12,linear_logistic,20260813,0.02681475029036,subject,0.0309820669526551,0.1232723160272332,,,0.41340258325552437,0.037037037037037,0.3763655462184874,527,27,20,0.975925925925926,0.5445920303605313,0.9108159392789374,counterfactual_dose,0.75,0.7434175732077232,0.4856054006968641,0.5124201509872242,0.0025205710715838,0.1655405629004618,0.04639545255520762,1.0,6.267200548541362
MAHNOB-HCI,valence,normalized_asymmetry,12,linear_logistic,20260813,-0.0009872241579558,subject,0.0509198905669493,0.1655405629004618,,,0.41340258325552437,0.037037037037037,0.3763655462184874,527,27,20,0.975925925925926,0.5445920303605313,0.9108159392789374,counterfactual_dose,1.0,1.0,0.4856054006968641,0.4846181765389082,0.0025205710715838,0.1655405629004618,0.06230376437734817,1.0,6.267200548541362
MAHNOB-HCI,valence,normalized_asymmetry,12,linear_logistic,20260829,-0.005756387921022,subject,0.1146922183507548,0.01717814448118862,0.9584611403364184,0.09441211390437737,0.39108309990662926,0.037037037037037,0.3540460628695923,527,27,20,0.975925925925926,0.5445920303605313,0.9108159392789374,observational_factorial,,,,,,,0.006081854420969846,1.0,6.267200548541362
MAHNOB-HCI,valence,normalized_asymmetry,12,linear_logistic,20260829,-0.002424506387921,subject,0.0059793050087167,0.0026349374105486,,,0.39108309990662926,0.037037037037037,0.3540460628695923,527,27,20,0.975925925925926,0.5445920303605313,0.9108159392789374,counterfactual_dose,0.0,0.0,0.4891260162601626,0.4867015098722416,0.0026349374105486,0.1674206894411057,0.0009328892161125302,1.0,6.267200548541362
MAHNOB-HCI,valence,normalized_asymmetry,12,linear_logistic,20260829,-0.0014009872241579,subject,0.0306778622993793,0.0438192650260463,,,0.39108309990662926,0.037037037037037,0.3540460628695923,527,27,20,0.975925925925926,0.5445920303605313,0.9108159392789374,counterfactual_dose,0.25,0.2498518297405005,0.4891260162601626,0.4877250290360047,0.0026349374105486,0.1674206894411057,0.015514038260310914,1.0,6.267200548541362
MAHNOB-HCI,valence,normalized_asymmetry,12,linear_logistic,20260829,-0.0115127758420441,subject,0.0266266158162442,0.0852184080641546,,,0.39108309990662926,0.037037037037037,0.3540460628695923,527,27,20,0.975925925925926,0.5445920303605313,0.9108159392789374,counterfactual_dose,0.5,0.5010165517736456,0.4891260162601626,0.4776132404181185,0.0026349374105486,0.1674206894411057,0.030171241859128246,1.0,6.267200548541362
MAHNOB-HCI,valence,normalized_asymmetry,12,linear_logistic,20260829,-0.0090519744483159,subject,0.0143152123074723,0.1267421098313731,,,0.39108309990662926,0.037037037037037,0.3540460628695923,527,27,20,0.975925925925926,0.5445920303605313,0.9108159392789374,counterfactual_dose,0.75,0.7493687707741179,0.4891260162601626,0.4800740418118467,0.0026349374105486,0.1674206894411057,0.04487254498558309,1.0,6.267200548541362
MAHNOB-HCI,valence,normalized_asymmetry,12,linear_logistic,20260829,0.0031431475029035,subject,0.0039321672479567,0.1674206894411057,,,0.39108309990662926,0.037037037037037,0.3540460628695923,527,27,20,0.975925925925926,0.5445920303605313,0.9108159392789374,counterfactual_dose,1.0,1.0,0.4891260162601626,0.4922691637630662,0.0026349374105486,0.1674206894411057,0.05927463593953619,1.0,6.267200548541362
MAHNOB-HCI,valence,normalized_asymmetry,12,linear_logistic,20260911,-0.0010598141695702,subject,0.1702090592334495,0.01601420111344597,0.9545325080653996,0.09207824075708441,0.3935632586367881,0.037037037037037,0.3565262215997511,527,27,20,0.975925925925926,0.5445920303605313,0.9108159392789374,observational_factorial,,,,,,,0.005709482614915419,1.0,6.267200548541362
MAHNOB-HCI,valence,normalized_asymmetry,12,linear_logistic,20260911,0.0031068524970963,subject,-0.0121920336285661,0.0021202722121255,,,0.3935632586367881,0.037037037037037,0.3565262215997511,527,27,20,0.975925925925926,0.5445920303605313,0.9108159392789374,counterfactual_dose,0.0,0.0,0.4626887340301975,0.4657955865272938,0.0021202722121255,0.1674909908406376,0.0007559326405520506,1.0,6.267200548541362
MAHNOB-HCI,valence,normalized_asymmetry,12,linear_logistic,20260911,0.0212470963995353,subject,0.0187041642567958,0.0435291950009039,,,0.3935632586367881,0.037037037037037,0.3565262215997511,527,27,20,0.975925925925926,0.5445920303605313,0.9108159392789374,counterfactual_dose,0.25,0.2503096028119554,0.4626887340301975,0.4839358304297328,0.0021202722121255,0.1674909908406376,0.015519299422951043,1.0,6.267200548541362
MAHNOB-HCI,valence,normalized_asymmetry,12,linear_logistic,20260911,0.0166666666666666,subject,0.0551145586439704,0.0847008770799786,,,0.3935632586367881,0.037037037037037,0.3565262215997511,527,27,20,0.975925925925926,0.5445920303605313,0.9108159392789374,counterfactual_dose,0.5,0.4996540149419943,0.4626887340301975,0.4793554006968641,0.0021202722121255,0.1674909908406376,0.03019808367150973,1.0,6.267200548541362
MAHNOB-HCI,valence,normalized_asymmetry,12,linear_logistic,20260911,0.019773519163763,subject,0.033686933207831,0.1219021526217807,,,0.3935632586367881,0.037037037037037,0.3565262215997511,527,27,20,0.975925925925926,0.5445920303605313,0.9108159392789374,counterfactual_dose,0.75,0.7295039977898309,0.4626887340301975,0.4824622531939605,0.0021202722121255,0.1674909908406376,0.04346131387911967,1.0,6.267200548541362
MAHNOB-HCI,valence,normalized_asymmetry,12,linear_logistic,20260911,0.0142784552845527,subject,0.0316658284096364,0.1674909908406376,,,0.3935632586367881,0.037037037037037,0.3565262215997511,527,27,20,0.975925925925926,0.5445920303605313,0.9108159392789374,counterfactual_dose,1.0,1.0,0.4626887340301975,0.4769671893147502,0.0021202722121255,0.1674909908406376,0.05971493011641104,1.0,6.267200548541362
MAHNOB-HCI,valence,normalized_asymmetry,12,linear_logistic,20260923,-0.0199259581881532,subject,0.0986716027874564,0.015656580288273294,0.9498975419410495,0.08537800034768978,0.4015017117958294,0.037037037037037,0.3644646747587924,527,27,20,0.975925925925926,0.5445920303605313,0.9108159392789374,observational_factorial,,,,,,,0.005706270442600446,1.0,6.267200548541362
MAHNOB-HCI,valence,normalized_asymmetry,12,linear_logistic,20260923,0.0007186411149825,subject,-0.0076381526969762,0.0032083318164589,,,0.4015017117958294,0.037037037037037,0.3644646747587924,527,27,20,0.975925925925926,0.5445920303605313,0.9108159392789374,counterfactual_dose,0.0,0.0,0.4796965737514518,0.4804152148664343,0.0032083318164589,0.154326398159694,0.0011693236120039786,1.0,6.267200548541362
MAHNOB-HCI,valence,normalized_asymmetry,12,linear_logistic,20260923,0.0107941347270615,subject,0.0524965573642044,0.0409835880889976,,,0.4015017117958294,0.037037037037037,0.3644646747587924,527,27,20,0.975925925925926,0.5445920303605313,0.9108159392789374,counterfactual_dose,0.25,0.2500910174278086,0.4796965737514518,0.4904907084785134,0.0032083318164589,0.154326398159694,0.01493707010330483,1.0,6.267200548541362
MAHNOB-HCI,valence,normalized_asymmetry,12,linear_logistic,20260923,0.0017421602787456,subject,0.0465128416475165,0.0786952347970089,,,0.4015017117958294,0.037037037037037,0.3644646747587924,527,27,20,0.975925925925926,0.5445920303605313,0.9108159392789374,counterfactual_dose,0.5,0.4997585630853879,0.4796965737514518,0.4814387340301974,0.0032083318164589,0.154326398159694,0.028681633155358655,1.0,6.267200548541362
MAHNOB-HCI,valence,normalized_asymmetry,12,linear_logistic,20260923,-0.0118176538908246,subject,0.0486784260631009,0.1156138433644321,,,0.4015017117958294,0.037037037037037,0.3644646747587924,527,27,20,0.975925925925926,0.5445920303605313,0.9108159392789374,counterfactual_dose,0.75,0.7453953350731604,0.4796965737514518,0.4678789198606272,0.0032083318164589,0.154326398159694,0.042137161819431716,1.0,6.267200548541362
MAHNOB-HCI,valence,normalized_asymmetry,12,linear_logistic,20260923,0.0097343205574912,subject,0.0256066502297152,0.154326398159694,,,0.4015017117958294,0.037037037037037,0.3644646747587924,527,27,20,0.975925925925926,0.5445920303605313,0.9108159392789374,counterfactual_dose,1.0,1.0,0.4796965737514518,0.4894308943089431,0.0032083318164589,0.154326398159694,0.056246520511968774,1.0,6.267200548541362
MAHNOB-HCI,valence,normalized_asymmetry,12,linear_logistic,20261007,0.0042029616724738,subject,0.0889735772357723,0.01678754727600081,0.9543070216352375,0.09094770633700501,0.37746654217242454,0.037037037037037,0.34042950513538756,527,27,20,0.975925925925926,0.5445920303605313,0.9108159392789374,observational_factorial,,,,,,,0.005714976411605879,1.0,6.267200548541362
MAHNOB-HCI,valence,normalized_asymmetry,12,linear_logistic,20261007,-0.0090882694541232,subject,-0.0020783040488922,0.0022511890276564,,,0.37746654217242454,0.037037037037037,0.34042950513538756,527,27,20,0.975925925925926,0.5445920303605313,0.9108159392789374,counterfactual_dose,0.0,0.0,0.5057926829268293,0.4967044134727061,0.0022511890276564,0.1558777124926476,0.0007663711666512826,1.0,6.267200548541362
MAHNOB-HCI,valence,normalized_asymmetry,12,linear_logistic,20261007,-0.0083696283391405,subject,0.0027053825947014,0.040664993278507,,,0.37746654217242454,0.037037037037037,0.34042950513538756,527,27,20,0.975925925925926,0.5445920303605313,0.9108159392789374,counterfactual_dose,0.25,0.2499910718080699,0.5057926829268293,0.4974230545876887,0.0022511890276564,0.1558777124926476,0.013843563538135999,1.0,6.267200548541362
MAHNOB-HCI,valence,normalized_asymmetry,12,linear_logistic,20261007,0.0037891986062716,subject,0.0431197476414194,0.0791313963153132,,,0.37746654217242454,0.037037037037037,0.34042950513538756,527,27,20,0.975925925925926,0.5445920303605313,0.9108159392789374,counterfactual_dose,0.5,0.5002883206413602,0.5057926829268293,0.509581881533101,0.0022511890276564,0.1558777124926476,0.0269386620882943,1.0,6.267200548541362
MAHNOB-HCI,valence,normalized_asymmetry,12,linear_logistic,20261007,-3.629500580726308e-05,subject,-0.0061800411490814,0.1157507375250422,,,0.37746654217242454,0.037037037037037,0.34042950513538756,527,27,20,0.975925925925926,0.5445920303605313,0.9108159392789374,counterfactual_dose,0.75,0.7380943617045009,0.5057926829268293,0.5057563879210221,0.0022511890276564,0.1558777124926476,0.03940496629470625,1.0,6.267200548541362
MAHNOB-HCI,valence,normalized_asymmetry,12,linear_logistic,20261007,-0.0010961091753776,subject,0.0280644258562215,0.1558777124926476,,,0.37746654217242454,0.037037037037037,0.34042950513538756,527,27,20,0.975925925925926,0.5445920303605313,0.9108159392789374,counterfactual_dose,1.0,1.0,0.5057926829268293,0.5046965737514517,0.0022511890276564,0.1558777124926476,0.05306537252550824,1.0,6.267200548541362
MAHNOB-HCI,valence,normalized_asymmetry,12,rbf_svm,20260813,0.0313225900116143,subject,0.124390243902439,0.017994057355076375,0.9567205809842529,0.09654603579594705,0.41340258325552437,0.037037037037037,0.3763655462184874,527,27,20,0.975925925925926,0.5445920303605313,0.9108159392789374,observational_factorial,,,,,,,0.006772343225130111,2.0,6.267200548541362
MAHNOB-HCI,valence,normalized_asymmetry,12,rbf_svm,20260829,0.0393328977932637,subject,0.1146922183507548,0.01717814448118862,0.9584611403364184,0.09441211390437737,0.39108309990662926,0.037037037037037,0.3540460628695923,527,27,20,0.975925925925926,0.5445920303605313,0.9108159392789374,observational_factorial,,,,,,,0.006081854420969846,2.0,6.267200548541362
MAHNOB-HCI,valence,normalized_asymmetry,12,rbf_svm,20260911,-0.0110191637630662,subject,0.1702090592334495,0.01601420111344597,0.9545325080653996,0.09207824075708441,0.3935632586367881,0.037037037037037,0.3565262215997511,527,27,20,0.975925925925926,0.5445920303605313,0.9108159392789374,observational_factorial,,,,,,,0.005709482614915419,2.0,6.267200548541362
MAHNOB-HCI,valence,normalized_asymmetry,12,rbf_svm,20260923,0.0163980836236933,subject,0.0986716027874564,0.015656580288273294,0.9498975419410495,0.08537800034768978,0.4015017117958294,0.037037037037037,0.3644646747587924,527,27,20,0.975925925925926,0.5445920303605313,0.9108159392789374,observational_factorial,,,,,,,0.005706270442600446,2.0,6.267200548541362
MAHNOB-HCI,valence,normalized_asymmetry,12,rbf_svm,20261007,0.0173671602787455,subject,0.0889735772357723,0.01678754727600081,0.9543070216352375,0.09094770633700501,0.37746654217242454,0.037037037037037,0.34042950513538756,527,27,20,0.975925925925926,0.5445920303605313,0.9108159392789374,observational_factorial,,,,,,,0.005714976411605879,2.0,6.267200548541362
MAHNOB-HCI,valence,relative_power,24,gpu_mlp,20260813,0.0209422183507549,subject,-0.0051924154277095,0.0025205710715838,,,0.4018499066293184,0.037037037037037,0.36481286959228143,527,27,20,0.975925925925926,0.5445920303605313,0.9108159392789374,counterfactual_dose,0.0,0.0,0.4939750290360046,0.5149172473867596,0.0025205710715838,0.1655405629004618,0.000919536765635778,4.0,6.267200548541362
MAHNOB-HCI,valence,relative_power,24,gpu_mlp,20260813,0.0275333914053426,subject,0.0320454545454545,0.0432874260282392,,,0.4018499066293184,0.037037037037037,0.36481286959228143,527,27,20,0.975925925925926,0.5445920303605313,0.9108159392789374,counterfactual_dose,0.25,0.2500810686511556,0.4939750290360046,0.5215084204413473,0.0025205710715838,0.1655405629004618,0.015791810106625555,4.0,6.267200548541362
MAHNOB-HCI,valence,relative_power,24,gpu_mlp,20260813,0.0236353077816492,subject,0.0534158586511527,0.0839445420963274,,,0.4018499066293184,0.037037037037037,0.36481286959228143,527,27,20,0.975925925925926,0.5445920303605313,0.9108159392789374,counterfactual_dose,0.5,0.4996940786870088,0.4939750290360046,0.5176103368176539,0.0025205710715838,0.1655405629004618,0.030624049288771268,4.0,6.267200548541362
MAHNOB-HCI,valence,relative_power,24,gpu_mlp,20260813,0.0246951219512194,subject,0.0309820669526551,0.1232723160272332,,,0.4018499066293184,0.037037037037037,0.36481286959228143,527,27,20,0.975925925925926,0.5445920303605313,0.9108159392789374,counterfactual_dose,0.75,0.7434175732077232,0.4939750290360046,0.5186701509872241,0.0025205710715838,0.1655405629004618,0.04497132735118153,4.0,6.267200548541362
MAHNOB-HCI,valence,relative_power,24,gpu_mlp,20260813,0.0184451219512195,subject,0.0509198905669493,0.1655405629004618,,,0.4018499066293184,0.037037037037037,0.36481286959228143,527,27,20,0.975925925925926,0.5445920303605313,0.9108159392789374,counterfactual_dose,1.0,1.0,0.4939750290360046,0.5124201509872242,0.0025205710715838,0.1655405629004618,0.06039132778563903,4.0,6.267200548541362
MAHNOB-HCI,valence,relative_power,24,gpu_mlp,20260829,0.0243539488966317,subject,0.0059793050087167,0.0026349374105486,,,0.3972202769996887,0.037037037037037,0.3601832399626517,527,27,20,0.975925925925926,0.5445920303605313,0.9108159392789374,counterfactual_dose,0.0,0.0,0.4783681765389083,0.5027221254355401,0.0026349374105486,0.1674206894411057,0.0009490602936301945,4.0,6.267200548541362
MAHNOB-HCI,valence,relative_power,24,gpu_mlp,20260829,0.0118176538908245,subject,0.0306778622993793,0.0438192650260463,,,0.3972202769996887,0.037037037037037,0.3601832399626517,527,27,20,0.975925925925926,0.5445920303605313,0.9108159392789374,counterfactual_dose,0.25,0.2498518297405005,0.4783681765389083,0.4901858304297328,0.0026349374105486,0.1674206894411057,0.015782964849863468,4.0,6.267200548541362
MAHNOB-HCI,valence,relative_power,24,gpu_mlp,20260829,0.0334059233449477,subject,0.0266266158162442,0.0852184080641546,,,0.3972202769996887,0.037037037037037,0.3601832399626517,527,27,20,0.975925925925926,0.5445920303605313,0.9108159392789374,counterfactual_dose,0.5,0.5010165517736456,0.4783681765389083,0.511774099883856,0.0026349374105486,0.1674206894411057,0.03069424232100657,4.0,6.267200548541362
MAHNOB-HCI,valence,relative_power,24,gpu_mlp,20260829,0.0195412311265969,subject,0.0143152123074723,0.1267421098313731,,,0.3972202769996887,0.037037037037037,0.3601832399626517,527,27,20,0.975925925925926,0.5445920303605313,0.9108159392789374,counterfactual_dose,0.75,0.7493687707741179,0.4783681765389083,0.4979094076655052,0.0026349374105486,0.1674206894411057,0.04565038375876622,4.0,6.267200548541362
MAHNOB-HCI,valence,relative_power,24,gpu_mlp,20260829,0.0045078397212543,subject,0.0039321672479567,0.1674206894411057,,,0.3972202769996887,0.037037037037037,0.3601832399626517,527,27,20,0.975925925925926,0.5445920303605313,0.9108159392789374,counterfactual_dose,1.0,1.0,0.4783681765389083,0.4828760162601626,0.0026349374105486,0.1674206894411057,0.06030212635967836,4.0,6.267200548541362
MAHNOB-HCI,valence,relative_power,24,gpu_mlp,20260911,0.0302990708478513,subject,-0.0121920336285661,0.0021202722121255,,,0.3850509648303766,0.037037037037037,0.3480139277933396,527,27,20,0.975925925925926,0.5445920303605313,0.9108159392789374,counterfactual_dose,0.0,0.0,0.4685975609756098,0.4988966318234611,0.0021202722121255,0.1674909908406376,0.0007378842605328682,4.0,6.267200548541362
MAHNOB-HCI,valence,relative_power,24,gpu_mlp,20260911,0.0376451800232288,subject,0.0187041642567958,0.0435291950009039,,,0.3850509648303766,0.037037037037037,0.3480139277933396,527,27,20,0.975925925925926,0.5445920303605313,0.9108159392789374,counterfactual_dose,0.25,0.2503096028119554,0.4685975609756098,0.5062427409988386,0.0021202722121255,0.1674909908406376,0.01514876612594677,4.0,6.267200548541362
MAHNOB-HCI,valence,relative_power,24,gpu_mlp,20260911,0.0358667247386759,subject,0.0551145586439704,0.0847008770799786,,,0.3850509648303766,0.037037037037037,0.3480139277933396,527,27,20,0.975925925925926,0.5445920303605313,0.9108159392789374,counterfactual_dose,0.5,0.4996540149419943,0.4685975609756098,0.5044642857142857,0.0021202722121255,0.1674909908406376,0.029477084920144208,4.0,6.267200548541362
MAHNOB-HCI,valence,relative_power,24,gpu_mlp,20260911,0.0289343786295005,subject,0.033686933207831,0.1219021526217807,,,0.3850509648303766,0.037037037037037,0.3480139277933396,527,27,20,0.975925925925926,0.5445920303605313,0.9108159392789374,counterfactual_dose,0.75,0.7295039977898309,0.4685975609756098,0.4975319396051103,0.0021202722121255,0.1674909908406376,0.042423646940369056,4.0,6.267200548541362
MAHNOB-HCI,valence,relative_power,24,gpu_mlp,20260911,0.0313951800232287,subject,0.0316658284096364,0.1674909908406376,,,0.3850509648303766,0.037037037037037,0.3480139277933396,527,27,20,0.975925925925926,0.5445920303605313,0.9108159392789374,counterfactual_dose,1.0,1.0,0.4685975609756098,0.4999927409988385,0.0021202722121255,0.1674909908406376,0.058289197592448556,4.0,6.267200548541362
MAHNOB-HCI,valence,relative_power,24,gpu_mlp,20260923,0.0570049361207898,subject,-0.0076381526969762,0.0032083318164589,,,0.3884531590413943,0.037037037037037,0.35141612200435735,527,27,20,0.975925925925926,0.5445920303605313,0.9108159392789374,counterfactual_dose,0.0,0.0,0.4279544134727061,0.4849593495934959,0.0032083318164589,0.154326398159694,0.0011274595250431823,4.0,6.267200548541362
MAHNOB-HCI,valence,relative_power,24,gpu_mlp,20260923,0.0521559233449477,subject,0.0524965573642044,0.0409835880889976,,,0.3884531590413943,0.037037037037037,0.35141612200435735,527,27,20,0.975925925925926,0.5445920303605313,0.9108159392789374,counterfactual_dose,0.25,0.2500910174278086,0.4279544134727061,0.4801103368176539,0.0032083318164589,0.154326398159694,0.014402293592059507,4.0,6.267200548541362
MAHNOB-HCI,valence,relative_power,24,gpu_mlp,20260923,0.0566637630662021,subject,0.0465128416475165,0.0786952347970089,,,0.3884531590413943,0.037037037037037,0.35141612200435735,527,27,20,0.975925925925926,0.5445920303605313,0.9108159392789374,counterfactual_dose,0.5,0.4997585630853879,0.4279544134727061,0.4846181765389082,0.0032083318164589,0.154326398159694,0.02765477423258723,4.0,6.267200548541362
MAHNOB-HCI,valence,relative_power,24,gpu_mlp,20260923,0.0605255516840883,subject,0.0486784260631009,0.1156138433644321,,,0.3884531590413943,0.037037037037037,0.35141612200435735,527,27,20,0.975925925925926,0.5445920303605313,0.9108159392789374,counterfactual_dose,0.75,0.7453953350731604,0.4279544134727061,0.4884799651567944,0.0032083318164589,0.154326398159694,0.04062856848514793,4.0,6.267200548541362
MAHNOB-HCI,valence,relative_power,24,gpu_mlp,20260923,0.0580284552845529,subject,0.0256066502297152,0.154326398159694,,,0.3884531590413943,0.037037037037037,0.35141612200435735,527,27,20,0.975925925925926,0.5445920303605313,0.9108159392789374,counterfactual_dose,1.0,1.0,0.4279544134727061,0.485982868757259,0.0032083318164589,0.154326398159694,0.05423278436418006,4.0,6.267200548541362
MAHNOB-HCI,valence,relative_power,24,gpu_mlp,20261007,0.0405705574912891,subject,-0.0020783040488922,0.0022511890276564,,,0.38303376906318076,0.037037037037037,0.3459967320261438,527,27,20,0.975925925925926,0.5445920303605313,0.9108159392789374,counterfactual_dose,0.0,0.0,0.4724956445993031,0.5130662020905923,0.0022511890276564,0.1558777124926476,0.0007789040467422266,4.0,6.267200548541362
MAHNOB-HCI,valence,relative_power,24,gpu_mlp,20261007,0.0100391986062717,subject,0.0027053825947014,0.040664993278507,,,0.38303376906318076,0.037037037037037,0.3459967320261438,527,27,20,0.975925925925926,0.5445920303605313,0.9108159392789374,counterfactual_dose,0.25,0.2499910718080699,0.4724956445993031,0.4825348432055749,0.0022511890276564,0.1558777124926476,0.014069954782228524,4.0,6.267200548541362
MAHNOB-HCI,valence,relative_power,24,gpu_mlp,20261007,0.0356852497096399,subject,0.0431197476414194,0.0791313963153132,,,0.38303376906318076,0.037037037037037,0.3459967320261438,527,27,20,0.975925925925926,0.5445920303605313,0.9108159392789374,counterfactual_dose,0.5,0.5002883206413602,0.4724956445993031,0.5081808943089431,0.0022511890276564,0.1558777124926476,0.027379204525764003,4.0,6.267200548541362
MAHNOB-HCI,valence,relative_power,24,gpu_mlp,20261007,0.0218205574912891,subject,-0.0061800411490814,0.1157507375250422,,,0.38303376906318076,0.037037037037037,0.3459967320261438,527,27,20,0.975925925925926,0.5445920303605313,0.9108159392789374,counterfactual_dose,0.75,0.7380943617045009,0.4724956445993031,0.4943162020905923,0.0022511890276564,0.1558777124926476,0.04004937691328053,4.0,6.267200548541362
MAHNOB-HCI,valence,relative_power,24,gpu_mlp,20261007,0.0461382113821138,subject,0.0280644258562215,0.1558777124926476,,,0.38303376906318076,0.037037037037037,0.3459967320261438,527,27,20,0.975925925925926,0.5445920303605313,0.9108159392789374,counterfactual_dose,1.0,1.0,0.4724956445993031,0.518633855981417,0.0022511890276564,0.1558777124926476,0.05393317911816688,4.0,6.267200548541362
MAHNOB-HCI,valence,relative_power,24,linear_logistic,20260813,0.0246769744483159,subject,0.124390243902439,0.017994057355076375,0.9567205809842529,0.09654603579594705,0.4018499066293184,0.037037037037037,0.36481286959228143,527,27,20,0.975925925925926,0.5445920303605313,0.9108159392789374,observational_factorial,,,,,,,0.00656446369931351,1.0,6.267200548541362
MAHNOB-HCI,valence,relative_power,24,linear_logistic,20260813,-0.0020107433217189,subject,-0.0051924154277095,0.0025205710715838,,,0.4018499066293184,0.037037037037037,0.36481286959228143,527,27,20,0.975925925925926,0.5445920303605313,0.9108159392789374,counterfactual_dose,0.0,0.0,0.5002250290360046,0.4982142857142857,0.0025205710715838,0.1655405629004618,0.000919536765635778,1.0,6.267200548541362
MAHNOB-HCI,valence,relative_power,24,linear_logistic,20260813,-0.0027656794425087,subject,0.0320454545454545,0.0432874260282392,,,0.4018499066293184,0.037037037037037,0.36481286959228143,527,27,20,0.975925925925926,0.5445920303605313,0.9108159392789374,counterfactual_dose,0.25,0.2500810686511556,0.5002250290360046,0.4974593495934959,0.0025205710715838,0.1655405629004618,0.015791810106625555,1.0,6.267200548541362
MAHNOB-HCI,valence,relative_power,24,linear_logistic,20260813,0.0156794425087107,subject,0.0534158586511527,0.0839445420963274,,,0.4018499066293184,0.037037037037037,0.36481286959228143,527,27,20,0.975925925925926,0.5445920303605313,0.9108159392789374,counterfactual_dose,0.5,0.4996940786870088,0.5002250290360046,0.5159044715447154,0.0025205710715838,0.1655405629004618,0.030624049288771268,1.0,6.267200548541362
MAHNOB-HCI,valence,relative_power,24,linear_logistic,20260813,0.0006823461091753,subject,0.0309820669526551,0.1232723160272332,,,0.4018499066293184,0.037037037037037,0.36481286959228143,527,27,20,0.975925925925926,0.5445920303605313,0.9108159392789374,counterfactual_dose,0.75,0.7434175732077232,0.5002250290360046,0.50090737514518,0.0025205710715838,0.1655405629004618,0.04497132735118153,1.0,6.267200548541362
MAHNOB-HCI,valence,relative_power,24,linear_logistic,20260813,0.006663763066202,subject,0.0509198905669493,0.1655405629004618,,,0.4018499066293184,0.037037037037037,0.36481286959228143,527,27,20,0.975925925925926,0.5445920303605313,0.9108159392789374,counterfactual_dose,1.0,1.0,0.5002250290360046,0.5068887921022067,0.0025205710715838,0.1655405629004618,0.06039132778563903,1.0,6.267200548541362
MAHNOB-HCI,valence,relative_power,24,linear_logistic,20260829,0.0099230545876887,subject,0.1146922183507548,0.01717814448118862,0.9584611403364184,0.09441211390437737,0.3972202769996887,0.037037037037037,0.3601832399626517,527,27,20,0.975925925925926,0.5445920303605313,0.9108159392789374,observational_factorial,,,,,,,0.006187279735781062,1.0,6.267200548541362
MAHNOB-HCI,valence,relative_power,24,linear_logistic,20260829,0.0079921602787456,subject,0.0059793050087167,0.0026349374105486,,,0.3972202769996887,0.037037037037037,0.3601832399626517,527,27,20,0.975925925925926,0.5445920303605313,0.9108159392789374,counterfactual_dose,0.0,0.0,0.4911730545876887,0.4991652148664344,0.0026349374105486,0.1674206894411057,0.0009490602936301945,1.0,6.267200548541362
MAHNOB-HCI,valence,relative_power,24,linear_logistic,20260829,0.0097706155632984,subject,0.0306778622993793,0.0438192650260463,,,0.3972202769996887,0.037037037037037,0.3601832399626517,527,27,20,0.975925925925926,0.5445920303605313,0.9108159392789374,counterfactual_dose,0.25,0.2498518297405005,0.4911730545876887,0.5009436701509872,0.0026349374105486,0.1674206894411057,0.015782964849863468,1.0,6.267200548541362
MAHNOB-HCI,valence,relative_power,24,linear_logistic,20260829,0.0202235772357723,subject,0.0266266158162442,0.0852184080641546,,,0.3972202769996887,0.037037037037037,0.3601832399626517,527,27,20,0.975925925925926,0.5445920303605313,0.9108159392789374,counterfactual_dose,0.5,0.5010165517736456,0.4911730545876887,0.5113966318234611,0.0026349374105486,0.1674206894411057,0.03069424232100657,1.0,6.267200548541362
MAHNOB-HCI,valence,relative_power,24,linear_logistic,20260829,0.022989256678281,subject,0.0143152123074723,0.1267421098313731,,,0.3972202769996887,0.037037037037037,0.3601832399626517,527,27,20,0.975925925925926,0.5445920303605313,0.9108159392789374,counterfactual_dose,0.75,0.7493687707741179,0.4911730545876887,0.5141623112659698,0.0026349374105486,0.1674206894411057,0.04565038375876622,1.0,6.267200548541362
MAHNOB-HCI,valence,relative_power,24,linear_logistic,20260829,-0.0038254936120789,subject,0.0039321672479567,0.1674206894411057,,,0.3972202769996887,0.037037037037037,0.3601832399626517,527,27,20,0.975925925925926,0.5445920303605313,0.9108159392789374,counterfactual_dose,1.0,1.0,0.4911730545876887,0.4873475609756098,0.0026349374105486,0.1674206894411057,0.06030212635967836,1.0,6.267200548541362
MAHNOB-HCI,valence,relative_power,24,linear_logistic,20260911,-0.0054515098722416,subject,0.1702090592334495,0.01601420111344597,0.9545325080653996,0.09207824075708441,0.3850509648303766,0.037037037037037,0.3480139277933396,527,27,20,0.975925925925926,0.5445920303605313,0.9108159392789374,observational_factorial,,,,,,,0.0055731650299628045,1.0,6.267200548541362
MAHNOB-HCI,valence,relative_power,24,linear_logistic,20260911,0.0125,subject,-0.0121920336285661,0.0021202722121255,,,0.3850509648303766,0.037037037037037,0.3480139277933396,527,27,20,0.975925925925926,0.5445920303605313,0.9108159392789374,counterfactual_dose,0.0,0.0,0.4772720673635308,0.4897720673635308,0.0021202722121255,0.1674909908406376,0.0007378842605328682,1.0,6.267200548541362
MAHNOB-HCI,valence,relative_power,24,linear_logistic,20260911,0.0212470963995353,subject,0.0187041642567958,0.0435291950009039,,,0.3850509648303766,0.037037037037037,0.3480139277933396,527,27,20,0.975925925925926,0.5445920303605313,0.9108159392789374,counterfactual_dose,0.25,0.2503096028119554,0.4772720673635308,0.4985191637630661,0.0021202722121255,0.1674909908406376,0.01514876612594677,1.0,6.267200548541362
MAHNOB-HCI,valence,relative_power,24,linear_logistic,20260911,0.0209059233449477,subject,0.0551145586439704,0.0847008770799786,,,0.3850509648303766,0.037037037037037,0.3480139277933396,527,27,20,0.975925925925926,0.5445920303605313,0.9108159392789374,counterfactual_dose,0.5,0.4996540149419943,0.4772720673635308,0.4981779907084785,0.0021202722121255,0.1674909908406376,0.029477084920144208,1.0,6.267200548541362
MAHNOB-HCI,valence,relative_power,24,linear_logistic,20260911,0.0389372822299651,subject,0.033686933207831,0.1219021526217807,,,0.3850509648303766,0.037037037037037,0.3480139277933396,527,27,20,0.975925925925926,0.5445920303605313,0.9108159392789374,counterfactual_dose,0.75,0.7295039977898309,0.4772720673635308,0.516209349593496,0.0021202722121255,0.1674909908406376,0.042423646940369056,1.0,6.267200548541362
MAHNOB-HCI,valence,relative_power,24,linear_logistic,20260911,0.0274970963995354,subject,0.0316658284096364,0.1674909908406376,,,0.3850509648303766,0.037037037037037,0.3480139277933396,527,27,20,0.975925925925926,0.5445920303605313,0.9108159392789374,counterfactual_dose,1.0,1.0,0.4772720673635308,0.5047691637630662,0.0021202722121255,0.1674909908406376,0.058289197592448556,1.0,6.267200548541362
MAHNOB-HCI,valence,relative_power,24,linear_logistic,20260923,-0.0140897212543553,subject,0.0986716027874564,0.015656580288273294,0.9498975419410495,0.08537800034768978,0.3884531590413943,0.037037037037037,0.35141612200435735,527,27,20,0.975925925925926,0.5445920303605313,0.9108159392789374,observational_factorial,,,,,,,0.005501974728754864,1.0,6.267200548541362
MAHNOB-HCI,valence,relative_power,24,linear_logistic,20260923,0.0139372822299651,subject,-0.0076381526969762,0.0032083318164589,,,0.3884531590413943,0.037037037037037,0.35141612200435735,527,27,20,0.975925925925926,0.5445920303605313,0.9108159392789374,counterfactual_dose,0.0,0.0,0.4525769454123113,0.4665142276422764,0.0032083318164589,0.154326398159694,0.0011274595250431823,1.0,6.267200548541362
MAHNOB-HCI,valence,relative_power,24,linear_logistic,20260923,0.0323461091753773,subject,0.0524965573642044,0.0409835880889976,,,0.3884531590413943,0.037037037037037,0.35141612200435735,527,27,20,0.975925925925926,0.5445920303605313,0.9108159392789374,counterfactual_dose,0.25,0.2500910174278086,0.4525769454123113,0.4849230545876887,0.0032083318164589,0.154326398159694,0.014402293592059507,1.0,6.267200548541362
MAHNOB-HCI,valence,relative_power,24,linear_logistic,20260923,0.0065911730545876,subject,0.0465128416475165,0.0786952347970089,,,0.3884531590413943,0.037037037037037,0.35141612200435735,527,27,20,0.975925925925926,0.5445920303605313,0.9108159392789374,counterfactual_dose,0.5,0.4997585630853879,0.4525769454123113,0.459168118466899,0.0032083318164589,0.154326398159694,0.02765477423258723,1.0,6.267200548541362
MAHNOB-HCI,valence,relative_power,24,linear_logistic,20260923,0.027838269454123,subject,0.0486784260631009,0.1156138433644321,,,0.3884531590413943,0.037037037037037,0.35141612200435735,527,27,20,0.975925925925926,0.5445920303605313,0.9108159392789374,counterfactual_dose,0.75,0.7453953350731604,0.4525769454123113,0.4804152148664343,0.0032083318164589,0.154326398159694,0.04062856848514793,1.0,6.267200548541362
MAHNOB-HCI,valence,relative_power,24,linear_logistic,20260923,0.0459059233449477,subject,0.0256066502297152,0.154326398159694,,,0.3884531590413943,0.037037037037037,0.35141612200435735,527,27,20,0.975925925925926,0.5445920303605313,0.9108159392789374,counterfactual_dose,1.0,1.0,0.4525769454123113,0.498482868757259,0.0032083318164589,0.154326398159694,0.05423278436418006,1.0,6.267200548541362
MAHNOB-HCI,valence,relative_power,24,linear_logistic,20261007,0.0462833914053425,subject,0.0889735772357723,0.01678754727600081,0.9543070216352375,0.09094770633700501,0.38303376906318076,0.037037037037037,0.3459967320261438,527,27,20,0.975925925925926,0.5445920303605313,0.9108159392789374,observational_factorial,,,,,,,0.005808436496230672,1.0,6.267200548541362
MAHNOB-HCI,valence,relative_power,24,linear_logistic,20261007,0.0420441347270614,subject,-0.0020783040488922,0.0022511890276564,,,0.38303376906318076,0.037037037037037,0.3459967320261438,527,27,20,0.975925925925926,0.5445920303605313,0.9108159392789374,counterfactual_dose,0.0,0.0,0.4918916957026713,0.5339358304297328,0.0022511890276564,0.1558777124926476,0.0007789040467422266,1.0,6.267200548541362
MAHNOB-HCI,valence,relative_power,24,linear_logistic,20261007,0.022575493612079,subject,0.0027053825947014,0.040664993278507,,,0.38303376906318076,0.037037037037037,0.3459967320261438,527,27,20,0.975925925925926,0.5445920303605313,0.9108159392789374,counterfactual_dose,0.25,0.2499910718080699,0.4918916957026713,0.5144671893147503,0.0022511890276564,0.1558777124926476,0.014069954782228524,1.0,6.267200548541362
MAHNOB-HCI,valence,relative_power,24,linear_logistic,20261007,0.0277656794425087,subject,0.0431197476414194,0.0791313963153132,,,0.38303376906318076,0.037037037037037,0.3459967320261438,527,27,20,0.975925925925926,0.5445920303605313,0.9108159392789374,counterfactual_dose,0.5,0.5002883206413602,0.4918916957026713,0.5196573751451801,0.0022511890276564,0.1558777124926476,0.027379204525764003,1.0,6.267200548541362
MAHNOB-HCI,valence,relative_power,24,linear_logistic,20261007,0.0288254936120788,subject,-0.0061800411490814,0.1157507375250422,,,0.38303376906318076,0.037037037037037,0.3459967320261438,527,27,20,0.975925925925926,0.5445920303605313,0.9108159392789374,counterfactual_dose,0.75,0.7380943617045009,0.4918916957026713,0.5207171893147502,0.0022511890276564,0.1558777124926476,0.04004937691328053,1.0,6.267200548541362
MAHNOB-HCI,valence,relative_power,24,linear_logistic,20261007,0.0357578397212543,subject,0.0280644258562215,0.1558777124926476,,,0.38303376906318076,0.037037037037037,0.3459967320261438,527,27,20,0.975925925925926,0.5445920303605313,0.9108159392789374,counterfactual_dose,1.0,1.0,0.4918916957026713,0.5276495354239257,0.0022511890276564,0.1558777124926476,0.05393317911816688,1.0,6.267200548541362
MAHNOB-HCI,valence,relative_power,24,rbf_svm,20260813,0.0057382404181183,subject,0.124390243902439,0.017994057355076375,0.9567205809842529,0.09654603579594705,0.4018499066293184,0.037037037037037,0.36481286959228143,527,27,20,0.975925925925926,0.5445920303605313,0.9108159392789374,observational_factorial,,,,,,,0.00656446369931351,2.0,6.267200548541362
MAHNOB-HCI,valence,relative_power,24,rbf_svm,20260829,-0.0157774390243902,subject,0.1146922183507548,0.01717814448118862,0.9584611403364184,0.09441211390437737,0.3972202769996887,0.037037037037037,0.3601832399626517,527,27,20,0.975925925925926,0.5445920303605313,0.9108159392789374,observational_factorial,,,,,,,0.006187279735781062,2.0,6.267200548541362
MAHNOB-HCI,valence,relative_power,24,rbf_svm,20260911,-0.0228368176538908,subject,0.1702090592334495,0.01601420111344597,0.9545325080653996,0.09207824075708441,0.3850509648303766,0.037037037037037,0.3480139277933396,527,27,20,0.975925925925926,0.5445920303605313,0.9108159392789374,observational_factorial,,,,,,,0.0055731650299628045,2.0,6.267200548541362
MAHNOB-HCI,valence,relative_power,24,rbf_svm,20260923,0.0031431475029036,subject,0.0986716027874564,0.015656580288273294,0.9498975419410495,0.08537800034768978,0.3884531590413943,0.037037037037037,0.35141612200435735,527,27,20,0.975925925925926,0.5445920303605313,0.9108159392789374,observational_factorial,,,,,,,0.005501974728754864,2.0,6.267200548541362
MAHNOB-HCI,valence,relative_power,24,rbf_svm,20261007,0.0673417537746806,subject,0.0889735772357723,0.01678754727600081,0.9543070216352375,0.09094770633700501,0.38303376906318076,0.037037037037037,0.3459967320261438,527,27,20,0.975925925925926,0.5445920303605313,0.9108159392789374,observational_factorial,,,,,,,0.005808436496230672,2.0,6.267200548541362
