dataset,task,axis,representation,model,split_seed,nominal_dose,partition,audit_amplification,audit_event,evaluation_amplification,evaluation_event,audit_test_rows,evaluation_test_rows
CASE,arousal,subject,all,gpu_mlp,20260813,0.25,audit,-0.0057142857142856,0,0.0436507936507937,1,60,60
CASE,arousal,subject,all,gpu_mlp,20260813,0.5,audit,-0.02,0,0.0158730158730159,0,60,60
CASE,arousal,subject,all,gpu_mlp,20260813,0.75,audit,-0.0285714285714284,0,-0.0238095238095237,0,60,60
CASE,arousal,subject,all,gpu_mlp,20260813,1.0,audit,0.0,0,0.0,0,60,60
CASE,arousal,subject,all,gpu_mlp,20260829,0.25,heldout,0.0,0,-0.0714285714285714,0,60,60
CASE,arousal,subject,all,gpu_mlp,20260829,0.5,heldout,-0.0114285714285714,0,0.0119047619047619,0,60,60
CASE,arousal,subject,all,gpu_mlp,20260829,0.75,heldout,-0.06,0,-0.0714285714285714,0,60,60
CASE,arousal,subject,all,gpu_mlp,20260829,1.0,heldout,-0.06,0,-0.111111111111111,0,60,60
CASE,arousal,subject,all,gpu_mlp,20260911,0.25,audit,0.0314285714285713,1,-0.0396825396825396,0,60,60
CASE,arousal,subject,all,gpu_mlp,20260911,0.5,audit,0.1485714285714285,1,0.0238095238095237,1,60,60
CASE,arousal,subject,all,gpu_mlp,20260911,0.75,audit,-0.0142857142857142,0,-0.0396825396825396,0,60,60
CASE,arousal,subject,all,gpu_mlp,20260911,1.0,audit,-0.0142857142857142,0,-0.0396825396825396,0,60,60
CASE,arousal,subject,all,gpu_mlp,20260923,0.25,heldout,-0.0199999999999999,0,-0.0277777777777776,0,60,60
CASE,arousal,subject,all,gpu_mlp,20260923,0.5,heldout,-0.0428571428571428,0,-0.1190476190476189,0,60,60
CASE,arousal,subject,all,gpu_mlp,20260923,0.75,heldout,-0.1085714285714285,0,-0.0396825396825395,0,60,60
CASE,arousal,subject,all,gpu_mlp,20260923,1.0,heldout,-0.0685714285714286,0,-0.1190476190476189,0,60,60
CASE,arousal,subject,all,gpu_mlp,20261007,0.25,audit,0.1171428571428572,1,0.0396825396825395,1,60,60
CASE,arousal,subject,all,gpu_mlp,20261007,0.5,audit,-0.0114285714285713,0,-0.0555555555555555,0,60,60
CASE,arousal,subject,all,gpu_mlp,20261007,0.75,audit,0.0371428571428571,1,-0.0753968253968254,0,60,60
CASE,arousal,subject,all,gpu_mlp,20261007,1.0,audit,0.0428571428571429,1,-0.0873015873015874,0,60,60
CASE,arousal,subject,all,linear_logistic,20260813,0.25,heldout,0.02,1,0.0476190476190476,1,60,60
CASE,arousal,subject,all,linear_logistic,20260813,0.5,heldout,0.0257142857142858,1,-0.0277777777777776,0,60,60
CASE,arousal,subject,all,linear_logistic,20260813,0.75,heldout,0.0657142857142857,1,-0.0753968253968253,0,60,60
CASE,arousal,subject,all,linear_logistic,20260813,1.0,heldout,-0.0085714285714285,0,-0.0158730158730158,0,60,60
CASE,arousal,subject,all,linear_logistic,20260829,0.25,audit,-0.0485714285714287,0,-0.0396825396825397,0,60,60
CASE,arousal,subject,all,linear_logistic,20260829,0.5,audit,0.0257142857142855,1,-0.0515873015873016,0,60,60
CASE,arousal,subject,all,linear_logistic,20260829,0.75,audit,-0.0685714285714287,0,-0.0396825396825397,0,60,60
CASE,arousal,subject,all,linear_logistic,20260829,1.0,audit,-0.1085714285714286,0,-0.1269841269841269,0,60,60
CASE,arousal,subject,all,linear_logistic,20260911,0.25,heldout,-0.0085714285714286,0,-0.0158730158730158,0,60,60
CASE,arousal,subject,all,linear_logistic,20260911,0.5,heldout,0.0628571428571428,1,-0.0277777777777776,0,60,60
CASE,arousal,subject,all,linear_logistic,20260911,0.75,heldout,0.0,0,-0.0674603174603174,0,60,60
CASE,arousal,subject,all,linear_logistic,20260911,1.0,heldout,0.0228571428571427,1,-0.0515873015873016,0,60,60
CASE,arousal,subject,all,linear_logistic,20260923,0.25,audit,0.06,1,-0.0119047619047618,0,60,60
CASE,arousal,subject,all,linear_logistic,20260923,0.5,audit,0.0799999999999999,1,-0.119047619047619,0,60,60
CASE,arousal,subject,all,linear_logistic,20260923,0.75,audit,0.04,1,0.0277777777777777,1,60,60
CASE,arousal,subject,all,linear_logistic,20260923,1.0,audit,0.06,1,-0.0396825396825397,0,60,60
CASE,arousal,subject,all,linear_logistic,20261007,0.25,heldout,0.0257142857142858,1,-0.0039682539682539,0,60,60
CASE,arousal,subject,all,linear_logistic,20261007,0.5,heldout,-0.0342857142857142,0,-0.0317460317460317,0,60,60
CASE,arousal,subject,all,linear_logistic,20261007,0.75,heldout,-0.02,0,-0.0515873015873015,0,60,60
CASE,arousal,subject,all,linear_logistic,20261007,1.0,heldout,0.0171428571428571,0,-0.119047619047619,0,60,60
CASE,arousal,subject,baseline_delta,gpu_mlp,20260813,0.25,audit,-0.0885714285714286,0,0.0396825396825397,1,60,60
CASE,arousal,subject,baseline_delta,gpu_mlp,20260813,0.5,audit,-0.0257142857142858,0,-0.0119047619047618,0,60,60
CASE,arousal,subject,baseline_delta,gpu_mlp,20260813,0.75,audit,0.0,0,-0.0277777777777777,0,60,60
CASE,arousal,subject,baseline_delta,gpu_mlp,20260813,1.0,audit,0.0,0,0.0119047619047618,0,60,60
CASE,arousal,subject,baseline_delta,gpu_mlp,20260829,0.25,heldout,0.02,1,0.0515873015873016,1,60,60
CASE,arousal,subject,baseline_delta,gpu_mlp,20260829,0.5,heldout,0.0485714285714284,1,0.0515873015873016,1,60,60
CASE,arousal,subject,baseline_delta,gpu_mlp,20260829,0.75,heldout,0.0428571428571428,1,-0.0158730158730158,0,60,60
CASE,arousal,subject,baseline_delta,gpu_mlp,20260829,1.0,heldout,-0.02,0,-0.0079365079365079,0,60,60
CASE,arousal,subject,baseline_delta,gpu_mlp,20260911,0.25,audit,0.0485714285714286,1,0.0793650793650794,1,60,60
CASE,arousal,subject,baseline_delta,gpu_mlp,20260911,0.5,audit,0.0342857142857142,1,0.0952380952380952,1,60,60
CASE,arousal,subject,baseline_delta,gpu_mlp,20260911,0.75,audit,0.0485714285714286,1,0.0357142857142857,1,60,60
CASE,arousal,subject,baseline_delta,gpu_mlp,20260911,1.0,audit,0.0685714285714286,1,0.1190476190476189,1,60,60
CASE,arousal,subject,baseline_delta,gpu_mlp,20260923,0.25,heldout,-0.0857142857142857,0,0.0,0,60,60
CASE,arousal,subject,baseline_delta,gpu_mlp,20260923,0.5,heldout,-0.0171428571428572,0,-0.0277777777777776,0,60,60
CASE,arousal,subject,baseline_delta,gpu_mlp,20260923,0.75,heldout,-0.0228571428571429,0,-0.0238095238095237,0,60,60
CASE,arousal,subject,baseline_delta,gpu_mlp,20260923,1.0,heldout,-0.0514285714285714,0,0.0277777777777779,1,60,60
CASE,arousal,subject,baseline_delta,gpu_mlp,20261007,0.25,audit,0.0228571428571429,1,0.0119047619047619,0,60,60
CASE,arousal,subject,baseline_delta,gpu_mlp,20261007,0.5,audit,0.0171428571428572,0,0.0515873015873015,1,60,60
CASE,arousal,subject,baseline_delta,gpu_mlp,20261007,0.75,audit,-0.0199999999999999,0,-0.0277777777777777,0,60,60
CASE,arousal,subject,baseline_delta,gpu_mlp,20261007,1.0,audit,-0.0457142857142855,0,0.0119047619047619,0,60,60
CASE,arousal,subject,baseline_delta,linear_logistic,20260813,0.25,heldout,-0.0142857142857143,0,0.0476190476190475,1,60,60
CASE,arousal,subject,baseline_delta,linear_logistic,20260813,0.5,heldout,0.0457142857142855,1,0.0634920634920634,1,60,60
CASE,arousal,subject,baseline_delta,linear_logistic,20260813,0.75,heldout,0.0257142857142855,1,0.0357142857142857,1,60,60
CASE,arousal,subject,baseline_delta,linear_logistic,20260813,1.0,heldout,0.0457142857142855,1,-0.0158730158730159,0,60,60
CASE,arousal,subject,baseline_delta,linear_logistic,20260829,0.25,audit,-0.0542857142857142,0,0.0634920634920634,1,60,60
CASE,arousal,subject,baseline_delta,linear_logistic,20260829,0.5,audit,-0.0885714285714286,0,0.0634920634920634,1,60,60
CASE,arousal,subject,baseline_delta,linear_logistic,20260829,0.75,audit,-0.0285714285714285,0,-0.0158730158730158,0,60,60
CASE,arousal,subject,baseline_delta,linear_logistic,20260829,1.0,audit,-0.0685714285714286,0,-0.0039682539682539,0,60,60
CASE,arousal,subject,baseline_delta,linear_logistic,20260911,0.25,heldout,-0.0085714285714286,0,0.0396825396825396,1,60,60
CASE,arousal,subject,baseline_delta,linear_logistic,20260911,0.5,heldout,0.0142857142857142,0,0.0277777777777777,1,60,60
CASE,arousal,subject,baseline_delta,linear_logistic,20260911,0.75,heldout,0.02,1,0.0277777777777777,1,60,60
CASE,arousal,subject,baseline_delta,linear_logistic,20260911,1.0,heldout,0.02,1,0.0793650793650793,1,60,60
CASE,arousal,subject,baseline_delta,linear_logistic,20260923,0.25,audit,0.0057142857142856,0,0.0,0,60,60
CASE,arousal,subject,baseline_delta,linear_logistic,20260923,0.5,audit,0.0457142857142857,1,0.0039682539682539,0,60,60
CASE,arousal,subject,baseline_delta,linear_logistic,20260923,0.75,audit,0.0342857142857143,1,-0.0238095238095237,0,60,60
CASE,arousal,subject,baseline_delta,linear_logistic,20260923,1.0,audit,-0.0085714285714285,0,0.0277777777777776,1,60,60
CASE,arousal,subject,baseline_delta,linear_logistic,20261007,0.25,heldout,-0.04,0,-0.0238095238095237,0,60,60
CASE,arousal,subject,baseline_delta,linear_logistic,20261007,0.5,heldout,-0.04,0,-0.0119047619047618,0,60,60
CASE,arousal,subject,baseline_delta,linear_logistic,20261007,0.75,heldout,-0.04,0,-0.0396825396825395,0,60,60
CASE,arousal,subject,baseline_delta,linear_logistic,20261007,1.0,heldout,-0.0142857142857142,0,-0.0277777777777776,0,60,60
CASE,arousal,subject,facial_emg,gpu_mlp,20260813,0.25,audit,-0.02,0,0.0238095238095238,1,60,60
CASE,arousal,subject,facial_emg,gpu_mlp,20260813,0.5,audit,-0.0342857142857142,0,-0.0555555555555555,0,60,60
CASE,arousal,subject,facial_emg,gpu_mlp,20260813,0.75,audit,0.02,1,0.0674603174603174,1,60,60
CASE,arousal,subject,facial_emg,gpu_mlp,20260813,1.0,audit,0.04,1,0.0396825396825396,1,60,60
CASE,arousal,subject,facial_emg,gpu_mlp,20260829,0.25,heldout,0.0142857142857143,0,-0.0515873015873016,0,60,60
CASE,arousal,subject,facial_emg,gpu_mlp,20260829,0.5,heldout,0.0628571428571428,1,-0.0952380952380953,0,60,60
CASE,arousal,subject,facial_emg,gpu_mlp,20260829,0.75,heldout,0.0285714285714285,1,-0.0793650793650793,0,60,60
CASE,arousal,subject,facial_emg,gpu_mlp,20260829,1.0,heldout,0.0428571428571428,1,-0.1349206349206348,0,60,60
CASE,arousal,subject,facial_emg,gpu_mlp,20260911,0.25,audit,0.0942857142857143,1,-0.1071428571428571,0,60,60
CASE,arousal,subject,facial_emg,gpu_mlp,20260911,0.5,audit,0.0085714285714286,0,-0.0436507936507936,0,60,60
CASE,arousal,subject,facial_emg,gpu_mlp,20260911,0.75,audit,0.0485714285714287,1,0.0119047619047618,0,60,60
CASE,arousal,subject,facial_emg,gpu_mlp,20260911,1.0,audit,0.02,1,0.0079365079365079,0,60,60
CASE,arousal,subject,facial_emg,gpu_mlp,20260923,0.25,heldout,0.0342857142857142,1,-0.0357142857142857,0,60,60
CASE,arousal,subject,facial_emg,gpu_mlp,20260923,0.5,heldout,0.0257142857142856,1,-0.0238095238095238,0,60,60
CASE,arousal,subject,facial_emg,gpu_mlp,20260923,0.75,heldout,-0.0342857142857142,0,-0.0357142857142857,0,60,60
CASE,arousal,subject,facial_emg,gpu_mlp,20260923,1.0,heldout,0.0057142857142856,0,-0.0515873015873016,0,60,60
CASE,arousal,subject,facial_emg,gpu_mlp,20261007,0.25,audit,0.0428571428571429,1,0.0039682539682539,0,60,60
CASE,arousal,subject,facial_emg,gpu_mlp,20261007,0.5,audit,0.0142857142857143,0,0.0317460317460317,1,60,60
CASE,arousal,subject,facial_emg,gpu_mlp,20261007,0.75,audit,0.0485714285714287,1,0.0674603174603174,1,60,60
CASE,arousal,subject,facial_emg,gpu_mlp,20261007,1.0,audit,0.02,1,-0.0238095238095238,0,60,60
CASE,arousal,subject,facial_emg,linear_logistic,20260813,0.25,heldout,-0.06,0,0.0039682539682539,0,60,60
CASE,arousal,subject,facial_emg,linear_logistic,20260813,0.5,heldout,0.0,0,0.0277777777777776,1,60,60
CASE,arousal,subject,facial_emg,linear_logistic,20260813,0.75,heldout,0.0142857142857142,0,0.0833333333333332,1,60,60
CASE,arousal,subject,facial_emg,linear_logistic,20260813,1.0,heldout,0.0285714285714284,1,0.0039682539682539,0,60,60
CASE,arousal,subject,facial_emg,linear_logistic,20260829,0.25,audit,0.0257142857142856,1,0.0238095238095239,1,60,60
CASE,arousal,subject,facial_emg,linear_logistic,20260829,0.5,audit,-0.0742857142857142,0,0.0119047619047619,0,60,60
CASE,arousal,subject,facial_emg,linear_logistic,20260829,0.75,audit,0.0057142857142856,0,0.0238095238095239,1,60,60
CASE,arousal,subject,facial_emg,linear_logistic,20260829,1.0,audit,-0.0142857142857143,0,-0.0158730158730158,0,60,60
CASE,arousal,subject,facial_emg,linear_logistic,20260911,0.25,heldout,0.0085714285714285,0,-0.111111111111111,0,60,60
CASE,arousal,subject,facial_emg,linear_logistic,20260911,0.5,heldout,-0.0399999999999999,0,-0.0952380952380952,0,60,60
CASE,arousal,subject,facial_emg,linear_logistic,20260911,0.75,heldout,-0.0742857142857142,0,-0.0793650793650793,0,60,60
CASE,arousal,subject,facial_emg,linear_logistic,20260911,1.0,heldout,-0.0542857142857142,0,-0.0555555555555554,0,60,60
CASE,arousal,subject,facial_emg,linear_logistic,20260923,0.25,audit,-0.0142857142857143,0,0.0119047619047619,0,60,60
CASE,arousal,subject,facial_emg,linear_logistic,20260923,0.5,audit,-0.0628571428571428,0,-0.0357142857142857,0,60,60
CASE,arousal,subject,facial_emg,linear_logistic,20260923,0.75,audit,-0.0342857142857143,0,0.0119047619047619,0,60,60
CASE,arousal,subject,facial_emg,linear_logistic,20260923,1.0,audit,-0.0028571428571428,0,-0.0436507936507936,0,60,60
CASE,arousal,subject,facial_emg,linear_logistic,20261007,0.25,heldout,-0.0285714285714286,0,-0.0238095238095238,0,60,60
CASE,arousal,subject,facial_emg,linear_logistic,20261007,0.5,heldout,0.0142857142857142,0,-0.0674603174603175,0,60,60
CASE,arousal,subject,facial_emg,linear_logistic,20261007,0.75,heldout,-0.0285714285714286,0,-0.0198412698412699,0,60,60
CASE,arousal,subject,facial_emg,linear_logistic,20261007,1.0,heldout,-0.0228571428571429,0,-0.123015873015873,0,60,60
CASE,arousal,subject,wearable_core,gpu_mlp,20260813,0.25,audit,0.0,0,-0.0277777777777776,0,60,60
CASE,arousal,subject,wearable_core,gpu_mlp,20260813,0.5,audit,0.0485714285714284,1,-0.0674603174603174,0,60,60
CASE,arousal,subject,wearable_core,gpu_mlp,20260813,0.75,audit,0.0285714285714285,1,-0.0396825396825396,0,60,60
CASE,arousal,subject,wearable_core,gpu_mlp,20260813,1.0,audit,0.0371428571428571,1,-0.0277777777777776,0,60,60
CASE,arousal,subject,wearable_core,gpu_mlp,20260829,0.25,heldout,0.0,0,0.0357142857142857,1,60,60
CASE,arousal,subject,wearable_core,gpu_mlp,20260829,0.5,heldout,-0.0028571428571427,0,0.0515873015873015,1,60,60
CASE,arousal,subject,wearable_core,gpu_mlp,20260829,0.75,heldout,-0.0657142857142856,0,0.0039682539682539,0,60,60
CASE,arousal,subject,wearable_core,gpu_mlp,20260829,1.0,heldout,-0.1599999999999999,0,-0.0158730158730158,0,60,60
CASE,arousal,subject,wearable_core,gpu_mlp,20260911,0.25,audit,-0.0257142857142858,0,0.0515873015873015,1,60,60
CASE,arousal,subject,wearable_core,gpu_mlp,20260911,0.5,audit,0.0171428571428571,0,0.0,0,60,60
CASE,arousal,subject,wearable_core,gpu_mlp,20260911,0.75,audit,-0.0514285714285713,0,-0.0119047619047619,0,60,60
CASE,arousal,subject,wearable_core,gpu_mlp,20260911,1.0,audit,-0.0114285714285714,0,-0.0039682539682539,0,60,60
CASE,arousal,subject,wearable_core,gpu_mlp,20260923,0.25,heldout,0.0228571428571429,1,0.0357142857142857,1,60,60
CASE,arousal,subject,wearable_core,gpu_mlp,20260923,0.5,heldout,0.0171428571428571,0,0.0634920634920634,1,60,60
CASE,arousal,subject,wearable_core,gpu_mlp,20260923,0.75,heldout,-0.0285714285714284,0,0.1507936507936507,1,60,60
CASE,arousal,subject,wearable_core,gpu_mlp,20260923,1.0,heldout,0.0657142857142858,1,0.0634920634920634,1,60,60
CASE,arousal,subject,wearable_core,gpu_mlp,20261007,0.25,audit,0.0142857142857142,0,0.0753968253968254,1,60,60
CASE,arousal,subject,wearable_core,gpu_mlp,20261007,0.5,audit,0.0742857142857142,1,0.0198412698412699,0,60,60
CASE,arousal,subject,wearable_core,gpu_mlp,20261007,0.75,audit,-0.02,0,-0.0119047619047618,0,60,60
CASE,arousal,subject,wearable_core,gpu_mlp,20261007,1.0,audit,0.04,1,0.015873015873016,0,60,60
CASE,arousal,subject,wearable_core,linear_logistic,20260813,0.25,heldout,-0.0542857142857142,0,0.0158730158730158,0,60,60
CASE,arousal,subject,wearable_core,linear_logistic,20260813,0.5,heldout,0.0057142857142857,0,-0.0119047619047618,0,60,60
CASE,arousal,subject,wearable_core,linear_logistic,20260813,0.75,heldout,0.04,1,-0.0595238095238095,0,60,60
CASE,arousal,subject,wearable_core,linear_logistic,20260813,1.0,heldout,0.0257142857142858,1,-0.0515873015873016,0,60,60
CASE,arousal,subject,wearable_core,linear_logistic,20260829,0.25,audit,0.0057142857142856,0,0.0515873015873016,1,60,60
CASE,arousal,subject,wearable_core,linear_logistic,20260829,0.5,audit,0.1228571428571427,1,0.0515873015873016,1,60,60
CASE,arousal,subject,wearable_core,linear_logistic,20260829,0.75,audit,0.0342857142857142,1,0.0674603174603175,1,60,60
CASE,arousal,subject,wearable_core,linear_logistic,20260829,1.0,audit,0.0085714285714284,0,-0.0039682539682539,0,60,60
CASE,arousal,subject,wearable_core,linear_logistic,20260911,0.25,heldout,0.0171428571428572,0,-0.0515873015873016,0,60,60
CASE,arousal,subject,wearable_core,linear_logistic,20260911,0.5,heldout,0.0142857142857143,0,-0.0158730158730159,0,60,60
CASE,arousal,subject,wearable_core,linear_logistic,20260911,0.75,heldout,-0.0114285714285713,0,-0.0079365079365079,0,60,60
CASE,arousal,subject,wearable_core,linear_logistic,20260911,1.0,heldout,0.0,0,-0.0119047619047618,0,60,60
CASE,arousal,subject,wearable_core,linear_logistic,20260923,0.25,audit,0.0142857142857142,0,0.0555555555555555,1,60,60
CASE,arousal,subject,wearable_core,linear_logistic,20260923,0.5,audit,-0.02,0,0.0039682539682539,0,60,60
CASE,arousal,subject,wearable_core,linear_logistic,20260923,0.75,audit,0.0028571428571427,0,-0.0238095238095238,0,60,60
CASE,arousal,subject,wearable_core,linear_logistic,20260923,1.0,audit,-0.0057142857142857,0,0.0158730158730158,0,60,60
CASE,arousal,subject,wearable_core,linear_logistic,20261007,0.25,heldout,-0.0342857142857142,0,0.0079365079365079,0,60,60
CASE,arousal,subject,wearable_core,linear_logistic,20261007,0.5,heldout,-0.04,0,0.0198412698412698,0,60,60
CASE,arousal,subject,wearable_core,linear_logistic,20261007,0.75,heldout,0.0142857142857142,0,0.0039682539682539,0,60,60
CASE,arousal,subject,wearable_core,linear_logistic,20261007,1.0,heldout,0.0057142857142856,0,0.0476190476190476,1,60,60
CASE,valence,subject,all,gpu_mlp,20260813,0.25,audit,-0.0742857142857142,0,-0.0777777777777777,0,60,60
CASE,valence,subject,all,gpu_mlp,20260813,0.5,audit,-0.0628571428571429,0,-0.0666666666666666,0,60,60
CASE,valence,subject,all,gpu_mlp,20260813,0.75,audit,0.0114285714285713,0,-0.0777777777777777,0,60,60
CASE,valence,subject,all,gpu_mlp,20260813,1.0,audit,-0.0742857142857142,0,-0.0777777777777777,0,60,60
CASE,valence,subject,all,gpu_mlp,20260829,0.25,heldout,-0.0057142857142857,0,-0.111111111111111,0,60,60
CASE,valence,subject,all,gpu_mlp,20260829,0.5,heldout,0.0,0,-0.0999999999999998,0,60,60
CASE,valence,subject,all,gpu_mlp,20260829,0.75,heldout,-0.0142857142857143,0,-0.0333333333333332,0,60,60
CASE,valence,subject,all,gpu_mlp,20260829,1.0,heldout,0.0,0,-0.0666666666666666,0,60,60
CASE,valence,subject,all,gpu_mlp,20260911,0.25,audit,0.0657142857142857,1,-0.0222222222222222,0,60,60
CASE,valence,subject,all,gpu_mlp,20260911,0.5,audit,0.0257142857142856,1,-0.0222222222222222,0,60,60
CASE,valence,subject,all,gpu_mlp,20260911,0.75,audit,0.0314285714285713,1,0.0222222222222221,1,60,60
CASE,valence,subject,all,gpu_mlp,20260911,1.0,audit,0.0857142857142856,1,0.0,0,60,60
CASE,valence,subject,all,gpu_mlp,20260923,0.25,heldout,0.0057142857142857,0,0.0111111111111111,0,60,60
CASE,valence,subject,all,gpu_mlp,20260923,0.5,heldout,-0.04,0,0.0777777777777778,1,60,60
CASE,valence,subject,all,gpu_mlp,20260923,0.75,heldout,-0.0285714285714285,0,0.0333333333333334,1,60,60
CASE,valence,subject,all,gpu_mlp,20260923,1.0,heldout,0.0114285714285713,0,0.0222222222222223,1,60,60
CASE,valence,subject,all,gpu_mlp,20261007,0.25,audit,-0.0342857142857141,0,0.0,0,60,60
CASE,valence,subject,all,gpu_mlp,20261007,0.5,audit,-0.0028571428571427,0,-0.0555555555555555,0,60,60
CASE,valence,subject,all,gpu_mlp,20261007,0.75,audit,-0.0028571428571427,0,-0.0111111111111111,0,60,60
CASE,valence,subject,all,gpu_mlp,20261007,1.0,audit,0.0514285714285714,1,-0.0222222222222223,0,60,60
CASE,valence,subject,all,linear_logistic,20260813,0.25,heldout,-0.0428571428571429,0,0.0444444444444445,1,60,60
CASE,valence,subject,all,linear_logistic,20260813,0.5,heldout,-0.0285714285714285,0,0.0333333333333333,1,60,60
CASE,valence,subject,all,linear_logistic,20260813,0.75,heldout,0.0371428571428571,1,-0.0222222222222221,0,60,60
CASE,valence,subject,all,linear_logistic,20260813,1.0,heldout,-0.0285714285714285,0,0.0777777777777777,1,60,60
CASE,valence,subject,all,linear_logistic,20260829,0.25,audit,-0.0142857142857143,0,-0.0444444444444444,0,60,60
CASE,valence,subject,all,linear_logistic,20260829,0.5,audit,0.0199999999999999,0,-0.0333333333333332,0,60,60
CASE,valence,subject,all,linear_logistic,20260829,0.75,audit,-0.0628571428571428,0,-0.0333333333333332,0,60,60
CASE,valence,subject,all,linear_logistic,20260829,1.0,audit,-0.0257142857142856,0,-0.0333333333333332,0,60,60
CASE,valence,subject,all,linear_logistic,20260911,0.25,heldout,0.0399999999999999,1,-0.011111111111111,0,60,60
CASE,valence,subject,all,linear_logistic,20260911,0.5,heldout,0.0057142857142855,0,0.0,0,60,60
CASE,valence,subject,all,linear_logistic,20260911,0.75,heldout,0.0171428571428571,0,-0.011111111111111,0,60,60
CASE,valence,subject,all,linear_logistic,20260911,1.0,heldout,-0.0171428571428572,0,0.0333333333333334,1,60,60
CASE,valence,subject,all,linear_logistic,20260923,0.25,audit,-0.0371428571428571,0,0.0333333333333332,1,60,60
CASE,valence,subject,all,linear_logistic,20260923,0.5,audit,-0.0314285714285713,0,0.0555555555555554,1,60,60
CASE,valence,subject,all,linear_logistic,20260923,0.75,audit,-0.0057142857142856,0,-0.0555555555555555,0,60,60
CASE,valence,subject,all,linear_logistic,20260923,1.0,audit,-0.0685714285714285,0,0.0888888888888888,1,60,60
CASE,valence,subject,all,linear_logistic,20261007,0.25,heldout,-0.0542857142857142,0,0.011111111111111,0,60,60
CASE,valence,subject,all,linear_logistic,20261007,0.5,heldout,-0.0142857142857143,0,0.0333333333333333,1,60,60
CASE,valence,subject,all,linear_logistic,20261007,0.75,heldout,-0.0085714285714285,0,0.0777777777777777,1,60,60
CASE,valence,subject,all,linear_logistic,20261007,1.0,heldout,0.0114285714285714,0,0.011111111111111,0,60,60
CASE,valence,subject,baseline_delta,gpu_mlp,20260813,0.25,audit,-0.0542857142857141,0,0.0555555555555555,1,60,60
CASE,valence,subject,baseline_delta,gpu_mlp,20260813,0.5,audit,0.0,0,-0.011111111111111,0,60,60
CASE,valence,subject,baseline_delta,gpu_mlp,20260813,0.75,audit,-0.0542857142857141,0,0.0555555555555555,1,60,60
CASE,valence,subject,baseline_delta,gpu_mlp,20260813,1.0,audit,-0.0485714285714286,0,0.0555555555555555,1,60,60
CASE,valence,subject,baseline_delta,gpu_mlp,20260829,0.25,heldout,0.0342857142857142,1,-0.0555555555555555,0,60,60
CASE,valence,subject,baseline_delta,gpu_mlp,20260829,0.5,heldout,0.0942857142857143,1,-0.0666666666666666,0,60,60
CASE,valence,subject,baseline_delta,gpu_mlp,20260829,0.75,heldout,0.0114285714285713,0,0.0,0,60,60
CASE,valence,subject,baseline_delta,gpu_mlp,20260829,1.0,heldout,0.0257142857142856,1,-0.0333333333333334,0,60,60
CASE,valence,subject,baseline_delta,gpu_mlp,20260911,0.25,audit,0.0114285714285713,0,0.0666666666666666,1,60,60
CASE,valence,subject,baseline_delta,gpu_mlp,20260911,0.5,audit,-0.0485714285714286,0,0.0444444444444442,1,60,60
CASE,valence,subject,baseline_delta,gpu_mlp,20260911,0.75,audit,0.0799999999999999,1,0.0,0,60,60
CASE,valence,subject,baseline_delta,gpu_mlp,20260911,1.0,audit,0.0257142857142856,1,-0.0111111111111111,0,60,60
CASE,valence,subject,baseline_delta,gpu_mlp,20260923,0.25,heldout,0.0285714285714286,1,-0.0333333333333334,0,60,60
CASE,valence,subject,baseline_delta,gpu_mlp,20260923,0.5,heldout,0.0428571428571429,1,0.0666666666666666,1,60,60
CASE,valence,subject,baseline_delta,gpu_mlp,20260923,0.75,heldout,-0.0257142857142856,0,0.0222222222222221,1,60,60
CASE,valence,subject,baseline_delta,gpu_mlp,20260923,1.0,heldout,-0.0057142857142856,0,0.0222222222222221,1,60,60
CASE,valence,subject,baseline_delta,gpu_mlp,20261007,0.25,audit,-0.0714285714285714,0,-0.011111111111111,0,60,60
CASE,valence,subject,baseline_delta,gpu_mlp,20261007,0.5,audit,0.0,0,0.0222222222222221,1,60,60
CASE,valence,subject,baseline_delta,gpu_mlp,20261007,0.75,audit,-0.0457142857142857,0,0.0222222222222221,1,60,60
CASE,valence,subject,baseline_delta,gpu_mlp,20261007,1.0,audit,0.0485714285714286,1,-0.0222222222222222,0,60,60
CASE,valence,subject,baseline_delta,linear_logistic,20260813,0.25,heldout,-0.0142857142857143,0,0.011111111111111,0,60,60
CASE,valence,subject,baseline_delta,linear_logistic,20260813,0.5,heldout,0.0257142857142855,1,-0.0666666666666667,0,60,60
CASE,valence,subject,baseline_delta,linear_logistic,20260813,0.75,heldout,0.0542857142857141,1,-0.0222222222222223,0,60,60
CASE,valence,subject,baseline_delta,linear_logistic,20260813,1.0,heldout,0.0485714285714284,1,-0.0555555555555555,0,60,60
CASE,valence,subject,baseline_delta,linear_logistic,20260829,0.25,audit,0.06,1,0.1333333333333333,1,60,60
CASE,valence,subject,baseline_delta,linear_logistic,20260829,0.5,audit,0.0457142857142857,1,0.0444444444444445,1,60,60
CASE,valence,subject,baseline_delta,linear_logistic,20260829,0.75,audit,0.0657142857142857,1,0.0111111111111111,0,60,60
CASE,valence,subject,baseline_delta,linear_logistic,20260829,1.0,audit,0.0342857142857142,1,0.0111111111111111,0,60,60
CASE,valence,subject,baseline_delta,linear_logistic,20260911,0.25,heldout,0.0799999999999999,1,-0.0222222222222222,0,60,60
CASE,valence,subject,baseline_delta,linear_logistic,20260911,0.5,heldout,0.06,1,-0.0666666666666666,0,60,60
CASE,valence,subject,baseline_delta,linear_logistic,20260911,0.75,heldout,0.06,1,-0.0777777777777777,0,60,60
CASE,valence,subject,baseline_delta,linear_logistic,20260911,1.0,heldout,0.12,1,-0.0666666666666666,0,60,60
CASE,valence,subject,baseline_delta,linear_logistic,20260923,0.25,audit,-0.0342857142857142,0,0.0,0,60,60
CASE,valence,subject,baseline_delta,linear_logistic,20260923,0.5,audit,0.0,0,0.0444444444444445,1,60,60
CASE,valence,subject,baseline_delta,linear_logistic,20260923,0.75,audit,0.0142857142857143,0,-0.0888888888888888,0,60,60
CASE,valence,subject,baseline_delta,linear_logistic,20260923,1.0,audit,-0.0485714285714286,0,0.011111111111111,0,60,60
CASE,valence,subject,baseline_delta,linear_logistic,20261007,0.25,heldout,-0.0285714285714285,0,0.0555555555555555,1,60,60
CASE,valence,subject,baseline_delta,linear_logistic,20261007,0.5,heldout,-0.077142857142857,0,0.0222222222222221,1,60,60
CASE,valence,subject,baseline_delta,linear_logistic,20261007,0.75,heldout,-0.0342857142857141,0,0.0777777777777777,1,60,60
CASE,valence,subject,baseline_delta,linear_logistic,20261007,1.0,heldout,-0.0628571428571428,0,0.011111111111111,0,60,60
CASE,valence,subject,facial_emg,gpu_mlp,20260813,0.25,audit,0.0114285714285714,0,-0.0888888888888888,0,60,60
CASE,valence,subject,facial_emg,gpu_mlp,20260813,0.5,audit,0.0657142857142857,1,-0.0333333333333333,0,60,60
CASE,valence,subject,facial_emg,gpu_mlp,20260813,0.75,audit,0.0371428571428571,1,-0.0444444444444444,0,60,60
CASE,valence,subject,facial_emg,gpu_mlp,20260813,1.0,audit,0.0714285714285715,1,-0.011111111111111,0,60,60
CASE,valence,subject,facial_emg,gpu_mlp,20260829,0.25,heldout,0.0514285714285714,1,-0.0444444444444444,0,60,60
CASE,valence,subject,facial_emg,gpu_mlp,20260829,0.5,heldout,0.04,1,1.1102230246251563e-16,0,60,60
CASE,valence,subject,facial_emg,gpu_mlp,20260829,0.75,heldout,0.0114285714285714,0,0.0777777777777778,1,60,60
CASE,valence,subject,facial_emg,gpu_mlp,20260829,1.0,heldout,0.0742857142857142,1,0.0111111111111111,0,60,60
CASE,valence,subject,facial_emg,gpu_mlp,20260911,0.25,audit,0.0057142857142856,0,0.0666666666666667,1,60,60
CASE,valence,subject,facial_emg,gpu_mlp,20260911,0.5,audit,-0.0342857142857142,0,0.0444444444444445,1,60,60
CASE,valence,subject,facial_emg,gpu_mlp,20260911,0.75,audit,0.0257142857142856,1,0.0111111111111111,0,60,60
CASE,valence,subject,facial_emg,gpu_mlp,20260911,1.0,audit,0.0742857142857142,1,0.0444444444444445,1,60,60
CASE,valence,subject,facial_emg,gpu_mlp,20260923,0.25,heldout,-0.0228571428571428,0,0.0222222222222223,1,60,60
CASE,valence,subject,facial_emg,gpu_mlp,20260923,0.5,heldout,0.0114285714285714,0,0.0333333333333333,1,60,60
CASE,valence,subject,facial_emg,gpu_mlp,20260923,0.75,heldout,-0.0285714285714285,0,0.0555555555555555,1,60,60
CASE,valence,subject,facial_emg,gpu_mlp,20260923,1.0,heldout,0.0542857142857142,1,0.0444444444444445,1,60,60
CASE,valence,subject,facial_emg,gpu_mlp,20261007,0.25,audit,-0.0257142857142856,0,-0.0444444444444445,0,60,60
CASE,valence,subject,facial_emg,gpu_mlp,20261007,0.5,audit,0.0457142857142857,1,-0.0666666666666666,0,60,60
CASE,valence,subject,facial_emg,gpu_mlp,20261007,0.75,audit,0.0114285714285714,0,-0.0999999999999999,0,60,60
CASE,valence,subject,facial_emg,gpu_mlp,20261007,1.0,audit,-0.0599999999999999,0,-0.1444444444444445,0,60,60
CASE,valence,subject,facial_emg,linear_logistic,20260813,0.25,heldout,0.0114285714285713,0,-0.0888888888888888,0,60,60
CASE,valence,subject,facial_emg,linear_logistic,20260813,0.5,heldout,0.0599999999999999,1,-0.0222222222222222,0,60,60
CASE,valence,subject,facial_emg,linear_logistic,20260813,0.75,heldout,0.0914285714285714,1,-0.0666666666666667,0,60,60
CASE,valence,subject,facial_emg,linear_logistic,20260813,1.0,heldout,0.0657142857142857,1,0.0333333333333332,1,60,60
CASE,valence,subject,facial_emg,linear_logistic,20260829,0.25,audit,0.0485714285714286,1,-0.0111111111111111,0,60,60
CASE,valence,subject,facial_emg,linear_logistic,20260829,0.5,audit,0.0628571428571428,1,-0.0555555555555555,0,60,60
CASE,valence,subject,facial_emg,linear_logistic,20260829,0.75,audit,0.0057142857142856,0,-0.0222222222222222,0,60,60
CASE,valence,subject,facial_emg,linear_logistic,20260829,1.0,audit,-0.0314285714285713,0,-0.1111111111111111,0,60,60
CASE,valence,subject,facial_emg,linear_logistic,20260911,0.25,heldout,-0.0142857142857142,0,-0.0333333333333333,0,60,60
CASE,valence,subject,facial_emg,linear_logistic,20260911,0.5,heldout,0.0085714285714286,0,-0.0222222222222222,0,60,60
CASE,valence,subject,facial_emg,linear_logistic,20260911,0.75,heldout,0.0142857142857143,0,-0.0888888888888889,0,60,60
CASE,valence,subject,facial_emg,linear_logistic,20260911,1.0,heldout,0.02,1,0.0111111111111111,0,60,60
CASE,valence,subject,facial_emg,linear_logistic,20260923,0.25,audit,-0.0514285714285714,0,0.0,0,60,60
CASE,valence,subject,facial_emg,linear_logistic,20260923,0.5,audit,-0.0285714285714285,0,0.1444444444444443,1,60,60
CASE,valence,subject,facial_emg,linear_logistic,20260923,0.75,audit,-0.0171428571428571,0,0.0444444444444444,1,60,60
CASE,valence,subject,facial_emg,linear_logistic,20260923,1.0,audit,0.0228571428571428,1,0.1444444444444443,1,60,60
CASE,valence,subject,facial_emg,linear_logistic,20261007,0.25,heldout,0.0285714285714285,1,-0.0666666666666666,0,60,60
CASE,valence,subject,facial_emg,linear_logistic,20261007,0.5,heldout,0.0342857142857143,1,-0.0111111111111111,0,60,60
CASE,valence,subject,facial_emg,linear_logistic,20261007,0.75,heldout,0.0057142857142856,0,0.0,0,60,60
CASE,valence,subject,facial_emg,linear_logistic,20261007,1.0,heldout,-0.0399999999999999,0,0.0,0,60,60
CASE,valence,subject,wearable_core,gpu_mlp,20260813,0.25,audit,-0.0428571428571428,0,-0.0777777777777778,0,60,60
CASE,valence,subject,wearable_core,gpu_mlp,20260813,0.5,audit,-0.0428571428571428,0,0.0,0,60,60
CASE,valence,subject,wearable_core,gpu_mlp,20260813,0.75,audit,-0.097142857142857,0,-0.0666666666666666,0,60,60
CASE,valence,subject,wearable_core,gpu_mlp,20260813,1.0,audit,-0.0485714285714284,0,-0.0777777777777778,0,60,60
CASE,valence,subject,wearable_core,gpu_mlp,20260829,0.25,heldout,0.0742857142857142,1,0.0,0,60,60
CASE,valence,subject,wearable_core,gpu_mlp,20260829,0.5,heldout,0.0257142857142855,1,0.0222222222222221,1,60,60
CASE,valence,subject,wearable_core,gpu_mlp,20260829,0.75,heldout,0.0199999999999999,0,0.011111111111111,0,60,60
CASE,valence,subject,wearable_core,gpu_mlp,20260829,1.0,heldout,0.0114285714285713,0,0.0,0,60,60
CASE,valence,subject,wearable_core,gpu_mlp,20260911,0.25,audit,0.0142857142857143,0,0.0111111111111111,0,60,60
CASE,valence,subject,wearable_core,gpu_mlp,20260911,0.5,audit,-0.0057142857142856,0,0.0111111111111111,0,60,60
CASE,valence,subject,wearable_core,gpu_mlp,20260911,0.75,audit,0.02,1,-0.011111111111111,0,60,60
CASE,valence,subject,wearable_core,gpu_mlp,20260911,1.0,audit,-0.0257142857142856,0,0.0,0,60,60
CASE,valence,subject,wearable_core,gpu_mlp,20260923,0.25,heldout,-0.0257142857142858,0,0.0222222222222222,1,60,60
CASE,valence,subject,wearable_core,gpu_mlp,20260923,0.5,heldout,-0.122857142857143,0,0.011111111111111,0,60,60
CASE,valence,subject,wearable_core,gpu_mlp,20260923,0.75,heldout,-0.0971428571428572,0,-0.0111111111111111,0,60,60
CASE,valence,subject,wearable_core,gpu_mlp,20260923,1.0,heldout,-0.0628571428571429,0,0.011111111111111,0,60,60
CASE,valence,subject,wearable_core,gpu_mlp,20261007,0.25,audit,0.0399999999999999,1,0.0,0,60,60
CASE,valence,subject,wearable_core,gpu_mlp,20261007,0.5,audit,0.0314285714285713,1,-0.0555555555555555,0,60,60
CASE,valence,subject,wearable_core,gpu_mlp,20261007,0.75,audit,0.0171428571428571,0,-0.011111111111111,0,60,60
CASE,valence,subject,wearable_core,gpu_mlp,20261007,1.0,audit,-0.0085714285714286,0,-0.0777777777777777,0,60,60
CASE,valence,subject,wearable_core,linear_logistic,20260813,0.25,heldout,-0.0542857142857143,0,-0.0222222222222221,0,60,60
CASE,valence,subject,wearable_core,linear_logistic,20260813,0.5,heldout,-0.122857142857143,0,-0.0222222222222221,0,60,60
CASE,valence,subject,wearable_core,linear_logistic,20260813,0.75,heldout,-0.0942857142857143,0,-0.0666666666666666,0,60,60
CASE,valence,subject,wearable_core,linear_logistic,20260813,1.0,heldout,-0.0885714285714286,0,-0.0666666666666666,0,60,60
CASE,valence,subject,wearable_core,linear_logistic,20260829,0.25,audit,-0.0114285714285713,0,0.0222222222222222,1,60,60
CASE,valence,subject,wearable_core,linear_logistic,20260829,0.5,audit,0.0142857142857142,0,0.011111111111111,0,60,60
CASE,valence,subject,wearable_core,linear_logistic,20260829,0.75,audit,-0.0142857142857142,0,0.0333333333333333,1,60,60
CASE,valence,subject,wearable_core,linear_logistic,20260829,1.0,audit,0.0,0,0.0333333333333333,1,60,60
CASE,valence,subject,wearable_core,linear_logistic,20260911,0.25,heldout,0.06,1,0.0666666666666667,1,60,60
CASE,valence,subject,wearable_core,linear_logistic,20260911,0.5,heldout,0.0828571428571429,1,0.0444444444444445,1,60,60
CASE,valence,subject,wearable_core,linear_logistic,20260911,0.75,heldout,0.0257142857142858,1,0.0222222222222222,1,60,60
CASE,valence,subject,wearable_core,linear_logistic,20260911,1.0,heldout,0.02,1,0.0,0,60,60
CASE,valence,subject,wearable_core,linear_logistic,20260923,0.25,audit,-0.0257142857142858,0,0.0111111111111111,0,60,60
CASE,valence,subject,wearable_core,linear_logistic,20260923,0.5,audit,-0.0257142857142858,0,0.0666666666666666,1,60,60
CASE,valence,subject,wearable_core,linear_logistic,20260923,0.75,audit,0.0399999999999999,1,0.0777777777777778,1,60,60
CASE,valence,subject,wearable_core,linear_logistic,20260923,1.0,audit,0.0199999999999999,0,0.0111111111111111,0,60,60
CASE,valence,subject,wearable_core,linear_logistic,20261007,0.25,heldout,-0.0342857142857143,0,0.0222222222222222,1,60,60
CASE,valence,subject,wearable_core,linear_logistic,20261007,0.5,heldout,0.02,1,0.0,0,60,60
CASE,valence,subject,wearable_core,linear_logistic,20261007,0.75,heldout,-0.0142857142857143,0,0.0444444444444444,1,60,60
CASE,valence,subject,wearable_core,linear_logistic,20261007,1.0,heldout,-0.0428571428571429,0,0.0444444444444444,1,60,60
CEAP,arousal,subject,cardiovascular,gpu_mlp,20260813,0.25,audit,-0.0777777777777777,0,0.0555555555555555,1,64,64
CEAP,arousal,subject,cardiovascular,gpu_mlp,20260813,0.5,audit,-0.037037037037037,0,0.0040935672514619,0,64,64
CEAP,arousal,subject,cardiovascular,gpu_mlp,20260813,0.75,audit,-0.0592592592592592,0,0.0333333333333333,1,64,64
CEAP,arousal,subject,cardiovascular,gpu_mlp,20260813,1.0,audit,-0.0185185185185185,0,0.1011695906432748,1,64,64
CEAP,arousal,subject,cardiovascular,gpu_mlp,20260923,0.25,heldout,0.0314814814814814,1,0.0304093567251462,1,64,64
CEAP,arousal,subject,cardiovascular,gpu_mlp,20260923,0.5,heldout,0.0592592592592592,1,-0.0374269005847953,0,64,64
CEAP,arousal,subject,cardiovascular,gpu_mlp,20260923,0.75,heldout,0.0185185185185184,0,0.0333333333333333,1,64,64
CEAP,arousal,subject,cardiovascular,gpu_mlp,20260923,1.0,heldout,0.0277777777777777,1,0.0181286549707602,0,64,64
CEAP,arousal,subject,cardiovascular,gpu_mlp,20261007,0.25,audit,0.0870370370370369,1,0.0596491228070175,1,64,64
CEAP,arousal,subject,cardiovascular,gpu_mlp,20261007,0.5,audit,0.1407407407407406,1,0.0596491228070175,1,64,64
CEAP,arousal,subject,cardiovascular,gpu_mlp,20261007,0.75,audit,0.0870370370370369,1,0.0859649122807018,1,64,64
CEAP,arousal,subject,cardiovascular,gpu_mlp,20261007,1.0,audit,0.1277777777777777,1,0.0485380116959064,1,64,64
CEAP,arousal,subject,cardiovascular,linear_logistic,20260813,0.25,heldout,-0.0777777777777777,0,0.0526315789473684,1,64,64
CEAP,arousal,subject,cardiovascular,linear_logistic,20260813,0.5,heldout,-0.0499999999999999,0,0.0040935672514619,0,64,64
CEAP,arousal,subject,cardiovascular,linear_logistic,20260813,0.75,heldout,-0.087037037037037,0,0.0859649122807018,1,64,64
CEAP,arousal,subject,cardiovascular,linear_logistic,20260813,1.0,heldout,-0.0407407407407406,0,0.0900584795321637,1,64,64
CEAP,arousal,subject,cardiovascular,linear_logistic,20260923,0.25,audit,0.0499999999999999,1,-0.0707602339181286,0,64,64
CEAP,arousal,subject,cardiovascular,linear_logistic,20260923,0.5,audit,0.0814814814814814,1,-0.0900584795321637,0,64,64
CEAP,arousal,subject,cardiovascular,linear_logistic,20260923,0.75,audit,0.0407407407407407,1,-0.0152046783625731,0,64,64
CEAP,arousal,subject,cardiovascular,linear_logistic,20260923,1.0,audit,0.0499999999999999,1,-0.0040935672514619,0,64,64
CEAP,arousal,subject,electrodermal_thermal,gpu_mlp,20260813,0.25,audit,-0.0277777777777777,0,-0.0789473684210526,0,64,64
CEAP,arousal,subject,electrodermal_thermal,gpu_mlp,20260813,0.5,audit,-0.0185185185185184,0,-0.0830409356725146,0,64,64
CEAP,arousal,subject,electrodermal_thermal,gpu_mlp,20260813,0.75,audit,0.0407407407407407,1,0.0333333333333333,1,64,64
CEAP,arousal,subject,electrodermal_thermal,gpu_mlp,20260813,1.0,audit,-0.05,0,-0.0152046783625731,0,64,64
CEAP,arousal,subject,electrodermal_thermal,gpu_mlp,20260911,0.25,audit,-0.0277777777777777,0,-0.0526315789473683,0,64,64
CEAP,arousal,subject,electrodermal_thermal,gpu_mlp,20260911,0.5,audit,0.0314814814814815,1,-0.0292397660818712,0,64,64
CEAP,arousal,subject,electrodermal_thermal,gpu_mlp,20260911,0.75,audit,-0.0499999999999999,0,-0.0666666666666666,0,64,64
CEAP,arousal,subject,electrodermal_thermal,gpu_mlp,20260911,1.0,audit,0.0,0,-0.1040935672514619,0,64,64
CEAP,arousal,subject,electrodermal_thermal,gpu_mlp,20260923,0.25,heldout,-0.0648148148148147,0,0.0789473684210526,1,64,64
CEAP,arousal,subject,electrodermal_thermal,gpu_mlp,20260923,0.5,heldout,-0.0277777777777776,0,0.0859649122807018,1,64,64
CEAP,arousal,subject,electrodermal_thermal,gpu_mlp,20260923,0.75,heldout,-0.1055555555555555,0,0.0900584795321637,1,64,64
CEAP,arousal,subject,electrodermal_thermal,gpu_mlp,20260923,1.0,heldout,-0.1370370370370369,0,0.0941520467836257,1,64,64
CEAP,arousal,subject,electrodermal_thermal,linear_logistic,20260911,0.25,heldout,-0.1555555555555555,0,0.0596491228070175,1,64,64
CEAP,arousal,subject,electrodermal_thermal,linear_logistic,20260911,0.5,heldout,-0.0092592592592593,0,0.0333333333333333,1,64,64
CEAP,arousal,subject,electrodermal_thermal,linear_logistic,20260911,0.75,heldout,-0.0907407407407407,0,0.0263157894736841,1,64,64
CEAP,arousal,subject,electrodermal_thermal,linear_logistic,20260911,1.0,heldout,0.0185185185185184,0,-0.011111111111111,0,64,64
CEAP,arousal,subject,minimal_pair,gpu_mlp,20260813,0.25,audit,0.0129629629629629,0,0.0,0,64,64
CEAP,arousal,subject,minimal_pair,gpu_mlp,20260813,0.5,audit,0.0037037037037037,0,0.0970760233918128,1,64,64
CEAP,arousal,subject,minimal_pair,gpu_mlp,20260813,0.75,audit,-0.0092592592592592,0,0.0707602339181286,1,64,64
CEAP,arousal,subject,minimal_pair,gpu_mlp,20260813,1.0,audit,0.062962962962963,1,0.0596491228070175,1,64,64
CEAP,arousal,subject,minimal_pair,gpu_mlp,20260829,0.25,heldout,0.0814814814814814,1,0.0526315789473684,1,64,64
CEAP,arousal,subject,minimal_pair,gpu_mlp,20260829,0.5,heldout,-0.0462962962962963,0,0.0152046783625731,0,64,64
CEAP,arousal,subject,minimal_pair,gpu_mlp,20260829,0.75,heldout,0.0407407407407407,1,0.0596491228070175,1,64,64
CEAP,arousal,subject,minimal_pair,gpu_mlp,20260829,1.0,heldout,0.0222222222222222,1,0.0526315789473684,1,64,64
CEAP,arousal,subject,minimal_pair,gpu_mlp,20260911,0.25,audit,-0.0277777777777777,0,-0.0526315789473684,0,64,64
CEAP,arousal,subject,minimal_pair,gpu_mlp,20260911,0.5,audit,0.0407407407407407,1,-0.0304093567251462,0,64,64
CEAP,arousal,subject,minimal_pair,gpu_mlp,20260911,0.75,audit,-0.0592592592592592,0,-0.0263157894736842,0,64,64
CEAP,arousal,subject,minimal_pair,gpu_mlp,20260911,1.0,audit,-0.0277777777777777,0,-0.008187134502924,0,64,64
CEAP,arousal,subject,minimal_pair,linear_logistic,20260813,0.25,heldout,0.0722222222222221,1,-0.0040935672514619,0,64,64
CEAP,arousal,subject,minimal_pair,linear_logistic,20260813,0.5,heldout,0.0722222222222221,1,0.0596491228070175,1,64,64
CEAP,arousal,subject,minimal_pair,linear_logistic,20260813,0.75,heldout,0.0129629629629629,0,0.104093567251462,1,64,64
CEAP,arousal,subject,minimal_pair,linear_logistic,20260813,1.0,heldout,-0.0185185185185186,0,-0.011111111111111,0,64,64
CEAP,arousal,subject,minimal_pair,linear_logistic,20261007,0.25,heldout,0.05,1,0.0485380116959064,1,64,64
CEAP,arousal,subject,minimal_pair,linear_logistic,20261007,0.5,heldout,-0.0092592592592592,0,0.0859649122807018,1,64,64
CEAP,arousal,subject,minimal_pair,linear_logistic,20261007,0.75,heldout,0.0,0,-0.007017543859649,0,64,64
CEAP,arousal,subject,minimal_pair,linear_logistic,20261007,1.0,heldout,-0.0185185185185184,0,-0.0789473684210526,0,64,64
CEAP,arousal,subject,wearable_all,gpu_mlp,20260813,0.25,audit,0.0592592592592593,1,-0.0040935672514619,0,64,64
CEAP,arousal,subject,wearable_all,gpu_mlp,20260813,0.5,audit,-0.0092592592592591,0,0.0333333333333333,1,64,64
CEAP,arousal,subject,wearable_all,gpu_mlp,20260813,0.75,audit,-0.0092592592592591,0,0.0859649122807017,1,64,64
CEAP,arousal,subject,wearable_all,gpu_mlp,20260813,1.0,audit,0.0685185185185185,1,0.1122807017543859,1,64,64
CEAP,arousal,subject,wearable_all,gpu_mlp,20260829,0.25,heldout,0.0499999999999999,1,0.0263157894736841,1,64,64
CEAP,arousal,subject,wearable_all,gpu_mlp,20260829,0.5,heldout,0.0685185185185185,1,0.0,0,64,64
CEAP,arousal,subject,wearable_all,gpu_mlp,20260829,0.75,heldout,0.0685185185185185,1,-0.019298245614035,0,64,64
CEAP,arousal,subject,wearable_all,gpu_mlp,20260829,1.0,heldout,0.1277777777777777,1,0.0152046783625731,0,64,64
CEAP,arousal,subject,wearable_all,gpu_mlp,20260911,0.25,audit,-0.0277777777777777,0,-0.023391812865497,0,64,64
CEAP,arousal,subject,wearable_all,gpu_mlp,20260911,0.5,audit,0.0314814814814815,1,0.0292397660818713,1,64,64
CEAP,arousal,subject,wearable_all,gpu_mlp,20260911,0.75,audit,0.05,1,-0.0040935672514619,0,64,64
CEAP,arousal,subject,wearable_all,gpu_mlp,20260911,1.0,audit,0.0407407407407407,1,0.0029239766081871,0,64,64
CEAP,arousal,subject,wearable_all,gpu_mlp,20261007,0.25,audit,0.0092592592592593,0,0.0374269005847953,1,64,64
CEAP,arousal,subject,wearable_all,gpu_mlp,20261007,0.5,audit,-0.0092592592592592,0,0.0678362573099415,1,64,64
CEAP,arousal,subject,wearable_all,gpu_mlp,20261007,0.75,audit,0.0407407407407407,1,0.023391812865497,1,64,64
CEAP,arousal,subject,wearable_all,gpu_mlp,20261007,1.0,audit,-0.0777777777777777,0,0.0485380116959064,1,64,64
CEAP,arousal,subject,wearable_all,linear_logistic,20260813,0.25,heldout,0.0907407407407406,1,0.0859649122807017,1,64,64
CEAP,arousal,subject,wearable_all,linear_logistic,20260813,0.5,heldout,0.0814814814814814,1,0.0181286549707602,0,64,64
CEAP,arousal,subject,wearable_all,linear_logistic,20260813,0.75,heldout,0.0685185185185184,1,0.0818713450292397,1,64,64
CEAP,arousal,subject,wearable_all,linear_logistic,20260813,1.0,heldout,0.0407407407407406,1,0.0485380116959064,1,64,64
CEAP,arousal,subject,wearable_all,linear_logistic,20261007,0.25,heldout,0.0592592592592592,1,0.0444444444444444,1,64,64
CEAP,arousal,subject,wearable_all,linear_logistic,20261007,0.5,heldout,0.0685185185185185,1,0.1011695906432748,1,64,64
CEAP,arousal,subject,wearable_all,linear_logistic,20261007,0.75,heldout,0.1092592592592592,1,0.015204678362573,0,64,64
CEAP,arousal,subject,wearable_all,linear_logistic,20261007,1.0,heldout,0.05,1,0.0596491228070175,1,64,64
CEAP,valence,subject,cardiovascular,gpu_mlp,20260829,0.25,heldout,0.0015384615384614,0,0.0138888888888888,0,64,64
CEAP,valence,subject,cardiovascular,gpu_mlp,20260829,0.5,heldout,0.0415384615384615,1,-0.0436507936507937,0,64,64
CEAP,valence,subject,cardiovascular,gpu_mlp,20260829,0.75,heldout,-0.0112820512820512,0,-0.0337301587301588,0,64,64
CEAP,valence,subject,cardiovascular,gpu_mlp,20260829,1.0,heldout,0.0615384615384615,1,-0.0753968253968253,0,64,64
CEAP,valence,subject,cardiovascular,gpu_mlp,20260923,0.25,heldout,0.0656410256410255,1,0.0138888888888889,0,64,64
CEAP,valence,subject,cardiovascular,gpu_mlp,20260923,0.5,heldout,0.0528205128205128,1,-0.0178571428571429,0,64,64
CEAP,valence,subject,cardiovascular,gpu_mlp,20260923,0.75,heldout,0.0399999999999999,1,-0.0357142857142857,0,64,64
CEAP,valence,subject,cardiovascular,gpu_mlp,20260923,1.0,heldout,0.0399999999999999,1,0.0178571428571429,0,64,64
CEAP,valence,subject,cardiovascular,linear_logistic,20260813,0.25,heldout,0.0,0,0.0079365079365079,0,64,64
CEAP,valence,subject,cardiovascular,linear_logistic,20260813,0.5,heldout,-0.02,0,0.0674603174603174,1,64,64
CEAP,valence,subject,cardiovascular,linear_logistic,20260813,0.75,heldout,-0.0328205128205127,0,0.0773809523809524,1,64,64
CEAP,valence,subject,cardiovascular,linear_logistic,20260813,1.0,heldout,0.04,1,0.0277777777777777,1,64,64
CEAP,valence,subject,cardiovascular,linear_logistic,20260829,0.25,audit,0.0528205128205129,1,0.0218253968253968,1,64,64
CEAP,valence,subject,cardiovascular,linear_logistic,20260829,0.5,audit,0.04,1,0.0456349206349206,1,64,64
CEAP,valence,subject,cardiovascular,linear_logistic,20260829,0.75,audit,0.0256410256410256,1,-0.0357142857142857,0,64,64
CEAP,valence,subject,cardiovascular,linear_logistic,20260829,1.0,audit,-0.0056410256410255,0,0.0317460317460318,1,64,64
CEAP,valence,subject,cardiovascular,linear_logistic,20261007,0.25,heldout,0.0456410256410256,1,0.0396825396825396,1,64,64
CEAP,valence,subject,cardiovascular,linear_logistic,20261007,0.5,heldout,0.0471794871794871,1,0.0218253968253968,1,64,64
CEAP,valence,subject,cardiovascular,linear_logistic,20261007,0.75,heldout,0.0728205128205128,1,0.0317460317460317,1,64,64
CEAP,valence,subject,cardiovascular,linear_logistic,20261007,1.0,heldout,0.0128205128205127,0,0.0416666666666666,1,64,64
CEAP,valence,subject,electrodermal_thermal,gpu_mlp,20260829,0.25,heldout,-0.0271794871794871,0,0.0178571428571429,0,64,64
CEAP,valence,subject,electrodermal_thermal,gpu_mlp,20260829,0.5,heldout,-0.0584615384615384,0,0.0138888888888888,0,64,64
CEAP,valence,subject,electrodermal_thermal,gpu_mlp,20260829,0.75,heldout,-0.0143589743589743,0,-0.0119047619047619,0,64,64
CEAP,valence,subject,electrodermal_thermal,gpu_mlp,20260829,1.0,heldout,-0.0184615384615384,0,0.0099206349206348,0,64,64
CEAP,valence,subject,electrodermal_thermal,gpu_mlp,20260923,0.25,heldout,0.0128205128205128,0,0.0317460317460317,1,64,64
CEAP,valence,subject,electrodermal_thermal,gpu_mlp,20260923,0.5,heldout,-0.0184615384615384,0,-0.0634920634920634,0,64,64
CEAP,valence,subject,electrodermal_thermal,gpu_mlp,20260923,0.75,heldout,-0.0184615384615384,0,-0.0535714285714286,0,64,64
CEAP,valence,subject,electrodermal_thermal,gpu_mlp,20260923,1.0,heldout,0.0,0,0.0496031746031746,1,64,64
CEAP,valence,subject,electrodermal_thermal,gpu_mlp,20261007,0.25,audit,0.0056410256410256,0,0.0396825396825395,1,64,64
CEAP,valence,subject,electrodermal_thermal,gpu_mlp,20261007,0.5,audit,0.0312820512820513,1,0.0257936507936507,1,64,64
CEAP,valence,subject,electrodermal_thermal,gpu_mlp,20261007,0.75,audit,-0.0143589743589743,0,-0.003968253968254,0,64,64
CEAP,valence,subject,electrodermal_thermal,gpu_mlp,20261007,1.0,audit,-0.0543589743589744,0,0.0515873015873015,1,64,64
CEAP,valence,subject,electrodermal_thermal,linear_logistic,20260911,0.25,heldout,-0.0328205128205127,0,-0.0416666666666667,0,64,64
CEAP,valence,subject,electrodermal_thermal,linear_logistic,20260911,0.5,heldout,0.0,0,-0.0138888888888888,0,64,64
CEAP,valence,subject,electrodermal_thermal,linear_logistic,20260911,0.75,heldout,-0.0328205128205127,0,-0.0734126984126983,0,64,64
CEAP,valence,subject,electrodermal_thermal,linear_logistic,20260911,1.0,heldout,-0.0456410256410256,0,-0.0773809523809523,0,64,64
CEAP,valence,subject,electrodermal_thermal,linear_logistic,20260923,0.25,audit,0.0184615384615383,0,-0.0039682539682539,0,64,64
CEAP,valence,subject,electrodermal_thermal,linear_logistic,20260923,0.5,audit,-0.0528205128205129,0,-0.0634920634920633,0,64,64
CEAP,valence,subject,electrodermal_thermal,linear_logistic,20260923,0.75,audit,-0.02,0,-0.0496031746031745,0,64,64
CEAP,valence,subject,electrodermal_thermal,linear_logistic,20260923,1.0,audit,-0.0071794871794872,0,0.0317460317460317,1,64,64
CEAP,valence,subject,electrodermal_thermal,linear_logistic,20261007,0.25,heldout,0.0128205128205127,0,0.0277777777777779,1,64,64
CEAP,valence,subject,electrodermal_thermal,linear_logistic,20261007,0.5,heldout,0.0399999999999999,1,0.0595238095238095,1,64,64
CEAP,valence,subject,electrodermal_thermal,linear_logistic,20261007,0.75,heldout,0.0056410256410255,0,-0.0357142857142857,0,64,64
CEAP,valence,subject,electrodermal_thermal,linear_logistic,20261007,1.0,heldout,0.0128205128205127,0,0.0773809523809524,1,64,64
CEAP,valence,subject,minimal_pair,gpu_mlp,20260923,0.25,heldout,0.0271794871794872,1,0.0,0,64,64
CEAP,valence,subject,minimal_pair,gpu_mlp,20260923,0.5,heldout,0.0199999999999999,0,-0.0595238095238094,0,64,64
CEAP,valence,subject,minimal_pair,gpu_mlp,20260923,0.75,heldout,0.0384615384615384,1,-0.0357142857142857,0,64,64
CEAP,valence,subject,minimal_pair,gpu_mlp,20260923,1.0,heldout,0.0399999999999999,1,-0.0773809523809523,0,64,64
CEAP,valence,subject,minimal_pair,gpu_mlp,20261007,0.25,audit,0.0712820512820512,1,0.0674603174603175,1,64,64
CEAP,valence,subject,minimal_pair,gpu_mlp,20261007,0.5,audit,0.0456410256410256,1,0.0496031746031745,1,64,64
CEAP,valence,subject,minimal_pair,gpu_mlp,20261007,0.75,audit,0.0712820512820512,1,0.0238095238095237,1,64,64
CEAP,valence,subject,minimal_pair,gpu_mlp,20261007,1.0,audit,0.0784615384615385,1,0.0039682539682539,0,64,64
CEAP,valence,subject,minimal_pair,linear_logistic,20260813,0.25,heldout,0.0328205128205129,1,0.0535714285714286,1,64,64
CEAP,valence,subject,minimal_pair,linear_logistic,20260813,0.5,heldout,-0.0199999999999999,0,0.0357142857142857,1,64,64
CEAP,valence,subject,minimal_pair,linear_logistic,20260813,0.75,heldout,0.0,0,-0.0218253968253967,0,64,64
CEAP,valence,subject,minimal_pair,linear_logistic,20260813,1.0,heldout,0.0456410256410257,1,0.0317460317460317,1,64,64
CEAP,valence,subject,minimal_pair,linear_logistic,20260829,0.25,audit,-0.0656410256410256,0,0.0,0,64,64
CEAP,valence,subject,minimal_pair,linear_logistic,20260829,0.5,audit,0.0143589743589743,0,-0.0396825396825396,0,64,64
CEAP,valence,subject,minimal_pair,linear_logistic,20260829,0.75,audit,-0.0528205128205128,0,-0.0079365079365079,0,64,64
CEAP,valence,subject,minimal_pair,linear_logistic,20260829,1.0,audit,-0.0128205128205128,0,-0.0079365079365079,0,64,64
CEAP,valence,subject,minimal_pair,linear_logistic,20260911,0.25,heldout,0.0,0,-0.0416666666666666,0,64,64
CEAP,valence,subject,minimal_pair,linear_logistic,20260911,0.5,heldout,-0.0071794871794871,0,-0.0634920634920634,0,64,64
CEAP,valence,subject,minimal_pair,linear_logistic,20260911,0.75,heldout,-0.0399999999999999,0,0.0,0,64,64
CEAP,valence,subject,minimal_pair,linear_logistic,20260911,1.0,heldout,-0.0343589743589743,0,-0.0238095238095237,0,64,64
CEAP,valence,subject,wearable_all,linear_logistic,20260813,0.25,heldout,0.0528205128205128,1,-0.0277777777777777,0,64,64
CEAP,valence,subject,wearable_all,linear_logistic,20260813,0.5,heldout,0.0528205128205128,1,0.0099206349206348,0,64,64
CEAP,valence,subject,wearable_all,linear_logistic,20260813,0.75,heldout,0.0328205128205127,1,-0.0178571428571427,0,64,64
CEAP,valence,subject,wearable_all,linear_logistic,20260813,1.0,heldout,0.0528205128205128,1,-0.0257936507936508,0,64,64
CEAP,valence,subject,wearable_all,linear_logistic,20260829,0.25,audit,-0.0143589743589743,0,0.0277777777777776,1,64,64
CEAP,valence,subject,wearable_all,linear_logistic,20260829,0.5,audit,-0.0128205128205127,0,-0.007936507936508,0,64,64
CEAP,valence,subject,wearable_all,linear_logistic,20260829,0.75,audit,0.0128205128205127,0,-0.0238095238095239,0,64,64
CEAP,valence,subject,wearable_all,linear_logistic,20260829,1.0,audit,-0.0184615384615384,0,0.0654761904761904,1,64,64
CEAP,valence,subject,wearable_all,linear_logistic,20260911,0.25,heldout,0.02,1,-0.0595238095238095,0,64,64
CEAP,valence,subject,wearable_all,linear_logistic,20260911,0.5,heldout,-0.0256410256410255,0,-0.0456349206349206,0,64,64
CEAP,valence,subject,wearable_all,linear_logistic,20260911,0.75,heldout,0.0071794871794872,0,0.0,0,64,64
CEAP,valence,subject,wearable_all,linear_logistic,20260911,1.0,heldout,-0.0056410256410256,0,-0.0416666666666667,0,64,64
CEAP,valence,subject,wearable_all,linear_logistic,20261007,0.25,heldout,0.0128205128205127,0,0.007936507936508,0,64,64
CEAP,valence,subject,wearable_all,linear_logistic,20261007,0.5,heldout,0.0384615384615385,1,0.0,0,64,64
CEAP,valence,subject,wearable_all,linear_logistic,20261007,0.75,heldout,0.0056410256410257,0,-0.0138888888888889,0,64,64
CEAP,valence,subject,wearable_all,linear_logistic,20261007,1.0,heldout,0.0512820512820513,1,-0.0317460317460317,0,64,64
CEAP,arousal,subject,cardiovascular,gpu_mlp,20260829,0.25,heldout,0.0777777777777778,1,0.0526315789473683,1,64,64
CEAP,arousal,subject,cardiovascular,gpu_mlp,20260829,0.5,heldout,-0.1314814814814814,0,-0.0070175438596491,0,64,64
CEAP,arousal,subject,cardiovascular,gpu_mlp,20260829,0.75,heldout,0.0277777777777777,1,0.0748538011695905,1,64,64
CEAP,arousal,subject,cardiovascular,gpu_mlp,20260829,1.0,heldout,-0.0129629629629629,0,0.0608187134502923,1,64,64
CEAP,arousal,subject,cardiovascular,gpu_mlp,20260911,0.25,audit,0.1499999999999999,1,0.1233918128654971,1,64,64
CEAP,arousal,subject,cardiovascular,gpu_mlp,20260911,0.5,audit,0.0407407407407407,1,0.0333333333333333,1,64,64
CEAP,arousal,subject,cardiovascular,gpu_mlp,20260911,0.75,audit,0.1,1,0.1152046783625731,1,64,64
CEAP,arousal,subject,cardiovascular,gpu_mlp,20260911,1.0,audit,0.1037037037037036,1,0.1374269005847954,1,64,64
CEAP,arousal,subject,cardiovascular,linear_logistic,20260829,0.25,audit,0.0277777777777777,1,0.0789473684210526,1,64,64
CEAP,arousal,subject,cardiovascular,linear_logistic,20260829,0.5,audit,-0.0407407407407407,0,0.0040935672514619,0,64,64
CEAP,arousal,subject,cardiovascular,linear_logistic,20260829,0.75,audit,0.05,1,0.0941520467836256,1,64,64
CEAP,arousal,subject,cardiovascular,linear_logistic,20260829,1.0,audit,-0.0907407407407406,0,0.1163742690058479,1,64,64
CEAP,arousal,subject,cardiovascular,linear_logistic,20260911,0.25,heldout,0.1314814814814814,1,0.0222222222222222,1,64,64
CEAP,arousal,subject,cardiovascular,linear_logistic,20260911,0.5,heldout,0.1722222222222222,1,0.011111111111111,0,64,64
CEAP,arousal,subject,cardiovascular,linear_logistic,20260911,0.75,heldout,0.1037037037037036,1,-0.0415204678362572,0,64,64
CEAP,arousal,subject,cardiovascular,linear_logistic,20260911,1.0,heldout,0.0037037037037037,0,0.1304093567251462,1,64,64
CEAP,arousal,subject,cardiovascular,linear_logistic,20261007,0.25,heldout,0.0592592592592592,1,0.0637426900584794,1,64,64
CEAP,arousal,subject,cardiovascular,linear_logistic,20261007,0.5,heldout,0.0314814814814815,1,0.0970760233918128,1,64,64
CEAP,arousal,subject,cardiovascular,linear_logistic,20261007,0.75,heldout,0.0407407407407407,1,0.0859649122807016,1,64,64
CEAP,arousal,subject,cardiovascular,linear_logistic,20261007,1.0,heldout,0.0648148148148148,1,0.1345029239766081,1,64,64
CEAP,arousal,subject,electrodermal_thermal,gpu_mlp,20260829,0.25,heldout,-0.0592592592592592,0,-0.0374269005847953,0,64,64
CEAP,arousal,subject,electrodermal_thermal,gpu_mlp,20260829,0.5,heldout,-0.1055555555555555,0,0.0678362573099414,1,64,64
CEAP,arousal,subject,electrodermal_thermal,gpu_mlp,20260829,0.75,heldout,0.0222222222222222,1,0.0485380116959063,1,64,64
CEAP,arousal,subject,electrodermal_thermal,gpu_mlp,20260829,1.0,heldout,0.0722222222222223,1,0.0415204678362572,1,64,64
CEAP,arousal,subject,electrodermal_thermal,gpu_mlp,20261007,0.25,audit,0.0092592592592593,0,0.0637426900584795,1,64,64
CEAP,arousal,subject,electrodermal_thermal,gpu_mlp,20261007,0.5,audit,0.0407407407407407,1,0.0374269005847953,1,64,64
CEAP,arousal,subject,electrodermal_thermal,gpu_mlp,20261007,0.75,audit,0.0962962962962963,1,0.0192982456140351,0,64,64
CEAP,arousal,subject,electrodermal_thermal,gpu_mlp,20261007,1.0,audit,0.05,1,-0.0263157894736841,0,64,64
CEAP,arousal,subject,electrodermal_thermal,linear_logistic,20260813,0.25,heldout,0.1277777777777777,1,0.0485380116959064,1,64,64
CEAP,arousal,subject,electrodermal_thermal,linear_logistic,20260813,0.5,heldout,0.0,0,-0.019298245614035,0,64,64
CEAP,arousal,subject,electrodermal_thermal,linear_logistic,20260813,0.75,heldout,0.0999999999999999,1,0.0666666666666666,1,64,64
CEAP,arousal,subject,electrodermal_thermal,linear_logistic,20260813,1.0,heldout,0.0499999999999999,1,0.0374269005847953,1,64,64
CEAP,arousal,subject,electrodermal_thermal,linear_logistic,20260829,0.25,audit,-0.0185185185185186,0,0.0,0,64,64
CEAP,arousal,subject,electrodermal_thermal,linear_logistic,20260829,0.5,audit,-0.0648148148148148,0,0.0222222222222222,1,64,64
CEAP,arousal,subject,electrodermal_thermal,linear_logistic,20260829,0.75,audit,0.0129629629629628,0,0.0,0,64,64
CEAP,arousal,subject,electrodermal_thermal,linear_logistic,20260829,1.0,audit,-0.0055555555555556,0,0.0333333333333333,1,64,64
CEAP,arousal,subject,electrodermal_thermal,linear_logistic,20260923,0.25,audit,-0.087037037037037,0,0.0222222222222222,1,64,64
CEAP,arousal,subject,electrodermal_thermal,linear_logistic,20260923,0.5,audit,-0.0499999999999999,0,0.0029239766081871,0,64,64
CEAP,arousal,subject,electrodermal_thermal,linear_logistic,20260923,0.75,audit,-0.0499999999999999,0,-0.023391812865497,0,64,64
CEAP,arousal,subject,electrodermal_thermal,linear_logistic,20260923,1.0,audit,-0.0499999999999999,0,-0.0345029239766082,0,64,64
CEAP,arousal,subject,electrodermal_thermal,linear_logistic,20261007,0.25,heldout,0.1055555555555556,1,0.0152046783625731,0,64,64
CEAP,arousal,subject,electrodermal_thermal,linear_logistic,20261007,0.5,heldout,0.037037037037037,1,-0.0070175438596491,0,64,64
CEAP,arousal,subject,electrodermal_thermal,linear_logistic,20261007,0.75,heldout,0.1148148148148148,1,0.0345029239766081,1,64,64
CEAP,arousal,subject,electrodermal_thermal,linear_logistic,20261007,1.0,heldout,0.087037037037037,1,-0.0152046783625731,0,64,64
CEAP,arousal,subject,minimal_pair,gpu_mlp,20260923,0.25,heldout,0.0,0,0.0374269005847953,1,64,64
CEAP,arousal,subject,minimal_pair,gpu_mlp,20260923,0.5,heldout,0.0,0,0.0,0,64,64
CEAP,arousal,subject,minimal_pair,gpu_mlp,20260923,0.75,heldout,-0.0462962962962962,0,0.0070175438596491,0,64,64
CEAP,arousal,subject,minimal_pair,gpu_mlp,20260923,1.0,heldout,-0.0592592592592592,0,0.0070175438596491,0,64,64
CEAP,arousal,subject,minimal_pair,gpu_mlp,20261007,0.25,audit,-0.0685185185185185,0,0.0222222222222222,1,64,64
CEAP,arousal,subject,minimal_pair,gpu_mlp,20261007,0.5,audit,0.0999999999999999,1,0.011111111111111,0,64,64
CEAP,arousal,subject,minimal_pair,gpu_mlp,20261007,0.75,audit,0.0314814814814814,1,-0.0070175438596491,0,64,64
CEAP,arousal,subject,minimal_pair,gpu_mlp,20261007,1.0,audit,0.0314814814814814,1,-0.011111111111111,0,64,64
CEAP,arousal,subject,minimal_pair,linear_logistic,20260829,0.25,audit,-0.0092592592592592,0,0.0415204678362572,1,64,64
CEAP,arousal,subject,minimal_pair,linear_logistic,20260829,0.5,audit,-0.0462962962962963,0,0.0637426900584795,1,64,64
CEAP,arousal,subject,minimal_pair,linear_logistic,20260829,0.75,audit,-0.037037037037037,0,0.1122807017543859,1,64,64
CEAP,arousal,subject,minimal_pair,linear_logistic,20260829,1.0,audit,-0.0962962962962963,0,0.0970760233918128,1,64,64
CEAP,arousal,subject,minimal_pair,linear_logistic,20260911,0.25,heldout,-0.0055555555555555,0,0.0292397660818713,1,64,64
CEAP,arousal,subject,minimal_pair,linear_logistic,20260911,0.5,heldout,-0.0685185185185185,0,0.0596491228070175,1,64,64
CEAP,arousal,subject,minimal_pair,linear_logistic,20260911,0.75,heldout,-0.0314814814814815,0,0.0748538011695906,1,64,64
CEAP,arousal,subject,minimal_pair,linear_logistic,20260911,1.0,heldout,0.0129629629629629,0,0.0777777777777777,1,64,64
CEAP,arousal,subject,minimal_pair,linear_logistic,20260923,0.25,audit,-0.0185185185185184,0,-0.0222222222222222,0,64,64
CEAP,arousal,subject,minimal_pair,linear_logistic,20260923,0.5,audit,0.0592592592592592,1,-0.0304093567251462,0,64,64
CEAP,arousal,subject,minimal_pair,linear_logistic,20260923,0.75,audit,-0.0499999999999999,0,0.0292397660818713,1,64,64
CEAP,arousal,subject,minimal_pair,linear_logistic,20260923,1.0,audit,-0.0592592592592592,0,0.0029239766081871,0,64,64
CEAP,arousal,subject,wearable_all,gpu_mlp,20260923,0.25,heldout,-0.0055555555555555,0,0.0748538011695906,1,64,64
CEAP,arousal,subject,wearable_all,gpu_mlp,20260923,0.5,heldout,0.087037037037037,1,0.0818713450292397,1,64,64
CEAP,arousal,subject,wearable_all,gpu_mlp,20260923,0.75,heldout,0.0222222222222222,1,0.0403508771929824,1,64,64
CEAP,arousal,subject,wearable_all,gpu_mlp,20260923,1.0,heldout,0.1407407407407407,1,0.0888888888888888,1,64,64
CEAP,arousal,subject,wearable_all,linear_logistic,20260829,0.25,audit,-0.0222222222222222,0,0.0152046783625731,0,64,64
CEAP,arousal,subject,wearable_all,linear_logistic,20260829,0.5,audit,-0.0277777777777777,0,0.0,0,64,64
CEAP,arousal,subject,wearable_all,linear_logistic,20260829,0.75,audit,0.0499999999999999,1,0.0485380116959064,1,64,64
CEAP,arousal,subject,wearable_all,linear_logistic,20260829,1.0,audit,0.0092592592592591,0,0.0222222222222222,1,64,64
CEAP,arousal,subject,wearable_all,linear_logistic,20260911,0.25,heldout,0.0407407407407407,1,0.0555555555555555,1,64,64
CEAP,arousal,subject,wearable_all,linear_logistic,20260911,0.5,heldout,0.0499999999999999,1,0.0555555555555555,1,64,64
CEAP,arousal,subject,wearable_all,linear_logistic,20260911,0.75,heldout,0.0092592592592591,0,0.0111111111111111,0,64,64
CEAP,arousal,subject,wearable_all,linear_logistic,20260911,1.0,heldout,0.0685185185185184,1,0.0222222222222222,1,64,64
CEAP,arousal,subject,wearable_all,linear_logistic,20260923,0.25,audit,-0.0185185185185184,0,-0.0222222222222222,0,64,64
CEAP,arousal,subject,wearable_all,linear_logistic,20260923,0.5,audit,0.0037037037037037,0,-0.0152046783625731,0,64,64
CEAP,arousal,subject,wearable_all,linear_logistic,20260923,0.75,audit,-0.0277777777777777,0,-0.0608187134502923,0,64,64
CEAP,arousal,subject,wearable_all,linear_logistic,20260923,1.0,audit,0.0314814814814815,1,-0.0304093567251461,0,64,64
CEAP,valence,subject,cardiovascular,gpu_mlp,20260813,0.25,audit,0.0128205128205127,0,0.0,0,64,64
CEAP,valence,subject,cardiovascular,gpu_mlp,20260813,0.5,audit,-0.0071794871794871,0,-0.0178571428571427,0,64,64
CEAP,valence,subject,cardiovascular,gpu_mlp,20260813,0.75,audit,-0.0399999999999999,0,-0.0039682539682539,0,64,64
CEAP,valence,subject,cardiovascular,gpu_mlp,20260813,1.0,audit,0.1128205128205128,1,-0.0297619047619046,0,64,64
CEAP,valence,subject,cardiovascular,gpu_mlp,20260911,0.25,audit,0.0584615384615384,1,0.0,0,64,64
CEAP,valence,subject,cardiovascular,gpu_mlp,20260911,0.5,audit,0.0584615384615384,1,-0.0178571428571427,0,64,64
CEAP,valence,subject,cardiovascular,gpu_mlp,20260911,0.75,audit,0.0784615384615384,1,0.0,0,64,64
CEAP,valence,subject,cardiovascular,gpu_mlp,20260911,1.0,audit,-0.0071794871794872,0,0.0456349206349206,1,64,64
CEAP,valence,subject,cardiovascular,gpu_mlp,20261007,0.25,audit,0.04,1,-0.0456349206349206,0,64,64
CEAP,valence,subject,cardiovascular,gpu_mlp,20261007,0.5,audit,-0.0128205128205127,0,0.0099206349206349,0,64,64
CEAP,valence,subject,cardiovascular,gpu_mlp,20261007,0.75,audit,0.0256410256410255,1,0.0595238095238095,1,64,64
CEAP,valence,subject,cardiovascular,gpu_mlp,20261007,1.0,audit,0.0328205128205127,1,-0.0079365079365079,0,64,64
CEAP,valence,subject,cardiovascular,linear_logistic,20260911,0.25,heldout,0.0,0,0.0277777777777777,1,64,64
CEAP,valence,subject,cardiovascular,linear_logistic,20260911,0.5,heldout,-0.0071794871794871,0,-0.0317460317460318,0,64,64
CEAP,valence,subject,cardiovascular,linear_logistic,20260911,0.75,heldout,0.0328205128205127,1,-0.0178571428571428,0,64,64
CEAP,valence,subject,cardiovascular,linear_logistic,20260911,1.0,heldout,0.0,0,-0.0178571428571428,0,64,64
CEAP,valence,subject,cardiovascular,linear_logistic,20260923,0.25,audit,0.0056410256410256,0,0.0,0,64,64
CEAP,valence,subject,cardiovascular,linear_logistic,20260923,0.5,audit,-0.0671794871794871,0,-0.0634920634920634,0,64,64
CEAP,valence,subject,cardiovascular,linear_logistic,20260923,0.75,audit,-0.0343589743589743,0,-0.0535714285714285,0,64,64
CEAP,valence,subject,cardiovascular,linear_logistic,20260923,1.0,audit,-0.0271794871794872,0,-0.0277777777777777,0,64,64
CEAP,valence,subject,electrodermal_thermal,gpu_mlp,20260813,0.25,audit,0.0184615384615384,0,-0.0734126984126983,0,64,64
CEAP,valence,subject,electrodermal_thermal,gpu_mlp,20260813,0.5,audit,-0.0656410256410256,0,-0.0079365079365079,0,64,64
CEAP,valence,subject,electrodermal_thermal,gpu_mlp,20260813,0.75,audit,-0.04,0,0.0277777777777779,1,64,64
CEAP,valence,subject,electrodermal_thermal,gpu_mlp,20260813,1.0,audit,0.0384615384615384,1,-0.0575396825396824,0,64,64
CEAP,valence,subject,electrodermal_thermal,gpu_mlp,20260911,0.25,audit,-0.0456410256410255,0,0.0138888888888888,0,64,64
CEAP,valence,subject,electrodermal_thermal,gpu_mlp,20260911,0.5,audit,-0.0584615384615383,0,0.0238095238095237,1,64,64
CEAP,valence,subject,electrodermal_thermal,gpu_mlp,20260911,0.75,audit,0.0,0,0.0615079365079365,1,64,64
CEAP,valence,subject,electrodermal_thermal,gpu_mlp,20260911,1.0,audit,-0.0784615384615383,0,0.0515873015873015,1,64,64
CEAP,valence,subject,electrodermal_thermal,linear_logistic,20260813,0.25,heldout,0.0071794871794872,0,-0.0218253968253967,0,64,64
CEAP,valence,subject,electrodermal_thermal,linear_logistic,20260813,0.5,heldout,-0.0256410256410255,0,-0.0079365079365079,0,64,64
CEAP,valence,subject,electrodermal_thermal,linear_logistic,20260813,0.75,heldout,0.0143589743589744,0,-0.0079365079365079,0,64,64
CEAP,valence,subject,electrodermal_thermal,linear_logistic,20260813,1.0,heldout,-0.0056410256410255,0,-0.0575396825396825,0,64,64
CEAP,valence,subject,electrodermal_thermal,linear_logistic,20260829,0.25,audit,-0.0528205128205128,0,-0.0297619047619047,0,64,64
CEAP,valence,subject,electrodermal_thermal,linear_logistic,20260829,0.5,audit,-0.0656410256410255,0,-0.0119047619047618,0,64,64
CEAP,valence,subject,electrodermal_thermal,linear_logistic,20260829,0.75,audit,-0.0728205128205128,0,-0.0297619047619047,0,64,64
CEAP,valence,subject,electrodermal_thermal,linear_logistic,20260829,1.0,audit,-0.1384615384615384,0,0.0198412698412697,0,64,64
CEAP,valence,subject,minimal_pair,gpu_mlp,20260813,0.25,audit,0.02,1,-0.0357142857142857,0,64,64
CEAP,valence,subject,minimal_pair,gpu_mlp,20260813,0.5,audit,-0.0215384615384615,0,0.0595238095238095,1,64,64
CEAP,valence,subject,minimal_pair,gpu_mlp,20260813,0.75,audit,0.0441025641025641,1,0.0376984126984127,1,64,64
CEAP,valence,subject,minimal_pair,gpu_mlp,20260813,1.0,audit,0.0328205128205127,1,0.0555555555555555,1,64,64
CEAP,valence,subject,minimal_pair,gpu_mlp,20260829,0.25,heldout,-0.0328205128205128,0,0.0317460317460317,1,64,64
CEAP,valence,subject,minimal_pair,gpu_mlp,20260829,0.5,heldout,0.0328205128205129,1,0.0694444444444444,1,64,64
CEAP,valence,subject,minimal_pair,gpu_mlp,20260829,0.75,heldout,-0.0728205128205128,0,0.0416666666666667,1,64,64
CEAP,valence,subject,minimal_pair,gpu_mlp,20260829,1.0,heldout,-0.1041025641025641,0,0.0376984126984127,1,64,64
CEAP,valence,subject,minimal_pair,gpu_mlp,20260911,0.25,audit,0.0528205128205128,1,0.0138888888888888,0,64,64
CEAP,valence,subject,minimal_pair,gpu_mlp,20260911,0.5,audit,-0.0199999999999999,0,0.0238095238095238,1,64,64
CEAP,valence,subject,minimal_pair,gpu_mlp,20260911,0.75,audit,0.02,1,-0.0357142857142857,0,64,64
CEAP,valence,subject,minimal_pair,gpu_mlp,20260911,1.0,audit,0.0,0,0.0277777777777777,1,64,64
CEAP,valence,subject,minimal_pair,linear_logistic,20260923,0.25,audit,-0.0128205128205127,0,-0.0317460317460317,0,64,64
CEAP,valence,subject,minimal_pair,linear_logistic,20260923,0.5,audit,-0.06,0,-0.0317460317460317,0,64,64
CEAP,valence,subject,minimal_pair,linear_logistic,20260923,0.75,audit,0.0128205128205127,0,-0.0079365079365079,0,64,64
CEAP,valence,subject,minimal_pair,linear_logistic,20260923,1.0,audit,0.0,0,-0.0456349206349205,0,64,64
CEAP,valence,subject,minimal_pair,linear_logistic,20261007,0.25,heldout,0.0528205128205128,1,0.0813492063492062,1,64,64
CEAP,valence,subject,minimal_pair,linear_logistic,20261007,0.5,heldout,0.04,1,0.0773809523809523,1,64,64
CEAP,valence,subject,minimal_pair,linear_logistic,20261007,0.75,heldout,0.0856410256410256,1,-0.0039682539682539,0,64,64
CEAP,valence,subject,minimal_pair,linear_logistic,20261007,1.0,heldout,0.0928205128205127,1,0.0099206349206348,0,64,64
CEAP,valence,subject,wearable_all,gpu_mlp,20260813,0.25,audit,0.0,0,0.0178571428571427,0,64,64
CEAP,valence,subject,wearable_all,gpu_mlp,20260813,0.5,audit,-0.0143589743589743,0,0.0634920634920634,1,64,64
CEAP,valence,subject,wearable_all,gpu_mlp,20260813,0.75,audit,0.0056410256410256,0,0.0416666666666666,1,64,64
CEAP,valence,subject,wearable_all,gpu_mlp,20260813,1.0,audit,0.02,1,0.0416666666666666,1,64,64
CEAP,valence,subject,wearable_all,gpu_mlp,20260829,0.25,heldout,0.0071794871794871,0,0.0079365079365079,0,64,64
CEAP,valence,subject,wearable_all,gpu_mlp,20260829,0.5,heldout,-0.04,0,0.0178571428571427,0,64,64
CEAP,valence,subject,wearable_all,gpu_mlp,20260829,0.75,heldout,0.0184615384615384,0,-0.0396825396825397,0,64,64
CEAP,valence,subject,wearable_all,gpu_mlp,20260829,1.0,heldout,-0.0312820512820513,0,0.0138888888888888,0,64,64
CEAP,valence,subject,wearable_all,gpu_mlp,20260911,0.25,audit,-0.0056410256410256,0,-0.0416666666666667,0,64,64
CEAP,valence,subject,wearable_all,gpu_mlp,20260911,0.5,audit,-0.0256410256410256,0,-0.0496031746031746,0,64,64
CEAP,valence,subject,wearable_all,gpu_mlp,20260911,0.75,audit,-0.0712820512820512,0,-0.0218253968253968,0,64,64
CEAP,valence,subject,wearable_all,gpu_mlp,20260911,1.0,audit,-0.024102564102564,0,-0.0039682539682539,0,64,64
CEAP,valence,subject,wearable_all,gpu_mlp,20260923,0.25,heldout,0.0656410256410255,1,0.0317460317460318,1,64,64
CEAP,valence,subject,wearable_all,gpu_mlp,20260923,0.5,heldout,-0.0256410256410256,0,0.0,0,64,64
CEAP,valence,subject,wearable_all,gpu_mlp,20260923,0.75,heldout,0.0599999999999999,1,-0.0039682539682539,0,64,64
CEAP,valence,subject,wearable_all,gpu_mlp,20260923,1.0,heldout,0.0528205128205128,1,0.0,0,64,64
CEAP,valence,subject,wearable_all,gpu_mlp,20261007,0.25,audit,0.0784615384615384,1,0.0079365079365079,0,64,64
CEAP,valence,subject,wearable_all,gpu_mlp,20261007,0.5,audit,0.0328205128205129,1,0.0674603174603174,1,64,64
CEAP,valence,subject,wearable_all,gpu_mlp,20261007,0.75,audit,-0.04,0,-0.0138888888888888,0,64,64
CEAP,valence,subject,wearable_all,gpu_mlp,20261007,1.0,audit,0.0312820512820511,1,0.0357142857142858,1,64,64
CEAP,valence,subject,wearable_all,linear_logistic,20260923,0.25,audit,-0.0328205128205127,0,-0.0357142857142857,0,64,64
CEAP,valence,subject,wearable_all,linear_logistic,20260923,0.5,audit,-0.02,0,-0.0119047619047619,0,64,64
CEAP,valence,subject,wearable_all,linear_logistic,20260923,0.75,audit,-0.0856410256410256,0,-0.0634920634920634,0,64,64
CEAP,valence,subject,wearable_all,linear_logistic,20260923,1.0,audit,-0.0128205128205127,0,-0.0317460317460317,0,64,64
DREAMER,arousal,subject,all,gpu_mlp,20260813,0.25,audit,0.0599579242636746,1,-0.0091911764705882,0,108,99
DREAMER,arousal,subject,all,gpu_mlp,20260813,0.5,audit,-0.0241935483870967,0,0.0226715686274509,1,108,99
DREAMER,arousal,subject,all,gpu_mlp,20260813,0.75,audit,0.1002805049088358,1,0.0196078431372548,0,108,99
DREAMER,arousal,subject,all,gpu_mlp,20260813,1.0,audit,0.0816970546984572,1,-0.0110294117647059,0,108,99
DREAMER,arousal,subject,all,gpu_mlp,20260829,0.25,heldout,-0.067671809256662,0,0.039828431372549,1,108,99
DREAMER,arousal,subject,all,gpu_mlp,20260829,0.5,heldout,-0.0326086956521739,0,0.028799019607843,1,108,99
DREAMER,arousal,subject,all,gpu_mlp,20260829,0.75,heldout,0.040673211781206,1,0.0502450980392156,1,108,99
DREAMER,arousal,subject,all,gpu_mlp,20260829,1.0,heldout,0.0298036465638148,1,0.0386029411764706,1,108,99
DREAMER,arousal,subject,all,gpu_mlp,20260911,0.25,audit,0.0922159887798036,1,0.0294117647058823,1,108,99
DREAMER,arousal,subject,all,gpu_mlp,20260911,0.5,audit,0.1058906030855539,1,0.0502450980392156,1,108,99
DREAMER,arousal,subject,all,gpu_mlp,20260911,0.75,audit,0.0813464235624123,1,0.0085784313725489,0,108,99
DREAMER,arousal,subject,all,gpu_mlp,20260911,1.0,audit,0.0680224403927069,1,0.060049019607843,1,108,99
DREAMER,arousal,subject,all,gpu_mlp,20260923,0.25,heldout,0.0543478260869564,1,0.0,0,108,99
DREAMER,arousal,subject,all,gpu_mlp,20260923,0.5,heldout,0.07328190743338,1,-0.0410539215686274,0,108,99
DREAMER,arousal,subject,all,gpu_mlp,20260923,0.75,heldout,0.0329593267882187,1,-0.0012254901960784,0,108,99
DREAMER,arousal,subject,all,gpu_mlp,20260923,1.0,heldout,0.0571528751753155,1,-0.0214460784313725,0,108,99
DREAMER,arousal,subject,all,gpu_mlp,20261007,0.25,audit,0.0592566619915848,1,0.0502450980392156,1,108,99
DREAMER,arousal,subject,all,gpu_mlp,20261007,0.5,audit,0.0838008415147265,1,0.0306372549019607,1,108,99
DREAMER,arousal,subject,all,gpu_mlp,20261007,0.75,audit,0.0350631136044881,1,0.020220588235294,1,108,99
DREAMER,arousal,subject,all,gpu_mlp,20261007,1.0,audit,0.0781907433380084,1,-0.0330882352941176,0,108,99
DREAMER,arousal,subject,all,linear_logistic,20260813,0.25,heldout,0.0273492286115006,1,0.0110294117647059,0,108,99
DREAMER,arousal,subject,all,linear_logistic,20260813,0.5,heldout,0.0140252454417952,0,0.0625,1,108,99
DREAMER,arousal,subject,all,linear_logistic,20260813,0.75,heldout,0.038218793828892,1,0.0435049019607843,1,108,99
DREAMER,arousal,subject,all,linear_logistic,20260813,1.0,heldout,0.0515427769985974,1,0.0410539215686275,1,108,99
DREAMER,arousal,subject,all,linear_logistic,20260829,0.25,audit,-0.0298036465638148,0,-0.0220588235294117,0,108,99
DREAMER,arousal,subject,all,linear_logistic,20260829,0.5,audit,0.0539971949509117,1,-0.0024509803921568,0,108,99
DREAMER,arousal,subject,all,linear_logistic,20260829,0.75,audit,-0.0266479663394109,0,-0.0520833333333333,0,108,99
DREAMER,arousal,subject,all,linear_logistic,20260829,1.0,audit,0.0568022440392707,1,-0.0018382352941176,0,108,99
DREAMER,arousal,subject,all,linear_logistic,20260911,0.25,heldout,0.07328190743338,1,0.0110294117647058,0,108,99
DREAMER,arousal,subject,all,linear_logistic,20260911,0.5,heldout,-0.0213884992987377,0,0.0024509803921567,0,108,99
DREAMER,arousal,subject,all,linear_logistic,20260911,0.75,heldout,0.0220897615708274,1,0.0306372549019606,1,108,99
DREAMER,arousal,subject,all,linear_logistic,20260911,1.0,heldout,0.0841514726507713,1,0.0625,1,108,99
DREAMER,arousal,subject,all,linear_logistic,20260923,0.25,audit,-0.0056100981767182,0,0.0012254901960784,0,108,99
DREAMER,arousal,subject,all,linear_logistic,20260923,0.5,audit,-0.0350631136044881,0,-0.008578431372549,0,108,99
DREAMER,arousal,subject,all,linear_logistic,20260923,0.75,audit,-0.0241935483870968,0,0.0698529411764706,1,108,99
DREAMER,arousal,subject,all,linear_logistic,20260923,1.0,audit,-0.0241935483870968,0,-0.0300245098039215,0,108,99
DREAMER,arousal,subject,all,linear_logistic,20261007,0.25,heldout,0.005610098176718,0,-0.0704656862745098,0,108,99
DREAMER,arousal,subject,all,linear_logistic,20261007,0.5,heldout,0.0406732117812062,1,-0.0306372549019607,0,108,99
DREAMER,arousal,subject,all,linear_logistic,20261007,0.75,heldout,0.0220897615708274,1,-0.0716911764705883,0,108,99
DREAMER,arousal,subject,all,linear_logistic,20261007,1.0,heldout,0.0434782608695651,1,-0.1029411764705883,0,108,99
DREAMER,arousal,subject,normalized_asymmetry,gpu_mlp,20260813,0.25,audit,0.038218793828892,1,-0.0281862745098039,0,108,99
DREAMER,arousal,subject,normalized_asymmetry,gpu_mlp,20260813,0.5,audit,0.0108695652173912,0,-0.0177696078431372,0,108,99
DREAMER,arousal,subject,normalized_asymmetry,gpu_mlp,20260813,0.75,audit,0.005610098176718,0,-0.0061274509803921,0,108,99
DREAMER,arousal,subject,normalized_asymmetry,gpu_mlp,20260813,1.0,audit,0.0220897615708275,1,0.0533088235294118,1,108,99
DREAMER,arousal,subject,normalized_asymmetry,gpu_mlp,20260829,0.25,heldout,0.0217391304347825,1,0.0098039215686274,0,108,99
DREAMER,arousal,subject,normalized_asymmetry,gpu_mlp,20260829,0.5,heldout,0.0406732117812062,1,-0.0410539215686274,0,108,99
DREAMER,arousal,subject,normalized_asymmetry,gpu_mlp,20260829,0.75,heldout,0.0382187938288919,1,-0.0416666666666666,0,108,99
DREAMER,arousal,subject,normalized_asymmetry,gpu_mlp,20260829,1.0,heldout,0.0571528751753155,1,0.0091911764705882,0,108,99
DREAMER,arousal,subject,normalized_asymmetry,gpu_mlp,20260911,0.25,audit,0.0624123422159887,1,0.1207107843137255,1,108,99
DREAMER,arousal,subject,normalized_asymmetry,gpu_mlp,20260911,0.5,audit,0.0599579242636746,1,0.0808823529411764,1,108,99
DREAMER,arousal,subject,normalized_asymmetry,gpu_mlp,20260911,0.75,audit,0.0543478260869565,1,0.0723039215686274,1,108,99
DREAMER,arousal,subject,normalized_asymmetry,gpu_mlp,20260911,1.0,audit,0.070476858345021,1,0.0821078431372548,1,108,99
DREAMER,arousal,subject,normalized_asymmetry,gpu_mlp,20260923,0.25,heldout,-0.0077138849929874,0,-0.0208333333333332,0,108,99
DREAMER,arousal,subject,normalized_asymmetry,gpu_mlp,20260923,0.5,heldout,0.0305049088359046,1,-0.0526960784313724,0,108,99
DREAMER,arousal,subject,normalized_asymmetry,gpu_mlp,20260923,0.75,heldout,0.005610098176718,0,-0.0710784313725489,0,108,99
DREAMER,arousal,subject,normalized_asymmetry,gpu_mlp,20260923,1.0,heldout,0.0543478260869565,1,-0.0618872549019607,0,108,99
DREAMER,arousal,subject,normalized_asymmetry,gpu_mlp,20261007,0.25,audit,0.0108695652173913,0,-0.0704656862745097,0,108,99
DREAMER,arousal,subject,normalized_asymmetry,gpu_mlp,20261007,0.5,audit,-0.0080645161290322,0,0.0085784313725489,0,108,99
DREAMER,arousal,subject,normalized_asymmetry,gpu_mlp,20261007,0.75,audit,0.0434782608695651,1,-0.0704656862745097,0,108,99
DREAMER,arousal,subject,normalized_asymmetry,gpu_mlp,20261007,1.0,audit,0.0406732117812062,1,-0.03125,0,108,99
DREAMER,arousal,subject,normalized_asymmetry,linear_logistic,20260813,0.25,heldout,0.0326086956521738,1,-0.0306372549019607,0,108,99
DREAMER,arousal,subject,normalized_asymmetry,linear_logistic,20260813,0.5,heldout,-0.0077138849929874,0,-0.0306372549019607,0,108,99
DREAMER,arousal,subject,normalized_asymmetry,linear_logistic,20260813,0.75,heldout,0.0382187938288919,1,0.0196078431372548,0,108,99
DREAMER,arousal,subject,normalized_asymmetry,linear_logistic,20260813,1.0,heldout,0.0841514726507713,1,-0.0006127450980391,0,108,99
DREAMER,arousal,subject,normalized_asymmetry,linear_logistic,20260829,0.25,audit,0.0434782608695651,1,-0.0802696078431372,0,108,99
DREAMER,arousal,subject,normalized_asymmetry,linear_logistic,20260829,0.5,audit,0.0406732117812061,1,0.0416666666666666,1,108,99
DREAMER,arousal,subject,normalized_asymmetry,linear_logistic,20260829,0.75,audit,0.0894109396914446,1,0.0104166666666666,0,108,99
DREAMER,arousal,subject,normalized_asymmetry,linear_logistic,20260829,1.0,audit,0.0596072931276297,1,-0.0514705882352941,0,108,99
DREAMER,arousal,subject,normalized_asymmetry,linear_logistic,20260911,0.25,heldout,0.0922159887798036,1,0.0,0,108,99
DREAMER,arousal,subject,normalized_asymmetry,linear_logistic,20260911,0.5,heldout,0.1111500701262272,1,-0.017156862745098,0,108,99
DREAMER,arousal,subject,normalized_asymmetry,linear_logistic,20260911,0.75,heldout,0.0462833099579242,1,-0.017156862745098,0,108,99
DREAMER,arousal,subject,normalized_asymmetry,linear_logistic,20260911,1.0,heldout,0.0466339410939691,1,0.0024509803921568,0,108,99
DREAMER,arousal,subject,normalized_asymmetry,linear_logistic,20260923,0.25,audit,0.0112201963534361,0,0.0318627450980392,1,108,99
DREAMER,arousal,subject,normalized_asymmetry,linear_logistic,20260923,0.5,audit,0.0624123422159887,1,0.0,0,108,99
DREAMER,arousal,subject,normalized_asymmetry,linear_logistic,20260923,0.75,audit,0.0301542776998597,1,0.020220588235294,1,108,99
DREAMER,arousal,subject,normalized_asymmetry,linear_logistic,20260923,1.0,audit,0.0624123422159887,1,-0.0202205882352941,0,108,99
DREAMER,arousal,subject,normalized_asymmetry,linear_logistic,20261007,0.25,heldout,-0.0375175315568022,0,-0.0091911764705883,0,108,99
DREAMER,arousal,subject,normalized_asymmetry,linear_logistic,20261007,0.5,heldout,-0.0403225806451612,0,-0.0704656862745097,0,108,99
DREAMER,arousal,subject,normalized_asymmetry,linear_logistic,20261007,0.75,heldout,-0.0021037868162692,0,-0.0802696078431372,0,108,99
DREAMER,arousal,subject,normalized_asymmetry,linear_logistic,20261007,1.0,heldout,0.0003506311360449,0,-0.0490196078431371,0,108,99
DREAMER,arousal,subject,relative_power,gpu_mlp,20260813,0.25,audit,0.0599579242636745,1,-0.0275735294117647,0,108,99
DREAMER,arousal,subject,relative_power,gpu_mlp,20260813,0.5,audit,-0.0266479663394109,0,-0.0079656862745097,0,108,99
DREAMER,arousal,subject,relative_power,gpu_mlp,20260813,0.75,audit,0.0518934081346423,1,0.0551470588235294,1,108,99
DREAMER,arousal,subject,relative_power,gpu_mlp,20260813,1.0,audit,0.0841514726507713,1,-0.0079656862745097,0,108,99
DREAMER,arousal,subject,relative_power,gpu_mlp,20260829,0.25,heldout,-0.0890603085553997,0,-0.0710784313725489,0,108,99
DREAMER,arousal,subject,relative_power,gpu_mlp,20260829,0.5,heldout,-0.02945301542777,0,-0.1004901960784313,0,108,99
DREAMER,arousal,subject,relative_power,gpu_mlp,20260829,0.75,heldout,-0.0431276297335203,0,-0.0398284313725489,0,108,99
DREAMER,arousal,subject,relative_power,gpu_mlp,20260829,1.0,heldout,0.0,0,-0.0827205882352941,0,108,99
DREAMER,arousal,subject,relative_power,gpu_mlp,20260911,0.25,audit,0.0080645161290322,0,0.0606617647058823,1,108,99
DREAMER,arousal,subject,relative_power,gpu_mlp,20260911,0.5,audit,0.0294530154277699,1,0.0079656862745098,0,108,99
DREAMER,arousal,subject,relative_power,gpu_mlp,20260911,0.75,audit,-0.0052594670406732,0,-0.0318627450980391,0,108,99
DREAMER,arousal,subject,relative_power,gpu_mlp,20260911,1.0,audit,0.0648667601683029,1,-0.0012254901960783,0,108,99
DREAMER,arousal,subject,relative_power,gpu_mlp,20260923,0.25,heldout,0.0056100981767179,0,0.0410539215686274,1,108,99
DREAMER,arousal,subject,relative_power,gpu_mlp,20260923,0.5,heldout,-0.0108695652173913,0,0.0404411764705882,1,108,99
DREAMER,arousal,subject,relative_power,gpu_mlp,20260923,0.75,heldout,-0.005610098176718,0,-0.0300245098039215,0,108,99
DREAMER,arousal,subject,relative_power,gpu_mlp,20260923,1.0,heldout,0.0189340813464236,0,0.0306372549019607,1,108,99
DREAMER,arousal,subject,relative_power,gpu_mlp,20261007,0.25,audit,0.0725806451612902,1,-0.0091911764705882,0,108,99
DREAMER,arousal,subject,relative_power,gpu_mlp,20261007,0.5,audit,0.0080645161290322,0,0.0220588235294117,1,108,99
DREAMER,arousal,subject,relative_power,gpu_mlp,20261007,0.75,audit,-0.02945301542777,0,-0.0588235294117647,0,108,99
DREAMER,arousal,subject,relative_power,gpu_mlp,20261007,1.0,audit,0.072931276297335,1,-0.0588235294117647,0,108,99
DREAMER,arousal,subject,relative_power,linear_logistic,20260813,0.25,heldout,0.0543478260869565,1,-0.0073529411764705,0,108,99
DREAMER,arousal,subject,relative_power,linear_logistic,20260813,0.5,heldout,0.0164796633941093,0,-0.0275735294117647,0,108,99
DREAMER,arousal,subject,relative_power,linear_logistic,20260813,0.75,heldout,-0.0189340813464235,0,-0.0079656862745097,0,108,99
DREAMER,arousal,subject,relative_power,linear_logistic,20260813,1.0,heldout,0.0245441795231416,1,-0.0386029411764705,0,108,99
DREAMER,arousal,subject,relative_power,linear_logistic,20260829,0.25,audit,0.0136746143057503,0,-0.0202205882352941,0,108,99
DREAMER,arousal,subject,relative_power,linear_logistic,20260829,0.5,audit,0.0269985974754558,1,0.0098039215686274,0,108,99
DREAMER,arousal,subject,relative_power,linear_logistic,20260829,0.75,audit,0.0028050490883591,0,-0.0208333333333333,0,108,99
DREAMER,arousal,subject,relative_power,linear_logistic,20260829,1.0,audit,0.0133239831697055,0,-0.0306372549019607,0,108,99
DREAMER,arousal,subject,relative_power,linear_logistic,20260911,0.25,heldout,0.0592566619915849,1,0.0502450980392156,1,108,99
DREAMER,arousal,subject,relative_power,linear_logistic,20260911,0.5,heldout,0.0403225806451613,1,-0.0006127450980392,0,108,99
DREAMER,arousal,subject,relative_power,linear_logistic,20260911,0.75,heldout,0.0189340813464236,0,-0.0306372549019607,0,108,99
DREAMER,arousal,subject,relative_power,linear_logistic,20260911,1.0,heldout,0.0592566619915849,1,-0.0214460784313725,0,108,99
DREAMER,arousal,subject,relative_power,linear_logistic,20260923,0.25,audit,-0.0189340813464236,0,0.0392156862745097,1,108,99
DREAMER,arousal,subject,relative_power,linear_logistic,20260923,0.5,audit,-0.0269985974754558,0,0.0410539215686274,1,108,99
DREAMER,arousal,subject,relative_power,linear_logistic,20260923,0.75,audit,-0.0298036465638148,0,0.0618872549019607,1,108,99
DREAMER,arousal,subject,relative_power,linear_logistic,20260923,1.0,audit,0.0217391304347825,1,0.0716911764705882,1,108,99
DREAMER,arousal,subject,relative_power,linear_logistic,20261007,0.25,heldout,0.0378681626928471,1,-0.0098039215686274,0,108,99
DREAMER,arousal,subject,relative_power,linear_logistic,20261007,0.5,heldout,0.035063113604488,1,0.0514705882352941,1,108,99
DREAMER,arousal,subject,relative_power,linear_logistic,20261007,0.75,heldout,0.0273492286115006,1,-0.0600490196078431,0,108,99
DREAMER,arousal,subject,relative_power,linear_logistic,20261007,1.0,heldout,0.0406732117812061,1,0.0006127450980391,0,108,99
DREAMER,valence,subject,all,gpu_mlp,20260813,0.25,audit,0.0086206896551724,0,-0.0115942028985507,0,108,99
DREAMER,valence,subject,all,gpu_mlp,20260813,0.5,audit,-0.0158620689655172,0,-0.0094202898550724,0,108,99
DREAMER,valence,subject,all,gpu_mlp,20260813,0.75,audit,0.0431034482758621,1,0.0239130434782608,1,108,99
DREAMER,valence,subject,all,gpu_mlp,20260813,1.0,audit,-0.0013793103448275,0,0.0217391304347825,1,108,99
DREAMER,valence,subject,all,gpu_mlp,20260829,0.25,heldout,-0.0013793103448276,0,-0.0956521739130434,0,108,99
DREAMER,valence,subject,all,gpu_mlp,20260829,0.5,heldout,-0.0227586206896552,0,-0.0927536231884057,0,108,99
DREAMER,valence,subject,all,gpu_mlp,20260829,0.75,heldout,-0.0286206896551724,0,-0.0333333333333333,0,108,99
DREAMER,valence,subject,all,gpu_mlp,20260829,1.0,heldout,-0.02,0,-0.0478260869565216,0,108,99
DREAMER,valence,subject,all,gpu_mlp,20260911,0.25,audit,0.0258620689655171,1,-0.0427536231884058,0,108,99
DREAMER,valence,subject,all,gpu_mlp,20260911,0.5,audit,-0.0286206896551723,0,-0.0478260869565216,0,108,99
DREAMER,valence,subject,all,gpu_mlp,20260911,0.75,audit,-0.0486206896551724,0,-0.0094202898550723,0,108,99
DREAMER,valence,subject,all,gpu_mlp,20260911,1.0,audit,-0.0199999999999999,0,-0.0123188405797101,0,108,99
DREAMER,valence,subject,all,gpu_mlp,20260923,0.25,heldout,0.0244827586206897,1,0.0217391304347825,1,108,99
DREAMER,valence,subject,all,gpu_mlp,20260923,0.5,heldout,-0.0472413793103447,0,-0.0282608695652174,0,108,99
DREAMER,valence,subject,all,gpu_mlp,20260923,0.75,heldout,-0.0199999999999999,0,0.0072463768115942,0,108,99
DREAMER,valence,subject,all,gpu_mlp,20260923,1.0,heldout,-0.002758620689655,0,-0.0478260869565217,0,108,99
DREAMER,valence,subject,all,gpu_mlp,20261007,0.25,audit,-0.0444827586206896,0,0.0072463768115942,0,108,99
DREAMER,valence,subject,all,gpu_mlp,20261007,0.5,audit,-0.0027586206896551,0,-0.121014492753623,0,108,99
DREAMER,valence,subject,all,gpu_mlp,20261007,0.75,audit,-0.0113793103448275,0,-0.0072463768115941,0,108,99
DREAMER,valence,subject,all,gpu_mlp,20261007,1.0,audit,0.01,0,-0.0637681159420289,0,108,99
DREAMER,valence,subject,all,linear_logistic,20260813,0.25,heldout,0.0344827586206896,1,0.0050724637681159,0,108,99
DREAMER,valence,subject,all,linear_logistic,20260813,0.5,heldout,-0.01,0,-0.067391304347826,0,108,99
DREAMER,valence,subject,all,linear_logistic,20260813,0.75,heldout,-0.0055172413793103,0,0.0043478260869565,0,108,99
DREAMER,valence,subject,all,linear_logistic,20260813,1.0,heldout,0.0058620689655172,0,-0.0550724637681159,0,108,99
DREAMER,valence,subject,all,linear_logistic,20260829,0.25,audit,-0.03,0,0.0231884057971014,1,108,99
DREAMER,valence,subject,all,linear_logistic,20260829,0.5,audit,0.0244827586206896,1,0.0159420289855072,0,108,99
DREAMER,valence,subject,all,linear_logistic,20260829,0.75,audit,0.0072413793103448,0,-0.0289855072463768,0,108,99
DREAMER,valence,subject,all,linear_logistic,20260829,1.0,audit,-0.03,0,0.0282608695652173,1,108,99
DREAMER,valence,subject,all,linear_logistic,20260911,0.25,heldout,-0.0172413793103447,0,-0.067391304347826,0,108,99
DREAMER,valence,subject,all,linear_logistic,20260911,0.5,heldout,-0.0344827586206896,0,-0.086231884057971,0,108,99
DREAMER,valence,subject,all,linear_logistic,20260911,0.75,heldout,-0.0658620689655172,0,-0.0978260869565217,0,108,99
DREAMER,valence,subject,all,linear_logistic,20260911,1.0,heldout,-0.0572413793103447,0,-0.0913043478260868,0,108,99
DREAMER,valence,subject,all,linear_logistic,20260923,0.25,audit,0.0158620689655172,0,0.136231884057971,1,108,99
DREAMER,valence,subject,all,linear_logistic,20260923,0.5,audit,-0.0127586206896552,0,0.0260869565217392,1,108,99
DREAMER,valence,subject,all,linear_logistic,20260923,0.75,audit,0.0458620689655172,1,0.0768115942028986,1,108,99
DREAMER,valence,subject,all,linear_logistic,20260923,1.0,audit,0.0503448275862068,1,0.0333333333333334,1,108,99
DREAMER,valence,subject,all,linear_logistic,20261007,0.25,heldout,-0.0172413793103448,0,0.0021739130434782,0,108,99
DREAMER,valence,subject,all,linear_logistic,20261007,0.5,heldout,0.02,1,-0.0427536231884058,0,108,99
DREAMER,valence,subject,all,linear_logistic,20261007,0.75,heldout,0.0372413793103448,1,0.0065217391304347,0,108,99
DREAMER,valence,subject,all,linear_logistic,20261007,1.0,heldout,0.0458620689655172,1,0.0094202898550723,0,108,99
DREAMER,valence,subject,normalized_asymmetry,gpu_mlp,20260813,0.25,audit,0.0172413793103447,0,0.0550724637681159,1,108,99
DREAMER,valence,subject,normalized_asymmetry,gpu_mlp,20260813,0.5,audit,-0.0213793103448275,0,0.0050724637681159,0,108,99
DREAMER,valence,subject,normalized_asymmetry,gpu_mlp,20260813,0.75,audit,-0.0786206896551724,0,0.117391304347826,1,108,99
DREAMER,valence,subject,normalized_asymmetry,gpu_mlp,20260813,1.0,audit,-0.06,0,0.0913043478260868,1,108,99
DREAMER,valence,subject,normalized_asymmetry,gpu_mlp,20260829,0.25,heldout,-0.0372413793103448,0,0.0507246376811594,1,108,99
DREAMER,valence,subject,normalized_asymmetry,gpu_mlp,20260829,0.5,heldout,-0.0386206896551724,0,0.0028985507246377,0,108,99
DREAMER,valence,subject,normalized_asymmetry,gpu_mlp,20260829,0.75,heldout,-0.0686206896551724,0,0.0166666666666667,0,108,99
DREAMER,valence,subject,normalized_asymmetry,gpu_mlp,20260829,1.0,heldout,-0.04,0,0.0268115942028985,1,108,99
DREAMER,valence,subject,normalized_asymmetry,gpu_mlp,20260911,0.25,audit,0.0,0,-0.0333333333333333,0,108,99
DREAMER,valence,subject,normalized_asymmetry,gpu_mlp,20260911,0.5,audit,-0.0186206896551724,0,-0.0384057971014493,0,108,99
DREAMER,valence,subject,normalized_asymmetry,gpu_mlp,20260911,0.75,audit,-0.01,0,-0.0333333333333333,0,108,99
DREAMER,valence,subject,normalized_asymmetry,gpu_mlp,20260911,1.0,audit,-0.0155172413793103,0,0.0021739130434782,0,108,99
DREAMER,valence,subject,normalized_asymmetry,gpu_mlp,20260923,0.25,heldout,0.0775862068965517,1,-0.0043478260869564,0,108,99
DREAMER,valence,subject,normalized_asymmetry,gpu_mlp,20260923,0.5,heldout,0.0503448275862068,1,-0.0811594202898551,0,108,99
DREAMER,valence,subject,normalized_asymmetry,gpu_mlp,20260923,0.75,heldout,0.0889655172413792,1,-0.0043478260869564,0,108,99
DREAMER,valence,subject,normalized_asymmetry,gpu_mlp,20260923,1.0,heldout,0.033103448275862,1,0.0028985507246376,0,108,99
DREAMER,valence,subject,normalized_asymmetry,gpu_mlp,20261007,0.25,audit,-0.0658620689655172,0,0.0123188405797101,0,108,99
DREAMER,valence,subject,normalized_asymmetry,gpu_mlp,20261007,0.5,audit,-0.0272413793103448,0,-0.0304347826086956,0,108,99
DREAMER,valence,subject,normalized_asymmetry,gpu_mlp,20261007,0.75,audit,-0.033103448275862,0,-0.0739130434782608,0,108,99
DREAMER,valence,subject,normalized_asymmetry,gpu_mlp,20261007,1.0,audit,-0.063103448275862,0,-0.0471014492753623,0,108,99
DREAMER,valence,subject,normalized_asymmetry,linear_logistic,20260813,0.25,heldout,0.0044827586206896,0,0.0507246376811594,1,108,99
DREAMER,valence,subject,normalized_asymmetry,linear_logistic,20260813,0.5,heldout,-0.0499999999999999,0,0.036231884057971,1,108,99
DREAMER,valence,subject,normalized_asymmetry,linear_logistic,20260813,0.75,heldout,-0.0272413793103448,0,-0.0094202898550724,0,108,99
DREAMER,valence,subject,normalized_asymmetry,linear_logistic,20260813,1.0,heldout,-0.02,0,0.0550724637681159,1,108,99
DREAMER,valence,subject,normalized_asymmetry,linear_logistic,20260829,0.25,audit,-0.0586206896551723,0,0.0072463768115941,0,108,99
DREAMER,valence,subject,normalized_asymmetry,linear_logistic,20260829,0.5,audit,-0.0386206896551724,0,0.0499999999999999,1,108,99
DREAMER,valence,subject,normalized_asymmetry,linear_logistic,20260829,0.75,audit,0.0344827586206897,1,-0.0050724637681159,0,108,99
DREAMER,valence,subject,normalized_asymmetry,linear_logistic,20260829,1.0,audit,0.0044827586206896,0,0.1007246376811594,1,108,99
DREAMER,valence,subject,normalized_asymmetry,linear_logistic,20260911,0.25,heldout,0.0,0,0.0043478260869566,0,108,99
DREAMER,valence,subject,normalized_asymmetry,linear_logistic,20260911,0.5,heldout,0.0158620689655172,0,0.0094202898550725,0,108,99
DREAMER,valence,subject,normalized_asymmetry,linear_logistic,20260911,0.75,heldout,-0.0113793103448275,0,0.031159420289855,1,108,99
DREAMER,valence,subject,normalized_asymmetry,linear_logistic,20260911,1.0,heldout,-0.0268965517241379,0,0.0166666666666667,0,108,99
DREAMER,valence,subject,normalized_asymmetry,linear_logistic,20260923,0.25,audit,0.0158620689655172,0,-0.0144927536231883,0,108,99
DREAMER,valence,subject,normalized_asymmetry,linear_logistic,20260923,0.5,audit,0.0417241379310344,1,-0.0282608695652173,0,108,99
DREAMER,valence,subject,normalized_asymmetry,linear_logistic,20260923,0.75,audit,0.063103448275862,1,-0.081159420289855,0,108,99
DREAMER,valence,subject,normalized_asymmetry,linear_logistic,20260923,1.0,audit,0.0175862068965517,0,-0.026086956521739,0,108,99
DREAMER,valence,subject,normalized_asymmetry,linear_logistic,20261007,0.25,heldout,-0.0244827586206897,0,-0.0123188405797102,0,108,99
DREAMER,valence,subject,normalized_asymmetry,linear_logistic,20261007,0.5,heldout,-0.0086206896551724,0,-0.0384057971014493,0,108,99
DREAMER,valence,subject,normalized_asymmetry,linear_logistic,20261007,0.75,heldout,-0.0258620689655172,0,-0.0478260869565217,0,108,99
DREAMER,valence,subject,normalized_asymmetry,linear_logistic,20261007,1.0,heldout,-0.0644827586206896,0,-0.031159420289855,0,108,99
DREAMER,valence,subject,relative_power,gpu_mlp,20260813,0.25,audit,-0.0013793103448275,0,0.0333333333333333,1,108,99
DREAMER,valence,subject,relative_power,gpu_mlp,20260813,0.5,audit,-0.0013793103448275,0,-0.0152173913043478,0,108,99
DREAMER,valence,subject,relative_power,gpu_mlp,20260813,0.75,audit,-0.0486206896551724,0,-0.0144927536231884,0,108,99
DREAMER,valence,subject,relative_power,gpu_mlp,20260813,1.0,audit,-0.0027586206896552,0,0.0021739130434782,0,108,99
DREAMER,valence,subject,relative_power,gpu_mlp,20260829,0.25,heldout,0.0186206896551724,0,-0.031159420289855,0,108,99
DREAMER,valence,subject,relative_power,gpu_mlp,20260829,0.5,heldout,-0.0041379310344827,0,-0.0572463768115941,0,108,99
DREAMER,valence,subject,relative_power,gpu_mlp,20260829,0.75,heldout,0.0086206896551724,0,0.0217391304347825,1,108,99
DREAMER,valence,subject,relative_power,gpu_mlp,20260829,1.0,heldout,-0.0372413793103447,0,-0.0217391304347825,0,108,99
DREAMER,valence,subject,relative_power,gpu_mlp,20260911,0.25,audit,0.0644827586206895,1,-0.0384057971014492,0,108,99
DREAMER,valence,subject,relative_power,gpu_mlp,20260911,0.5,audit,0.0472413793103448,1,0.0210144927536232,1,108,99
DREAMER,valence,subject,relative_power,gpu_mlp,20260911,0.75,audit,0.01,0,0.0166666666666667,0,108,99
DREAMER,valence,subject,relative_power,gpu_mlp,20260911,1.0,audit,0.0358620689655173,1,-0.0079710144927535,0,108,99
DREAMER,valence,subject,relative_power,gpu_mlp,20260923,0.25,heldout,-0.0144827586206896,0,-0.0260869565217392,0,108,99
DREAMER,valence,subject,relative_power,gpu_mlp,20260923,0.5,heldout,0.0168965517241379,0,-0.0355072463768115,0,108,99
DREAMER,valence,subject,relative_power,gpu_mlp,20260923,0.75,heldout,0.0441379310344827,1,0.036231884057971,1,108,99
DREAMER,valence,subject,relative_power,gpu_mlp,20260923,1.0,heldout,-0.0158620689655172,0,-0.05,0,108,99
DREAMER,valence,subject,relative_power,gpu_mlp,20261007,0.25,audit,0.0258620689655172,1,0.0188405797101449,0,108,99
DREAMER,valence,subject,relative_power,gpu_mlp,20261007,0.5,audit,-0.0299999999999999,0,-0.0739130434782608,0,108,99
DREAMER,valence,subject,relative_power,gpu_mlp,20261007,0.75,audit,-0.0617241379310344,0,-0.0144927536231884,0,108,99
DREAMER,valence,subject,relative_power,gpu_mlp,20261007,1.0,audit,-0.0399999999999999,0,-0.0304347826086957,0,108,99
DREAMER,valence,subject,relative_power,linear_logistic,20260813,0.25,heldout,0.0444827586206896,1,0.0913043478260869,1,108,99
DREAMER,valence,subject,relative_power,linear_logistic,20260813,0.5,heldout,0.0358620689655172,1,0.05,1,108,99
DREAMER,valence,subject,relative_power,linear_logistic,20260813,0.75,heldout,0.0544827586206896,1,0.086231884057971,1,108,99
DREAMER,valence,subject,relative_power,linear_logistic,20260813,1.0,heldout,0.0444827586206896,1,0.0956521739130434,1,108,99
DREAMER,valence,subject,relative_power,linear_logistic,20260829,0.25,audit,-0.0258620689655171,0,0.0239130434782609,1,108,99
DREAMER,valence,subject,relative_power,linear_logistic,20260829,0.5,audit,0.0186206896551724,0,0.0144927536231884,0,108,99
DREAMER,valence,subject,relative_power,linear_logistic,20260829,0.75,audit,0.0286206896551725,1,0.0239130434782609,1,108,99
DREAMER,valence,subject,relative_power,linear_logistic,20260829,1.0,audit,0.0186206896551724,0,0.0884057971014493,1,108,99
DREAMER,valence,subject,relative_power,linear_logistic,20260911,0.25,heldout,0.0458620689655173,1,-0.0695652173913043,0,108,99
DREAMER,valence,subject,relative_power,linear_logistic,20260911,0.5,heldout,0.0427586206896552,1,-0.0333333333333333,0,108,99
DREAMER,valence,subject,relative_power,linear_logistic,20260911,0.75,heldout,-0.0172413793103448,0,-0.0695652173913043,0,108,99
DREAMER,valence,subject,relative_power,linear_logistic,20260911,1.0,heldout,0.0486206896551723,1,0.0043478260869565,0,108,99
DREAMER,valence,subject,relative_power,linear_logistic,20260923,0.25,audit,0.0372413793103448,1,-0.0166666666666666,0,108,99
DREAMER,valence,subject,relative_power,linear_logistic,20260923,0.5,audit,-0.0258620689655172,0,0.081159420289855,1,108,99
DREAMER,valence,subject,relative_power,linear_logistic,20260923,0.75,audit,-0.023103448275862,0,0.031159420289855,1,108,99
DREAMER,valence,subject,relative_power,linear_logistic,20260923,1.0,audit,0.0272413793103448,1,0.0,0,108,99
DREAMER,valence,subject,relative_power,linear_logistic,20261007,0.25,heldout,-0.0758620689655172,0,0.0427536231884057,1,108,99
DREAMER,valence,subject,relative_power,linear_logistic,20261007,0.5,heldout,-0.0744827586206896,0,-0.0811594202898551,0,108,99
DREAMER,valence,subject,relative_power,linear_logistic,20261007,0.75,heldout,-0.063103448275862,0,-0.0644927536231884,0,108,99
DREAMER,valence,subject,relative_power,linear_logistic,20261007,1.0,heldout,-0.0844827586206896,0,-0.0666666666666666,0,108,99
EPPVR,arousal,subject,all,gpu_mlp,20260813,0.25,audit,-0.0194805194805194,0,0.0123966942148759,0,210,210
EPPVR,arousal,subject,all,gpu_mlp,20260813,0.5,audit,-0.0334928229665071,0,0.0142074473024421,0,210,210
EPPVR,arousal,subject,all,gpu_mlp,20260813,0.75,audit,-0.0047846889952152,0,0.0032964992106973,0,210,210
EPPVR,arousal,subject,all,gpu_mlp,20260813,1.0,audit,-0.0334928229665071,0,0.0517225369115051,1,210,210
EPPVR,arousal,subject,all,linear_logistic,20260813,0.25,heldout,-0.0157211209842789,0,0.0097502089330485,0,210,210
EPPVR,arousal,subject,all,linear_logistic,20260813,0.5,heldout,-0.0092276144907724,0,0.0292506267991456,1,210,210
EPPVR,arousal,subject,all,linear_logistic,20260813,0.75,heldout,0.0030758714969241,0,0.0085894697743523,0,210,210
EPPVR,arousal,subject,all,linear_logistic,20260813,1.0,heldout,0.0075187969924811,0,0.0195004178660971,0,210,210
EPPVR,valence,subject,all,gpu_mlp,20260813,0.25,audit,-0.0006835269993165,0,-0.0197155785391079,0,210,210
EPPVR,valence,subject,all,gpu_mlp,20260813,0.5,audit,0.0187969924812029,0,-0.0119586296056884,0,210,210
EPPVR,valence,subject,all,gpu_mlp,20260813,0.75,audit,0.0003417634996581,0,0.0180995475113122,0,210,210
EPPVR,valence,subject,all,gpu_mlp,20260813,1.0,audit,-0.0136705399863295,0,-0.0003232062055591,0,210,210
EPPVR,valence,subject,all,linear_logistic,20260813,0.25,heldout,0.0075187969924812,0,0.0122818358112475,0,210,210
EPPVR,valence,subject,all,linear_logistic,20260813,0.5,heldout,0.0010252904989747,0,-0.0084033613445378,0,210,210
EPPVR,valence,subject,all,linear_logistic,20260813,0.75,heldout,-0.0334928229665071,0,0.0106658047834518,0,210,210
EPPVR,valence,subject,all,linear_logistic,20260813,1.0,heldout,-0.01742993848257,0,-0.000323206205559,0,210,210
EPPVR,arousal,subject,baseline_delta,gpu_mlp,20260813,0.25,audit,-0.0129870129870129,0,0.012721701179311,0,210,210
EPPVR,arousal,subject,baseline_delta,gpu_mlp,20260813,0.5,audit,0.0129870129870129,0,0.0227969170767945,1,210,210
EPPVR,arousal,subject,baseline_delta,gpu_mlp,20260813,0.75,audit,0.0663021189336978,1,0.0310613798867118,1,210,210
EPPVR,arousal,subject,baseline_delta,gpu_mlp,20260813,1.0,audit,0.0252904989747094,1,0.0490760516296778,1,210,210
EPPVR,arousal,subject,baseline_delta,linear_logistic,20260813,0.25,heldout,0.0140123034859876,0,0.0318971120809731,1,210,210
EPPVR,arousal,subject,baseline_delta,linear_logistic,20260813,0.5,heldout,0.0037593984962405,0,0.0277648806760144,1,210,210
EPPVR,arousal,subject,baseline_delta,linear_logistic,20260813,0.75,heldout,-0.0184552289815447,0,0.0348686043272356,1,210,210
EPPVR,arousal,subject,baseline_delta,linear_logistic,20260813,1.0,heldout,0.0150375939849624,0,0.0431330671371529,1,210,210
EPPVR,valence,subject,baseline_delta,gpu_mlp,20260813,0.25,audit,-0.0119617224880382,0,0.0067873303167421,0,210,210
EPPVR,valence,subject,baseline_delta,gpu_mlp,20260813,0.5,audit,0.0041011619958988,0,0.0319974143503555,1,210,210
EPPVR,valence,subject,baseline_delta,gpu_mlp,20260813,0.75,audit,0.00580997949419,0,0.0122818358112476,0,210,210
EPPVR,valence,subject,baseline_delta,gpu_mlp,20260813,1.0,audit,0.0321257689678742,1,0.0161603102779573,0,210,210
EPPVR,valence,subject,baseline_delta,linear_logistic,20260813,0.25,heldout,0.0290498974709501,1,0.0164835164835164,0,210,210
EPPVR,valence,subject,baseline_delta,linear_logistic,20260813,0.5,heldout,0.0225563909774436,1,0.0003232062055592,0,210,210
EPPVR,valence,subject,baseline_delta,linear_logistic,20260813,0.75,heldout,0.024606971975393,1,0.0361990950226244,1,210,210
EPPVR,valence,subject,baseline_delta,linear_logistic,20260813,1.0,heldout,0.01161995898838,0,0.0184227537168713,0,210,210
EPPVR,arousal,subject,normalized_asymmetry,gpu_mlp,20260813,0.25,audit,-0.0085440874914559,0,0.0292506267991456,1,210,210
EPPVR,arousal,subject,normalized_asymmetry,gpu_mlp,20260813,0.5,audit,-0.0160628844839371,0,0.0123966942148759,0,210,210
EPPVR,arousal,subject,normalized_asymmetry,gpu_mlp,20260813,0.75,audit,-0.0027341079972658,0,0.0266041415173181,1,210,210
EPPVR,arousal,subject,normalized_asymmetry,gpu_mlp,20260813,1.0,audit,0.0092276144907724,0,0.0461045593834152,1,210,210
EPPVR,arousal,subject,normalized_asymmetry,linear_logistic,20260813,0.25,heldout,0.0075187969924812,0,0.0221469031479246,1,210,210
EPPVR,arousal,subject,normalized_asymmetry,linear_logistic,20260813,0.5,heldout,0.0157211209842788,0,0.0236326492710559,1,210,210
EPPVR,arousal,subject,normalized_asymmetry,linear_logistic,20260813,0.75,heldout,-0.0027341079972659,0,0.0112359550561798,0,210,210
EPPVR,arousal,subject,normalized_asymmetry,linear_logistic,20260813,1.0,heldout,0.0167464114832535,0,0.0153681864611384,0,210,210
EPPVR,valence,subject,normalized_asymmetry,gpu_mlp,20260813,0.25,audit,-0.0324675324675324,0,0.0223012281835811,1,210,210
EPPVR,valence,subject,normalized_asymmetry,gpu_mlp,20260813,0.5,audit,-0.0205058099794941,0,0.0268261150614091,1,210,210
EPPVR,valence,subject,normalized_asymmetry,gpu_mlp,20260813,0.75,audit,-0.0119617224880382,0,0.0113122171945701,0,210,210
EPPVR,valence,subject,normalized_asymmetry,gpu_mlp,20260813,1.0,audit,-0.0604921394395078,0,0.0274725274725274,1,210,210
EPPVR,valence,subject,normalized_asymmetry,linear_logistic,20260813,0.25,heldout,0.0177717019822283,0,-0.0210084033613445,0,210,210
EPPVR,valence,subject,normalized_asymmetry,linear_logistic,20260813,0.5,heldout,0.0064935064935065,0,0.0029088558500323,0,210,210
EPPVR,valence,subject,normalized_asymmetry,linear_logistic,20260813,0.75,heldout,0.0085440874914559,0,-0.0180995475113121,0,210,210
EPPVR,valence,subject,normalized_asymmetry,linear_logistic,20260813,1.0,heldout,0.0150375939849624,0,-0.0319974143503555,0,210,210
EPPVR,arousal,subject,relative_power,gpu_mlp,20260813,0.25,audit,0.0177717019822282,0,0.0011607391586963,0,210,210
EPPVR,arousal,subject,relative_power,gpu_mlp,20260813,0.5,audit,0.0177717019822282,0,-0.0097502089330485,0,210,210
EPPVR,arousal,subject,relative_power,gpu_mlp,20260813,0.75,audit,-0.0194805194805194,0,-0.0251183953941869,0,210,210
EPPVR,arousal,subject,relative_power,gpu_mlp,20260813,1.0,audit,0.0399863294600136,1,0.0044572383693936,0,210,210
EPPVR,arousal,subject,relative_power,linear_logistic,20260813,0.25,heldout,0.0037593984962406,0,0.0307363729222769,1,210,210
EPPVR,arousal,subject,relative_power,linear_logistic,20260813,0.5,heldout,0.0,0,0.0363543504503668,1,210,210
EPPVR,arousal,subject,relative_power,linear_logistic,20260813,0.75,heldout,-0.0146958304853042,0,-0.0052929705636549,0,210,210
EPPVR,arousal,subject,relative_power,linear_logistic,20260813,1.0,heldout,0.0129870129870129,0,0.0543690221933327,1,210,210
EPPVR,valence,subject,relative_power,gpu_mlp,20260813,0.25,audit,0.0170881749829118,0,0.0258564964447317,1,210,210
EPPVR,valence,subject,relative_power,gpu_mlp,20260813,0.5,audit,0.0112781954887217,0,0.0542986425339366,1,210,210
EPPVR,valence,subject,relative_power,gpu_mlp,20260813,0.75,audit,-0.0164046479835953,0,0.0429864253393665,1,210,210
EPPVR,valence,subject,relative_power,gpu_mlp,20260813,1.0,audit,-0.0023923444976076,0,0.0274725274725274,1,210,210
EPPVR,valence,subject,relative_power,linear_logistic,20260813,0.25,heldout,-0.0334928229665071,0,0.0274725274725273,1,210,210
EPPVR,valence,subject,relative_power,linear_logistic,20260813,0.5,heldout,-0.0307587149692413,0,0.0319974143503554,1,210,210
EPPVR,valence,subject,relative_power,linear_logistic,20260813,0.75,heldout,-0.02323991797676,0,0.0307045895281189,1,210,210
EPPVR,valence,subject,relative_power,linear_logistic,20260813,1.0,heldout,-0.0287081339712919,0,0.0384615384615384,1,210,210
EPPVR,arousal,subject,all,gpu_mlp,20260829,0.25,heldout,0.0290498974709501,1,0.019825424830532,0,210,210
EPPVR,arousal,subject,all,gpu_mlp,20260829,0.5,heldout,-0.0034176349965823,0,0.0195004178660971,0,210,210
EPPVR,arousal,subject,all,gpu_mlp,20260829,0.75,heldout,0.0095693779904306,0,0.0153681864611384,0,210,210
EPPVR,arousal,subject,all,gpu_mlp,20260829,1.0,heldout,0.0051264524948735,0,0.0532082830346364,1,210,210
EPPVR,arousal,subject,all,linear_logistic,20260829,0.25,audit,0.0092276144907723,0,0.0195004178660971,0,210,210
EPPVR,arousal,subject,all,linear_logistic,20260829,0.5,audit,-0.0252904989747094,0,0.0011607391586961,0,210,210
EPPVR,arousal,subject,all,linear_logistic,20260829,0.75,audit,0.0054682159945318,0,0.0274398737115795,1,210,210
EPPVR,arousal,subject,all,linear_logistic,20260829,1.0,audit,-0.0082023239917976,0,0.0191754109016621,0,210,210
EPPVR,valence,subject,all,gpu_mlp,20260829,0.25,heldout,0.0064935064935064,0,-0.002262443438914,0,210,210
EPPVR,valence,subject,all,gpu_mlp,20260829,0.5,heldout,-0.0054682159945318,0,-0.0174531351001938,0,210,210
EPPVR,valence,subject,all,gpu_mlp,20260829,0.75,heldout,0.0170881749829118,0,-0.0158371040723981,0,210,210
EPPVR,valence,subject,all,gpu_mlp,20260829,1.0,heldout,-0.0119617224880382,0,-0.0342598577892694,0,210,210
EPPVR,valence,subject,all,linear_logistic,20260829,0.25,audit,-0.0557074504442924,0,-0.0151906916612798,0,210,210
EPPVR,valence,subject,all,linear_logistic,20260829,0.5,audit,-0.0352016404647982,0,-0.0009696186166774,0,210,210
EPPVR,valence,subject,all,linear_logistic,20260829,0.75,audit,-0.0399863294600136,0,-0.0009696186166774,0,210,210
EPPVR,valence,subject,all,linear_logistic,20260829,1.0,audit,-0.0772385509227613,0,-0.0054945054945054,0,210,210
EPPVR,arousal,subject,baseline_delta,gpu_mlp,20260829,0.25,heldout,-0.0010252904989747,0,0.0487510446652428,1,210,210
EPPVR,arousal,subject,baseline_delta,gpu_mlp,20260829,0.5,heldout,-0.02323991797676,0,0.0393258426966292,1,210,210
EPPVR,arousal,subject,baseline_delta,gpu_mlp,20260829,0.75,heldout,-0.0280246069719753,0,0.0416473210140218,1,210,210
EPPVR,arousal,subject,baseline_delta,gpu_mlp,20260829,1.0,heldout,-0.010252904989747,0,0.0708979478131673,1,210,210
EPPVR,arousal,subject,baseline_delta,linear_logistic,20260829,0.25,audit,-0.0140123034859876,0,-0.0112359550561796,0,210,210
EPPVR,arousal,subject,baseline_delta,linear_logistic,20260829,0.5,audit,0.0047846889952153,0,0.0251183953941871,1,210,210
EPPVR,arousal,subject,baseline_delta,linear_logistic,20260829,0.75,audit,0.0242652084757347,1,0.0142074473024422,0,210,210
EPPVR,arousal,subject,baseline_delta,linear_logistic,20260829,1.0,audit,0.0300751879699248,1,0.043133067137153,1,210,210
EPPVR,valence,subject,baseline_delta,gpu_mlp,20260829,0.25,heldout,-0.0215311004784689,0,0.0281189398836457,1,210,210
EPPVR,valence,subject,baseline_delta,gpu_mlp,20260829,0.5,heldout,-0.0485304169514696,0,0.0404007756948933,1,210,210
EPPVR,valence,subject,baseline_delta,gpu_mlp,20260829,0.75,heldout,-0.0184552289815448,0,0.0126050420168067,0,210,210
EPPVR,valence,subject,baseline_delta,gpu_mlp,20260829,1.0,heldout,-0.042036910457963,0,0.0530058177117001,1,210,210
EPPVR,valence,subject,baseline_delta,linear_logistic,20260829,0.25,audit,-0.0054682159945318,0,-0.0071105365223012,0,210,210
EPPVR,valence,subject,baseline_delta,linear_logistic,20260829,0.5,audit,-0.0399863294600136,0,0.0093729799612153,0,210,210
EPPVR,valence,subject,baseline_delta,linear_logistic,20260829,0.75,audit,-0.0406698564593301,0,0.0096961861667744,0,210,210
EPPVR,valence,subject,baseline_delta,linear_logistic,20260829,1.0,audit,-0.0129870129870129,0,-0.0378151260504201,0,210,210
EPPVR,arousal,subject,normalized_asymmetry,gpu_mlp,20260829,0.25,heldout,-0.0123034859876964,0,-0.0041322314049586,0,210,210
EPPVR,arousal,subject,normalized_asymmetry,gpu_mlp,20260829,0.5,heldout,-0.010252904989747,0,-0.0044572383693937,0,210,210
EPPVR,arousal,subject,normalized_asymmetry,gpu_mlp,20260829,0.75,heldout,0.0242652084757348,1,0.0041322314049586,0,210,210
EPPVR,arousal,subject,normalized_asymmetry,gpu_mlp,20260829,1.0,heldout,0.0027341079972659,0,-0.006778716686786,0,210,210
EPPVR,arousal,subject,normalized_asymmetry,linear_logistic,20260829,0.25,audit,0.0010252904989747,0,0.0195004178660971,0,210,210
EPPVR,arousal,subject,normalized_asymmetry,linear_logistic,20260829,0.5,audit,-0.0064935064935064,0,0.0082644628099173,0,210,210
EPPVR,arousal,subject,normalized_asymmetry,linear_logistic,20260829,0.75,audit,0.0129870129870129,0,0.0195004178660971,0,210,210
EPPVR,arousal,subject,normalized_asymmetry,linear_logistic,20260829,1.0,audit,-0.0146958304853041,0,0.0165289256198346,0,210,210
EPPVR,valence,subject,normalized_asymmetry,gpu_mlp,20260829,0.25,heldout,-0.0095693779904306,0,0.0578539107950872,1,210,210
EPPVR,valence,subject,normalized_asymmetry,gpu_mlp,20260829,0.5,heldout,-0.0522898154477102,0,0.037491919844861,1,210,210
EPPVR,valence,subject,normalized_asymmetry,gpu_mlp,20260829,0.75,heldout,-0.0307587149692413,0,0.0478345184227536,1,210,210
EPPVR,valence,subject,normalized_asymmetry,gpu_mlp,20260829,1.0,heldout,-0.0211893369788107,0,0.0332902391725921,1,210,210
EPPVR,valence,subject,normalized_asymmetry,linear_logistic,20260829,0.25,audit,0.0157211209842788,0,0.0248868778280543,1,210,210
EPPVR,valence,subject,normalized_asymmetry,linear_logistic,20260829,0.5,audit,0.031784005468216,1,0.0323206205559146,1,210,210
EPPVR,valence,subject,normalized_asymmetry,linear_logistic,20260829,0.75,audit,-0.0037593984962406,0,0.0226244343891401,1,210,210
EPPVR,valence,subject,normalized_asymmetry,linear_logistic,20260829,1.0,audit,0.0020505809979494,0,-0.0439560439560439,0,210,210
EPPVR,arousal,subject,relative_power,gpu_mlp,20260829,0.25,heldout,0.0249487354750512,1,-0.0067787166867862,0,210,210
EPPVR,arousal,subject,relative_power,gpu_mlp,20260829,0.5,heldout,0.0539986329460013,1,0.0,0,210,210
EPPVR,arousal,subject,relative_power,gpu_mlp,20260829,0.75,heldout,0.0365686944634312,1,0.0011607391586962,0,210,210
EPPVR,arousal,subject,relative_power,gpu_mlp,20260829,1.0,heldout,-0.0006835269993165,0,0.0052929705636549,0,210,210
EPPVR,arousal,subject,relative_power,linear_logistic,20260829,0.25,audit,0.0194805194805195,0,-0.0186646856718358,0,210,210
EPPVR,arousal,subject,relative_power,linear_logistic,20260829,0.5,audit,-0.02323991797676,0,0.0014857461231311,0,210,210
EPPVR,arousal,subject,relative_power,linear_logistic,20260829,0.75,audit,-0.0297334244702666,0,-0.0029714922462624,0,210,210
EPPVR,arousal,subject,relative_power,linear_logistic,20260829,1.0,audit,-0.0464798359535201,0,0.0,0,210,210
EPPVR,valence,subject,relative_power,gpu_mlp,20260829,0.25,heldout,-0.0010252904989747,0,0.021978021978022,1,210,210
EPPVR,valence,subject,relative_power,gpu_mlp,20260829,0.5,heldout,0.02323991797676,1,0.0096961861667744,0,210,210
EPPVR,valence,subject,relative_power,gpu_mlp,20260829,0.75,heldout,-0.0010252904989747,0,0.030704589528119,1,210,210
EPPVR,valence,subject,relative_power,gpu_mlp,20260829,1.0,heldout,0.0297334244702666,1,0.0096961861667744,0,210,210
EPPVR,valence,subject,relative_power,linear_logistic,20260829,0.25,audit,-0.0146958304853042,0,-0.006787330316742,0,210,210
EPPVR,valence,subject,relative_power,linear_logistic,20260829,0.5,audit,0.0123034859876964,0,0.0012928248222365,0,210,210
EPPVR,valence,subject,relative_power,linear_logistic,20260829,0.75,audit,0.0037593984962405,0,0.0003232062055591,0,210,210
EPPVR,valence,subject,relative_power,linear_logistic,20260829,1.0,audit,-0.0054682159945317,0,0.0180995475113121,0,210,210
EPPVR,arousal,subject,all,gpu_mlp,20260911,0.25,audit,-0.010252904989747,0,0.0059429844925248,0,210,210
EPPVR,arousal,subject,all,gpu_mlp,20260911,0.5,audit,0.0140123034859876,0,0.020150431794967,1,210,210
EPPVR,arousal,subject,all,gpu_mlp,20260911,0.75,audit,-0.0112781954887217,0,0.0227969170767945,1,210,210
EPPVR,arousal,subject,all,gpu_mlp,20260911,1.0,audit,-0.0259740259740259,0,0.0160182003900083,0,210,210
EPPVR,arousal,subject,all,linear_logistic,20260911,0.25,heldout,-0.0205058099794942,0,-0.0221469031479245,0,210,210
EPPVR,arousal,subject,all,linear_logistic,20260911,0.5,heldout,-0.0249487354750512,0,-0.006778716686786,0,210,210
EPPVR,arousal,subject,all,linear_logistic,20260911,0.75,heldout,-0.0232399179767601,0,0.0,0,210,210
EPPVR,arousal,subject,all,linear_logistic,20260911,1.0,heldout,-0.0399863294600136,0,-0.0011607391586961,0,210,210
EPPVR,valence,subject,all,gpu_mlp,20260911,0.25,audit,-0.0064935064935064,0,0.0161603102779572,0,210,210
EPPVR,valence,subject,all,gpu_mlp,20260911,0.5,audit,0.0064935064935064,0,-0.0003232062055591,0,210,210
EPPVR,valence,subject,all,gpu_mlp,20260911,0.75,audit,-0.0082023239917976,0,-0.0213316095669037,0,210,210
EPPVR,valence,subject,all,gpu_mlp,20260911,1.0,audit,0.0010252904989747,0,-0.039754363283775,0,210,210
EPPVR,valence,subject,all,linear_logistic,20260911,0.25,heldout,0.0054682159945318,0,-0.0342598577892695,0,210,210
EPPVR,valence,subject,all,linear_logistic,20260911,0.5,heldout,-0.0047846889952152,0,-0.0384615384615384,0,210,210
EPPVR,valence,subject,all,linear_logistic,20260911,0.75,heldout,0.0082023239917976,0,-0.0223012281835811,0,210,210
EPPVR,valence,subject,all,linear_logistic,20260911,1.0,heldout,-0.0297334244702665,0,-0.0151906916612799,0,210,210
EPPVR,arousal,subject,baseline_delta,gpu_mlp,20260911,0.25,audit,-0.0389610389610389,0,0.0475903055065465,1,210,210
EPPVR,arousal,subject,baseline_delta,gpu_mlp,20260911,0.5,audit,0.0010252904989747,0,0.0171789395487046,0,210,210
EPPVR,arousal,subject,baseline_delta,gpu_mlp,20260911,0.75,audit,-0.0403280929596718,0,0.0310613798867118,1,210,210
EPPVR,arousal,subject,baseline_delta,gpu_mlp,20260911,1.0,audit,-0.0481886534518113,0,0.0059429844925248,0,210,210
EPPVR,arousal,subject,baseline_delta,linear_logistic,20260911,0.25,heldout,0.0252904989747094,1,0.0195004178660971,0,210,210
EPPVR,arousal,subject,baseline_delta,linear_logistic,20260911,0.5,heldout,0.0034176349965823,0,0.0138824403380072,0,210,210
EPPVR,arousal,subject,baseline_delta,linear_logistic,20260911,0.75,heldout,0.0502392344497606,1,-0.0082644628099173,0,210,210
EPPVR,arousal,subject,baseline_delta,linear_logistic,20260911,1.0,heldout,0.0184552289815447,0,-0.0097502089330485,0,210,210
EPPVR,valence,subject,baseline_delta,gpu_mlp,20260911,0.25,audit,0.0157211209842789,0,-0.0168067226890756,0,210,210
EPPVR,valence,subject,baseline_delta,gpu_mlp,20260911,0.5,audit,-0.02323991797676,0,0.0126050420168066,0,210,210
EPPVR,valence,subject,baseline_delta,gpu_mlp,20260911,0.75,audit,-0.0082023239917976,0,-0.0096961861667744,0,210,210
EPPVR,valence,subject,baseline_delta,gpu_mlp,20260911,1.0,audit,-0.0222146274777853,0,0.0248868778280542,1,210,210
EPPVR,valence,subject,baseline_delta,linear_logistic,20260911,0.25,heldout,0.0140123034859876,0,-0.0223012281835811,0,210,210
EPPVR,valence,subject,baseline_delta,linear_logistic,20260911,0.5,heldout,0.0311004784688995,1,-0.0042016806722688,0,210,210
EPPVR,valence,subject,baseline_delta,linear_logistic,20260911,0.75,heldout,-0.0027341079972658,0,0.0132514544279249,0,210,210
EPPVR,valence,subject,baseline_delta,linear_logistic,20260911,1.0,heldout,-0.0249487354750512,0,0.0232708468002585,1,210,210
EPPVR,arousal,subject,normalized_asymmetry,gpu_mlp,20260911,0.25,audit,-0.031784005468216,0,-0.0044572383693936,0,210,210
EPPVR,arousal,subject,normalized_asymmetry,gpu_mlp,20260911,0.5,audit,-0.0222146274777854,0,-0.0138824403380072,0,210,210
EPPVR,arousal,subject,normalized_asymmetry,gpu_mlp,20260911,0.75,audit,-0.0512645249487355,0,-0.0026464852818275,0,210,210
EPPVR,arousal,subject,normalized_asymmetry,gpu_mlp,20260911,1.0,audit,0.0068352699931646,0,0.0,0,210,210
EPPVR,arousal,subject,normalized_asymmetry,linear_logistic,20260911,0.25,heldout,-0.0027341079972659,0,-0.0236326492710557,0,210,210
EPPVR,arousal,subject,normalized_asymmetry,linear_logistic,20260911,0.5,heldout,0.0085440874914559,0,-0.0123966942148759,0,210,210
EPPVR,arousal,subject,normalized_asymmetry,linear_logistic,20260911,0.75,heldout,-0.0082023239917976,0,-0.0525582691057665,0,210,210
EPPVR,arousal,subject,normalized_asymmetry,linear_logistic,20260911,1.0,heldout,-0.0157211209842789,0,-0.018014671742966,0,210,210
EPPVR,valence,subject,normalized_asymmetry,gpu_mlp,20260911,0.25,audit,-0.0041011619958988,0,-0.0404007756948933,0,210,210
EPPVR,valence,subject,normalized_asymmetry,gpu_mlp,20260911,0.5,audit,0.0314422419685577,1,-0.0096961861667743,0,210,210
EPPVR,valence,subject,normalized_asymmetry,gpu_mlp,20260911,0.75,audit,-0.0051264524948735,0,-0.0158371040723981,0,210,210
EPPVR,valence,subject,normalized_asymmetry,gpu_mlp,20260911,1.0,audit,-0.0054682159945317,0,-0.0142210730446024,0,210,210
EPPVR,valence,subject,normalized_asymmetry,linear_logistic,20260911,0.25,heldout,-0.0017088174982911,0,-0.0113122171945701,0,210,210
EPPVR,valence,subject,normalized_asymmetry,linear_logistic,20260911,0.5,heldout,0.0020505809979494,0,0.0,0,210,210
EPPVR,valence,subject,normalized_asymmetry,linear_logistic,20260911,0.75,heldout,-0.0140123034859876,0,0.0274725274725273,1,210,210
EPPVR,valence,subject,normalized_asymmetry,linear_logistic,20260911,1.0,heldout,0.0396445659603554,1,0.0006464124111182,0,210,210
EPPVR,arousal,subject,relative_power,gpu_mlp,20260911,0.25,audit,0.0133287764866712,0,-0.0239576562354907,0,210,210
EPPVR,arousal,subject,relative_power,gpu_mlp,20260911,0.5,audit,0.0290498974709501,1,0.0168539325842697,0,210,210
EPPVR,arousal,subject,relative_power,gpu_mlp,20260911,0.75,audit,0.0198222829801777,0,0.0150431794967035,0,210,210
EPPVR,arousal,subject,relative_power,gpu_mlp,20260911,1.0,audit,0.0078605604921395,0,-0.0209861639892283,0,210,210
EPPVR,arousal,subject,relative_power,linear_logistic,20260911,0.25,heldout,-0.0085440874914559,0,-0.0236326492710558,0,210,210
EPPVR,arousal,subject,relative_power,linear_logistic,20260911,0.5,heldout,0.0037593984962406,0,0.0014857461231312,0,210,210
EPPVR,arousal,subject,relative_power,linear_logistic,20260911,0.75,heldout,-0.0027341079972659,0,0.0082644628099173,0,210,210
EPPVR,arousal,subject,relative_power,linear_logistic,20260911,1.0,heldout,-0.0092276144907723,0,0.0171789395487045,0,210,210
EPPVR,valence,subject,relative_power,gpu_mlp,20260911,0.25,audit,0.0092276144907724,0,0.0084033613445378,0,210,210
EPPVR,valence,subject,relative_power,gpu_mlp,20260911,0.5,audit,0.0345181134654818,1,-0.0042016806722688,0,210,210
EPPVR,valence,subject,relative_power,gpu_mlp,20260911,0.75,audit,-0.0006835269993164,0,0.0404007756948934,1,210,210
EPPVR,valence,subject,relative_power,gpu_mlp,20260911,1.0,audit,0.0047846889952153,0,-0.0042016806722688,0,210,210
EPPVR,valence,subject,relative_power,linear_logistic,20260911,0.25,heldout,-0.0054682159945317,0,-0.0096961861667744,0,210,210
EPPVR,valence,subject,relative_power,linear_logistic,20260911,0.5,heldout,0.0095693779904306,0,0.0016160310277957,0,210,210
EPPVR,valence,subject,relative_power,linear_logistic,20260911,0.75,heldout,-0.030416951469583,0,0.0168067226890756,0,210,210
EPPVR,valence,subject,relative_power,linear_logistic,20260911,1.0,heldout,-0.0557074504442924,0,-0.006787330316742,0,210,210
EPPVR,arousal,subject,all,gpu_mlp,20260923,0.25,heldout,0.0403280929596719,1,0.0183396787074008,0,210,210
EPPVR,arousal,subject,all,gpu_mlp,20260923,0.5,heldout,-0.0129870129870129,0,0.0123966942148759,0,210,210
EPPVR,arousal,subject,all,gpu_mlp,20260923,0.75,heldout,0.0457963089542037,1,0.0404865818553255,1,210,210
EPPVR,arousal,subject,all,gpu_mlp,20260923,1.0,heldout,0.0047846889952153,0,0.0224719101123594,1,210,210
EPPVR,arousal,subject,all,linear_logistic,20260923,0.25,audit,0.0064935064935064,0,0.0014857461231312,0,210,210
EPPVR,arousal,subject,all,linear_logistic,20260923,0.5,audit,-0.0129870129870129,0,-0.0056179775280899,0,210,210
EPPVR,arousal,subject,all,linear_logistic,20260923,0.75,audit,0.0085440874914558,0,-0.0082644628099173,0,210,210
EPPVR,arousal,subject,all,linear_logistic,20260923,1.0,audit,-0.0037593984962406,0,-0.0123966942148759,0,210,210
EPPVR,valence,subject,all,gpu_mlp,20260923,0.25,heldout,-0.0102529049897471,0,-0.021978021978022,0,210,210
EPPVR,valence,subject,all,gpu_mlp,20260923,0.5,heldout,-0.0075187969924812,0,0.0071105365223012,0,210,210
EPPVR,valence,subject,all,gpu_mlp,20260923,0.75,heldout,-0.0522898154477102,0,-0.0090497737556561,0,210,210
EPPVR,valence,subject,all,gpu_mlp,20260923,1.0,heldout,-0.0280246069719753,0,-0.0300581771170006,0,210,210
EPPVR,valence,subject,all,linear_logistic,20260923,0.25,audit,0.0085440874914559,0,-0.0025856496444731,0,210,210
EPPVR,valence,subject,all,linear_logistic,20260923,0.5,audit,0.0225563909774436,1,0.0012928248222365,0,210,210
EPPVR,valence,subject,all,linear_logistic,20260923,0.75,audit,0.0085440874914559,0,0.0164835164835165,0,210,210
EPPVR,valence,subject,all,linear_logistic,20260923,1.0,audit,0.0307587149692413,1,-0.0168067226890756,0,210,210
EPPVR,arousal,subject,baseline_delta,gpu_mlp,20260923,0.25,heldout,0.0393028024606971,1,0.0348686043272356,1,210,210
EPPVR,arousal,subject,baseline_delta,gpu_mlp,20260923,0.5,heldout,-0.0184552289815447,0,0.0517225369115053,1,210,210
EPPVR,arousal,subject,baseline_delta,gpu_mlp,20260923,0.75,heldout,0.0075187969924811,0,0.0292506267991456,1,210,210
EPPVR,arousal,subject,baseline_delta,gpu_mlp,20260923,1.0,heldout,0.0078605604921394,0,0.0419723279784567,1,210,210
EPPVR,arousal,subject,baseline_delta,linear_logistic,20260923,0.25,audit,0.0205058099794941,1,-0.0109109480917447,0,210,210
EPPVR,arousal,subject,baseline_delta,linear_logistic,20260923,0.5,audit,0.0187969924812029,0,0.0044572383693936,0,210,210
EPPVR,arousal,subject,baseline_delta,linear_logistic,20260923,0.75,audit,0.0242652084757347,1,0.0014857461231311,0,210,210
EPPVR,arousal,subject,baseline_delta,linear_logistic,20260923,1.0,audit,0.0187969924812029,0,-0.0082644628099174,0,210,210
EPPVR,valence,subject,baseline_delta,gpu_mlp,20260923,0.25,heldout,-0.0157211209842789,0,-0.0400775694893341,0,210,210
EPPVR,valence,subject,baseline_delta,gpu_mlp,20260923,0.5,heldout,-0.0242652084757348,0,-0.0164835164835164,0,210,210
EPPVR,valence,subject,baseline_delta,gpu_mlp,20260923,0.75,heldout,-0.0259740259740259,0,0.0042016806722688,0,210,210
EPPVR,valence,subject,baseline_delta,gpu_mlp,20260923,1.0,heldout,-0.0242652084757348,0,-0.0168067226890755,0,210,210
EPPVR,valence,subject,baseline_delta,linear_logistic,20260923,0.25,audit,0.0242652084757348,1,-0.006787330316742,0,210,210
EPPVR,valence,subject,baseline_delta,linear_logistic,20260923,0.5,audit,0.0269993164730006,1,0.0122818358112476,0,210,210
EPPVR,valence,subject,baseline_delta,linear_logistic,20260923,0.75,audit,0.0047846889952153,0,0.0054945054945055,0,210,210
EPPVR,valence,subject,baseline_delta,linear_logistic,20260923,1.0,audit,0.0167464114832535,0,-0.0096961861667743,0,210,210
EPPVR,arousal,subject,normalized_asymmetry,gpu_mlp,20260923,0.25,heldout,0.04066985645933,1,0.0224719101123594,1,210,210
EPPVR,arousal,subject,normalized_asymmetry,gpu_mlp,20260923,0.5,heldout,0.0211893369788106,1,-0.0052929705636549,0,210,210
EPPVR,arousal,subject,normalized_asymmetry,gpu_mlp,20260923,0.75,heldout,0.0331510594668489,1,0.0044572383693936,0,210,210
EPPVR,arousal,subject,normalized_asymmetry,gpu_mlp,20260923,1.0,heldout,0.0379357484620642,1,0.0310613798867119,1,210,210
EPPVR,arousal,subject,normalized_asymmetry,linear_logistic,20260923,0.25,audit,0.0150375939849624,0,0.0262791345528833,1,210,210
EPPVR,arousal,subject,normalized_asymmetry,linear_logistic,20260923,0.5,audit,0.0047846889952153,0,0.006778716686786,0,210,210
EPPVR,arousal,subject,normalized_asymmetry,linear_logistic,20260923,0.75,audit,-0.0034176349965823,0,0.0123966942148761,0,210,210
EPPVR,arousal,subject,normalized_asymmetry,linear_logistic,20260923,1.0,audit,-0.0061517429938482,0,0.0082644628099173,0,210,210
EPPVR,valence,subject,normalized_asymmetry,gpu_mlp,20260923,0.25,heldout,-0.0324675324675324,0,0.0206851971557854,1,210,210
EPPVR,valence,subject,normalized_asymmetry,gpu_mlp,20260923,0.5,heldout,-0.0276828434723171,0,0.0042016806722688,0,210,210
EPPVR,valence,subject,normalized_asymmetry,gpu_mlp,20260923,0.75,heldout,-0.0276828434723171,0,0.0126050420168067,0,210,210
EPPVR,valence,subject,normalized_asymmetry,gpu_mlp,20260923,1.0,heldout,-0.042036910457963,0,-0.004524886877828,0,210,210
EPPVR,valence,subject,normalized_asymmetry,linear_logistic,20260923,0.25,audit,-0.01742993848257,0,0.0054945054945054,0,210,210
EPPVR,valence,subject,normalized_asymmetry,linear_logistic,20260923,0.5,audit,-0.0249487354750512,0,-0.0197155785391079,0,210,210
EPPVR,valence,subject,normalized_asymmetry,linear_logistic,20260923,0.75,audit,0.0041011619958988,0,0.0093729799612152,0,210,210
EPPVR,valence,subject,normalized_asymmetry,linear_logistic,20260923,1.0,audit,0.0037593984962406,0,-0.0142210730446025,0,210,210
EPPVR,arousal,subject,relative_power,gpu_mlp,20260923,0.25,heldout,0.0242652084757347,1,0.0330578512396694,1,210,210
EPPVR,arousal,subject,relative_power,gpu_mlp,20260923,0.5,heldout,0.0187969924812029,0,0.0342185903983656,1,210,210
EPPVR,arousal,subject,relative_power,gpu_mlp,20260923,0.75,heldout,-0.0102529049897471,0,0.0454545454545454,1,210,210
EPPVR,arousal,subject,relative_power,gpu_mlp,20260923,1.0,heldout,-0.018796992481203,0,0.0593369857925527,1,210,210
EPPVR,arousal,subject,relative_power,linear_logistic,20260923,0.25,audit,-0.0140123034859876,0,-0.0138824403380072,0,210,210
EPPVR,arousal,subject,relative_power,linear_logistic,20260923,0.5,audit,-0.0177717019822283,0,-0.0085894697743523,0,210,210
EPPVR,arousal,subject,relative_power,linear_logistic,20260923,0.75,audit,-0.0010252904989747,0,0.0052929705636549,0,210,210
EPPVR,arousal,subject,relative_power,linear_logistic,20260923,1.0,audit,-0.0160628844839371,0,0.0138824403380072,0,210,210
EPPVR,valence,subject,relative_power,gpu_mlp,20260923,0.25,heldout,-0.0027341079972659,0,-0.0096961861667743,0,210,210
EPPVR,valence,subject,relative_power,gpu_mlp,20260923,0.5,heldout,0.0334928229665071,1,0.0054945054945054,0,210,210
EPPVR,valence,subject,relative_power,gpu_mlp,20260923,0.75,heldout,0.0464798359535201,1,0.0138978668390433,0,210,210
EPPVR,valence,subject,relative_power,gpu_mlp,20260923,1.0,heldout,0.0502392344497606,1,0.0193923723335488,0,210,210
EPPVR,valence,subject,relative_power,linear_logistic,20260923,0.25,audit,0.0027341079972658,0,-0.0042016806722688,0,210,210
EPPVR,valence,subject,relative_power,linear_logistic,20260923,0.5,audit,-0.0085440874914559,0,-0.0210084033613444,0,210,210
EPPVR,valence,subject,relative_power,linear_logistic,20260923,0.75,audit,-0.0027341079972659,0,-0.0029088558500323,0,210,210
EPPVR,valence,subject,relative_power,linear_logistic,20260923,1.0,audit,0.0054682159945318,0,-0.0171299288946347,0,210,210
EPPVR,arousal,subject,all,gpu_mlp,20261007,0.25,audit,0.0123034859876964,0,0.0393258426966292,1,210,210
EPPVR,arousal,subject,all,gpu_mlp,20261007,0.5,audit,-0.0167464114832536,0,0.0366793574148017,1,210,210
EPPVR,arousal,subject,all,gpu_mlp,20261007,0.75,audit,-0.0194805194805195,0,0.0546940291577677,1,210,210
EPPVR,arousal,subject,all,gpu_mlp,20261007,1.0,audit,0.0085440874914558,0,0.0393258426966292,1,210,210
EPPVR,arousal,subject,all,linear_logistic,20261007,0.25,heldout,0.0160628844839371,0,-0.0052929705636549,0,210,210
EPPVR,arousal,subject,all,linear_logistic,20261007,0.5,heldout,0.0252904989747094,1,0.0011607391586963,0,210,210
EPPVR,arousal,subject,all,linear_logistic,20261007,0.75,heldout,0.010252904989747,0,-0.0014857461231312,0,210,210
EPPVR,arousal,subject,all,linear_logistic,20261007,1.0,heldout,0.0263157894736841,1,-0.007103723651221,0,210,210
EPPVR,valence,subject,all,gpu_mlp,20261007,0.25,audit,-0.0054682159945317,0,0.006787330316742,0,210,210
EPPVR,valence,subject,all,gpu_mlp,20261007,0.5,audit,0.0215311004784689,1,-0.0100193923723335,0,210,210
EPPVR,valence,subject,all,gpu_mlp,20261007,0.75,audit,-0.004442925495557,0,0.0452488687782806,1,210,210
EPPVR,valence,subject,all,gpu_mlp,20261007,1.0,audit,-0.0126452494873547,0,-0.0003232062055591,0,210,210
EPPVR,valence,subject,all,linear_logistic,20261007,0.25,heldout,-0.0164046479835953,0,-0.0193923723335488,0,210,210
EPPVR,valence,subject,all,linear_logistic,20261007,0.5,heldout,0.0290498974709501,1,-0.0080801551389786,0,210,210
EPPVR,valence,subject,all,linear_logistic,20261007,0.75,heldout,0.0321257689678742,1,-0.0138978668390433,0,210,210
EPPVR,valence,subject,all,linear_logistic,20261007,1.0,heldout,0.0088858509911141,0,-0.0290885585003232,0,210,210
EPPVR,arousal,subject,baseline_delta,gpu_mlp,20261007,0.25,audit,0.0047846889952153,0,-0.024793388429752,0,210,210
EPPVR,arousal,subject,baseline_delta,gpu_mlp,20261007,0.5,audit,-0.0095693779904306,0,0.0029714922462623,0,210,210
EPPVR,arousal,subject,baseline_delta,gpu_mlp,20261007,0.75,audit,0.0269993164730006,1,0.0378400965734979,1,210,210
EPPVR,arousal,subject,baseline_delta,gpu_mlp,20261007,1.0,audit,0.0273410799726588,1,0.0254434023586218,1,210,210
EPPVR,arousal,subject,baseline_delta,linear_logistic,20261007,0.25,heldout,-0.0177717019822282,0,-0.0180146717429657,0,210,210
EPPVR,arousal,subject,baseline_delta,linear_logistic,20261007,0.5,heldout,-0.0123034859876964,0,0.0014857461231312,0,210,210
EPPVR,arousal,subject,baseline_delta,linear_logistic,20261007,0.75,heldout,-0.0123034859876964,0,-0.0180146717429657,0,210,210
EPPVR,arousal,subject,baseline_delta,linear_logistic,20261007,1.0,heldout,-0.0157211209842788,0,-0.0262791345528832,0,210,210
EPPVR,valence,subject,baseline_delta,gpu_mlp,20261007,0.25,audit,0.0567327409432672,1,0.021978021978022,1,210,210
EPPVR,valence,subject,baseline_delta,gpu_mlp,20261007,0.5,audit,0.062200956937799,1,0.0042016806722688,0,210,210
EPPVR,valence,subject,baseline_delta,gpu_mlp,20261007,0.75,audit,0.0485304169514695,1,0.0397543632837751,1,210,210
EPPVR,valence,subject,baseline_delta,gpu_mlp,20261007,1.0,audit,0.0717703349282296,1,0.024240465416936,1,210,210
EPPVR,valence,subject,baseline_delta,linear_logistic,20261007,0.25,heldout,-0.0157211209842789,0,0.0042016806722688,0,210,210
EPPVR,valence,subject,baseline_delta,linear_logistic,20261007,0.5,heldout,-0.0119617224880382,0,0.0084033613445377,0,210,210
EPPVR,valence,subject,baseline_delta,linear_logistic,20261007,0.75,heldout,0.0058099794941899,0,0.028765352294764,1,210,210
EPPVR,valence,subject,baseline_delta,linear_logistic,20261007,1.0,heldout,0.0013670539986329,0,0.028765352294764,1,210,210
EPPVR,arousal,subject,normalized_asymmetry,gpu_mlp,20261007,0.25,audit,0.0027341079972658,0,0.0097502089330485,0,210,210
EPPVR,arousal,subject,normalized_asymmetry,gpu_mlp,20261007,0.5,audit,-0.0017088174982912,0,0.0304113659578419,1,210,210
EPPVR,arousal,subject,normalized_asymmetry,gpu_mlp,20261007,0.75,audit,-0.0177717019822283,0,0.055529761352029,1,210,210
EPPVR,arousal,subject,normalized_asymmetry,gpu_mlp,20261007,1.0,audit,0.0215311004784689,1,0.043133067137153,1,210,210
EPPVR,arousal,subject,normalized_asymmetry,linear_logistic,20261007,0.25,heldout,0.0225563909774435,1,0.0165289256198347,0,210,210
EPPVR,arousal,subject,normalized_asymmetry,linear_logistic,20261007,0.5,heldout,0.0187969924812029,0,0.0233076423066208,1,210,210
EPPVR,arousal,subject,normalized_asymmetry,linear_logistic,20261007,0.75,heldout,-0.0092276144907724,0,0.0180146717429658,0,210,210
EPPVR,arousal,subject,normalized_asymmetry,linear_logistic,20261007,1.0,heldout,0.0543403964456595,1,0.0150431794967035,0,210,210
EPPVR,valence,subject,normalized_asymmetry,gpu_mlp,20261007,0.25,audit,0.0133287764866712,0,-0.0064641241111829,0,210,210
EPPVR,valence,subject,normalized_asymmetry,gpu_mlp,20261007,0.5,audit,0.0075187969924811,0,-0.0303813833225597,0,210,210
EPPVR,valence,subject,normalized_asymmetry,gpu_mlp,20261007,0.75,audit,0.0010252904989747,0,0.0051712992889463,0,210,210
EPPVR,valence,subject,normalized_asymmetry,gpu_mlp,20261007,1.0,audit,0.0150375939849624,0,0.01131221719457,0,210,210
EPPVR,valence,subject,normalized_asymmetry,linear_logistic,20261007,0.25,heldout,0.010252904989747,0,-0.0038784744667097,0,210,210
EPPVR,valence,subject,normalized_asymmetry,linear_logistic,20261007,0.5,heldout,0.0064935064935065,0,0.0,0,210,210
EPPVR,valence,subject,normalized_asymmetry,linear_logistic,20261007,0.75,heldout,-0.010252904989747,0,0.0126050420168067,0,210,210
EPPVR,valence,subject,normalized_asymmetry,linear_logistic,20261007,1.0,heldout,0.0123034859876964,0,-0.037491919844861,0,210,210
EPPVR,arousal,subject,relative_power,gpu_mlp,20261007,0.25,audit,0.0205058099794941,1,0.0097502089330485,0,210,210
EPPVR,arousal,subject,relative_power,gpu_mlp,20261007,0.5,audit,0.0129870129870129,0,0.0044572383693936,0,210,210
EPPVR,arousal,subject,relative_power,gpu_mlp,20261007,0.75,audit,0.0167464114832535,0,0.0390008357321942,1,210,210
EPPVR,arousal,subject,relative_power,gpu_mlp,20261007,1.0,audit,-0.0232399179767601,0,0.0183396787074008,0,210,210
EPPVR,arousal,subject,relative_power,linear_logistic,20261007,0.25,heldout,0.031784005468216,1,-0.0221469031479246,0,210,210
EPPVR,arousal,subject,relative_power,linear_logistic,20261007,0.5,heldout,0.0215311004784689,1,-0.0044572383693936,0,210,210
EPPVR,arousal,subject,relative_power,linear_logistic,20261007,0.75,heldout,0.0269993164730006,1,0.0041322314049586,0,210,210
EPPVR,arousal,subject,relative_power,linear_logistic,20261007,1.0,heldout,0.0047846889952153,0,0.0,0,210,210
EPPVR,valence,subject,relative_power,gpu_mlp,20261007,0.25,audit,0.0058099794941899,0,0.0129282482223658,0,210,210
EPPVR,valence,subject,relative_power,gpu_mlp,20261007,0.5,audit,-0.0051264524948735,0,0.0087265675500969,0,210,210
EPPVR,valence,subject,relative_power,gpu_mlp,20261007,0.75,audit,-0.01742993848257,0,-0.002262443438914,0,210,210
EPPVR,valence,subject,relative_power,gpu_mlp,20261007,1.0,audit,-0.0293916609706083,0,0.0084033613445378,0,210,210
EPPVR,valence,subject,relative_power,linear_logistic,20261007,0.25,heldout,-0.0064935064935064,0,0.0349062702003877,1,210,210
EPPVR,valence,subject,relative_power,linear_logistic,20261007,0.5,heldout,-0.010252904989747,0,0.0180995475113122,0,210,210
EPPVR,valence,subject,relative_power,linear_logistic,20261007,0.75,heldout,-0.0082023239917976,0,-0.010989010989011,0,210,210
EPPVR,valence,subject,relative_power,linear_logistic,20261007,1.0,heldout,-0.0082023239917976,0,0.0138978668390433,0,210,210
SEED-IV,arousal,subject,all,gpu_mlp,20260813,0.25,audit,-0.0225694444444444,0,-0.0357142857142856,0,168,105
SEED-IV,arousal,subject,all,gpu_mlp,20260813,0.5,audit,0.0086805555555555,0,-0.0238095238095237,0,168,105
SEED-IV,arousal,subject,all,gpu_mlp,20260813,0.75,audit,0.0173611111111111,0,-0.0357142857142855,0,168,105
SEED-IV,arousal,subject,all,gpu_mlp,20260813,1.0,audit,0.0017361111111111,0,0.0357142857142858,1,168,105
SEED-IV,arousal,subject,all,gpu_mlp,20260829,0.25,heldout,0.0833333333333334,1,-0.0833333333333333,0,168,105
SEED-IV,arousal,subject,all,gpu_mlp,20260829,0.5,heldout,0.0746527777777779,1,-0.0198412698412698,0,168,105
SEED-IV,arousal,subject,all,gpu_mlp,20260829,0.75,heldout,0.0329861111111111,1,-0.0714285714285715,0,168,105
SEED-IV,arousal,subject,all,gpu_mlp,20260829,1.0,heldout,0.0520833333333334,1,-0.0992063492063492,0,168,105
SEED-IV,arousal,subject,all,gpu_mlp,20260911,0.25,audit,0.0017361111111111,0,0.0555555555555554,1,168,105
SEED-IV,arousal,subject,all,gpu_mlp,20260911,0.5,audit,0.0138888888888888,0,-0.0158730158730159,0,168,105
SEED-IV,arousal,subject,all,gpu_mlp,20260911,0.75,audit,0.0277777777777776,1,0.0039682539682539,0,168,105
SEED-IV,arousal,subject,all,gpu_mlp,20260911,1.0,audit,-0.0086805555555555,0,0.0039682539682539,0,168,105
SEED-IV,arousal,subject,all,gpu_mlp,20260923,0.25,heldout,-0.0295138888888889,0,0.0119047619047619,0,168,105
SEED-IV,arousal,subject,all,gpu_mlp,20260923,0.5,heldout,-0.0069444444444444,0,0.0873015873015873,1,168,105
SEED-IV,arousal,subject,all,gpu_mlp,20260923,0.75,heldout,0.0208333333333333,1,0.0238095238095238,1,168,105
SEED-IV,arousal,subject,all,gpu_mlp,20260923,1.0,heldout,-0.032986111111111,0,-0.0079365079365079,0,168,105
SEED-IV,arousal,subject,all,gpu_mlp,20261007,0.25,audit,0.0034722222222222,0,0.0198412698412697,0,168,105
SEED-IV,arousal,subject,all,gpu_mlp,20261007,0.5,audit,-0.001736111111111,0,0.0039682539682539,0,168,105
SEED-IV,arousal,subject,all,gpu_mlp,20261007,0.75,audit,-0.032986111111111,0,-0.003968253968254,0,168,105
SEED-IV,arousal,subject,all,gpu_mlp,20261007,1.0,audit,-0.0381944444444445,0,0.0515873015873016,1,168,105
SEED-IV,arousal,subject,all,linear_logistic,20260813,0.25,heldout,-0.0260416666666665,0,0.003968253968254,0,168,105
SEED-IV,arousal,subject,all,linear_logistic,20260813,0.5,heldout,-0.0243055555555555,0,0.011904761904762,0,168,105
SEED-IV,arousal,subject,all,linear_logistic,20260813,0.75,heldout,-0.0173611111111109,0,0.0119047619047619,0,168,105
SEED-IV,arousal,subject,all,linear_logistic,20260813,1.0,heldout,-0.0381944444444444,0,0.003968253968254,0,168,105
SEED-IV,arousal,subject,all,linear_logistic,20260829,0.25,audit,0.0277777777777779,1,-0.0595238095238095,0,168,105
SEED-IV,arousal,subject,all,linear_logistic,20260829,0.5,audit,0.0052083333333334,0,-0.0357142857142857,0,168,105
SEED-IV,arousal,subject,all,linear_logistic,20260829,0.75,audit,0.0017361111111111,0,-0.0317460317460318,0,168,105
SEED-IV,arousal,subject,all,linear_logistic,20260829,1.0,audit,-0.0190972222222221,0,-0.1111111111111111,0,168,105
SEED-IV,arousal,subject,all,linear_logistic,20260911,0.25,heldout,-0.0451388888888888,0,-0.0079365079365079,0,168,105
SEED-IV,arousal,subject,all,linear_logistic,20260911,0.5,heldout,-0.0260416666666667,0,-0.0277777777777776,0,168,105
SEED-IV,arousal,subject,all,linear_logistic,20260911,0.75,heldout,-0.046875,0,-0.0436507936507936,0,168,105
SEED-IV,arousal,subject,all,linear_logistic,20260911,1.0,heldout,-0.0746527777777777,0,0.0119047619047619,0,168,105
SEED-IV,arousal,subject,all,linear_logistic,20260923,0.25,audit,0.03125,1,0.0277777777777776,1,168,105
SEED-IV,arousal,subject,all,linear_logistic,20260923,0.5,audit,0.0572916666666667,1,0.0,0,168,105
SEED-IV,arousal,subject,all,linear_logistic,20260923,0.75,audit,0.015625,0,0.0396825396825395,1,168,105
SEED-IV,arousal,subject,all,linear_logistic,20260923,1.0,audit,0.0451388888888889,1,0.0357142857142855,1,168,105
SEED-IV,arousal,subject,all,linear_logistic,20261007,0.25,heldout,-0.0451388888888888,0,-0.0476190476190476,0,168,105
SEED-IV,arousal,subject,all,linear_logistic,20261007,0.5,heldout,-0.0052083333333332,0,0.0039682539682539,0,168,105
SEED-IV,arousal,subject,all,linear_logistic,20261007,0.75,heldout,-0.0086805555555554,0,0.0198412698412697,0,168,105
SEED-IV,arousal,subject,all,linear_logistic,20261007,1.0,heldout,-0.0225694444444444,0,-0.0158730158730159,0,168,105
SEED-IV,arousal,subject,normalized_asymmetry,gpu_mlp,20260813,0.25,audit,0.001736111111111,0,0.0357142857142855,1,168,105
SEED-IV,arousal,subject,normalized_asymmetry,gpu_mlp,20260813,0.5,audit,0.0104166666666666,0,0.0079365079365079,0,168,105
SEED-IV,arousal,subject,normalized_asymmetry,gpu_mlp,20260813,0.75,audit,0.0190972222222221,0,0.0198412698412697,0,168,105
SEED-IV,arousal,subject,normalized_asymmetry,gpu_mlp,20260813,1.0,audit,0.0225694444444444,1,0.0396825396825396,1,168,105
SEED-IV,arousal,subject,normalized_asymmetry,gpu_mlp,20260829,0.25,heldout,0.0520833333333333,1,-0.0357142857142857,0,168,105
SEED-IV,arousal,subject,normalized_asymmetry,gpu_mlp,20260829,0.5,heldout,0.0277777777777777,1,0.0079365079365079,0,168,105
SEED-IV,arousal,subject,normalized_asymmetry,gpu_mlp,20260829,0.75,heldout,0.0121527777777777,0,0.0119047619047619,0,168,105
SEED-IV,arousal,subject,normalized_asymmetry,gpu_mlp,20260829,1.0,heldout,0.0434027777777777,1,-0.0476190476190476,0,168,105
SEED-IV,arousal,subject,normalized_asymmetry,gpu_mlp,20260911,0.25,audit,-0.0451388888888889,0,0.0158730158730159,0,168,105
SEED-IV,arousal,subject,normalized_asymmetry,gpu_mlp,20260911,0.5,audit,-0.0503472222222223,0,-0.0238095238095237,0,168,105
SEED-IV,arousal,subject,normalized_asymmetry,gpu_mlp,20260911,0.75,audit,-0.0225694444444444,0,0.0158730158730159,0,168,105
SEED-IV,arousal,subject,normalized_asymmetry,gpu_mlp,20260911,1.0,audit,-0.0555555555555555,0,0.0396825396825397,1,168,105
SEED-IV,arousal,subject,normalized_asymmetry,gpu_mlp,20260923,0.25,heldout,0.0399305555555555,1,-0.0555555555555555,0,168,105
SEED-IV,arousal,subject,normalized_asymmetry,gpu_mlp,20260923,0.5,heldout,0.0260416666666666,1,-0.0317460317460318,0,168,105
SEED-IV,arousal,subject,normalized_asymmetry,gpu_mlp,20260923,0.75,heldout,0.0364583333333333,1,-0.0595238095238095,0,168,105
SEED-IV,arousal,subject,normalized_asymmetry,gpu_mlp,20260923,1.0,heldout,0.0225694444444444,1,-0.0277777777777779,0,168,105
SEED-IV,arousal,subject,normalized_asymmetry,gpu_mlp,20261007,0.25,audit,0.0121527777777777,0,0.0436507936507937,1,168,105
SEED-IV,arousal,subject,normalized_asymmetry,gpu_mlp,20261007,0.5,audit,0.03125,1,0.0158730158730159,0,168,105
SEED-IV,arousal,subject,normalized_asymmetry,gpu_mlp,20261007,0.75,audit,0.0034722222222222,0,0.0317460317460318,1,168,105
SEED-IV,arousal,subject,normalized_asymmetry,gpu_mlp,20261007,1.0,audit,-0.0034722222222223,0,0.0357142857142858,1,168,105
SEED-IV,arousal,subject,normalized_asymmetry,linear_logistic,20260813,0.25,heldout,-0.0399305555555555,0,-0.0158730158730159,0,168,105
SEED-IV,arousal,subject,normalized_asymmetry,linear_logistic,20260813,0.5,heldout,-0.0069444444444444,0,-0.007936507936508,0,168,105
SEED-IV,arousal,subject,normalized_asymmetry,linear_logistic,20260813,0.75,heldout,-0.0607638888888888,0,-0.0238095238095238,0,168,105
SEED-IV,arousal,subject,normalized_asymmetry,linear_logistic,20260813,1.0,heldout,0.0017361111111111,0,-0.0357142857142858,0,168,105
SEED-IV,arousal,subject,normalized_asymmetry,linear_logistic,20260829,0.25,audit,0.0295138888888889,1,-0.0238095238095237,0,168,105
SEED-IV,arousal,subject,normalized_asymmetry,linear_logistic,20260829,0.5,audit,0.0034722222222222,0,-0.0079365079365079,0,168,105
SEED-IV,arousal,subject,normalized_asymmetry,linear_logistic,20260829,0.75,audit,0.0052083333333333,0,-0.0555555555555555,0,168,105
SEED-IV,arousal,subject,normalized_asymmetry,linear_logistic,20260829,1.0,audit,0.015625,0,-0.0119047619047619,0,168,105
SEED-IV,arousal,subject,normalized_asymmetry,linear_logistic,20260911,0.25,heldout,-0.0260416666666667,0,0.0277777777777777,1,168,105
SEED-IV,arousal,subject,normalized_asymmetry,linear_logistic,20260911,0.5,heldout,-0.0416666666666667,0,0.0079365079365079,0,168,105
SEED-IV,arousal,subject,normalized_asymmetry,linear_logistic,20260911,0.75,heldout,-0.0121527777777779,0,0.0357142857142858,1,168,105
SEED-IV,arousal,subject,normalized_asymmetry,linear_logistic,20260911,1.0,heldout,-0.0538194444444445,0,-0.0079365079365079,0,168,105
SEED-IV,arousal,subject,normalized_asymmetry,linear_logistic,20260923,0.25,audit,-0.0347222222222221,0,0.0238095238095238,1,168,105
SEED-IV,arousal,subject,normalized_asymmetry,linear_logistic,20260923,0.5,audit,0.0138888888888889,0,0.0277777777777776,1,168,105
SEED-IV,arousal,subject,normalized_asymmetry,linear_logistic,20260923,0.75,audit,-0.0052083333333332,0,0.0158730158730158,0,168,105
SEED-IV,arousal,subject,normalized_asymmetry,linear_logistic,20260923,1.0,audit,0.0138888888888889,0,-0.0158730158730158,0,168,105
SEED-IV,arousal,subject,normalized_asymmetry,linear_logistic,20261007,0.25,heldout,-0.003472222222222,0,0.0079365079365079,0,168,105
SEED-IV,arousal,subject,normalized_asymmetry,linear_logistic,20261007,0.5,heldout,-0.0138888888888888,0,-0.007936507936508,0,168,105
SEED-IV,arousal,subject,normalized_asymmetry,linear_logistic,20261007,0.75,heldout,-0.0225694444444444,0,0.0158730158730158,0,168,105
SEED-IV,arousal,subject,normalized_asymmetry,linear_logistic,20261007,1.0,heldout,0.0086805555555555,0,0.0198412698412698,0,168,105
SEED-IV,arousal,subject,relative_power,gpu_mlp,20260813,0.25,audit,-0.0069444444444444,0,-0.0714285714285714,0,168,105
SEED-IV,arousal,subject,relative_power,gpu_mlp,20260813,0.5,audit,-0.0277777777777776,0,-0.0555555555555554,0,168,105
SEED-IV,arousal,subject,relative_power,gpu_mlp,20260813,0.75,audit,0.0069444444444444,0,-0.0277777777777776,0,168,105
SEED-IV,arousal,subject,relative_power,gpu_mlp,20260813,1.0,audit,-0.0208333333333332,0,-0.0436507936507936,0,168,105
SEED-IV,arousal,subject,relative_power,gpu_mlp,20260829,0.25,heldout,-0.0121527777777777,0,-0.0198412698412697,0,168,105
SEED-IV,arousal,subject,relative_power,gpu_mlp,20260829,0.5,heldout,0.0,0,0.0079365079365079,0,168,105
SEED-IV,arousal,subject,relative_power,gpu_mlp,20260829,0.75,heldout,-0.0277777777777776,0,0.0436507936507937,1,168,105
SEED-IV,arousal,subject,relative_power,gpu_mlp,20260829,1.0,heldout,-0.0086805555555555,0,-0.0119047619047618,0,168,105
SEED-IV,arousal,subject,relative_power,gpu_mlp,20260911,0.25,audit,-0.0277777777777776,0,-0.0317460317460317,0,168,105
SEED-IV,arousal,subject,relative_power,gpu_mlp,20260911,0.5,audit,-0.015625,0,-0.0555555555555555,0,168,105
SEED-IV,arousal,subject,relative_power,gpu_mlp,20260911,0.75,audit,-0.0364583333333332,0,-0.0674603174603174,0,168,105
SEED-IV,arousal,subject,relative_power,gpu_mlp,20260911,1.0,audit,-0.0138888888888888,0,-0.0714285714285714,0,168,105
SEED-IV,arousal,subject,relative_power,gpu_mlp,20260923,0.25,heldout,-0.0243055555555554,0,-0.0079365079365079,0,168,105
SEED-IV,arousal,subject,relative_power,gpu_mlp,20260923,0.5,heldout,-0.001736111111111,0,-0.0079365079365079,0,168,105
SEED-IV,arousal,subject,relative_power,gpu_mlp,20260923,0.75,heldout,0.0069444444444445,0,0.0238095238095237,1,168,105
SEED-IV,arousal,subject,relative_power,gpu_mlp,20260923,1.0,heldout,0.0121527777777779,0,0.0158730158730158,0,168,105
SEED-IV,arousal,subject,relative_power,gpu_mlp,20261007,0.25,audit,-0.0416666666666666,0,-0.0119047619047619,0,168,105
SEED-IV,arousal,subject,relative_power,gpu_mlp,20261007,0.5,audit,-0.0607638888888888,0,-0.0238095238095239,0,168,105
SEED-IV,arousal,subject,relative_power,gpu_mlp,20261007,0.75,audit,-0.0416666666666666,0,-0.0396825396825397,0,168,105
SEED-IV,arousal,subject,relative_power,gpu_mlp,20261007,1.0,audit,-0.0243055555555555,0,-0.0158730158730159,0,168,105
SEED-IV,arousal,subject,relative_power,linear_logistic,20260813,0.25,heldout,-0.015625,0,-0.0515873015873016,0,168,105
SEED-IV,arousal,subject,relative_power,linear_logistic,20260813,0.5,heldout,0.0069444444444444,0,-0.0396825396825397,0,168,105
SEED-IV,arousal,subject,relative_power,linear_logistic,20260813,0.75,heldout,-0.0104166666666667,0,0.0039682539682539,0,168,105
SEED-IV,arousal,subject,relative_power,linear_logistic,20260813,1.0,heldout,0.0017361111111111,0,0.0317460317460317,1,168,105
SEED-IV,arousal,subject,relative_power,linear_logistic,20260829,0.25,audit,0.0138888888888889,0,-0.0039682539682538,0,168,105
SEED-IV,arousal,subject,relative_power,linear_logistic,20260829,0.5,audit,-0.0104166666666666,0,0.0,0,168,105
SEED-IV,arousal,subject,relative_power,linear_logistic,20260829,0.75,audit,-0.0069444444444444,0,-0.0039682539682539,0,168,105
SEED-IV,arousal,subject,relative_power,linear_logistic,20260829,1.0,audit,-0.0225694444444445,0,-0.0198412698412697,0,168,105
SEED-IV,arousal,subject,relative_power,linear_logistic,20260911,0.25,heldout,-0.0329861111111111,0,-0.007936507936508,0,168,105
SEED-IV,arousal,subject,relative_power,linear_logistic,20260911,0.5,heldout,0.03125,1,-0.0039682539682539,0,168,105
SEED-IV,arousal,subject,relative_power,linear_logistic,20260911,0.75,heldout,-0.0086805555555555,0,-0.007936507936508,0,168,105
SEED-IV,arousal,subject,relative_power,linear_logistic,20260911,1.0,heldout,-0.0086805555555555,0,0.0238095238095237,1,168,105
SEED-IV,arousal,subject,relative_power,linear_logistic,20260923,0.25,audit,-0.0034722222222223,0,0.0238095238095238,1,168,105
SEED-IV,arousal,subject,relative_power,linear_logistic,20260923,0.5,audit,0.0,0,0.0277777777777777,1,168,105
SEED-IV,arousal,subject,relative_power,linear_logistic,20260923,0.75,audit,0.015625,0,0.003968253968254,0,168,105
SEED-IV,arousal,subject,relative_power,linear_logistic,20260923,1.0,audit,0.0173611111111111,0,-0.0079365079365079,0,168,105
SEED-IV,arousal,subject,relative_power,linear_logistic,20261007,0.25,heldout,-0.0121527777777779,0,-0.0039682539682539,0,168,105
SEED-IV,arousal,subject,relative_power,linear_logistic,20261007,0.5,heldout,-0.0607638888888889,0,-0.0515873015873016,0,168,105
SEED-IV,arousal,subject,relative_power,linear_logistic,20261007,0.75,heldout,0.003472222222222,0,0.0,0,168,105
SEED-IV,arousal,subject,relative_power,linear_logistic,20261007,1.0,heldout,-0.0486111111111111,0,-0.0277777777777777,0,168,105
SEED-IV,valence,subject,all,gpu_mlp,20260813,0.25,audit,-0.046875,0,-0.0090909090909091,0,120,147
SEED-IV,valence,subject,all,gpu_mlp,20260813,0.5,audit,-0.0234375,0,0.031168831168831,1,120,147
SEED-IV,valence,subject,all,gpu_mlp,20260813,0.75,audit,-0.013392857142857,0,-0.0298701298701299,0,120,147
SEED-IV,valence,subject,all,gpu_mlp,20260813,1.0,audit,-0.0301339285714286,0,-0.0428571428571429,0,120,147
SEED-IV,valence,subject,all,gpu_mlp,20260829,0.25,heldout,-0.0301339285714284,0,-0.011038961038961,0,120,147
SEED-IV,valence,subject,all,gpu_mlp,20260829,0.5,heldout,-0.0837053571428571,0,-0.0402597402597402,0,120,147
SEED-IV,valence,subject,all,gpu_mlp,20260829,0.75,heldout,-0.0245535714285713,0,0.009090909090909,0,120,147
SEED-IV,valence,subject,all,gpu_mlp,20260829,1.0,heldout,-0.036830357142857,0,-0.0188311688311688,0,120,147
SEED-IV,valence,subject,all,gpu_mlp,20260911,0.25,audit,-0.0089285714285713,0,-0.0006493506493505,0,120,147
SEED-IV,valence,subject,all,gpu_mlp,20260911,0.5,audit,0.0044642857142858,0,-0.0006493506493505,0,120,147
SEED-IV,valence,subject,all,gpu_mlp,20260911,0.75,audit,0.0078125,0,-0.0123376623376623,0,120,147
SEED-IV,valence,subject,all,gpu_mlp,20260911,1.0,audit,0.0323660714285715,1,0.0259740259740259,1,120,147
SEED-IV,valence,subject,all,gpu_mlp,20260923,0.25,heldout,0.0189732142857144,0,0.0142857142857143,0,120,147
SEED-IV,valence,subject,all,gpu_mlp,20260923,0.5,heldout,-0.0245535714285713,0,-0.0038961038961038,0,120,147
SEED-IV,valence,subject,all,gpu_mlp,20260923,0.75,heldout,0.0424107142857144,1,-0.0279220779220779,0,120,147
SEED-IV,valence,subject,all,gpu_mlp,20260923,1.0,heldout,-0.0401785714285714,0,-0.0129870129870129,0,120,147
SEED-IV,valence,subject,all,gpu_mlp,20261007,0.25,audit,0.013392857142857,0,0.0350649350649351,1,120,147
SEED-IV,valence,subject,all,gpu_mlp,20261007,0.5,audit,0.0491071428571429,1,0.0337662337662337,1,120,147
SEED-IV,valence,subject,all,gpu_mlp,20261007,0.75,audit,0.005580357142857,0,0.0681818181818182,1,120,147
SEED-IV,valence,subject,all,gpu_mlp,20261007,1.0,audit,0.0178571428571429,0,0.0428571428571429,1,120,147
SEED-IV,valence,subject,all,linear_logistic,20260813,0.25,heldout,-0.0089285714285715,0,-0.0337662337662337,0,120,147
SEED-IV,valence,subject,all,linear_logistic,20260813,0.5,heldout,-0.0368303571428572,0,-0.0415584415584415,0,120,147
SEED-IV,valence,subject,all,linear_logistic,20260813,0.75,heldout,-0.0524553571428572,0,-0.0344155844155844,0,120,147
SEED-IV,valence,subject,all,linear_logistic,20260813,1.0,heldout,-0.0368303571428572,0,-0.0422077922077922,0,120,147
SEED-IV,valence,subject,all,linear_logistic,20260829,0.25,audit,-0.046875,0,0.0077922077922077,0,120,147
SEED-IV,valence,subject,all,linear_logistic,20260829,0.5,audit,-0.0245535714285715,0,0.0214285714285714,1,120,147
SEED-IV,valence,subject,all,linear_logistic,20260829,0.75,audit,-0.0223214285714286,0,0.0337662337662337,1,120,147
SEED-IV,valence,subject,all,linear_logistic,20260829,1.0,audit,-0.0223214285714286,0,-0.0136363636363635,0,120,147
SEED-IV,valence,subject,all,linear_logistic,20260911,0.25,heldout,-0.0424107142857144,0,0.0279220779220779,1,120,147
SEED-IV,valence,subject,all,linear_logistic,20260911,0.5,heldout,-0.0267857142857144,0,-0.0357142857142857,0,120,147
SEED-IV,valence,subject,all,linear_logistic,20260911,0.75,heldout,-0.0457589285714286,0,0.0272727272727273,1,120,147
SEED-IV,valence,subject,all,linear_logistic,20260911,1.0,heldout,-0.0078125,0,0.0103896103896103,0,120,147
SEED-IV,valence,subject,all,linear_logistic,20260923,0.25,audit,0.0390625,1,0.0058441558441558,0,120,147
SEED-IV,valence,subject,all,linear_logistic,20260923,0.5,audit,-0.0100446428571429,0,-0.0344155844155843,0,120,147
SEED-IV,valence,subject,all,linear_logistic,20260923,0.75,audit,0.0100446428571427,0,-0.0084415584415584,0,120,147
SEED-IV,valence,subject,all,linear_logistic,20260923,1.0,audit,-0.0234375,0,-0.0337662337662337,0,120,147
SEED-IV,valence,subject,all,linear_logistic,20261007,0.25,heldout,-0.0011160714285715,0,-0.0077922077922077,0,120,147
SEED-IV,valence,subject,all,linear_logistic,20261007,0.5,heldout,0.0424107142857143,1,-0.035064935064935,0,120,147
SEED-IV,valence,subject,all,linear_logistic,20261007,0.75,heldout,0.0345982142857143,1,0.0058441558441557,0,120,147
SEED-IV,valence,subject,all,linear_logistic,20261007,1.0,heldout,-0.0044642857142856,0,-0.0129870129870129,0,120,147
SEED-IV,valence,subject,normalized_asymmetry,gpu_mlp,20260813,0.25,audit,-0.0245535714285713,0,0.0064935064935065,0,120,147
SEED-IV,valence,subject,normalized_asymmetry,gpu_mlp,20260813,0.5,audit,-0.0011160714285713,0,-0.0558441558441558,0,120,147
SEED-IV,valence,subject,normalized_asymmetry,gpu_mlp,20260813,0.75,audit,0.0412946428571427,1,-0.0071428571428571,0,120,147
SEED-IV,valence,subject,normalized_asymmetry,gpu_mlp,20260813,1.0,audit,-0.0066964285714286,0,-0.0357142857142855,0,120,147
SEED-IV,valence,subject,normalized_asymmetry,gpu_mlp,20260829,0.25,heldout,-0.0212053571428572,0,0.0006493506493505,0,120,147
SEED-IV,valence,subject,normalized_asymmetry,gpu_mlp,20260829,0.5,heldout,-0.0491071428571429,0,0.0220779220779221,1,120,147
SEED-IV,valence,subject,normalized_asymmetry,gpu_mlp,20260829,0.75,heldout,0.0011160714285713,0,0.0136363636363636,0,120,147
SEED-IV,valence,subject,normalized_asymmetry,gpu_mlp,20260829,1.0,heldout,-0.0546875,0,-0.0038961038961038,0,120,147
SEED-IV,valence,subject,normalized_asymmetry,gpu_mlp,20260911,0.25,audit,-0.0424107142857144,0,-0.035064935064935,0,120,147
SEED-IV,valence,subject,normalized_asymmetry,gpu_mlp,20260911,0.5,audit,-0.0256696428571429,0,-0.0207792207792207,0,120,147
SEED-IV,valence,subject,normalized_asymmetry,gpu_mlp,20260911,0.75,audit,-0.0022321428571429,0,-0.0272727272727272,0,120,147
SEED-IV,valence,subject,normalized_asymmetry,gpu_mlp,20260911,1.0,audit,-0.015625,0,-0.0136363636363635,0,120,147
SEED-IV,valence,subject,normalized_asymmetry,gpu_mlp,20260923,0.25,heldout,-0.0089285714285713,0,-0.0623376623376623,0,120,147
SEED-IV,valence,subject,normalized_asymmetry,gpu_mlp,20260923,0.5,heldout,-0.0178571428571429,0,-0.0324675324675325,0,120,147
SEED-IV,valence,subject,normalized_asymmetry,gpu_mlp,20260923,0.75,heldout,0.0245535714285715,1,-0.0357142857142858,0,120,147
SEED-IV,valence,subject,normalized_asymmetry,gpu_mlp,20260923,1.0,heldout,-0.0267857142857143,0,-0.0675324675324675,0,120,147
SEED-IV,valence,subject,normalized_asymmetry,gpu_mlp,20261007,0.25,audit,-0.0200892857142857,0,-0.0142857142857143,0,120,147
SEED-IV,valence,subject,normalized_asymmetry,gpu_mlp,20261007,0.5,audit,0.0078125,0,-0.0227272727272727,0,120,147
SEED-IV,valence,subject,normalized_asymmetry,gpu_mlp,20261007,0.75,audit,-0.0357142857142857,0,-0.0350649350649351,0,120,147
SEED-IV,valence,subject,normalized_asymmetry,gpu_mlp,20261007,1.0,audit,-0.0022321428571429,0,-0.0136363636363636,0,120,147
SEED-IV,valence,subject,normalized_asymmetry,linear_logistic,20260813,0.25,heldout,0.0189732142857143,0,-0.0279220779220779,0,120,147
SEED-IV,valence,subject,normalized_asymmetry,linear_logistic,20260813,0.5,heldout,0.0301339285714286,1,-0.0006493506493505,0,120,147
SEED-IV,valence,subject,normalized_asymmetry,linear_logistic,20260813,0.75,heldout,0.0323660714285714,1,-0.0142857142857142,0,120,147
SEED-IV,valence,subject,normalized_asymmetry,linear_logistic,20260813,1.0,heldout,-0.0602678571428571,0,-0.0285714285714285,0,120,147
SEED-IV,valence,subject,normalized_asymmetry,linear_logistic,20260829,0.25,audit,-0.0345982142857143,0,-0.0006493506493506,0,120,147
SEED-IV,valence,subject,normalized_asymmetry,linear_logistic,20260829,0.5,audit,-0.0669642857142857,0,0.0272727272727272,1,120,147
SEED-IV,valence,subject,normalized_asymmetry,linear_logistic,20260829,0.75,audit,-0.0401785714285714,0,-0.0006493506493506,0,120,147
SEED-IV,valence,subject,normalized_asymmetry,linear_logistic,20260829,1.0,audit,-0.0424107142857143,0,-0.0142857142857143,0,120,147
SEED-IV,valence,subject,normalized_asymmetry,linear_logistic,20260911,0.25,heldout,0.0323660714285714,1,0.0,0,120,147
SEED-IV,valence,subject,normalized_asymmetry,linear_logistic,20260911,0.5,heldout,0.0301339285714285,1,0.0259740259740259,1,120,147
SEED-IV,valence,subject,normalized_asymmetry,linear_logistic,20260911,0.75,heldout,0.0312499999999999,1,0.0266233766233766,1,120,147
SEED-IV,valence,subject,normalized_asymmetry,linear_logistic,20260911,1.0,heldout,0.0479910714285714,1,0.0058441558441558,0,120,147
SEED-IV,valence,subject,normalized_asymmetry,linear_logistic,20260923,0.25,audit,0.0078125,0,0.061038961038961,1,120,147
SEED-IV,valence,subject,normalized_asymmetry,linear_logistic,20260923,0.5,audit,0.0011160714285713,0,0.0064935064935064,0,120,147
SEED-IV,valence,subject,normalized_asymmetry,linear_logistic,20260923,0.75,audit,0.0279017857142855,1,0.0318181818181817,1,120,147
SEED-IV,valence,subject,normalized_asymmetry,linear_logistic,20260923,1.0,audit,-0.0524553571428572,0,0.0331168831168831,1,120,147
SEED-IV,valence,subject,normalized_asymmetry,linear_logistic,20261007,0.25,heldout,-0.0680803571428571,0,0.0,0,120,147
SEED-IV,valence,subject,normalized_asymmetry,linear_logistic,20261007,0.5,heldout,-0.0479910714285714,0,-0.0084415584415584,0,120,147
SEED-IV,valence,subject,normalized_asymmetry,linear_logistic,20261007,0.75,heldout,-0.0803571428571428,0,0.0525974025974026,1,120,147
SEED-IV,valence,subject,normalized_asymmetry,linear_logistic,20261007,1.0,heldout,-0.0747767857142857,0,-0.0129870129870129,0,120,147
SEED-IV,valence,subject,relative_power,gpu_mlp,20260813,0.25,audit,-0.0100446428571427,0,0.0064935064935065,0,120,147
SEED-IV,valence,subject,relative_power,gpu_mlp,20260813,0.5,audit,-0.0424107142857141,0,0.0201298701298702,1,120,147
SEED-IV,valence,subject,relative_power,gpu_mlp,20260813,0.75,audit,0.015625,0,0.0071428571428572,0,120,147
SEED-IV,valence,subject,relative_power,gpu_mlp,20260813,1.0,audit,-0.0357142857142855,0,-0.0064935064935064,0,120,147
SEED-IV,valence,subject,relative_power,gpu_mlp,20260829,0.25,heldout,-0.0435267857142858,0,0.0207792207792207,1,120,147
SEED-IV,valence,subject,relative_power,gpu_mlp,20260829,0.5,heldout,-0.0178571428571429,0,0.0129870129870128,0,120,147
SEED-IV,valence,subject,relative_power,gpu_mlp,20260829,0.75,heldout,-0.0412946428571429,0,0.0129870129870128,0,120,147
SEED-IV,valence,subject,relative_power,gpu_mlp,20260829,1.0,heldout,-0.0401785714285715,0,-0.0077922077922079,0,120,147
SEED-IV,valence,subject,relative_power,gpu_mlp,20260911,0.25,audit,-0.0580357142857143,0,-0.0064935064935064,0,120,147
SEED-IV,valence,subject,relative_power,gpu_mlp,20260911,0.5,audit,-0.0267857142857143,0,-0.0181818181818181,0,120,147
SEED-IV,valence,subject,relative_power,gpu_mlp,20260911,0.75,audit,-0.0167410714285715,0,-0.0337662337662337,0,120,147
SEED-IV,valence,subject,relative_power,gpu_mlp,20260911,1.0,audit,0.0033482142857143,0,-0.0357142857142857,0,120,147
SEED-IV,valence,subject,relative_power,gpu_mlp,20260923,0.25,heldout,-0.0167410714285713,0,0.0058441558441558,0,120,147
SEED-IV,valence,subject,relative_power,gpu_mlp,20260923,0.5,heldout,-0.0078125,0,-0.0233766233766233,0,120,147
SEED-IV,valence,subject,relative_power,gpu_mlp,20260923,0.75,heldout,0.0111607142857141,0,0.0064935064935064,0,120,147
SEED-IV,valence,subject,relative_power,gpu_mlp,20260923,1.0,heldout,-0.0569196428571429,0,-0.0227272727272728,0,120,147
SEED-IV,valence,subject,relative_power,gpu_mlp,20261007,0.25,audit,-0.0424107142857143,0,0.0077922077922077,0,120,147
SEED-IV,valence,subject,relative_power,gpu_mlp,20261007,0.5,audit,0.0178571428571429,0,0.0,0,120,147
SEED-IV,valence,subject,relative_power,gpu_mlp,20261007,0.75,audit,-0.0245535714285715,0,0.0480519480519481,1,120,147
SEED-IV,valence,subject,relative_power,gpu_mlp,20261007,1.0,audit,-0.0066964285714286,0,-0.0051948051948051,0,120,147
SEED-IV,valence,subject,relative_power,linear_logistic,20260813,0.25,heldout,-0.0089285714285713,0,0.0129870129870129,0,120,147
SEED-IV,valence,subject,relative_power,linear_logistic,20260813,0.5,heldout,-0.0089285714285713,0,0.0207792207792207,1,120,147
SEED-IV,valence,subject,relative_power,linear_logistic,20260813,0.75,heldout,0.0167410714285713,0,0.0058441558441558,0,120,147
SEED-IV,valence,subject,relative_power,linear_logistic,20260813,1.0,heldout,0.0078125,0,-0.0006493506493506,0,120,147
SEED-IV,valence,subject,relative_power,linear_logistic,20260829,0.25,audit,-0.0926339285714286,0,0.0006493506493506,0,120,147
SEED-IV,valence,subject,relative_power,linear_logistic,20260829,0.5,audit,0.015625,0,-0.0006493506493506,0,120,147
SEED-IV,valence,subject,relative_power,linear_logistic,20260829,0.75,audit,-0.0524553571428572,0,0.0084415584415583,0,120,147
SEED-IV,valence,subject,relative_power,linear_logistic,20260829,1.0,audit,-0.0814732142857144,0,-0.0266233766233766,0,120,147
SEED-IV,valence,subject,relative_power,linear_logistic,20260911,0.25,heldout,0.0033482142857143,0,-0.0123376623376623,0,120,147
SEED-IV,valence,subject,relative_power,linear_logistic,20260911,0.5,heldout,0.0245535714285713,1,0.0142857142857142,0,120,147
SEED-IV,valence,subject,relative_power,linear_logistic,20260911,0.75,heldout,0.0100446428571429,0,0.0077922077922077,0,120,147
SEED-IV,valence,subject,relative_power,linear_logistic,20260911,1.0,heldout,-0.0066964285714286,0,0.0,0,120,147
SEED-IV,valence,subject,relative_power,linear_logistic,20260923,0.25,audit,-0.0334821428571427,0,0.001948051948052,0,120,147
SEED-IV,valence,subject,relative_power,linear_logistic,20260923,0.5,audit,-0.0591517857142855,0,0.0136363636363636,0,120,147
SEED-IV,valence,subject,relative_power,linear_logistic,20260923,0.75,audit,-0.0078125,0,0.0136363636363636,0,120,147
SEED-IV,valence,subject,relative_power,linear_logistic,20260923,1.0,audit,-0.0223214285714284,0,-0.0207792207792206,0,120,147
SEED-IV,valence,subject,relative_power,linear_logistic,20261007,0.25,heldout,0.0178571428571429,0,0.0207792207792207,1,120,147
SEED-IV,valence,subject,relative_power,linear_logistic,20261007,0.5,heldout,0.0680803571428572,1,0.0136363636363636,0,120,147
SEED-IV,valence,subject,relative_power,linear_logistic,20261007,0.75,heldout,0.0,0,0.0207792207792207,1,120,147
SEED-IV,valence,subject,relative_power,linear_logistic,20261007,1.0,heldout,0.0111607142857143,0,-0.0006493506493505,0,120,147
