task,representation,n_features,model,split_seed,nominal_dose,unseen_balanced_accuracy,dose_balanced_accuracy,subject_exposure_effect,achieved_dose,normalized_mutual_information,metadata_prior_opportunity,encoding_margin,dataset,population,axis,dose_zero_exposure_effect,dose_zero_label_opportunity,dose_zero_metadata_prior_opportunity,dose_induced_amplification,opportunity_delta,metadata_prior_delta,dose_encoding_interaction,model_capacity,material_optimism_event,probability_identity
arousal,all,72,gpu_mlp,20260813,0.25,0.4524948735475051,0.46206425153793573,0.009569377990430616,0.24297536880791265,0.19971834196406696,0.0536401098901099,0.4952380952380952,EPPVR,audit_population,subject,0.005809979494190043,0.03832048053574832,0.06730769230769232,0.0037593984962405735,0.16139786142831863,-0.013667582417582418,0.07993036946926256,4.0,0,0.3129202254259209
arousal,all,72,gpu_mlp,20260813,0.5,0.4524948735475051,0.47812713602187285,0.02563226247436773,0.4972113779556527,0.37003834833545224,0.08392857142857144,0.4952380952380952,EPPVR,audit_population,subject,0.005809979494190043,0.03832048053574832,0.06730769230769232,0.019822282980177686,0.3317178677997039,0.016620879120879117,0.16427932500556763,4.0,0,0.7183619470599677
arousal,all,72,gpu_mlp,20260813,0.75,0.4524948735475051,0.48564593301435405,0.03315105946684893,0.734684368907701,0.5273918797214072,0.09213522588522591,0.4952380952380952,EPPVR,audit_population,subject,0.005809979494190043,0.03832048053574832,0.06730769230769232,0.027341079972658888,0.4890713991856589,0.02482753357753359,0.24220678816813582,4.0,1,0.9023038364807456
arousal,all,72,gpu_mlp,20260813,1.0,0.4524948735475051,0.475393028024607,0.022898154477101862,1.0,0.7044244726310994,0.11571275946275947,0.4952380952380952,EPPVR,audit_population,subject,0.005809979494190043,0.03832048053574832,0.06730769230769232,0.01708817498291182,0.6661039920953511,0.04840506715506715,0.3298800722757929,4.0,0,0.9800025271743682
arousal,all,72,gpu_mlp,20260829,0.25,0.4805194805194805,0.47983595352016406,-0.0006835269993164528,0.24568983923001922,0.19730505464104242,0.019973221223221215,0.5095238095238095,EPPVR,audit_population,subject,0.011278195488721832,0.02710409737226659,0.00972222222222222,-0.011961722488038284,0.17020095726877582,0.010250999000998995,0.08672144013218577,4.0,0,0.23112242543440475
arousal,all,72,gpu_mlp,20260829,0.5,0.4805194805194805,0.47710184552289814,-0.003417634996582375,0.4968301794493207,0.37154243494889283,0.07135142635142634,0.5095238095238095,EPPVR,audit_population,subject,0.011278195488721832,0.02710409737226659,0.00972222222222222,-0.014695830485304207,0.34443833757662623,0.06162920412920412,0.1754995339080905,4.0,0,0.7093670299264936
arousal,all,72,gpu_mlp,20260829,0.75,0.4805194805194805,0.5338345864661654,0.053315105946684926,0.7037504280413203,0.5184019589722606,0.15122779997779995,0.5095238095238095,EPPVR,audit_population,subject,0.011278195488721832,0.02710409737226659,0.00972222222222222,0.042036910457963095,0.491297861599994,0.14150557775557773,0.25032795805333025,4.0,1,0.9616345097869161
arousal,all,72,gpu_mlp,20260829,1.0,0.4805194805194805,0.48632946001367056,0.005809979494190043,1.0,0.7208149199262481,0.070008325008325,0.5095238095238095,EPPVR,audit_population,subject,0.011278195488721832,0.02710409737226659,0.00972222222222222,-0.005468215994531789,0.6937108225539815,0.06028610278610278,0.35346218101560006,4.0,0,0.9701598139945229
arousal,all,72,gpu_mlp,20260911,0.25,0.45010252904989745,0.4818865345181135,0.031784005468216026,0.24694652520578472,0.2002118780001542,0.055018939393939405,0.5166666666666666,EPPVR,audit_population,subject,0.029049897470950103,0.045325065194091685,0.015909090909090918,0.002734107997265922,0.1548868128060625,0.03910984848484848,0.08002485328313229,4.0,0,0.31921557913863835
arousal,all,72,gpu_mlp,20260911,0.5,0.45010252904989745,0.4965823650034176,0.04647983595352018,0.49207136214971736,0.35491352361124906,0.15294823232323235,0.5166666666666666,EPPVR,audit_population,subject,0.029049897470950103,0.045325065194091685,0.015909090909090918,0.017429938482570073,0.3095884584171574,0.13703914141414142,0.15995403684886464,4.0,0,0.8717444745981131
arousal,all,72,gpu_mlp,20260911,0.75,0.45010252904989745,0.4955570745044429,0.04545454545454547,0.7394175875316934,0.50674992327808,0.07397727272727272,0.5166666666666666,EPPVR,audit_population,subject,0.029049897470950103,0.045325065194091685,0.015909090909090918,0.016404647983595366,0.4614248580839883,0.05806818181818181,0.23840284334339393,4.0,0,0.8630538154059053
arousal,all,72,gpu_mlp,20260911,1.0,0.45010252904989745,0.5560492139439508,0.10594668489405334,1.0,0.673858332101686,0.1510037878787879,0.5166666666666666,EPPVR,audit_population,subject,0.029049897470950103,0.045325065194091685,0.015909090909090918,0.07689678742310324,0.6285332669075943,0.13509469696969698,0.324742187902257,4.0,1,0.9864234171318791
arousal,all,72,gpu_mlp,20260923,0.25,0.436431989063568,0.4535201640464798,0.01708817498291182,0.24530545888058208,0.1923875542904973,0.06550976800976802,0.4571428571428572,EPPVR,audit_population,subject,-0.017429938482570073,0.028281514383108507,0.00972222222222222,0.03451811346548189,0.1641060399073888,0.05578754578754579,0.07501990395766346,4.0,1,0.33508677120392755
arousal,all,72,gpu_mlp,20260923,0.5,0.436431989063568,0.47881066302118935,0.04237867395762135,0.4968249488168865,0.36014722226636187,0.06036719816131584,0.4571428571428572,EPPVR,audit_population,subject,-0.017429938482570073,0.028281514383108507,0.00972222222222222,0.05980861244019142,0.33186570788325337,0.05064497593909362,0.15171003788948728,4.0,1,0.605350101460822
arousal,all,72,gpu_mlp,20260923,0.75,0.436431989063568,0.4805194805194805,0.04408749145591251,0.7162588300027207,0.5054923810586868,0.14193582561229617,0.4571428571428572,EPPVR,audit_population,subject,-0.017429938482570073,0.028281514383108507,0.00972222222222222,0.06151742993848258,0.47721086667557827,0.13221360339007396,0.21815353905169294,4.0,1,0.9381207325592349
arousal,all,72,gpu_mlp,20260923,1.0,0.436431989063568,0.49282296650717705,0.05639097744360905,1.0,0.6964755853111579,0.12744406737053798,0.4571428571428572,EPPVR,audit_population,subject,-0.017429938482570073,0.028281514383108507,0.00972222222222222,0.07382091592617912,0.6681940709280494,0.11772184514831577,0.30546014670996546,4.0,1,0.9792179458611627
arousal,all,72,gpu_mlp,20261007,0.25,0.47607655502392343,0.43403964456596034,-0.042036910457963095,0.2221230571983165,0.18343288220388249,0.028479236812570155,0.45000000000000007,EPPVR,audit_population,subject,-0.027341079972658888,0.03673741436081172,-0.0010198135198135122,-0.014695830485304207,0.14669546784307078,0.029499050332383668,0.06601296052938185,4.0,0,0.1980928321165938
arousal,all,72,gpu_mlp,20261007,0.5,0.47607655502392343,0.4589883800410116,-0.01708817498291182,0.457641156368368,0.3399347258332666,-0.02244345161011828,0.45000000000000007,EPPVR,audit_population,subject,-0.027341079972658888,0.03673741436081172,-0.0010198135198135122,0.01025290498974707,0.3031973114724549,-0.021423638090304765,0.1364387901626047,4.0,0,0.25370689105261046
arousal,all,72,gpu_mlp,20261007,0.75,0.47607655502392343,0.43677375256322626,-0.03930280246069717,0.6601373945010655,0.4754712082049724,-0.008498445998445977,0.45000000000000007,EPPVR,audit_population,subject,-0.027341079972658888,0.03673741436081172,-0.0010198135198135122,-0.011961722488038284,0.43873379384416067,-0.007478632478632465,0.19743020722987234,4.0,0,0.5231577344658747
arousal,all,72,gpu_mlp,20261007,1.0,0.47607655502392343,0.46479835953520166,-0.011278195488721776,0.9,0.6331187898085061,0.028479236812570155,0.45000000000000007,EPPVR,audit_population,subject,-0.027341079972658888,0.03673741436081172,-0.0010198135198135122,0.016062884483937112,0.5963813754476944,0.029499050332383668,0.26837161895146255,4.0,0,0.8551483021654837
arousal,all,72,linear_logistic,20260813,0.25,0.4261790840738209,0.4319890635680109,0.005809979494190043,0.24297536880791265,0.19971834196406696,0.0536401098901099,0.4952380952380952,EPPVR,audit_population,subject,0.048530416951469646,0.03832048053574832,0.06730769230769232,-0.0427204374572796,0.16139786142831863,-0.013667582417582418,0.07993036946926256,1.0,0,0.22252048143536088
arousal,all,72,linear_logistic,20260813,0.5,0.4261790840738209,0.4395078605604921,0.013328776486671245,0.4972113779556527,0.37003834833545224,0.08392857142857144,0.4952380952380952,EPPVR,audit_population,subject,0.048530416951469646,0.03832048053574832,0.06730769230769232,-0.0352016404647984,0.3317178677997039,0.016620879120879117,0.16427932500556763,1.0,0,0.6158131972293306
arousal,all,72,linear_logistic,20260813,0.75,0.4261790840738209,0.4589883800410116,0.03280929596719073,0.734684368907701,0.5273918797214072,0.09213522588522591,0.4952380952380952,EPPVR,audit_population,subject,0.048530416951469646,0.03832048053574832,0.06730769230769232,-0.015721120984278913,0.4890713991856589,0.02482753357753359,0.24220678816813582,1.0,0,0.853028339373343
arousal,all,72,linear_logistic,20260813,1.0,0.4261790840738209,0.46924128503075874,0.04306220095693786,1.0,0.7044244726310994,0.11571275946275947,0.4952380952380952,EPPVR,audit_population,subject,0.048530416951469646,0.03832048053574832,0.06730769230769232,-0.005468215994531789,0.6661039920953511,0.04840506715506715,0.3298800722757929,1.0,0,0.9685503681230411
arousal,all,72,linear_logistic,20260829,0.25,0.4887218045112782,0.4815447710184552,-0.007177033492823004,0.24568983923001922,0.19730505464104242,0.019973221223221215,0.5095238095238095,EPPVR,audit_population,subject,0.028024606971975397,0.02710409737226659,0.00972222222222222,-0.0352016404647984,0.17020095726877582,0.010250999000998995,0.08672144013218577,1.0,0,0.15888867288726294
arousal,all,72,linear_logistic,20260829,0.5,0.4887218045112782,0.5010252904989747,0.012303485987696483,0.4968301794493207,0.37154243494889283,0.07135142635142634,0.5095238095238095,EPPVR,audit_population,subject,0.028024606971975397,0.02710409737226659,0.00972222222222222,-0.015721120984278913,0.34443833757662623,0.06162920412920412,0.1754995339080905,1.0,0,0.6053424326761746
arousal,all,72,linear_logistic,20260829,0.75,0.4887218045112782,0.5205058099794941,0.031784005468215915,0.7037504280413203,0.5184019589722606,0.15122779997779995,0.5095238095238095,EPPVR,audit_population,subject,0.028024606971975397,0.02710409737226659,0.00972222222222222,0.003759398496240518,0.491297861599994,0.14150557775557773,0.25032795805333025,1.0,0,0.940304103469142
arousal,all,72,linear_logistic,20260829,1.0,0.4887218045112782,0.49726589200273413,0.00854408749145591,1.0,0.7208149199262481,0.070008325008325,0.5095238095238095,EPPVR,audit_population,subject,0.028024606971975397,0.02710409737226659,0.00972222222222222,-0.019480519480519487,0.6937108225539815,0.06028610278610278,0.35346218101560006,1.0,0,0.9533393074216178
arousal,all,72,linear_logistic,20260911,0.25,0.48632946001367056,0.5088858509911142,0.022556390977443608,0.24694652520578472,0.2002118780001542,0.055018939393939405,0.5166666666666666,EPPVR,audit_population,subject,0.00854408749145591,0.045325065194091685,0.015909090909090918,0.014012303485987698,0.1548868128060625,0.03910984848484848,0.08002485328313229,1.0,0,0.22759961188977343
arousal,all,72,linear_logistic,20260911,0.5,0.48632946001367056,0.47231715652768286,-0.014012303485987698,0.49207136214971736,0.35491352361124906,0.15294823232323235,0.5166666666666666,EPPVR,audit_population,subject,0.00854408749145591,0.045325065194091685,0.015909090909090918,-0.022556390977443608,0.3095884584171574,0.13703914141414142,0.15995403684886464,1.0,0,0.8102961686126424
arousal,all,72,linear_logistic,20260911,0.75,0.48632946001367056,0.47881066302118935,-0.007518796992481203,0.7394175875316934,0.50674992327808,0.07397727272727272,0.5166666666666666,EPPVR,audit_population,subject,0.00854408749145591,0.045325065194091685,0.015909090909090918,-0.016062884483937112,0.4614248580839883,0.05806818181818181,0.23840284334339393,1.0,0,0.798404633859371
arousal,all,72,linear_logistic,20260911,1.0,0.48632946001367056,0.5133287764866712,0.026999316473000634,1.0,0.673858332101686,0.1510037878787879,0.5166666666666666,EPPVR,audit_population,subject,0.00854408749145591,0.045325065194091685,0.015909090909090918,0.018455228981544725,0.6285332669075943,0.13509469696969698,0.324742187902257,1.0,0,0.9785679591187911
arousal,all,72,linear_logistic,20260923,0.25,0.44360902255639095,0.4606971975393028,0.017088174982911875,0.24530545888058208,0.1923875542904973,0.06550976800976802,0.4571428571428572,EPPVR,audit_population,subject,0.03280929596719068,0.028281514383108507,0.00972222222222222,-0.015721120984278802,0.1641060399073888,0.05578754578754579,0.07501990395766346,1.0,0,0.24052505566686924
arousal,all,72,linear_logistic,20260923,0.5,0.44360902255639095,0.4979494190020506,0.05434039644565963,0.4968249488168865,0.36014722226636187,0.06036719816131584,0.4571428571428572,EPPVR,audit_population,subject,0.03280929596719068,0.028281514383108507,0.00972222222222222,0.021531100478468956,0.33186570788325337,0.05064497593909362,0.15171003788948728,1.0,1,0.490819006513401
arousal,all,72,linear_logistic,20260923,0.75,0.44360902255639095,0.4849624060150376,0.04135338345864664,0.7162588300027207,0.5054923810586868,0.14193582561229617,0.4571428571428572,EPPVR,audit_population,subject,0.03280929596719068,0.028281514383108507,0.00972222222222222,0.008544087491455965,0.47721086667557827,0.13221360339007396,0.21815353905169294,1.0,0,0.9050085438798683
arousal,all,72,linear_logistic,20260923,1.0,0.44360902255639095,0.4894053315105946,0.04579630895420367,1.0,0.6964755853111579,0.12744406737053798,0.4571428571428572,EPPVR,audit_population,subject,0.03280929596719068,0.028281514383108507,0.00972222222222222,0.012987012987012991,0.6681940709280494,0.11772184514831577,0.30546014670996546,1.0,0,0.9673314505027779
arousal,all,72,linear_logistic,20261007,0.25,0.49965823650034175,0.5164046479835953,0.016746411483253565,0.2221230571983165,0.18343288220388249,0.028479236812570155,0.45000000000000007,EPPVR,audit_population,subject,0.023923444976076513,0.03673741436081172,-0.0010198135198135122,-0.0071770334928229484,0.14669546784307078,0.029499050332383668,0.06601296052938185,1.0,0,0.13437782379209068
arousal,all,72,linear_logistic,20261007,0.5,0.49965823650034175,0.501367053998633,0.0017088174982912707,0.457641156368368,0.3399347258332666,-0.02244345161011828,0.45000000000000007,EPPVR,audit_population,subject,0.023923444976076513,0.03673741436081172,-0.0010198135198135122,-0.022214627477785243,0.3031973114724549,-0.021423638090304765,0.1364387901626047,1.0,0,0.1760307035489623
arousal,all,72,linear_logistic,20261007,0.75,0.49965823650034175,0.5218728639781272,0.02221462747778541,0.6601373945010655,0.4754712082049724,-0.008498445998445977,0.45000000000000007,EPPVR,audit_population,subject,0.023923444976076513,0.03673741436081172,-0.0010198135198135122,-0.0017088174982911042,0.43873379384416067,-0.007478632478632465,0.19743020722987234,1.0,0,0.40809678337911387
arousal,all,72,linear_logistic,20261007,1.0,0.49965823650034175,0.47607655502392343,-0.023581681476418315,0.9,0.6331187898085061,0.028479236812570155,0.45000000000000007,EPPVR,audit_population,subject,0.023923444976076513,0.03673741436081172,-0.0010198135198135122,-0.04750512645249483,0.5963813754476944,0.029499050332383668,0.26837161895146255,1.0,0,0.7876851981179954
arousal,baseline_delta,72,gpu_mlp,20260813,0.25,0.474025974025974,0.45078605604921396,-0.02323991797676006,0.24297536880791265,0.19971834196406696,0.0536401098901099,0.5095238095238095,EPPVR,audit_population,subject,-0.015721120984278858,0.03832048053574832,0.06730769230769232,-0.007518796992481203,0.16139786142831863,-0.013667582417582418,0.08223605320395282,4.0,0,0.32112452715448175
arousal,baseline_delta,72,gpu_mlp,20260813,0.5,0.474025974025974,0.4825700615174299,0.00854408749145591,0.4972113779556527,0.37003834833545224,0.08392857142857144,0.5095238095238095,EPPVR,audit_population,subject,-0.015721120984278858,0.03832048053574832,0.06730769230769232,0.024265208475734767,0.3317178677997039,0.016620879120879117,0.16901815168842055,4.0,1,0.7293250551505991
arousal,baseline_delta,72,gpu_mlp,20260813,0.75,0.474025974025974,0.45864661654135336,-0.01537935748462066,0.734684368907701,0.5273918797214072,0.09213522588522591,0.5095238095238095,EPPVR,audit_population,subject,-0.015721120984278858,0.03832048053574832,0.06730769230769232,0.00034176349965819863,0.4890713991856589,0.02482753357753359,0.24919352244221665,4.0,0,0.908346012409752
arousal,baseline_delta,72,gpu_mlp,20260813,1.0,0.474025974025974,0.47983595352016406,0.005809979494190043,1.0,0.7044244726310994,0.11571275946275947,0.5095238095238095,EPPVR,audit_population,subject,-0.015721120984278858,0.03832048053574832,0.06730769230769232,0.0215311004784689,0.6661039920953511,0.04840506715506715,0.33939584359144076,4.0,1,0.9816587317707467
arousal,baseline_delta,72,gpu_mlp,20260829,0.25,0.474025974025974,0.44976076555023925,-0.024265208475734767,0.24568983923001922,0.19730505464104242,0.019973221223221215,0.5285714285714285,EPPVR,audit_population,subject,-0.008202323991797655,0.02710409737226659,0.00972222222222222,-0.016062884483937112,0.17020095726877582,0.010250999000998995,0.08996336312778148,4.0,0,0.24043591085489238
arousal,baseline_delta,72,gpu_mlp,20260829,0.5,0.474025974025974,0.46924128503075874,-0.0047846889952152805,0.4968301794493207,0.37154243494889283,0.07135142635142634,0.5285714285714285,EPPVR,audit_population,subject,-0.008202323991797655,0.02710409737226659,0.00972222222222222,0.003417634996582375,0.34443833757662623,0.06162920412920412,0.18206026414764526,4.0,0,0.7245478510818458
arousal,baseline_delta,72,gpu_mlp,20260829,0.75,0.474025974025974,0.5133287764866712,0.03930280246069717,0.7037504280413203,0.5184019589722606,0.15122779997779995,0.5285714285714285,EPPVR,audit_population,subject,-0.008202323991797655,0.02710409737226659,0.00972222222222222,0.04750512645249483,0.491297861599994,0.14150557775557773,0.2596860125599968,4.0,1,0.9649666407496156
arousal,baseline_delta,72,gpu_mlp,20260829,1.0,0.474025974025974,0.46274777853725224,-0.011278195488721776,1.0,0.7208149199262481,0.070008325008325,0.5285714285714285,EPPVR,audit_population,subject,-0.008202323991797655,0.02710409737226659,0.00972222222222222,-0.0030758714969241208,0.6937108225539815,0.06028610278610278,0.3666757204928187,4.0,0,0.9734751584701649
arousal,baseline_delta,72,gpu_mlp,20260911,0.25,0.5191387559808612,0.5249487354750513,0.005809979494190043,0.24694652520578472,0.2002118780001542,0.055018939393939405,0.5214285714285714,EPPVR,audit_population,subject,0.007518796992481147,0.045325065194091685,0.015909090909090918,-0.0017088174982911042,0.1548868128060625,0.03910984848484848,0.08076240953458973,4.0,0,0.3219196157048417
arousal,baseline_delta,72,gpu_mlp,20260911,0.5,0.5191387559808612,0.5266575529733424,0.007518796992481147,0.49207136214971736,0.35491352361124906,0.15294823232323235,0.5214285714285714,EPPVR,audit_population,subject,0.007518796992481147,0.045325065194091685,0.015909090909090918,0.0,0.3095884584171574,0.13703914141414142,0.16142826760323203,4.0,0,0.8736937894987902
arousal,baseline_delta,72,gpu_mlp,20260911,0.75,0.5191387559808612,0.5095693779904307,-0.009569377990430561,0.7394175875316934,0.50674992327808,0.07397727272727272,0.5214285714285714,EPPVR,audit_population,subject,0.007518796992481147,0.045325065194091685,0.015909090909090918,-0.017088174982911708,0.4614248580839883,0.05806818181818181,0.2406001045723653,4.0,0,0.8657016860198558
arousal,baseline_delta,72,gpu_mlp,20260911,1.0,0.5191387559808612,0.5283663704716337,0.009227614490772473,1.0,0.673858332101686,0.1510037878787879,0.5214285714285714,EPPVR,audit_population,subject,0.007518796992481147,0.045325065194091685,0.015909090909090918,0.0017088174982913262,0.6285332669075943,0.13509469696969698,0.3277352034589598,4.0,0,0.9867950772267381
arousal,baseline_delta,72,gpu_mlp,20260923,0.25,0.4989747095010253,0.47573479152426523,-0.02323991797676006,0.24530545888058208,0.1923875542904973,0.06550976800976802,0.49761904761904757,EPPVR,audit_population,subject,0.0030758714969241208,0.028281514383108507,0.00972222222222222,-0.02631578947368418,0.1641060399073888,0.05578754578754579,0.08166229128724824,4.0,0,0.3595912887086184
arousal,baseline_delta,72,gpu_mlp,20260923,0.5,0.4989747095010253,0.5365686944634313,0.03759398496240596,0.4968249488168865,0.36014722226636187,0.06036719816131584,0.49761904761904757,EPPVR,audit_population,subject,0.0030758714969241208,0.028281514383108507,0.00972222222222222,0.03451811346548184,0.33186570788325337,0.05064497593909362,0.1651426974942856,4.0,1,0.6418167774855438
arousal,baseline_delta,72,gpu_mlp,20260923,0.75,0.4989747095010253,0.5280246069719754,0.029049897470950103,0.7162588300027207,0.5054923810586868,0.14193582561229617,0.49761904761904757,EPPVR,audit_population,subject,0.0030758714969241208,0.028281514383108507,0.00972222222222222,0.025974025974025983,0.47721086667557827,0.13221360339007396,0.23746921698856155,4.0,1,0.9485899439350465
arousal,baseline_delta,72,gpu_mlp,20260923,1.0,0.4989747095010253,0.5328092959671907,0.03383458646616544,1.0,0.6964755853111579,0.12744406737053798,0.49761904761904757,EPPVR,audit_population,subject,0.0030758714969241208,0.028281514383108507,0.00972222222222222,0.03075871496924132,0.6681940709280494,0.11772184514831577,0.33250609719991026,4.0,1,0.9837453240553955
arousal,baseline_delta,72,gpu_mlp,20261007,0.25,0.49282296650717705,0.5177717019822283,0.024948735475051276,0.2221230571983165,0.18343288220388249,0.028479236812570155,0.4904761904761904,EPPVR,audit_population,subject,0.08168147641831847,0.03673741436081172,-0.0010198135198135122,-0.05673274094326719,0.14669546784307078,0.029499050332383668,0.07195063422779184,4.0,0,0.2150010040144422
arousal,baseline_delta,72,gpu_mlp,20261007,0.5,0.49282296650717705,0.5577580314422419,0.06493506493506485,0.457641156368368,0.3399347258332666,-0.02244345161011828,0.4904761904761904,EPPVR,audit_population,subject,0.08168147641831847,0.03673741436081172,-0.0010198135198135122,-0.01674641148325362,0.3031973114724549,-0.021423638090304765,0.1487110622936326,4.0,0,0.28260522652734177
arousal,baseline_delta,72,gpu_mlp,20261007,0.75,0.49282296650717705,0.5150375939849624,0.022214627477785354,0.6601373945010655,0.4754712082049724,-0.008498445998445977,0.4904761904761904,EPPVR,audit_population,subject,0.08168147641831847,0.03673741436081172,-0.0010198135198135122,-0.05946684894053311,0.43873379384416067,-0.007478632478632465,0.2151884798378502,4.0,0,0.5691276728883214
arousal,baseline_delta,72,gpu_mlp,20261007,1.0,0.49282296650717705,0.5075187969924811,0.014695830485304096,0.9,0.6331187898085061,0.028479236812570155,0.4904761904761904,EPPVR,audit_population,subject,0.08168147641831847,0.03673741436081172,-0.0010198135198135122,-0.06698564593301437,0.5963813754476944,0.029499050332383668,0.2925108651005358,4.0,0,0.8813868744620073
arousal,baseline_delta,72,linear_logistic,20260813,0.25,0.4849624060150376,0.5010252904989747,0.016062884483937112,0.24297536880791265,0.19971834196406696,0.0536401098901099,0.5095238095238095,EPPVR,audit_population,subject,0.017771701982228327,0.03832048053574832,0.06730769230769232,-0.0017088174982912152,0.16139786142831863,-0.013667582417582418,0.08223605320395282,1.0,0,0.22914509428624327
arousal,baseline_delta,72,linear_logistic,20260813,0.5,0.4849624060150376,0.5410116199589884,0.05604921394395079,0.4972113779556527,0.37003834833545224,0.08392857142857144,0.5095238095238095,EPPVR,audit_population,subject,0.017771701982228327,0.03832048053574832,0.06730769230769232,0.038277511961722466,0.3317178677997039,0.016620879120879117,0.16901815168842055,1.0,1,0.6287049070564676
arousal,baseline_delta,72,linear_logistic,20260813,0.75,0.4849624060150376,0.5064935064935064,0.021531100478468845,0.734684368907701,0.5273918797214072,0.09213522588522591,0.5095238095238095,EPPVR,audit_population,subject,0.017771701982228327,0.03832048053574832,0.06730769230769232,0.003759398496240518,0.4890713991856589,0.02482753357753359,0.24919352244221665,1.0,0,0.8616507642994626
arousal,baseline_delta,72,linear_logistic,20260813,1.0,0.4849624060150376,0.49624060150375937,0.011278195488721776,1.0,0.7044244726310994,0.11571275946275947,0.5095238095238095,EPPVR,audit_population,subject,0.017771701982228327,0.03832048053574832,0.06730769230769232,-0.006493506493506551,0.6661039920953511,0.04840506715506715,0.33939584359144076,1.0,0,0.9711271044382556
arousal,baseline_delta,72,linear_logistic,20260829,0.25,0.46172248803827753,0.4719753930280246,0.01025290498974707,0.24568983923001922,0.19730505464104242,0.019973221223221215,0.5285714285714285,EPPVR,audit_population,subject,0.001025290498974707,0.02710409737226659,0.00972222222222222,0.009227614490772362,0.17020095726877582,0.010250999000998995,0.08996336312778148,1.0,0,0.16591950345960776
arousal,baseline_delta,72,linear_logistic,20260829,0.5,0.46172248803827753,0.4989747095010253,0.03725222146274776,0.4968301794493207,0.37154243494889283,0.07135142635142634,0.5285714285714285,EPPVR,audit_population,subject,0.001025290498974707,0.02710409737226659,0.00972222222222222,0.03622693096377305,0.34443833757662623,0.06162920412920412,0.18206026414764526,1.0,1,0.6230696404965749
arousal,baseline_delta,72,linear_logistic,20260829,0.75,0.46172248803827753,0.4719753930280246,0.01025290498974707,0.7037504280413203,0.5184019589722606,0.15122779997779995,0.5285714285714285,EPPVR,audit_population,subject,0.001025290498974707,0.02710409737226659,0.00972222222222222,0.009227614490772362,0.491297861599994,0.14150557775557773,0.2596860125599968,1.0,0,0.9453836104131418
arousal,baseline_delta,72,linear_logistic,20260829,1.0,0.46172248803827753,0.48120300751879697,0.01948051948051943,1.0,0.7208149199262481,0.070008325008325,0.5285714285714285,EPPVR,audit_population,subject,0.001025290498974707,0.02710409737226659,0.00972222222222222,0.018455228981544725,0.6937108225539815,0.06028610278610278,0.3666757204928187,1.0,0,0.9584434161763903
arousal,baseline_delta,72,linear_logistic,20260911,0.25,0.531784005468216,0.48735475051264526,-0.04442925495557076,0.24694652520578472,0.2002118780001542,0.055018939393939405,0.5214285714285714,EPPVR,audit_population,subject,0.001025290498974707,0.045325065194091685,0.015909090909090918,-0.04545454545454547,0.1548868128060625,0.03910984848484848,0.08076240953458973,1.0,0,0.22978953181183806
arousal,baseline_delta,72,linear_logistic,20260911,0.5,0.531784005468216,0.518796992481203,-0.012987012987012991,0.49207136214971736,0.35491352361124906,0.15294823232323235,0.5214285714285714,EPPVR,audit_population,subject,0.001025290498974707,0.045325065194091685,0.015909090909090918,-0.014012303485987698,0.3095884584171574,0.13703914141414142,0.16142826760323203,1.0,0,0.8129790540523294
arousal,baseline_delta,72,linear_logistic,20260911,0.75,0.531784005468216,0.4945317840054682,-0.037252221462747814,0.7394175875316934,0.50674992327808,0.07397727272727272,0.5214285714285714,EPPVR,audit_population,subject,0.001025290498974707,0.045325065194091685,0.015909090909090918,-0.03827751196172252,0.4614248580839883,0.05806818181818181,0.2406001045723653,1.0,0,0.8020157545546794
arousal,baseline_delta,72,linear_logistic,20260911,1.0,0.531784005468216,0.5177717019822283,-0.014012303485987698,1.0,0.673858332101686,0.1510037878787879,0.5214285714285714,EPPVR,audit_population,subject,0.001025290498974707,0.045325065194091685,0.015909090909090918,-0.015037593984962405,0.6285332669075943,0.13509469696969698,0.3277352034589598,1.0,0,0.9791501176870124
arousal,baseline_delta,72,linear_logistic,20260923,0.25,0.5034176349965823,0.47744360902255634,-0.025974025974025983,0.24530545888058208,0.1923875542904973,0.06550976800976802,0.49761904761904757,EPPVR,audit_population,subject,-0.01948051948051943,0.028281514383108507,0.00972222222222222,-0.006493506493506551,0.1641060399073888,0.05578754578754579,0.08166229128724824,1.0,0,0.26082701947725645
arousal,baseline_delta,72,linear_logistic,20260923,0.5,0.5034176349965823,0.5102529049897471,0.00683526999316475,0.4968249488168865,0.36014722226636187,0.06036719816131584,0.49761904761904757,EPPVR,audit_population,subject,-0.01948051948051943,0.028281514383108507,0.00972222222222222,0.02631578947368418,0.33186570788325337,0.05064497593909362,0.1651426974942856,1.0,1,0.5296457333050352
arousal,baseline_delta,72,linear_logistic,20260923,0.75,0.5034176349965823,0.4979494190020506,-0.005468215994531733,0.7162588300027207,0.5054923810586868,0.14193582561229617,0.49761904761904757,EPPVR,audit_population,subject,-0.01948051948051943,0.028281514383108507,0.00972222222222222,0.014012303485987698,0.47721086667557827,0.13221360339007396,0.23746921698856155,1.0,0,0.9206058122901897
arousal,baseline_delta,72,linear_logistic,20260923,1.0,0.5034176349965823,0.5266575529733424,0.02323991797676006,1.0,0.6964755853111579,0.12744406737053798,0.49761904761904757,EPPVR,audit_population,subject,-0.01948051948051943,0.028281514383108507,0.00972222222222222,0.04272043745727949,0.6681940709280494,0.11772184514831577,0.33250609719991026,1.0,1,0.9743805571843988
arousal,baseline_delta,72,linear_logistic,20261007,0.25,0.4794941900205058,0.5324675324675324,0.05297334244702662,0.2221230571983165,0.18343288220388249,0.028479236812570155,0.4904761904761904,EPPVR,audit_population,subject,0.029733424470266556,0.03673741436081172,-0.0010198135198135122,0.02323991797676006,0.14669546784307078,0.029499050332383668,0.07195063422779184,1.0,1,0.14684347899435862
arousal,baseline_delta,72,linear_logistic,20261007,0.5,0.4794941900205058,0.5498974709501026,0.07040328092959675,0.457641156368368,0.3399347258332666,-0.02244345161011828,0.4904761904761904,EPPVR,audit_population,subject,0.029733424470266556,0.03673741436081172,-0.0010198135198135122,0.04066985645933019,0.3031973114724549,-0.021423638090304765,0.1487110622936326,1.0,1,0.19843390681547413
arousal,baseline_delta,72,linear_logistic,20261007,0.75,0.4794941900205058,0.5136705399863295,0.034176349965823694,0.6601373945010655,0.4754712082049724,-0.008498445998445977,0.4904761904761904,EPPVR,audit_population,subject,0.029733424470266556,0.03673741436081172,-0.0010198135198135122,0.004442925495557137,0.43873379384416067,-0.007478632478632465,0.2151884798378502,1.0,0,0.45357335428548506
arousal,baseline_delta,72,linear_logistic,20261007,1.0,0.4794941900205058,0.4976076555023923,0.01811346548188647,0.9,0.6331187898085061,0.028479236812570155,0.4904761904761904,EPPVR,audit_population,subject,0.029733424470266556,0.03673741436081172,-0.0010198135198135122,-0.011619958988380086,0.5963813754476944,0.029499050332383668,0.2925108651005358,1.0,0,0.8236236281925639
arousal,normalized_asymmetry,12,gpu_mlp,20260813,0.25,0.4084073820915926,0.4531784005468216,0.04477101845522902,0.24297536880791265,0.19971834196406696,0.0536401098901099,0.2714285714285714,EPPVR,audit_population,subject,0.03451811346548189,0.03832048053574832,0.06730769230769232,0.010252904989747125,0.16139786142831863,-0.013667582417582418,0.043807990959115056,4.0,0,0.20098246826906233
arousal,normalized_asymmetry,12,gpu_mlp,20260813,0.5,0.4084073820915926,0.4589883800410116,0.050580997949419004,0.4972113779556527,0.37003834833545224,0.08392857142857144,0.2714285714285714,EPPVR,audit_population,subject,0.03451811346548189,0.03832048053574832,0.06730769230769232,0.016062884483937112,0.3317178677997039,0.016620879120879117,0.09003770697420534,4.0,0,0.5192486680543358
arousal,normalized_asymmetry,12,gpu_mlp,20260813,0.75,0.4084073820915926,0.43814080656185916,0.029733424470266556,0.734684368907701,0.5273918797214072,0.09213522588522591,0.2714285714285714,EPPVR,audit_population,subject,0.03451811346548189,0.03832048053574832,0.06730769230769232,-0.004784688995215336,0.4890713991856589,0.02482753357753359,0.13274795120753596,4.0,0,0.7536807341588556
arousal,normalized_asymmetry,12,gpu_mlp,20260813,1.0,0.4084073820915926,0.45522898154477104,0.04682159945317843,1.0,0.7044244726310994,0.11571275946275947,0.2714285714285714,EPPVR,audit_population,subject,0.03451811346548189,0.03832048053574832,0.06730769230769232,0.012303485987696539,0.6661039920953511,0.04840506715506715,0.18079965499730957,4.0,0,0.924914628512795
arousal,normalized_asymmetry,12,gpu_mlp,20260829,0.25,0.42857142857142855,0.43267259056732743,0.004101161995898883,0.24568983923001922,0.19730505464104242,0.019973221223221215,0.2642857142857143,EPPVR,audit_population,subject,0.023239917976760116,0.02710409737226659,0.00972222222222222,-0.019138755980861233,0.17020095726877582,0.010250999000998995,0.044981681563890756,4.0,0,0.13382748584295925
arousal,normalized_asymmetry,12,gpu_mlp,20260829,0.5,0.42857142857142855,0.4504442925495557,0.021872863978127155,0.4968301794493207,0.37154243494889283,0.07135142635142634,0.2642857142857143,EPPVR,audit_population,subject,0.023239917976760116,0.02710409737226659,0.00972222222222222,-0.001367053998632961,0.34443833757662623,0.06162920412920412,0.09103013207382264,4.0,0,0.48225206230081036
arousal,normalized_asymmetry,12,gpu_mlp,20260829,0.75,0.42857142857142855,0.47163362952836635,0.0430622009569378,0.7037504280413203,0.5184019589722606,0.15122779997779995,0.2642857142857143,EPPVR,audit_population,subject,0.023239917976760116,0.02710409737226659,0.00972222222222222,0.019822282980177686,0.491297861599994,0.14150557775557773,0.12984300627999842,4.0,0,0.8815455719933211
arousal,normalized_asymmetry,12,gpu_mlp,20260829,1.0,0.42857142857142855,0.44668489405331513,0.01811346548188658,1.0,0.7208149199262481,0.070008325008325,0.2642857142857143,EPPVR,audit_population,subject,0.023239917976760116,0.02710409737226659,0.00972222222222222,-0.005126452494873535,0.6937108225539815,0.06028610278610278,0.1833378602464094,4.0,0,0.8722875359312505
arousal,normalized_asymmetry,12,gpu_mlp,20260911,0.25,0.4439507860560492,0.45420369104579633,0.010252904989747125,0.24694652520578472,0.2002118780001542,0.055018939393939405,0.29761904761904767,EPPVR,audit_population,subject,0.014695830485304151,0.045325065194091685,0.015909090909090918,-0.004442925495557026,0.1548868128060625,0.03910984848484848,0.04609726571609004,4.0,0,0.20941230762603175
arousal,normalized_asymmetry,12,gpu_mlp,20260911,0.5,0.4439507860560492,0.46514012303485985,0.021189336978810647,0.49207136214971736,0.35491352361124906,0.15294823232323235,0.29761904761904767,EPPVR,audit_population,subject,0.014695830485304151,0.045325065194091685,0.015909090909090918,0.006493506493506496,0.3095884584171574,0.13703914141414142,0.09213942214796352,4.0,0,0.7519834487537007
arousal,normalized_asymmetry,12,gpu_mlp,20260911,0.75,0.4439507860560492,0.4538619275461381,0.00991114149008887,0.7394175875316934,0.50674992327808,0.07397727272727272,0.29761904761904767,EPPVR,audit_population,subject,0.014695830485304151,0.045325065194091685,0.015909090909090918,-0.0047846889952152805,0.4614248580839883,0.05806818181818181,0.13732882681071082,4.0,0,0.6903699797368822
arousal,normalized_asymmetry,12,gpu_mlp,20260911,1.0,0.4439507860560492,0.4688995215311005,0.024948735475051276,1.0,0.673858332101686,0.1510037878787879,0.29761904761904767,EPPVR,audit_population,subject,0.014695830485304151,0.045325065194091685,0.015909090909090918,0.010252904989747125,0.6285332669075943,0.13509469696969698,0.1870634722939269,4.0,0,0.9521931839769262
arousal,normalized_asymmetry,12,gpu_mlp,20260923,0.25,0.3981544771018455,0.398838004101162,0.0006835269993165083,0.24530545888058208,0.1923875542904973,0.06550976800976802,0.2785714285714286,EPPVR,audit_population,subject,-0.011278195488721776,0.028281514383108507,0.00972222222222222,0.011961722488038284,0.1641060399073888,0.05578754578754579,0.04571525397420117,4.0,0,0.2382487712204742
arousal,normalized_asymmetry,12,gpu_mlp,20260923,0.5,0.3981544771018455,0.4289131920710868,0.03075871496924132,0.4968249488168865,0.36014722226636187,0.06036719816131584,0.2785714285714286,EPPVR,audit_population,subject,-0.011278195488721776,0.028281514383108507,0.00972222222222222,0.042036910457963095,0.33186570788325337,0.05064497593909362,0.0924483043389063,4.0,1,0.43585488448814275
arousal,normalized_asymmetry,12,gpu_mlp,20260923,0.75,0.3981544771018455,0.41968557758031444,0.021531100478468956,0.7162588300027207,0.5054923810586868,0.14193582561229617,0.2785714285714286,EPPVR,audit_population,subject,-0.011278195488721776,0.028281514383108507,0.00972222222222222,0.03280929596719073,0.47721086667557827,0.13221360339007396,0.13293731285962537,4.0,1,0.8643623597951476
arousal,normalized_asymmetry,12,gpu_mlp,20260923,1.0,0.3981544771018455,0.410457963089542,0.012303485987696539,1.0,0.6964755853111579,0.12744406737053798,0.2785714285714286,EPPVR,audit_population,subject,-0.011278195488721776,0.028281514383108507,0.00972222222222222,0.023581681476418315,0.6681940709280494,0.11772184514831577,0.1861397769013852,4.0,1,0.9398174121477021
arousal,normalized_asymmetry,12,gpu_mlp,20261007,0.25,0.4777853725222146,0.487012987012987,0.009227614490772418,0.2221230571983165,0.18343288220388249,0.028479236812570155,0.2833333333333333,EPPVR,audit_population,subject,0.00854408749145591,0.03673741436081172,-0.0010198135198135122,0.0006835269993165083,0.14669546784307078,0.029499050332383668,0.041563715888870055,4.0,0,0.13904200255604526
arousal,normalized_asymmetry,12,gpu_mlp,20261007,0.5,0.4777853725222146,0.487012987012987,0.009227614490772418,0.457641156368368,0.3399347258332666,-0.02244345161011828,0.2833333333333333,EPPVR,audit_population,subject,0.00854408749145591,0.03673741436081172,-0.0010198135198135122,0.0006835269993165083,0.3031973114724549,-0.021423638090304765,0.08590590491719555,4.0,0,0.15633826117755334
arousal,normalized_asymmetry,12,gpu_mlp,20261007,0.75,0.4777853725222146,0.4470266575529733,-0.030758714969241263,0.6601373945010655,0.4754712082049724,-0.008498445998445977,0.2833333333333333,EPPVR,audit_population,subject,0.00854408749145591,0.03673741436081172,-0.0010198135198135122,-0.03930280246069717,0.43873379384416067,-0.007478632478632465,0.12430790825584552,4.0,0,0.33815648735992976
arousal,normalized_asymmetry,12,gpu_mlp,20261007,1.0,0.4777853725222146,0.45078605604921396,-0.026999316473000634,0.9,0.6331187898085061,0.028479236812570155,0.2833333333333333,EPPVR,audit_population,subject,0.00854408749145591,0.03673741436081172,-0.0010198135198135122,-0.035543403964456544,0.5963813754476944,0.029499050332383668,0.1689747230435134,4.0,0,0.6959821913018996
arousal,normalized_asymmetry,12,linear_logistic,20260813,0.25,0.4531784005468216,0.4569377990430622,0.0037593984962405735,0.24297536880791265,0.19971834196406696,0.0536401098901099,0.2714285714285714,EPPVR,audit_population,subject,0.04101161995898833,0.03832048053574832,0.06730769230769232,-0.03725222146274776,0.16139786142831863,-0.013667582417582418,0.043807990959115056,1.0,0,0.13649623337507047
arousal,normalized_asymmetry,12,linear_logistic,20260813,0.5,0.4531784005468216,0.4730006835269993,0.019822282980177686,0.4972113779556527,0.37003834833545224,0.08392857142857144,0.2714285714285714,EPPVR,audit_population,subject,0.04101161995898833,0.03832048053574832,0.06730769230769232,-0.021189336978810647,0.3317178677997039,0.016620879120879117,0.09003770697420534,1.0,0,0.40431847672306137
arousal,normalized_asymmetry,12,linear_logistic,20260813,0.75,0.4531784005468216,0.4839371155160629,0.030758714969241263,0.734684368907701,0.5273918797214072,0.09213522588522591,0.2714285714285714,EPPVR,audit_population,subject,0.04101161995898833,0.03832048053574832,0.06730769230769232,-0.01025290498974707,0.4890713991856589,0.02482753357753359,0.13274795120753596,1.0,0,0.6578672383709223
arousal,normalized_asymmetry,12,linear_logistic,20260813,1.0,0.4531784005468216,0.4859876965140123,0.03280929596719068,1.0,0.7044244726310994,0.11571275946275947,0.2714285714285714,EPPVR,audit_population,subject,0.04101161995898833,0.03832048053574832,0.06730769230769232,-0.008202323991797655,0.6661039920953511,0.04840506715506715,0.18079965499730957,1.0,0,0.885597502704219
arousal,normalized_asymmetry,12,linear_logistic,20260829,0.25,0.48154477101845516,0.47812713602187285,-0.0034176349965823194,0.24568983923001922,0.19730505464104242,0.019973221223221215,0.2642857142857143,EPPVR,audit_population,subject,0.004784688995215336,0.02710409737226659,0.00972222222222222,-0.008202323991797655,0.17020095726877582,0.010250999000998995,0.044981681563890756,1.0,0,0.08850165071693183
arousal,normalized_asymmetry,12,linear_logistic,20260829,0.5,0.48154477101845516,0.4753930280246069,-0.0061517429938482415,0.4968301794493207,0.37154243494889283,0.07135142635142634,0.2642857142857143,EPPVR,audit_population,subject,0.004784688995215336,0.02710409737226659,0.00972222222222222,-0.010936431989063577,0.34443833757662623,0.06162920412920412,0.09103013207382264,1.0,0,0.36922159622806255
arousal,normalized_asymmetry,12,linear_logistic,20260829,0.75,0.48154477101845516,0.49111414900888584,0.009569377990430672,0.7037504280413203,0.5184019589722606,0.15122779997779995,0.2642857142857143,EPPVR,audit_population,subject,0.004784688995215336,0.02710409737226659,0.00972222222222222,0.004784688995215336,0.491297861599994,0.14150557775557773,0.12984300627999842,1.0,0,0.8238441634985463
arousal,normalized_asymmetry,12,linear_logistic,20260829,1.0,0.48154477101845516,0.5023923444976076,0.020847573479152448,1.0,0.7208149199262481,0.070008325008325,0.2642857142857143,EPPVR,audit_population,subject,0.004784688995215336,0.02710409737226659,0.00972222222222222,0.016062884483937112,0.6937108225539815,0.06028610278610278,0.1833378602464094,1.0,0,0.8110430181610095
arousal,normalized_asymmetry,12,linear_logistic,20260911,0.25,0.4688995215311005,0.4538619275461381,-0.015037593984962405,0.24694652520578472,0.2002118780001542,0.055018939393939405,0.29761904761904767,EPPVR,audit_population,subject,-0.011278195488721832,0.045325065194091685,0.015909090909090918,-0.0037593984962405735,0.1548868128060625,0.03910984848484848,0.04609726571609004,1.0,0,0.14270438539885444
arousal,normalized_asymmetry,12,linear_logistic,20260911,0.5,0.4688995215311005,0.4788106630211893,0.009911141490088815,0.49207136214971736,0.35491352361124906,0.15294823232323235,0.29761904761904767,EPPVR,audit_population,subject,-0.011278195488721832,0.045325065194091685,0.015909090909090918,0.021189336978810647,0.3095884584171574,0.13703914141414142,0.09213942214796352,1.0,1,0.6558112448797347
arousal,normalized_asymmetry,12,linear_logistic,20260911,0.75,0.4688995215311005,0.4818865345181135,0.012987012987012991,0.7394175875316934,0.50674992327808,0.07397727272727272,0.29761904761904767,EPPVR,audit_population,subject,-0.011278195488721832,0.045325065194091685,0.015909090909090918,0.024265208475734823,0.4614248580839883,0.05806818181818181,0.13732882681071082,1.0,1,0.5835377978093848
arousal,normalized_asymmetry,12,linear_logistic,20260911,1.0,0.4688995215311005,0.5013670539986329,0.03246753246753242,1.0,0.673858332101686,0.1510037878787879,0.29761904761904767,EPPVR,audit_population,subject,-0.011278195488721832,0.045325065194091685,0.015909090909090918,0.043745727956254254,0.6285332669075943,0.13509469696969698,0.1870634722939269,1.0,1,0.9260174401636971
arousal,normalized_asymmetry,12,linear_logistic,20260923,0.25,0.40806561859193435,0.46479835953520166,0.0567327409432673,0.24530545888058208,0.1923875542904973,0.06550976800976802,0.2785714285714286,EPPVR,audit_population,subject,0.002734107997265922,0.028281514383108507,0.00972222222222222,0.05399863294600138,0.1641060399073888,0.05578754578754579,0.04571525397420117,1.0,1,0.16426361620636412
arousal,normalized_asymmetry,12,linear_logistic,20260923,0.5,0.40806561859193435,0.47607655502392343,0.06801093643198908,0.4968249488168865,0.36014722226636187,0.06036719816131584,0.2785714285714286,EPPVR,audit_population,subject,0.002734107997265922,0.028281514383108507,0.00972222222222222,0.06527682843472316,0.33186570788325337,0.05064497593909362,0.0924483043389063,1.0,1,0.32683430015334963
arousal,normalized_asymmetry,12,linear_logistic,20260923,0.75,0.40806561859193435,0.4388243335611757,0.03075871496924132,0.7162588300027207,0.5054923810586868,0.14193582561229617,0.2785714285714286,EPPVR,audit_population,subject,0.002734107997265922,0.028281514383108507,0.00972222222222222,0.028024606971975397,0.47721086667557827,0.13221360339007396,0.13293731285962537,1.0,1,0.8001878960397064
arousal,normalized_asymmetry,12,linear_logistic,20260923,1.0,0.40806561859193435,0.4453178400546821,0.03725222146274776,1.0,0.6964755853111579,0.12744406737053798,0.2785714285714286,EPPVR,audit_population,subject,0.002734107997265922,0.028281514383108507,0.00972222222222222,0.03451811346548184,0.6681940709280494,0.11772184514831577,0.1861397769013852,1.0,1,0.9075236347097049
arousal,normalized_asymmetry,12,linear_logistic,20261007,0.25,0.46616541353383456,0.4829118250170882,0.01674641148325362,0.2221230571983165,0.18343288220388249,0.028479236812570155,0.2833333333333333,EPPVR,audit_population,subject,0.008202323991797655,0.03673741436081172,-0.0010198135198135122,0.008544087491455965,0.14669546784307078,0.029499050332383668,0.041563715888870055,1.0,0,0.09213793660022475
arousal,normalized_asymmetry,12,linear_logistic,20261007,0.5,0.46616541353383456,0.46514012303485985,-0.001025290498974707,0.457641156368368,0.3399347258332666,-0.02244345161011828,0.2833333333333333,EPPVR,audit_population,subject,0.008202323991797655,0.03673741436081172,-0.0010198135198135122,-0.009227614490772362,0.3031973114724549,-0.021423638090304765,0.08590590491719555,1.0,0,0.10430640043234143
arousal,normalized_asymmetry,12,linear_logistic,20261007,0.75,0.46616541353383456,0.46514012303485985,-0.001025290498974707,0.6601373945010655,0.4754712082049724,-0.008498445998445977,0.2833333333333333,EPPVR,audit_population,subject,0.008202323991797655,0.03673741436081172,-0.0010198135198135122,-0.009227614490772362,0.43873379384416067,-0.007478632478632465,0.12430790825584552,1.0,0,0.24304514492718424
arousal,normalized_asymmetry,12,linear_logistic,20261007,1.0,0.46616541353383456,0.46684894053315107,0.0006835269993165083,0.9,0.6331187898085061,0.028479236812570155,0.2833333333333333,EPPVR,audit_population,subject,0.008202323991797655,0.03673741436081172,-0.0010198135198135122,-0.007518796992481147,0.5963813754476944,0.029499050332383668,0.1689747230435134,1.0,0,0.5899362290190199
arousal,relative_power,24,gpu_mlp,20260813,0.25,0.5082023239917977,0.504442925495557,-0.003759398496240629,0.24297536880791265,0.19971834196406696,0.0536401098901099,0.3023809523809524,EPPVR,audit_population,subject,0.0297334244702665,0.03832048053574832,0.06730769230769232,-0.03349282296650713,0.16139786142831863,-0.013667582417582418,0.048803639050943974,4.0,0,0.21449121428394338
arousal,relative_power,24,gpu_mlp,20260813,0.5,0.5082023239917977,0.5184552289815447,0.01025290498974707,0.4972113779556527,0.37003834833545224,0.08392857142857144,0.3023809523809524,EPPVR,audit_population,subject,0.0297334244702665,0.03832048053574832,0.06730769230769232,-0.01948051948051943,0.3317178677997039,0.016620879120879117,0.10030516478705334,4.0,0,0.5488126843290551
arousal,relative_power,24,gpu_mlp,20260813,0.75,0.5082023239917977,0.5475051264524948,0.03930280246069717,0.734684368907701,0.5273918797214072,0.09213522588522591,0.3023809523809524,EPPVR,audit_population,subject,0.0297334244702665,0.03832048053574832,0.06730769230769232,0.009569377990430672,0.4890713991856589,0.02482753357753359,0.1478858754680445,4.0,0,0.7809352205831682
arousal,relative_power,24,gpu_mlp,20260813,1.0,0.5082023239917977,0.5416951469583049,0.03349282296650724,1.0,0.7044244726310994,0.11571275946275947,0.3023809523809524,EPPVR,audit_population,subject,0.0297334244702665,0.03832048053574832,0.06730769230769232,0.00375939849624074,0.6661039920953511,0.04840506715506715,0.20141715951454667,4.0,0,0.9371473578258286
arousal,relative_power,24,gpu_mlp,20260829,0.25,0.5683526999316473,0.5543403964456596,-0.014012303485987698,0.24568983923001922,0.19730505464104242,0.019973221223221215,0.29047619047619044,EPPVR,audit_population,subject,-0.03622693096377305,0.02710409737226659,0.00972222222222222,0.022214627477785354,0.17020095726877582,0.010250999000998995,0.04943932568283488,4.0,1,0.1422831963489549
arousal,relative_power,24,gpu_mlp,20260829,0.5,0.5683526999316473,0.5331510594668489,-0.035201640464798345,0.4968301794493207,0.37154243494889283,0.07135142635142634,0.29047619047619044,EPPVR,audit_population,subject,-0.03622693096377305,0.02710409737226659,0.00972222222222222,0.001025290498974707,0.34443833757662623,0.06162920412920412,0.10005113615321047,4.0,0,0.5079639971401253
arousal,relative_power,24,gpu_mlp,20260829,0.75,0.5683526999316473,0.5721120984278879,0.003759398496240629,0.7037504280413203,0.5184019589722606,0.15122779997779995,0.29047619047619044,EPPVR,audit_population,subject,-0.03622693096377305,0.02710409737226659,0.00972222222222222,0.03998632946001368,0.491297861599994,0.14150557775557773,0.1427103312266649,4.0,1,0.8944320267929698
arousal,relative_power,24,gpu_mlp,20260829,1.0,0.5683526999316473,0.5741626794258373,0.005809979494190043,1.0,0.7208149199262481,0.070008325008325,0.29047619047619044,EPPVR,audit_population,subject,-0.03622693096377305,0.02710409737226659,0.00972222222222222,0.042036910457963095,0.6937108225539815,0.06028610278610278,0.2015064770275851,4.0,1,0.8897282408812952
arousal,relative_power,24,gpu_mlp,20260911,0.25,0.5136705399863295,0.5314422419685577,0.017771701982228216,0.24694652520578472,0.2002118780001542,0.055018939393939405,0.2952380952380952,EPPVR,audit_population,subject,0.005809979494189932,0.045325065194091685,0.015909090909090918,0.011961722488038284,0.1548868128060625,0.03910984848484848,0.04572848759036131,4.0,0,0.2083864507063074
arousal,relative_power,24,gpu_mlp,20260911,0.5,0.5136705399863295,0.5454545454545454,0.031784005468215915,0.49207136214971736,0.35491352361124906,0.15294823232323235,0.2952380952380952,EPPVR,audit_population,subject,0.005809979494189932,0.045325065194091685,0.015909090909090918,0.025974025974025983,0.3095884584171574,0.13703914141414142,0.09140230677077978,4.0,1,0.7503433527657498
arousal,relative_power,24,gpu_mlp,20260911,0.75,0.5136705399863295,0.5427204374572796,0.029049897470950103,0.7394175875316934,0.50674992327808,0.07397727272727272,0.2952380952380952,EPPVR,audit_population,subject,0.005809979494189932,0.045325065194091685,0.015909090909090918,0.02323991797676017,0.4614248580839883,0.05806818181818181,0.1362301961962251,4.0,1,0.6879506264366324
arousal,relative_power,24,gpu_mlp,20260911,1.0,0.5136705399863295,0.5498974709501026,0.03622693096377305,1.0,0.673858332101686,0.1510037878787879,0.2952380952380952,EPPVR,audit_population,subject,0.005809979494189932,0.045325065194091685,0.015909090909090918,0.03041695146958312,0.6285332669075943,0.13509469696969698,0.18556696451557542,4.0,1,0.9515487591379007
arousal,relative_power,24,gpu_mlp,20260923,0.25,0.5034176349965823,0.5064935064935064,0.0030758714969241208,0.24530545888058208,0.1923875542904973,0.06550976800976802,0.2642857142857143,EPPVR,audit_population,subject,-0.0017088174982911042,0.028281514383108507,0.00972222222222222,0.004784688995215225,0.1641060399073888,0.05578754578754579,0.04337088197552419,4.0,0,0.23139203371351333
arousal,relative_power,24,gpu_mlp,20260923,0.5,0.5034176349965823,0.5064935064935064,0.0030758714969241208,0.4968249488168865,0.36014722226636187,0.06036719816131584,0.2642857142857143,EPPVR,audit_population,subject,-0.0017088174982911042,0.028281514383108507,0.00972222222222222,0.004784688995215225,0.33186570788325337,0.05064497593909362,0.08770736565485981,4.0,0,0.42241509904393876
arousal,relative_power,24,gpu_mlp,20260923,0.75,0.5034176349965823,0.5184552289815447,0.015037593984962405,0.7162588300027207,0.5054923810586868,0.14193582561229617,0.2642857142857143,EPPVR,audit_population,subject,-0.0017088174982911042,0.028281514383108507,0.00972222222222222,0.01674641148325351,0.47721086667557827,0.13221360339007396,0.12612001476425996,4.0,0,0.8560262554649664
arousal,relative_power,24,gpu_mlp,20260923,1.0,0.5034176349965823,0.5027341079972659,-0.0006835269993163973,1.0,0.6964755853111579,0.12744406737053798,0.2642857142857143,EPPVR,audit_population,subject,-0.0017088174982911042,0.028281514383108507,0.00972222222222222,0.001025290498974707,0.6681940709280494,0.11772184514831577,0.17659414731669876,4.0,0,0.9346218309671361
arousal,relative_power,24,gpu_mlp,20261007,0.25,0.49145591250854403,0.5481886534518113,0.0567327409432673,0.2221230571983165,0.18343288220388249,0.028479236812570155,0.2595238095238095,EPPVR,audit_population,subject,0.05126452494873557,0.03673741436081172,-0.0010198135198135122,0.005468215994531733,0.14669546784307078,0.029499050332383668,0.03807096665451122,4.0,0,0.1319317338962897
arousal,relative_power,24,gpu_mlp,20261007,0.5,0.49145591250854403,0.5584415584415584,0.06698564593301437,0.457641156368368,0.3399347258332666,-0.02244345161011828,0.2595238095238095,EPPVR,audit_population,subject,0.05126452494873557,0.03673741436081172,-0.0010198135198135122,0.015721120984278802,0.3031973114724549,-0.021423638090304765,0.07868692131070852,4.0,0,0.14524237702761725
arousal,relative_power,24,gpu_mlp,20261007,0.75,0.49145591250854403,0.5536568694463431,0.062200956937799035,0.6601373945010655,0.4754712082049724,-0.008498445998445977,0.2595238095238095,EPPVR,audit_population,subject,0.05126452494873557,0.03673741436081172,-0.0010198135198135122,0.010936431989063466,0.43873379384416067,-0.007478632478632465,0.11386186554527025,4.0,0,0.3141702632970404
arousal,relative_power,24,gpu_mlp,20261007,1.0,0.49145591250854403,0.5714285714285714,0.07997265892002736,0.9,0.6331187898085061,0.028479236812570155,0.2595238095238095,EPPVR,audit_population,subject,0.05126452494873557,0.03673741436081172,-0.0010198135198135122,0.028708133971291794,0.5963813754476944,0.029499050332383668,0.15477516648523496,4.0,1,0.666612937826983
arousal,relative_power,24,linear_logistic,20260813,0.25,0.4979494190020506,0.4935064935064935,-0.004442925495557082,0.24297536880791265,0.19971834196406696,0.0536401098901099,0.3023809523809524,EPPVR,audit_population,subject,0.035543403964456544,0.03832048053574832,0.06730769230769232,-0.039986329460013625,0.16139786142831863,-0.013667582417582418,0.048803639050943974,1.0,0,0.14646514490592355
arousal,relative_power,24,linear_logistic,20260813,0.5,0.4979494190020506,0.508544087491456,0.010594668489405379,0.4972113779556527,0.37003834833545224,0.08392857142857144,0.3023809523809524,EPPVR,audit_population,subject,0.035543403964456544,0.03832048053574832,0.06730769230769232,-0.024948735475051165,0.3317178677997039,0.016620879120879117,0.10030516478705334,1.0,0,0.4332357409531182
arousal,relative_power,24,linear_logistic,20260813,0.75,0.4979494190020506,0.4935064935064935,-0.004442925495557082,0.734684368907701,0.5273918797214072,0.09213522588522591,0.3023809523809524,EPPVR,audit_population,subject,0.035543403964456544,0.03832048053574832,0.06730769230769232,-0.039986329460013625,0.4890713991856589,0.02482753357753359,0.1478858754680445,1.0,0,0.691382097949583
arousal,relative_power,24,linear_logistic,20260813,1.0,0.4979494190020506,0.5287081339712919,0.03075871496924132,1.0,0.7044244726310994,0.11571275946275947,0.3023809523809524,EPPVR,audit_population,subject,0.035543403964456544,0.03832048053574832,0.06730769230769232,-0.004784688995215225,0.6661039920953511,0.04840506715506715,0.20141715951454667,1.0,0,0.9035678479346909
arousal,relative_power,24,linear_logistic,20260829,0.25,0.49008885850991113,0.49658236500341757,0.00649350649350644,0.24568983923001922,0.19730505464104242,0.019973221223221215,0.29047619047619044,EPPVR,audit_population,subject,0.015037593984962405,0.02710409737226659,0.00972222222222222,-0.008544087491455965,0.17020095726877582,0.010250999000998995,0.04943932568283488,1.0,0,0.09440564523992366
arousal,relative_power,24,linear_logistic,20260829,0.5,0.49008885850991113,0.5256322624743677,0.035543403964456544,0.4968301794493207,0.37154243494889283,0.07135142635142634,0.29047619047619044,EPPVR,audit_population,subject,0.015037593984962405,0.02710409737226659,0.00972222222222222,0.02050580997949414,0.34443833757662623,0.06162920412920412,0.10005113615321047,1.0,1,0.393487186459406
arousal,relative_power,24,linear_logistic,20260829,0.75,0.49008885850991113,0.49555707450444286,0.005468215994531733,0.7037504280413203,0.5184019589722606,0.15122779997779995,0.29047619047619044,EPPVR,audit_population,subject,0.015037593984962405,0.02710409737226659,0.00972222222222222,-0.009569377990430672,0.491297861599994,0.14150557775557773,0.1427103312266649,1.0,0,0.8418819417843592
arousal,relative_power,24,linear_logistic,20260829,1.0,0.49008885850991113,0.5153793574846206,0.025290498974709474,1.0,0.7208149199262481,0.070008325008325,0.29047619047619044,EPPVR,audit_population,subject,0.015037593984962405,0.02710409737226659,0.00972222222222222,0.01025290498974707,0.6937108225539815,0.06028610278610278,0.2015064770275851,1.0,0,0.8352679254274552
arousal,relative_power,24,linear_logistic,20260911,0.25,0.5341763499658236,0.5557074504442925,0.021531100478468845,0.24694652520578472,0.2002118780001542,0.055018939393939405,0.2952380952380952,EPPVR,audit_population,subject,-0.03246753246753242,0.045325065194091685,0.015909090909090918,0.05399863294600127,0.1548868128060625,0.03910984848484848,0.04572848759036131,1.0,1,0.1419466405614221
arousal,relative_power,24,linear_logistic,20260911,0.5,0.5341763499658236,0.5293916609706083,-0.004784688995215336,0.49207136214971736,0.35491352361124906,0.15294823232323235,0.2952380952380952,EPPVR,audit_population,subject,-0.03246753246753242,0.045325065194091685,0.015909090909090918,0.027682843472317087,0.3095884584171574,0.13703914141414142,0.09140230677077978,1.0,1,0.6538279434831671
arousal,relative_power,24,linear_logistic,20260911,0.75,0.5341763499658236,0.507177033492823,-0.02699931647300069,0.7394175875316934,0.50674992327808,0.07397727272727272,0.2952380952380952,EPPVR,audit_population,subject,-0.03246753246753242,0.045325065194091685,0.015909090909090918,0.005468215994531733,0.4614248580839883,0.05806818181818181,0.1362301961962251,1.0,0,0.5807905735554393
arousal,relative_power,24,linear_logistic,20260911,1.0,0.5341763499658236,0.5591250854408749,0.024948735475051276,1.0,0.673858332101686,0.1510037878787879,0.2952380952380952,EPPVR,audit_population,subject,-0.03246753246753242,0.045325065194091685,0.015909090909090918,0.0574162679425837,0.6285332669075943,0.13509469696969698,0.18556696451557542,1.0,1,0.9250479464405361
arousal,relative_power,24,linear_logistic,20260923,0.25,0.5146958304853042,0.5331510594668489,0.018455228981544725,0.24530545888058208,0.1923875542904973,0.06550976800976802,0.2642857142857143,EPPVR,audit_population,subject,-0.01025290498974718,0.028281514383108507,0.00972222222222222,0.028708133971291905,0.1641060399073888,0.05578754578754579,0.04337088197552419,1.0,1,0.1590914542139971
arousal,relative_power,24,linear_logistic,20260923,0.5,0.5146958304853042,0.5399863294600137,0.025290498974709474,0.4968249488168865,0.36014722226636187,0.06036719816131584,0.2642857142857143,EPPVR,audit_population,subject,-0.01025290498974718,0.028281514383108507,0.00972222222222222,0.035543403964456655,0.33186570788325337,0.05064497593909362,0.08770736565485981,1.0,1,0.31487986821139613
arousal,relative_power,24,linear_logistic,20260923,0.75,0.5146958304853042,0.504442925495557,-0.01025290498974718,0.7162588300027207,0.5054923810586868,0.14193582561229617,0.2642857142857143,EPPVR,audit_population,subject,-0.01025290498974718,0.028281514383108507,0.00972222222222222,0.0,0.47721086667557827,0.13221360339007396,0.12612001476425996,1.0,0,0.7888710953527667
arousal,relative_power,24,linear_logistic,20260923,1.0,0.5146958304853042,0.5615174299384825,0.04682159945317832,1.0,0.6964755853111579,0.12744406737053798,0.2642857142857143,EPPVR,audit_population,subject,-0.01025290498974718,0.028281514383108507,0.00972222222222222,0.0570745044429255,0.6681940709280494,0.11772184514831577,0.17659414731669876,1.0,1,0.8998372507504075
arousal,relative_power,24,linear_logistic,20261007,0.25,0.5095693779904307,0.49248120300751874,-0.01708817498291193,0.2221230571983165,0.18343288220388249,0.028479236812570155,0.2595238095238095,EPPVR,audit_population,subject,0.017429938482570018,0.03673741436081172,-0.0010198135198135122,-0.03451811346548195,0.14669546784307078,0.029499050332383668,0.03807096665451122,1.0,0,0.0871833416480389
arousal,relative_power,24,linear_logistic,20261007,0.5,0.5095693779904307,0.5140123034859877,0.004442925495557026,0.457641156368368,0.3399347258332666,-0.02244345161011828,0.2595238095238095,EPPVR,audit_population,subject,0.017429938482570018,0.03673741436081172,-0.0010198135198135122,-0.012987012987012991,0.3031973114724549,-0.021423638090304765,0.07868692131070852,1.0,0,0.09648108484946209
arousal,relative_power,24,linear_logistic,20261007,0.75,0.5095693779904307,0.5205058099794941,0.010936431989063466,0.6601373945010655,0.4754712082049724,-0.008498445998445977,0.2595238095238095,EPPVR,audit_population,subject,0.017429938482570018,0.03673741436081172,-0.0010198135198135122,-0.006493506493506551,0.43873379384416067,-0.007478632478632465,0.11386186554527025,1.0,0,0.22352687914968855
arousal,relative_power,24,linear_logistic,20261007,1.0,0.5095693779904307,0.5109364319890636,0.0013670539986329056,0.9,0.6331187898085061,0.028479236812570155,0.2595238095238095,EPPVR,audit_population,subject,0.017429938482570018,0.03673741436081172,-0.0010198135198135122,-0.016062884483937112,0.5963813754476944,0.029499050332383668,0.15477516648523496,1.0,0,0.5568455053796372
valence,all,72,gpu_mlp,20260813,0.25,0.4678742310321258,0.475393028024607,0.007518796992481203,0.2452562047928969,0.1799866344178575,-0.04014346764346764,0.4952380952380952,EPPVR,audit_population,subject,-0.001025290498974707,0.03259283267733455,-0.03888888888888889,0.00854408749145591,0.14739380174052297,-0.001254578754578753,0.07299502562387804,4.0,0,0.08818984671387468
valence,all,72,gpu_mlp,20260813,0.5,0.4678742310321258,0.49008885850991113,0.022214627477785354,0.5027764468765981,0.3407249182791975,-0.0340533078033078,0.4952380952380952,EPPVR,audit_population,subject,-0.001025290498974707,0.03259283267733455,-0.03888888888888889,0.02323991797676006,0.30813208560186295,0.004835581085581089,0.1525987471552083,4.0,1,0.2579056054413242
valence,all,72,gpu_mlp,20260813,0.75,0.4678742310321258,0.5225563909774436,0.054682159945317776,0.7599807484794286,0.48785774957077266,-0.10882131757131759,0.4952380952380952,EPPVR,audit_population,subject,-0.001025290498974707,0.03259283267733455,-0.03888888888888889,0.05570745044429248,0.4552649168934381,-0.0699324286824287,0.225464530271036,4.0,1,0.245083344132183
valence,all,72,gpu_mlp,20260813,1.0,0.4678742310321258,0.5078605604921395,0.03998632946001368,1.0,0.6410499263865612,-0.08453407703407703,0.4952380952380952,EPPVR,audit_population,subject,-0.001025290498974707,0.03259283267733455,-0.03888888888888889,0.04101161995898839,0.6084570937092266,-0.04564518814518814,0.3013311321226646,4.0,1,0.5936359251431718
valence,all,72,gpu_mlp,20260829,0.25,0.5003417634996583,0.5509227614490773,0.05058099794941895,0.2447916042827283,0.16303802383733484,0.026349900099900115,0.5095238095238095,EPPVR,audit_population,subject,0.030758714969241208,0.015503139692780799,0.0,0.01982228298017774,0.14753488414455404,0.026349900099900115,0.07517253620698705,4.0,0,0.21873909447274756
valence,all,72,gpu_mlp,20260829,0.5,0.5003417634996583,0.5676691729323308,0.06732740943267246,0.502661106355786,0.3189203537194292,0.027733447108447117,0.5095238095238095,EPPVR,audit_population,subject,0.030758714969241208,0.015503139692780799,0.0,0.03656869446343125,0.3034172140266484,0.027733447108447117,0.15459829476595893,4.0,1,0.4783049711516076
valence,all,72,gpu_mlp,20260829,0.75,0.5003417634996583,0.5403280929596719,0.03998632946001357,0.7492463377676767,0.4670121389925269,0.018049381174381172,0.5095238095238095,EPPVR,audit_population,subject,0.030758714969241208,0.015503139692780799,0.0,0.009227614490772362,0.45150899929974614,0.018049381174381172,0.23005458535748968,4.0,0,0.7048448256711866
valence,all,72,gpu_mlp,20260829,1.0,0.5003417634996583,0.569377990430622,0.06903622693096367,1.0,0.6206075800546544,0.002942543567543571,0.5095238095238095,EPPVR,audit_population,subject,0.030758714969241208,0.015503139692780799,0.0,0.038277511961722466,0.6051044403618736,0.002942543567543571,0.3083151196129546,4.0,1,0.8563492254433963
valence,all,72,gpu_mlp,20260911,0.25,0.5276828434723171,0.524606971975393,-0.0030758714969241208,0.25679517964658977,0.15833970608461295,0.002202797202797202,0.5166666666666666,EPPVR,audit_population,subject,-0.0013670539986329056,0.016576397818756982,0.008750000000000003,-0.0017088174982912152,0.14176330826585598,-0.0065472027972028005,0.07324437593735891,4.0,0,0.15835108528223515
valence,all,72,gpu_mlp,20260911,0.5,0.5276828434723171,0.5321257689678742,0.004442925495557137,0.4998161789949948,0.294868276188962,0.009054417804417809,0.5166666666666666,EPPVR,audit_population,subject,-0.0013670539986329056,0.016576397818756982,0.008750000000000003,0.005809979494190043,0.278291878370205,0.0003044178044178062,0.14378413715793925,4.0,0,0.36868513855366236
valence,all,72,gpu_mlp,20260911,0.75,0.5276828434723171,0.5516062884483937,0.02392344497607657,0.7114075505424228,0.4064443436403364,-0.018272495478377837,0.5166666666666666,EPPVR,audit_population,subject,-0.0013670539986329056,0.016576397818756982,0.008750000000000003,0.025290498974709474,0.3898679458215794,-0.027022495478377838,0.201431772007816,4.0,1,0.4700539970125276
valence,all,72,gpu_mlp,20260911,1.0,0.5276828434723171,0.5078605604921395,-0.01982228298017763,1.0,0.5700315485255019,-0.04003531599119835,0.5166666666666666,EPPVR,audit_population,subject,-0.0013670539986329056,0.016576397818756982,0.008750000000000003,-0.018455228981544725,0.5534551507067449,-0.04878531599119835,0.2859518278651515,4.0,0,0.6846143349930933
valence,all,72,gpu_mlp,20260923,0.25,0.5218728639781272,0.49282296650717705,-0.029049897470950103,0.25302006027616847,0.1618605772678334,0.03376623376623378,0.4571428571428572,EPPVR,audit_population,subject,0.011961722488038284,0.011898752184628675,0.0,-0.04101161995898839,0.14996182508320471,0.03376623376623378,0.0685539771808936,4.0,0,0.2183516137384071
valence,all,72,gpu_mlp,20260923,0.5,0.5218728639781272,0.5150375939849624,-0.00683526999316475,0.49311673997799516,0.3028891149184449,-0.012400932400932397,0.4571428571428572,EPPVR,audit_population,subject,0.011961722488038284,0.011898752184628675,0.0,-0.018796992481203034,0.29099036273381623,-0.012400932400932397,0.13302416582117316,4.0,0,0.27193326421309694
valence,all,72,gpu_mlp,20260923,0.75,0.5218728639781272,0.49179767600820234,-0.03007518796992481,0.7262204056399266,0.4382295598841253,0.005250166500166509,0.4571428571428572,EPPVR,audit_population,subject,0.011961722488038284,0.011898752184628675,0.0,-0.042036910457963095,0.42633080769949666,0.005250166500166509,0.19489408351976992,4.0,0,0.5620049678669538
valence,all,72,gpu_mlp,20260923,1.0,0.5218728639781272,0.5017088174982912,-0.02016404647983594,1.0,0.6032781211825751,0.0018847818847818943,0.4571428571428572,EPPVR,audit_population,subject,0.011961722488038284,0.011898752184628675,0.0,-0.032125768967874224,0.5913793689979464,0.0018847818847818943,0.27034485439906125,4.0,0,0.7974631028137741
valence,all,72,gpu_mlp,20261007,0.25,0.5468215994531784,0.5642515379357484,0.017429938482570018,0.2509002849538281,0.1558260650661251,0.00653679653679653,0.45000000000000007,EPPVR,audit_population,subject,-0.006493506493506551,0.010352308373376355,0.0,0.02392344497607657,0.14547375669274873,0.00653679653679653,0.06546319051173694,4.0,1,0.14864834540961885
valence,all,72,gpu_mlp,20261007,0.5,0.5468215994531784,0.5727956254272044,0.025974025974025983,0.5065856991830315,0.30454796505566395,0.02082251082251082,0.45000000000000007,EPPVR,audit_population,subject,-0.006493506493506551,0.010352308373376355,0.0,0.032467532467532534,0.2941956566822876,0.02082251082251082,0.13238804550702943,4.0,1,0.3833646923574493
valence,all,72,gpu_mlp,20261007,0.75,0.5468215994531784,0.5502392344497608,0.0034176349965823194,0.7545612507810111,0.4484486261285279,-0.027822594072594076,0.45000000000000007,EPPVR,audit_population,subject,-0.006493506493506551,0.010352308373376355,0.0,0.00991114149008887,0.43809631775515157,-0.027822594072594076,0.19714334298981823,4.0,0,0.44774430314427344
valence,all,72,gpu_mlp,20261007,1.0,0.5468215994531784,0.5502392344497608,0.0034176349965823194,1.0,0.5920910540859329,-0.03418623043623044,0.45000000000000007,EPPVR,audit_population,subject,-0.006493506493506551,0.010352308373376355,0.0,0.00991114149008887,0.5817387457125566,-0.03418623043623044,0.2617824355706505,4.0,0,0.6694922905031454
valence,all,72,linear_logistic,20260813,0.25,0.49077238550922764,0.46479835953520166,-0.025974025974025983,0.2452562047928969,0.1799866344178575,-0.04014346764346764,0.4952380952380952,EPPVR,audit_population,subject,-0.028024606971975397,0.03259283267733455,-0.03888888888888889,0.002050580997949414,0.14739380174052297,-0.001254578754578753,0.07299502562387804,1.0,0,0.057298459327932476
valence,all,72,linear_logistic,20260813,0.5,0.49077238550922764,0.461038961038961,-0.02973342447026661,0.5027764468765981,0.3407249182791975,-0.0340533078033078,0.4952380952380952,EPPVR,audit_population,subject,-0.028024606971975397,0.03259283267733455,-0.03888888888888889,-0.0017088174982912152,0.30813208560186295,0.004835581085581089,0.1525987471552083,1.0,0,0.17925268336198125
valence,all,72,linear_logistic,20260813,0.75,0.49077238550922764,0.4524948735475051,-0.03827751196172252,0.7599807484794286,0.48785774957077266,-0.10882131757131759,0.4952380952380952,EPPVR,audit_population,subject,-0.028024606971975397,0.03259283267733455,-0.03888888888888889,-0.010252904989747125,0.4552649168934381,-0.0699324286824287,0.225464530271036,1.0,0,0.16944791419954985
valence,all,72,linear_logistic,20260813,1.0,0.49077238550922764,0.508544087491456,0.017771701982228327,1.0,0.6410499263865612,-0.08453407703407703,0.4952380952380952,EPPVR,audit_population,subject,-0.028024606971975397,0.03259283267733455,-0.03888888888888889,0.045796308954203724,0.6084570937092266,-0.04564518814518814,0.3013311321226646,1.0,1,0.4786331914743517
valence,all,72,linear_logistic,20260829,0.25,0.48564593301435405,0.5143540669856459,0.02870813397129185,0.2447916042827283,0.16303802383733484,0.026349900099900115,0.5095238095238095,EPPVR,audit_population,subject,0.021189336978810702,0.015503139692780799,0.0,0.007518796992481147,0.14753488414455404,0.026349900099900115,0.07517253620698705,1.0,0,0.14962242233193862
valence,all,72,linear_logistic,20260829,0.5,0.48564593301435405,0.5078605604921395,0.02221462747778541,0.502661106355786,0.3189203537194292,0.027733447108447117,0.5095238095238095,EPPVR,audit_population,subject,0.021189336978810702,0.015503139692780799,0.0,0.001025290498974707,0.3034172140266484,0.027733447108447117,0.15459829476595893,1.0,0,0.3655464613437549
valence,all,72,linear_logistic,20260829,0.75,0.48564593301435405,0.5153793574846206,0.029733424470266556,0.7492463377676767,0.4670121389925269,0.018049381174381172,0.5095238095238095,EPPVR,audit_population,subject,0.021189336978810702,0.015503139692780799,0.0,0.008544087491455854,0.45150899929974614,0.018049381174381172,0.23005458535748968,1.0,0,0.6001140662247076
valence,all,72,linear_logistic,20260829,1.0,0.48564593301435405,0.5143540669856459,0.02870813397129185,1.0,0.6206075800546544,0.002942543567543571,0.5095238095238095,EPPVR,audit_population,subject,0.021189336978810702,0.015503139692780799,0.0,0.007518796992481147,0.6051044403618736,0.002942543567543571,0.3083151196129546,1.0,0,0.7893076332402815
valence,all,72,linear_logistic,20260911,0.25,0.5153793574846206,0.5064935064935064,-0.008885850991114164,0.25679517964658977,0.15833970608461295,0.002202797202797202,0.5166666666666666,EPPVR,audit_population,subject,0.008544087491455965,0.016576397818756982,0.008750000000000003,-0.01742993848257013,0.14176330826585598,-0.0065472027972028005,0.07324437593735891,1.0,0,0.10573328094386646
valence,all,72,linear_logistic,20260911,0.5,0.5153793574846206,0.5078605604921395,-0.007518796992481147,0.4998161789949948,0.294868276188962,0.009054417804417809,0.5166666666666666,EPPVR,audit_population,subject,0.008544087491455965,0.016576397818756982,0.008750000000000003,-0.016062884483937112,0.278291878370205,0.0003044178044178062,0.14378413715793925,1.0,0,0.26847025378007044
valence,all,72,linear_logistic,20260911,0.75,0.5153793574846206,0.46924128503075874,-0.04613807245386187,0.7114075505424228,0.4064443436403364,-0.018272495478377837,0.5166666666666666,EPPVR,audit_population,subject,0.008544087491455965,0.016576397818756982,0.008750000000000003,-0.05468215994531783,0.3898679458215794,-0.027022495478377838,0.201431772007816,1.0,0,0.3579061722874397
valence,all,72,linear_logistic,20260911,1.0,0.5153793574846206,0.48427887901572114,-0.031100478468899462,1.0,0.5700315485255019,-0.04003531599119835,0.5166666666666666,EPPVR,audit_population,subject,0.008544087491455965,0.016576397818756982,0.008750000000000003,-0.03964456596035543,0.5534551507067449,-0.04878531599119835,0.2859518278651515,1.0,0,0.5770130139462064
valence,all,72,linear_logistic,20260923,0.25,0.4935064935064935,0.49179767600820234,-0.0017088174982911597,0.25302006027616847,0.1618605772678334,0.03376623376623378,0.4571428571428572,EPPVR,audit_population,subject,0.010252904989747125,0.011898752184628675,0.0,-0.011961722488038284,0.14996182508320471,0.03376623376623378,0.0685539771808936,1.0,0,0.1493339739956419
valence,all,72,linear_logistic,20260923,0.5,0.4935064935064935,0.4945317840054682,0.001025290498974707,0.49311673997799516,0.3028891149184449,-0.012400932400932397,0.4571428571428572,EPPVR,audit_population,subject,0.010252904989747125,0.011898752184628675,0.0,-0.009227614490772418,0.29099036273381623,-0.012400932400932397,0.13302416582117316,1.0,0,0.1900982248196745
valence,all,72,linear_logistic,20260923,0.75,0.4935064935064935,0.5054682159945317,0.011961722488038229,0.7262204056399266,0.4382295598841253,0.005250166500166509,0.4571428571428572,EPPVR,audit_population,subject,0.010252904989747125,0.011898752184628675,0.0,0.0017088174982911042,0.42633080769949666,0.005250166500166509,0.19489408351976992,1.0,0,0.4463985371979149
valence,all,72,linear_logistic,20260923,1.0,0.4935064935064935,0.49624060150375937,0.0027341079972658666,1.0,0.6032781211825751,0.0018847818847818943,0.4571428571428572,EPPVR,audit_population,subject,0.010252904989747125,0.011898752184628675,0.0,-0.007518796992481258,0.5913793689979464,0.0018847818847818943,0.27034485439906125,1.0,0,0.7121763209592088
valence,all,72,linear_logistic,20261007,0.25,0.4935064935064935,0.5157211209842789,0.02221462747778541,0.2509002849538281,0.1558260650661251,0.00653679653679653,0.45000000000000007,EPPVR,audit_population,subject,0.023239917976760116,0.010352308373376355,0.0,-0.001025290498974707,0.14547375669274873,0.00653679653679653,0.06546319051173694,1.0,0,0.09887586186339577
valence,all,72,linear_logistic,20261007,0.5,0.4935064935064935,0.5345181134654818,0.04101161995898833,0.5065856991830315,0.30454796505566395,0.02082251082251082,0.45000000000000007,EPPVR,audit_population,subject,0.023239917976760116,0.010352308373376355,0.0,0.017771701982228216,0.2941956566822876,0.02082251082251082,0.13238804550702943,1.0,0,0.2809352741650368
valence,all,72,linear_logistic,20261007,0.75,0.4935064935064935,0.4726589200273411,-0.020847573479152393,0.7545612507810111,0.4484486261285279,-0.027822594072594076,0.45000000000000007,EPPVR,audit_population,subject,0.023239917976760116,0.010352308373376355,0.0,-0.04408749145591251,0.43809631775515157,-0.027822594072594076,0.19714334298981823,1.0,0,0.33752910656337826
valence,all,72,linear_logistic,20261007,1.0,0.4935064935064935,0.49487354750512647,0.001367053998632961,1.0,0.5920910540859329,-0.03418623043623044,0.45000000000000007,EPPVR,audit_population,subject,0.023239917976760116,0.010352308373376355,0.0,-0.021872863978127155,0.5817387457125566,-0.03418623043623044,0.2617824355706505,1.0,0,0.5600472031332352
valence,baseline_delta,72,gpu_mlp,20260813,0.25,0.5471633629528366,0.5396445659603555,-0.007518796992481147,0.2452562047928969,0.1799866344178575,-0.04014346764346764,0.5095238095238095,EPPVR,audit_population,subject,-0.002734107997265922,0.03259283267733455,-0.03888888888888889,-0.004784688995215225,0.14739380174052297,-0.001254578754578753,0.07510065136302836,4.0,0,0.09116928518205257
valence,baseline_delta,72,gpu_mlp,20260813,0.5,0.5471633629528366,0.5300751879699248,-0.01708817498291182,0.5027764468765981,0.3407249182791975,-0.0340533078033078,0.5095238095238095,EPPVR,audit_population,subject,-0.002734107997265922,0.03259283267733455,-0.03888888888888889,-0.014354066985645897,0.30813208560186295,0.004835581085581089,0.15700063409237777,4.0,0,0.26808096324665814
valence,baseline_delta,72,gpu_mlp,20260813,0.75,0.5471633629528366,0.5423786739576213,-0.004784688995215336,0.7599807484794286,0.48785774957077266,-0.10882131757131759,0.5095238095238095,EPPVR,audit_population,subject,-0.002734107997265922,0.03259283267733455,-0.03888888888888889,-0.002050580997949414,0.4552649168934381,-0.0699324286824287,0.23196831479808513,4.0,0,0.25771884408752155
valence,baseline_delta,72,gpu_mlp,20260813,1.0,0.5471633629528366,0.527341079972659,-0.01982228298017763,1.0,0.6410499263865612,-0.08453407703407703,0.5095238095238095,EPPVR,audit_population,subject,-0.002734107997265922,0.03259283267733455,-0.03888888888888889,-0.017088174982911708,0.6084570937092266,-0.04564518814518814,0.3100233763185107,4.0,0,0.6133506010219202
valence,baseline_delta,72,gpu_mlp,20260829,0.25,0.5099111414900889,0.5283663704716337,0.018455228981544836,0.2447916042827283,0.16303802383733484,0.026349900099900115,0.5285714285714285,EPPVR,audit_population,subject,0.07416267942583732,0.015503139692780799,0.0,-0.05570745044429248,0.14753488414455404,0.026349900099900115,0.07798272447640713,4.0,0,0.22717268075710229
valence,baseline_delta,72,gpu_mlp,20260829,0.5,0.5099111414900889,0.5478468899521531,0.03793574846206427,0.502661106355786,0.3189203537194292,0.027733447108447117,0.5285714285714285,EPPVR,audit_population,subject,0.07416267942583732,0.015503139692780799,0.0,-0.03622693096377305,0.3034172140266484,0.027733447108447117,0.1603776702712284,4.0,0,0.49563563002492417
valence,baseline_delta,72,gpu_mlp,20260829,0.75,0.5099111414900889,0.5338345864661654,0.02392344497607657,0.7492463377676767,0.4670121389925269,0.018049381174381172,0.5285714285714285,EPPVR,audit_population,subject,0.07416267942583732,0.015503139692780799,0.0,-0.05023923444976075,0.45150899929974614,0.018049381174381172,0.2386547567727229,4.0,0,0.7230239742724464
valence,baseline_delta,72,gpu_mlp,20260829,1.0,0.5099111414900889,0.5591250854408749,0.04921394395078604,1.0,0.6206075800546544,0.002942543567543571,0.5285714285714285,EPPVR,audit_population,subject,0.07416267942583732,0.015503139692780799,0.0,-0.024948735475051276,0.6051044403618736,0.002942543567543571,0.31984091847699025,4.0,0,0.8692924167602185
valence,baseline_delta,72,gpu_mlp,20260911,0.25,0.5372522214627478,0.5157211209842789,-0.021531100478468845,0.25679517964658977,0.15833970608461295,0.002202797202797202,0.5214285714285714,EPPVR,audit_population,subject,-0.03861927546138072,0.016576397818756982,0.008750000000000003,0.017088174982911875,0.14176330826585598,-0.0065472027972028005,0.07391943931005346,4.0,0,0.15995421251390998
valence,baseline_delta,72,gpu_mlp,20260911,0.5,0.5372522214627478,0.5023923444976077,-0.034859876965140035,0.4998161789949948,0.294868276188962,0.009054417804417809,0.5214285714285714,EPPVR,audit_population,subject,-0.03861927546138072,0.016576397818756982,0.008750000000000003,0.0037593984962406846,0.278291878370205,0.0003044178044178062,0.14510933657874975,4.0,0,0.372536295005957
valence,baseline_delta,72,gpu_mlp,20260911,0.75,0.5372522214627478,0.5116199589883801,-0.025632262474367673,0.7114075505424228,0.4064443436403364,-0.018272495478377837,0.5214285714285714,EPPVR,audit_population,subject,-0.03861927546138072,0.016576397818756982,0.008750000000000003,0.012987012987013047,0.3898679458215794,-0.027022495478377838,0.2032882860355378,4.0,0,0.47509203094156266
valence,baseline_delta,72,gpu_mlp,20260911,1.0,0.5372522214627478,0.5088858509911142,-0.028366370471633595,1.0,0.5700315485255019,-0.04003531599119835,0.5214285714285714,EPPVR,audit_population,subject,-0.03861927546138072,0.016576397818756982,0.008750000000000003,0.010252904989747125,0.5534551507067449,-0.04878531599119835,0.28858732858280267,4.0,0,0.6901244909718092
valence,baseline_delta,72,gpu_mlp,20260923,0.25,0.51742993848257,0.5311004784688995,0.0136705399863295,0.25302006027616847,0.1618605772678334,0.03376623376623378,0.49761904761904757,EPPVR,audit_population,subject,0.014695830485304207,0.011898752184628675,0.0,-0.001025290498974707,0.14996182508320471,0.03376623376623378,0.07462386057711853,4.0,0,0.23664544164843695
valence,baseline_delta,72,gpu_mlp,20260923,0.5,0.51742993848257,0.5611756664388243,0.04374572795625431,0.49311673997799516,0.3028891149184449,-0.012400932400932397,0.49761904761904757,EPPVR,audit_population,subject,0.014695830485304207,0.011898752184628675,0.0,0.029049897470950103,0.29099036273381623,-0.012400932400932397,0.14480234716992282,4.0,1,0.3013419225511629
valence,baseline_delta,72,gpu_mlp,20260923,0.75,0.51742993848257,0.5451127819548872,0.027682843472317198,0.7262204056399266,0.4382295598841253,0.005250166500166509,0.49761904761904757,EPPVR,audit_population,subject,0.014695830485304207,0.011898752184628675,0.0,0.012987012987012991,0.42633080769949666,0.005250166500166509,0.21215033049808285,4.0,0,0.6062079710383214
valence,baseline_delta,72,gpu_mlp,20260923,1.0,0.51742993848257,0.579630895420369,0.062200956937799035,1.0,0.6032781211825751,0.0018847818847818943,0.49761904761904757,EPPVR,audit_population,subject,0.014695830485304207,0.011898752184628675,0.0,0.04750512645249483,0.5913793689979464,0.0018847818847818943,0.2942816383823114,4.0,1,0.8319020091408551
valence,baseline_delta,72,gpu_mlp,20261007,0.25,0.5061517429938482,0.4719753930280246,-0.03417634996582364,0.2509002849538281,0.1558260650661251,0.00653679653679653,0.4904761904761904,EPPVR,audit_population,subject,-0.029391660970608302,0.010352308373376355,0.0,-0.004784688995215336,0.14547375669274873,0.00653679653679653,0.0713514139969196,4.0,0,0.1621429522364733
valence,baseline_delta,72,gpu_mlp,20261007,0.5,0.5061517429938482,0.49008885850991113,-0.016062884483937112,0.5065856991830315,0.30454796505566395,0.02082251082251082,0.4904761904761904,EPPVR,audit_population,subject,-0.029391660970608302,0.010352308373376355,0.0,0.01332877648667119,0.2941956566822876,0.02082251082251082,0.1442959649441696,4.0,0,0.4181270609417805
valence,baseline_delta,72,gpu_mlp,20261007,0.75,0.5061517429938482,0.47881066302118935,-0.027341079972658888,0.7545612507810111,0.4484486261285279,-0.027822594072594076,0.4904761904761904,EPPVR,audit_population,subject,-0.029391660970608302,0.010352308373376355,0.0,0.002050580997949414,0.43809631775515157,-0.027822594072594076,0.21487581299419337,4.0,0,0.49390706423414843
valence,baseline_delta,72,gpu_mlp,20261007,1.0,0.5061517429938482,0.49282296650717705,-0.01332877648667119,1.0,0.5920910540859329,-0.03418623043623044,0.4904761904761904,EPPVR,audit_population,subject,-0.029391660970608302,0.010352308373376355,0.0,0.016062884483937112,0.5817387457125566,-0.03418623043623044,0.285329003849492,4.0,0,0.7174452516721997
valence,baseline_delta,72,linear_logistic,20260813,0.25,0.5222146274777854,0.5006835269993165,-0.021531100478468845,0.2452562047928969,0.1799866344178575,-0.04014346764346764,0.5095238095238095,EPPVR,audit_population,subject,-0.028024606971975397,0.03259283267733455,-0.03888888888888889,0.006493506493506551,0.14739380174052297,-0.001254578754578753,0.07510065136302836,1.0,0,0.05930212816216357
valence,baseline_delta,72,linear_logistic,20260813,0.5,0.5222146274777854,0.49043062200956933,-0.031784005468216026,0.5027764468765981,0.3407249182791975,-0.0340533078033078,0.5095238095238095,EPPVR,audit_population,subject,-0.028024606971975397,0.03259283267733455,-0.03888888888888889,-0.003759398496240629,0.30813208560186295,0.004835581085581089,0.15700063409237777,1.0,0,0.18710729572201465
valence,baseline_delta,72,linear_logistic,20260813,0.75,0.5222146274777854,0.49111414900888584,-0.031100478468899517,0.7599807484794286,0.48785774957077266,-0.10882131757131759,0.5095238095238095,EPPVR,audit_population,subject,-0.028024606971975397,0.03259283267733455,-0.03888888888888889,-0.0030758714969241208,0.4552649168934381,-0.0699324286824287,0.23196831479808513,1.0,0,0.17910913148118496
valence,baseline_delta,72,linear_logistic,20260813,1.0,0.5222146274777854,0.5136705399863295,-0.008544087491455854,1.0,0.6410499263865612,-0.08453407703407703,0.5095238095238095,EPPVR,audit_population,subject,-0.028024606971975397,0.03259283267733455,-0.03888888888888889,0.019480519480519543,0.6084570937092266,-0.04564518814518814,0.3100233763185107,1.0,0,0.49922058687232346
valence,baseline_delta,72,linear_logistic,20260829,0.25,0.5,0.48222829801777173,-0.017771701982228272,0.2447916042827283,0.16303802383733484,0.026349900099900115,0.5285714285714285,EPPVR,audit_population,subject,0.028708133971291905,0.015503139692780799,0.0,-0.04647983595352018,0.14753488414455404,0.026349900099900115,0.07798272447640713,1.0,0,0.15592302585192702
valence,baseline_delta,72,linear_logistic,20260829,0.5,0.5,0.5481886534518113,0.048188653451811336,0.502661106355786,0.3189203537194292,0.027733447108447117,0.5285714285714285,EPPVR,audit_population,subject,0.028708133971291905,0.015503139692780799,0.0,0.01948051948051943,0.3034172140266484,0.027733447108447117,0.1603776702712284,1.0,0,0.3817813919784558
valence,baseline_delta,72,linear_logistic,20260829,0.75,0.5,0.4969241285030759,-0.0030758714969241208,0.7492463377676767,0.4670121389925269,0.018049381174381172,0.5285714285714285,EPPVR,audit_population,subject,0.028708133971291905,0.015503139692780799,0.0,-0.031784005468216026,0.45150899929974614,0.018049381174381172,0.2386547567727229,1.0,0,0.6212778057453459
valence,baseline_delta,72,linear_logistic,20260829,1.0,0.5,0.525974025974026,0.025974025974025983,1.0,0.6206075800546544,0.002942543567543571,0.5285714285714285,EPPVR,audit_population,subject,0.028708133971291905,0.015503139692780799,0.0,-0.002734107997265922,0.6051044403618736,0.002942543567543571,0.31984091847699025,1.0,0,0.8069294995390188
valence,baseline_delta,72,linear_logistic,20260911,0.25,0.4880382775119617,0.5232399179767601,0.035201640464798345,0.25679517964658977,0.15833970608461295,0.002202797202797202,0.5214285714285714,EPPVR,audit_population,subject,-0.024265208475734767,0.016576397818756982,0.008750000000000003,0.05946684894053311,0.14176330826585598,-0.0065472027972028005,0.07391943931005346,1.0,1,0.10687135288783092
valence,baseline_delta,72,linear_logistic,20260911,0.5,0.4880382775119617,0.5017088174982912,0.0136705399863295,0.4998161789949948,0.294868276188962,0.009054417804417809,0.5214285714285714,EPPVR,audit_population,subject,-0.024265208475734767,0.016576397818756982,0.008750000000000003,0.03793574846206427,0.278291878370205,0.0003044178044178062,0.14510933657874975,1.0,1,0.2717251594050541
valence,baseline_delta,72,linear_logistic,20260911,0.75,0.4880382775119617,0.5075187969924811,0.01948051948051943,0.7114075505424228,0.4064443436403364,-0.018272495478377837,0.5214285714285714,EPPVR,audit_population,subject,-0.024265208475734767,0.016576397818756982,0.008750000000000003,0.0437457279562542,0.3898679458215794,-0.027022495478377838,0.2032882860355378,1.0,1,0.3625645592966603
valence,baseline_delta,72,linear_logistic,20260911,1.0,0.4880382775119617,0.4979494190020506,0.00991114149008887,1.0,0.5700315485255019,-0.04003531599119835,0.5214285714285714,EPPVR,audit_population,subject,-0.024265208475734767,0.016576397818756982,0.008750000000000003,0.03417634996582364,0.5534551507067449,-0.04878531599119835,0.28858732858280267,1.0,1,0.5832587375683792
valence,baseline_delta,72,linear_logistic,20260923,0.25,0.4958988380041012,0.46240601503759393,-0.03349282296650724,0.25302006027616847,0.1618605772678334,0.03376623376623378,0.49761904761904757,EPPVR,audit_population,subject,-0.034859876965140146,0.011898752184628675,0.0,0.0013670539986329056,0.14996182508320471,0.03376623376623378,0.07462386057711853,1.0,0,0.1630516070820647
valence,baseline_delta,72,linear_logistic,20260923,0.5,0.4958988380041012,0.4678742310321258,-0.028024606971975397,0.49311673997799516,0.3028891149184449,-0.012400932400932397,0.49761904761904757,EPPVR,audit_population,subject,-0.034859876965140146,0.011898752184628675,0.0,0.00683526999316475,0.29099036273381623,-0.012400932400932397,0.14480234716992282,1.0,0,0.21324889741661776
valence,baseline_delta,72,linear_logistic,20260923,0.75,0.4958988380041012,0.4343814080656186,-0.06151742993848258,0.7262204056399266,0.4382295598841253,0.005250166500166509,0.49761904761904757,EPPVR,audit_population,subject,-0.034859876965140146,0.011898752184628675,0.0,-0.026657552973342435,0.42633080769949666,0.005250166500166509,0.21215033049808285,1.0,0,0.4917167967052504
valence,baseline_delta,72,linear_logistic,20260923,1.0,0.4958988380041012,0.45112781954887216,-0.04477101845522902,1.0,0.6032781211825751,0.0018847818847818943,0.49761904761904757,EPPVR,audit_population,subject,-0.034859876965140146,0.011898752184628675,0.0,-0.00991114149008887,0.5913793689979464,0.0018847818847818943,0.2942816383823114,1.0,0,0.7566926192272179
valence,baseline_delta,72,linear_logistic,20261007,0.25,0.4589883800410116,0.4419002050580998,-0.01708817498291182,0.2509002849538281,0.1558260650661251,0.00653679653679653,0.4904761904761904,EPPVR,audit_population,subject,-0.03383458646616544,0.010352308373376355,0.0,0.01674641148325362,0.14547375669274873,0.00653679653679653,0.0713514139969196,1.0,0,0.10842748508845602
valence,baseline_delta,72,linear_logistic,20261007,0.5,0.4589883800410116,0.4374572795625427,-0.0215311004784689,0.5065856991830315,0.30454796505566395,0.02082251082251082,0.4904761904761904,EPPVR,audit_population,subject,-0.03383458646616544,0.010352308373376355,0.0,0.012303485987696539,0.2941956566822876,0.02082251082251082,0.1442959649441696,1.0,0,0.31109548621757793
valence,baseline_delta,72,linear_logistic,20261007,0.75,0.4589883800410116,0.4504442925495557,-0.00854408749145591,0.7545612507810111,0.4484486261285279,-0.027822594072594076,0.4904761904761904,EPPVR,audit_population,subject,-0.03383458646616544,0.010352308373376355,0.0,0.02529049897470953,0.43809631775515157,-0.027822594072594076,0.21487581299419337,1.0,1,0.38015061696104924
valence,baseline_delta,72,linear_logistic,20261007,1.0,0.4589883800410116,0.4439507860560492,-0.015037593984962405,1.0,0.5920910540859329,-0.03418623043623044,0.4904761904761904,EPPVR,audit_population,subject,-0.03383458646616544,0.010352308373376355,0.0,0.018796992481203034,0.5817387457125566,-0.03418623043623044,0.285329003849492,1.0,0,0.6147417270644148
valence,normalized_asymmetry,12,gpu_mlp,20260813,0.25,0.5054682159945317,0.4965823650034176,-0.008885850991114108,0.2452562047928969,0.1799866344178575,-0.04014346764346764,0.2714285714285714,EPPVR,audit_population,subject,0.012303485987696594,0.03259283267733455,-0.03888888888888889,-0.021189336978810702,0.14739380174052297,-0.001254578754578753,0.04000688904385623,4.0,0,0.05177127157759089
valence,normalized_asymmetry,12,gpu_mlp,20260813,0.5,0.5054682159945317,0.49829118250170884,-0.007177033492822893,0.5027764468765981,0.3407249182791975,-0.0340533078033078,0.2714285714285714,EPPVR,audit_population,subject,0.012303485987696594,0.03259283267733455,-0.03888888888888889,-0.019480519480519487,0.30813208560186295,0.004835581085581089,0.08363585180621994,4.0,0,0.13245629286623575
valence,normalized_asymmetry,12,gpu_mlp,20260813,0.75,0.5054682159945317,0.48632946001367056,-0.019138755980861177,0.7599807484794286,0.48785774957077266,-0.10882131757131759,0.2714285714285714,EPPVR,audit_population,subject,0.012303485987696594,0.03259283267733455,-0.03888888888888889,-0.03144224196855777,0.4552649168934381,-0.0699324286824287,0.1235719060139332,4.0,0,0.10183239807832184
valence,normalized_asymmetry,12,gpu_mlp,20260813,1.0,0.5054682159945317,0.487012987012987,-0.018455228981544725,1.0,0.6410499263865612,-0.08453407703407703,0.2714285714285714,EPPVR,audit_population,subject,0.012303485987696594,0.03259283267733455,-0.03888888888888889,-0.03075871496924132,0.6084570937092266,-0.04564518814518814,0.16515263972107577,4.0,0,0.286602475202476
valence,normalized_asymmetry,12,gpu_mlp,20260829,0.25,0.5324675324675325,0.5003417634996583,-0.032125768967874224,0.2447916042827283,0.16303802383733484,0.026349900099900115,0.2642857142857143,EPPVR,audit_population,subject,0.006835269993164639,0.015503139692780799,0.0,-0.03896103896103886,0.14753488414455404,0.026349900099900115,0.03899136223820357,4.0,0,0.13012661106894755
valence,normalized_asymmetry,12,gpu_mlp,20260829,0.5,0.5324675324675325,0.5485304169514695,0.016062884483937,0.502661106355786,0.3189203537194292,0.027733447108447117,0.2642857142857143,EPPVR,audit_population,subject,0.006835269993164639,0.015503139692780799,0.0,0.009227614490772362,0.3034172140266484,0.027733447108447117,0.08018883513561421,4.0,0,0.27287991241978427
valence,normalized_asymmetry,12,gpu_mlp,20260829,0.75,0.5324675324675325,0.508544087491456,-0.02392344497607657,0.7492463377676767,0.4670121389925269,0.018049381174381172,0.2642857142857143,EPPVR,audit_population,subject,0.006835269993164639,0.015503139692780799,0.0,-0.030758714969241208,0.45150899929974614,0.018049381174381172,0.11932737838636148,4.0,0,0.4314717344114689
valence,normalized_asymmetry,12,gpu_mlp,20260829,1.0,0.5324675324675325,0.5263157894736842,-0.0061517429938483525,1.0,0.6206075800546544,0.002942543567543571,0.2642857142857143,EPPVR,audit_population,subject,0.006835269993164639,0.015503139692780799,0.0,-0.012987012987012991,0.6051044403618736,0.002942543567543571,0.15992045923849518,4.0,0,0.5930192976711753
valence,normalized_asymmetry,12,gpu_mlp,20260911,0.25,0.5457963089542037,0.50580997949419,-0.03998632946001368,0.25679517964658977,0.15833970608461295,0.002202797202797202,0.29761904761904767,EPPVR,audit_population,subject,-0.03622693096377305,0.016576397818756982,0.008750000000000003,-0.003759398496240629,0.14176330826585598,-0.0065472027972028005,0.042191460793409526,4.0,0,0.09782687678198586
valence,normalized_asymmetry,12,gpu_mlp,20260911,0.5,0.5457963089542037,0.47436773752563227,-0.07142857142857145,0.4998161789949948,0.294868276188962,0.009054417804417809,0.29761904761904767,EPPVR,audit_population,subject,-0.03622693096377305,0.016576397818756982,0.008750000000000003,-0.0352016404647984,0.278291878370205,0.0003044178044178062,0.08282496380065628,4.0,0,0.21461324156209696
valence,normalized_asymmetry,12,gpu_mlp,20260911,0.75,0.5457963089542037,0.5116199589883801,-0.03417634996582364,0.7114075505424228,0.4064443436403364,-0.018272495478377837,0.29761904761904767,EPPVR,audit_population,subject,-0.03622693096377305,0.016576397818756982,0.008750000000000003,0.002050580997949414,0.3898679458215794,-0.027022495478377838,0.11603212673261294,4.0,0,0.25927666529738713
valence,normalized_asymmetry,12,gpu_mlp,20260911,1.0,0.5457963089542037,0.4859876965140123,-0.05980861244019142,1.0,0.5700315485255019,-0.04003531599119835,0.29761904761904767,EPPVR,audit_population,subject,-0.03622693096377305,0.016576397818756982,0.008750000000000003,-0.02358168147641837,0.5534551507067449,-0.04878531599119835,0.1647187948531979,4.0,0,0.4002390287953935
valence,normalized_asymmetry,12,gpu_mlp,20260923,0.25,0.5393028024606972,0.5457963089542037,0.006493506493506551,0.25302006027616847,0.1618605772678334,0.03376623376623378,0.2785714285714286,EPPVR,audit_population,subject,-0.017771701982228327,0.011898752184628675,0.0,0.02426520847573488,0.14996182508320471,0.03376623376623378,0.04177507984460703,4.0,1,0.14998306991068877
valence,normalized_asymmetry,12,gpu_mlp,20260923,0.5,0.5393028024606972,0.5485304169514695,0.009227614490772362,0.49311673997799516,0.3028891149184449,-0.012400932400932397,0.2785714285714286,EPPVR,audit_population,subject,-0.017771701982228327,0.011898752184628675,0.0,0.02699931647300069,0.29099036273381623,-0.012400932400932397,0.08106160104727739,4.0,1,0.16523551178664736
valence,normalized_asymmetry,12,gpu_mlp,20260923,0.75,0.5393028024606972,0.5252904989747095,-0.014012303485987698,0.7262204056399266,0.4382295598841253,0.005250166500166509,0.2785714285714286,EPPVR,audit_population,subject,-0.017771701982228327,0.011898752184628675,0.0,0.003759398496240629,0.42633080769949666,0.005250166500166509,0.11876358214485978,4.0,0,0.3649215130196267
valence,normalized_asymmetry,12,gpu_mlp,20260923,1.0,0.5393028024606972,0.5399863294600137,0.0006835269993165083,1.0,0.6032781211825751,0.0018847818847818943,0.2785714285714286,EPPVR,audit_population,subject,-0.017771701982228327,0.011898752184628675,0.0,0.018455228981544836,0.5913793689979464,0.0018847818847818943,0.16474139564942794,4.0,0,0.5894629032185917
valence,normalized_asymmetry,12,gpu_mlp,20261007,0.25,0.570745044429255,0.5157211209842789,-0.055023923444976086,0.2509002849538281,0.1558260650661251,0.00653679653679653,0.2833333333333333,EPPVR,audit_population,subject,-0.06151742993848264,0.010352308373376355,0.0,0.006493506493506551,0.14547375669274873,0.00653679653679653,0.04121756439627881,4.0,0,0.10258419800024211
valence,normalized_asymmetry,12,gpu_mlp,20261007,0.5,0.570745044429255,0.5276828434723171,-0.04306220095693791,0.5065856991830315,0.30454796505566395,0.02082251082251082,0.2833333333333333,EPPVR,audit_population,subject,-0.06151742993848264,0.010352308373376355,0.0,0.018455228981544725,0.2941956566822876,0.02082251082251082,0.08335543605998148,4.0,0,0.2550939170132003
valence,normalized_asymmetry,12,gpu_mlp,20261007,0.75,0.570745044429255,0.48222829801777173,-0.08851674641148327,0.7545612507810111,0.4484486261285279,-0.027822594072594076,0.2833333333333333,EPPVR,audit_population,subject,-0.06151742993848264,0.010352308373376355,0.0,-0.026999316473000634,0.43809631775515157,-0.027822594072594076,0.12412729003062627,4.0,0,0.2742299904073854
valence,normalized_asymmetry,12,gpu_mlp,20261007,1.0,0.570745044429255,0.5061517429938482,-0.06459330143540676,1.0,0.5920910540859329,-0.03418623043623044,0.2833333333333333,EPPVR,audit_population,subject,-0.06151742993848264,0.010352308373376355,0.0,-0.0030758714969241208,0.5817387457125566,-0.03418623043623044,0.16482597795189102,4.0,0,0.4441269579698494
valence,normalized_asymmetry,12,linear_logistic,20260813,0.25,0.47573479152426523,0.47026657552973344,-0.005468215994531789,0.2452562047928969,0.1799866344178575,-0.04014346764346764,0.2714285714285714,EPPVR,audit_population,subject,0.030758714969241208,0.03259283267733455,-0.03888888888888889,-0.036226930963772996,0.14739380174052297,-0.001254578754578753,0.04000688904385623,1.0,0,0.033172579678733195
valence,normalized_asymmetry,12,linear_logistic,20260813,0.5,0.47573479152426523,0.49077238550922764,0.015037593984962405,0.5027764468765981,0.3407249182791975,-0.0340533078033078,0.2714285714285714,EPPVR,audit_population,subject,0.030758714969241208,0.03259283267733455,-0.03888888888888889,-0.015721120984278802,0.30813208560186295,0.004835581085581089,0.08363585180621994,1.0,0,0.08754792535623063
valence,normalized_asymmetry,12,linear_logistic,20260813,0.75,0.47573479152426523,0.4887218045112782,0.012987012987012991,0.7599807484794286,0.48785774957077266,-0.10882131757131759,0.2714285714285714,EPPVR,audit_population,subject,0.030758714969241208,0.03259283267733455,-0.03888888888888889,-0.017771701982228216,0.4552649168934381,-0.0699324286824287,0.1235719060139332,1.0,0,0.06651083942510798
valence,normalized_asymmetry,12,linear_logistic,20260813,1.0,0.47573479152426523,0.4747095010252905,-0.001025290498974707,1.0,0.6410499263865612,-0.08453407703407703,0.2714285714285714,EPPVR,audit_population,subject,0.030758714969241208,0.03259283267733455,-0.03888888888888889,-0.031784005468215915,0.6084570937092266,-0.04564518814518814,0.16515263972107577,1.0,0,0.20157513377961092
valence,normalized_asymmetry,12,linear_logistic,20260829,0.25,0.5338345864661654,0.5047846889952153,-0.029049897470950103,0.2447916042827283,0.16303802383733484,0.026349900099900115,0.2642857142857143,EPPVR,audit_population,subject,-0.028366370471633706,0.015503139692780799,0.0,-0.0006835269993163973,0.14753488414455404,0.026349900099900115,0.03899136223820357,1.0,0,0.08592987012679938
valence,normalized_asymmetry,12,linear_logistic,20260829,0.5,0.5338345864661654,0.5047846889952153,-0.029049897470950103,0.502661106355786,0.3189203537194292,0.027733447108447117,0.2642857142857143,EPPVR,audit_population,subject,-0.028366370471633706,0.015503139692780799,0.0,-0.0006835269993163973,0.3034172140266484,0.027733447108447117,0.08018883513561421,1.0,0,0.1908346615993183
valence,normalized_asymmetry,12,linear_logistic,20260829,0.75,0.5338345864661654,0.5112781954887218,-0.022556390977443663,0.7492463377676767,0.4670121389925269,0.018049381174381172,0.2642857142857143,EPPVR,audit_population,subject,-0.028366370471633706,0.015503139692780799,0.0,0.005809979494190043,0.45150899929974614,0.018049381174381172,0.11932737838636148,1.0,0,0.3229199469595097
valence,normalized_asymmetry,12,linear_logistic,20260829,1.0,0.5338345864661654,0.536226930963773,0.0023923444976076125,1.0,0.6206075800546544,0.002942543567543571,0.2642857142857143,EPPVR,audit_population,subject,-0.028366370471633706,0.015503139692780799,0.0,0.03075871496924132,0.6051044403618736,0.002942543567543571,0.15992045923849518,1.0,1,0.47799550687203873
valence,normalized_asymmetry,12,linear_logistic,20260911,0.25,0.5215311004784688,0.45522898154477104,-0.0663021189336978,0.25679517964658977,0.15833970608461295,0.002202797202797202,0.29761904761904767,EPPVR,audit_population,subject,-0.031784005468215915,0.016576397818756982,0.008750000000000003,-0.03451811346548189,0.14176330826585598,-0.0065472027972028005,0.042191460793409526,1.0,0,0.0637959876928967
valence,normalized_asymmetry,12,linear_logistic,20260911,0.5,0.5215311004784688,0.46172248803827753,-0.05980861244019131,0.4998161789949948,0.294868276188962,0.009054417804417809,0.29761904761904767,EPPVR,audit_population,subject,-0.031784005468215915,0.016576397818756982,0.008750000000000003,-0.028024606971975397,0.278291878370205,0.0003044178044178062,0.08282496380065628,1.0,0,0.14655569174908806
valence,normalized_asymmetry,12,linear_logistic,20260911,0.75,0.5215311004784688,0.4730006835269993,-0.048530416951469535,0.7114075505424228,0.4064443436403364,-0.018272495478377837,0.29761904761904767,EPPVR,audit_population,subject,-0.031784005468215915,0.016576397818756982,0.008750000000000003,-0.01674641148325362,0.3898679458215794,-0.027022495478377838,0.11603212673261294,1.0,0,0.18030720717092288
valence,normalized_asymmetry,12,linear_logistic,20260911,1.0,0.5215311004784688,0.4730006835269993,-0.048530416951469535,1.0,0.5700315485255019,-0.04003531599119835,0.29761904761904767,EPPVR,audit_population,subject,-0.031784005468215915,0.016576397818756982,0.008750000000000003,-0.01674641148325362,0.5534551507067449,-0.04878531599119835,0.1647187948531979,1.0,0,0.29546132308844975
valence,normalized_asymmetry,12,linear_logistic,20260923,0.25,0.5334928229665071,0.49248120300751874,-0.04101161995898839,0.25302006027616847,0.1618605772678334,0.03376623376623378,0.2785714285714286,EPPVR,audit_population,subject,-0.025974025974025983,0.011898752184628675,0.0,-0.015037593984962405,0.14996182508320471,0.03376623376623378,0.04177507984460703,1.0,0,0.09981607326554981
valence,normalized_asymmetry,12,linear_logistic,20260923,0.5,0.5334928229665071,0.525974025974026,-0.007518796992481147,0.49311673997799516,0.3028891149184449,-0.012400932400932397,0.2785714285714286,EPPVR,audit_population,subject,-0.025974025974025983,0.011898752184628675,0.0,0.018455228981544836,0.29099036273381623,-0.012400932400932397,0.08106160104727739,1.0,0,0.11063080468476728
valence,normalized_asymmetry,12,linear_logistic,20260923,0.75,0.5334928229665071,0.5017088174982912,-0.031784005468215915,0.7262204056399266,0.4382295598841253,0.005250166500166509,0.2785714285714286,EPPVR,audit_population,subject,-0.025974025974025983,0.011898752184628675,0.0,-0.005809979494189932,0.42633080769949666,0.005250166500166509,0.11876358214485978,1.0,0,0.2652997393050867
valence,normalized_asymmetry,12,linear_logistic,20260923,1.0,0.5334928229665071,0.5287081339712919,-0.004784688995215225,1.0,0.6032781211825751,0.0018847818847818943,0.2785714285714286,EPPVR,audit_population,subject,-0.025974025974025983,0.011898752184628675,0.0,0.021189336978810758,0.5913793689979464,0.0018847818847818943,0.16474139564942794,1.0,1,0.4743249677650178
valence,normalized_asymmetry,12,linear_logistic,20261007,0.25,0.5082023239917977,0.4699248120300752,-0.038277511961722466,0.2509002849538281,0.1558260650661251,0.00653679653679653,0.2833333333333333,EPPVR,audit_population,subject,-0.03930280246069717,0.010352308373376355,0.0,0.001025290498974707,0.14547375669274873,0.00653679653679653,0.04121756439627881,1.0,0,0.06702132883502694
valence,normalized_asymmetry,12,linear_logistic,20261007,0.5,0.5082023239917977,0.49145591250854403,-0.01674641148325362,0.5065856991830315,0.30454796505566395,0.02082251082251082,0.2833333333333333,EPPVR,audit_population,subject,-0.03930280246069717,0.010352308373376355,0.0,0.022556390977443552,0.2941956566822876,0.02082251082251082,0.08335543605998148,1.0,1,0.17709384130740793
valence,normalized_asymmetry,12,linear_logistic,20261007,0.75,0.5082023239917977,0.4958988380041012,-0.012303485987696483,0.7545612507810111,0.4484486261285279,-0.027822594072594076,0.2833333333333333,EPPVR,audit_population,subject,-0.03930280246069717,0.010352308373376355,0.0,0.02699931647300069,0.43809631775515157,-0.027822594072594076,0.12412729003062627,1.0,1,0.19188594109162804
valence,normalized_asymmetry,12,linear_logistic,20261007,1.0,0.5082023239917977,0.5003417634996582,-0.007860560492139457,1.0,0.5920910540859329,-0.03418623043623044,0.2833333333333333,EPPVR,audit_population,subject,-0.03930280246069717,0.010352308373376355,0.0,0.031442241968557716,0.5817387457125566,-0.03418623043623044,0.16482597795189102,1.0,1,0.3342632430080192
valence,relative_power,24,gpu_mlp,20260813,0.25,0.50580997949419,0.5109364319890636,0.005126452494873535,0.2452562047928969,0.1799866344178575,-0.04014346764346764,0.3023809523809524,EPPVR,audit_population,subject,0.02392344497607657,0.03259283267733455,-0.03888888888888889,-0.018796992481203034,0.14739380174052297,-0.001254578754578753,0.04456907814534862,4.0,0,0.05579395860899209
valence,relative_power,24,gpu_mlp,20260813,0.5,0.50580997949419,0.5222146274777854,0.01640464798359531,0.5027764468765981,0.3407249182791975,-0.0340533078033078,0.3023809523809524,EPPVR,audit_population,subject,0.02392344497607657,0.03259283267733455,-0.03888888888888889,-0.007518796992481258,0.30813208560186295,0.004835581085581089,0.09317327350342047,4.0,0,0.14608300969372914
valence,relative_power,24,gpu_mlp,20260813,0.75,0.50580997949419,0.5276828434723171,0.021872863978127044,0.7599807484794286,0.48785774957077266,-0.10882131757131759,0.3023809523809524,EPPVR,audit_population,subject,0.02392344497607657,0.03259283267733455,-0.03888888888888889,-0.002050580997949525,0.4552649168934381,-0.0699324286824287,0.13766343915587298,4.0,0,0.11593136719662617
valence,relative_power,24,gpu_mlp,20260813,1.0,0.50580997949419,0.5406698564593302,0.034859876965140146,1.0,0.6410499263865612,-0.08453407703407703,0.3023809523809524,EPPVR,audit_population,subject,0.02392344497607657,0.03259283267733455,-0.03888888888888889,0.010936431989063577,0.6084570937092266,-0.04564518814518814,0.18398583547874237,4.0,0,0.32444781152158175
valence,relative_power,24,gpu_mlp,20260829,0.25,0.5123034859876965,0.5075187969924811,-0.004784688995215336,0.2447916042827283,0.16303802383733484,0.026349900099900115,0.29047619047619044,EPPVR,audit_population,subject,-0.02631578947368418,0.015503139692780799,0.0,0.021531100478468845,0.14753488414455404,0.026349900099900115,0.04285537110865617,4.0,1,0.13789329844322126
valence,relative_power,24,gpu_mlp,20260829,0.5,0.5123034859876965,0.5160628844839371,0.003759398496240629,0.502661106355786,0.3189203537194292,0.027733447108447117,0.29047619047619044,EPPVR,audit_population,subject,-0.02631578947368418,0.015503139692780799,0.0,0.03007518796992481,0.3034172140266484,0.027733447108447117,0.08813547645535977,4.0,1,0.29221162774798815
valence,relative_power,24,gpu_mlp,20260829,0.75,0.5123034859876965,0.5102529049897471,-0.002050580997949414,0.7492463377676767,0.4670121389925269,0.018049381174381172,0.29047619047619044,EPPVR,audit_population,subject,-0.02631578947368418,0.015503139692780799,0.0,0.024265208475734767,0.45150899929974614,0.018049381174381172,0.1311526140823072,4.0,1,0.46171858431722695
valence,relative_power,24,gpu_mlp,20260829,1.0,0.5123034859876965,0.5393028024606972,0.02699931647300069,1.0,0.6206075800546544,0.002942543567543571,0.29047619047619044,EPPVR,audit_population,subject,-0.02631578947368418,0.015503139692780799,0.0,0.05331510594668487,0.6051044403618736,0.002942543567543571,0.1757684326765442,4.0,1,0.6287642194364317
valence,relative_power,24,gpu_mlp,20260911,0.25,0.49521531100478466,0.47641831852358163,-0.018796992481203034,0.25679517964658977,0.15833970608461295,0.002202797202797202,0.2952380952380952,EPPVR,audit_population,subject,0.005468215994531844,0.016576397818756982,0.008750000000000003,-0.02426520847573488,0.14176330826585598,-0.0065472027972028005,0.04185392910706223,4.0,0,0.09729951102553853
valence,relative_power,24,gpu_mlp,20260911,0.5,0.49521531100478466,0.49624060150375937,0.001025290498974707,0.4998161789949948,0.294868276188962,0.009054417804417809,0.2952380952380952,EPPVR,audit_population,subject,0.005468215994531844,0.016576397818756982,0.008750000000000003,-0.004442925495557137,0.278291878370205,0.0003044178044178062,0.08216236409025099,4.0,0,0.2132250721211462
valence,relative_power,24,gpu_mlp,20260911,0.75,0.49521531100478466,0.4709501025290499,-0.024265208475734767,0.7114075505424228,0.4064443436403364,-0.018272495478377837,0.2952380952380952,EPPVR,audit_population,subject,0.005468215994531844,0.016576397818756982,0.008750000000000003,-0.02973342447026661,0.3898679458215794,-0.027022495478377838,0.115103869718752,4.0,0,0.2573404037411673
valence,relative_power,24,gpu_mlp,20260911,1.0,0.49521531100478466,0.504442925495557,0.009227614490772362,1.0,0.5700315485255019,-0.04003531599119835,0.2952380952380952,EPPVR,audit_population,subject,0.005468215994531844,0.016576397818756982,0.008750000000000003,0.003759398496240518,0.5534551507067449,-0.04878531599119835,0.16340104449437226,4.0,0,0.3971653586571534
valence,relative_power,24,gpu_mlp,20260923,0.25,0.5287081339712919,0.5379357484620642,0.009227614490772251,0.25302006027616847,0.1618605772678334,0.03376623376623378,0.2642857142857143,EPPVR,audit_population,subject,0.028708133971291794,0.011898752184628675,0.0,-0.019480519480519543,0.14996182508320471,0.03376623376623378,0.039632768057704104,4.0,0,0.14535729379038126
valence,relative_power,24,gpu_mlp,20260923,0.5,0.5287081339712919,0.5731373889268626,0.04442925495557071,0.49311673997799516,0.3028891149184449,-0.012400932400932397,0.2642857142857143,EPPVR,audit_population,subject,0.028708133971291794,0.011898752184628675,0.0,0.015721120984278913,0.29099036273381623,-0.012400932400932397,0.07690459586536572,4.0,0,0.15834777416358858
valence,relative_power,24,gpu_mlp,20260923,0.75,0.5287081339712919,0.5601503759398496,0.031442241968557716,0.7262204056399266,0.4382295598841253,0.005250166500166509,0.2642857142857143,EPPVR,audit_population,subject,0.028708133971291794,0.011898752184628675,0.0,0.002734107997265922,0.42633080769949666,0.005250166500166509,0.11267314203486697,4.0,0,0.3501600312603616
valence,relative_power,24,gpu_mlp,20260923,1.0,0.5287081339712919,0.5649350649350648,0.03622693096377294,1.0,0.6032781211825751,0.0018847818847818943,0.2642857142857143,EPPVR,audit_population,subject,0.028708133971291794,0.011898752184628675,0.0,0.007518796992481147,0.5913793689979464,0.0018847818847818943,0.15629311894945727,4.0,0,0.5698021692282497
valence,relative_power,24,gpu_mlp,20261007,0.25,0.5642515379357484,0.53485987696514,-0.029391660970608413,0.2509002849538281,0.1558260650661251,0.00653679653679653,0.2595238095238095,EPPVR,audit_population,subject,-0.0013670539986330166,0.010352308373376355,0.0,-0.028024606971975397,0.14547375669274873,0.00653679653679653,0.03775390352264193,4.0,0,0.09714574520019639
valence,relative_power,24,gpu_mlp,20261007,0.5,0.5642515379357484,0.5136705399863295,-0.05058099794941895,0.5065856991830315,0.30454796505566395,0.02082251082251082,0.2595238095238095,EPPVR,audit_population,subject,-0.0013670539986330166,0.010352308373376355,0.0,-0.04921394395078593,0.2941956566822876,0.02082251082251082,0.07635077756754606,4.0,0,0.23924611036419652
valence,relative_power,24,gpu_mlp,20261007,0.75,0.5642515379357484,0.47607655502392343,-0.08817498291182502,0.7545612507810111,0.4484486261285279,-0.027822594072594076,0.2595238095238095,EPPVR,audit_population,subject,-0.0013670539986330166,0.010352308373376355,0.0,-0.086807928913192,0.43809631775515157,-0.027822594072594076,0.11369642532217027,4.0,0,0.25306454345461576
valence,relative_power,24,gpu_mlp,20261007,1.0,0.5642515379357484,0.49008885850991113,-0.07416267942583732,1.0,0.5920910540859329,-0.03418623043623044,0.2595238095238095,EPPVR,audit_population,subject,-0.0013670539986330166,0.010352308373376355,0.0,-0.0727956254272043,0.5817387457125566,-0.03418623043623044,0.15097505543492537,4.0,0,0.41160551909983284
valence,relative_power,24,linear_logistic,20260813,0.25,0.4805194805194805,0.4644565960355434,-0.016062884483937112,0.2452562047928969,0.1799866344178575,-0.04014346764346764,0.3023809523809524,EPPVR,audit_population,subject,-0.014012303485987698,0.03259283267733455,-0.03888888888888889,-0.002050580997949414,0.14739380174052297,-0.001254578754578753,0.04456907814534862,1.0,0,0.035804694901225294
valence,relative_power,24,linear_logistic,20260813,0.5,0.4805194805194805,0.4719753930280246,-0.00854408749145591,0.5027764468765981,0.3407249182791975,-0.0340533078033078,0.3023809523809524,EPPVR,audit_population,subject,-0.014012303485987698,0.03259283267733455,-0.03888888888888889,0.005468215994531789,0.30813208560186295,0.004835581085581089,0.09317327350342047,1.0,0,0.09707154796790819
valence,relative_power,24,linear_logistic,20260813,0.75,0.4805194805194805,0.46924128503075874,-0.011278195488721776,0.7599807484794286,0.48785774957077266,-0.10882131757131759,0.3023809523809524,EPPVR,audit_population,subject,-0.014012303485987698,0.03259283267733455,-0.03888888888888889,0.002734107997265922,0.4552649168934381,-0.0699324286824287,0.13766343915587298,1.0,0,0.0761339799824671
valence,relative_power,24,linear_logistic,20260813,1.0,0.4805194805194805,0.45625427204374575,-0.024265208475734767,1.0,0.6410499263865612,-0.08453407703407703,0.3023809523809524,EPPVR,audit_population,subject,-0.014012303485987698,0.03259283267733455,-0.03888888888888889,-0.01025290498974707,0.6084570937092266,-0.04564518814518814,0.18398583547874237,1.0,0,0.23184156983579293
valence,relative_power,24,linear_logistic,20260829,0.25,0.47026657552973344,0.48632946001367056,0.016062884483937112,0.2447916042827283,0.16303802383733484,0.026349900099900115,0.29047619047619044,EPPVR,audit_population,subject,0.00854408749145591,0.015503139692780799,0.0,0.007518796992481203,0.14753488414455404,0.026349900099900115,0.04285537110865617,1.0,0,0.09133562490204186
valence,relative_power,24,linear_logistic,20260829,0.5,0.47026657552973344,0.4955570745044429,0.025290498974709474,0.502661106355786,0.3189203537194292,0.027733447108447117,0.29047619047619044,EPPVR,audit_population,subject,0.00854408749145591,0.015503139692780799,0.0,0.016746411483253565,0.3034172140266484,0.027733447108447117,0.08813547645535977,1.0,0,0.20600072151828178
valence,relative_power,24,linear_logistic,20260829,0.75,0.47026657552973344,0.47231715652768286,0.002050580997949414,0.7492463377676767,0.4670121389925269,0.018049381174381172,0.29047619047619044,EPPVR,audit_population,subject,0.00854408749145591,0.015503139692780799,0.0,-0.006493506493506496,0.45150899929974614,0.018049381174381172,0.1311526140823072,1.0,0,0.3502451149520055
valence,relative_power,24,linear_logistic,20260829,1.0,0.47026657552973344,0.4880382775119617,0.017771701982228272,1.0,0.6206075800546544,0.002942543567543571,0.29047619047619044,EPPVR,audit_population,subject,0.00854408749145591,0.015503139692780799,0.0,0.009227614490772362,0.6051044403618736,0.002942543567543571,0.1757684326765442,1.0,0,0.5155906729607291
valence,relative_power,24,linear_logistic,20260911,0.25,0.5102529049897471,0.4894053315105946,-0.020847573479152448,0.25679517964658977,0.15833970608461295,0.002202797202797202,0.2952380952380952,EPPVR,audit_population,subject,-0.03861927546138072,0.016576397818756982,0.008750000000000003,0.017771701982228272,0.14176330826585598,-0.0065472027972028005,0.04185392910706223,1.0,0,0.06343917572457332
valence,relative_power,24,linear_logistic,20260911,0.5,0.5102529049897471,0.48017771701982226,-0.03007518796992481,0.4998161789949948,0.294868276188962,0.009054417804417809,0.2952380952380952,EPPVR,audit_population,subject,-0.03861927546138072,0.016576397818756982,0.008750000000000003,0.00854408749145591,0.278291878370205,0.0003044178044178062,0.08216236409025099,1.0,0,0.1455261667160257
valence,relative_power,24,linear_logistic,20260911,0.75,0.5102529049897471,0.49008885850991113,-0.02016404647983594,0.7114075505424228,0.4064443436403364,-0.018272495478377837,0.2952380952380952,EPPVR,audit_population,subject,-0.03861927546138072,0.016576397818756982,0.008750000000000003,0.01845522898154478,0.3898679458215794,-0.027022495478377838,0.115103869718752,1.0,0,0.17881831538406087
valence,relative_power,24,linear_logistic,20260911,1.0,0.5102529049897471,0.4883800410116199,-0.021872863978127155,1.0,0.5700315485255019,-0.04003531599119835,0.2952380952380952,EPPVR,audit_population,subject,-0.03861927546138072,0.016576397818756982,0.008750000000000003,0.016746411483253565,0.5534551507067449,-0.04878531599119835,0.16340104449437226,1.0,0,0.2927994776633018
valence,relative_power,24,linear_logistic,20260923,0.25,0.5047846889952153,0.4839371155160629,-0.020847573479152448,0.25302006027616847,0.1618605772678334,0.03376623376623378,0.2642857142857143,EPPVR,audit_population,subject,-0.016062884483937112,0.011898752184628675,0.0,-0.004784688995215336,0.14996182508320471,0.03376623376623378,0.039632768057704104,1.0,0,0.09656177974848575
valence,relative_power,24,linear_logistic,20260923,0.5,0.5047846889952153,0.48017771701982226,-0.024606971975393077,0.49311673997799516,0.3028891149184449,-0.012400932400932397,0.2642857142857143,EPPVR,audit_population,subject,-0.016062884483937112,0.011898752184628675,0.0,-0.008544087491455965,0.29099036273381623,-0.012400932400932397,0.07690459586536572,1.0,0,0.10573093184691944
valence,relative_power,24,linear_logistic,20260923,0.75,0.5047846889952153,0.4996582365003418,-0.005126452494873535,0.7262204056399266,0.4382295598841253,0.005250166500166509,0.2642857142857143,EPPVR,audit_population,subject,-0.016062884483937112,0.011898752184628675,0.0,0.010936431989063577,0.42633080769949666,0.005250166500166509,0.11267314203486697,1.0,0,0.25296292443289187
valence,relative_power,24,linear_logistic,20260923,1.0,0.5047846889952153,0.4894053315105946,-0.015379357484620715,1.0,0.6032781211825751,0.0018847818847818943,0.2642857142857143,EPPVR,audit_population,subject,-0.016062884483937112,0.011898752184628675,0.0,0.0006835269993163973,0.5913793689979464,0.0018847818847818943,0.15629311894945727,1.0,0,0.4542552826455358
valence,relative_power,24,linear_logistic,20261007,0.25,0.45625427204374575,0.46514012303485985,0.008885850991114108,0.2509002849538281,0.1558260650661251,0.00653679653679653,0.2595238095238095,EPPVR,audit_population,subject,0.03246753246753248,0.010352308373376355,0.0,-0.02358168147641837,0.14547375669274873,0.00653679653679653,0.03775390352264193,1.0,0,0.06333516616347398
valence,relative_power,24,linear_logistic,20261007,0.5,0.45625427204374575,0.4634313055365687,0.0071770334928229484,0.5065856991830315,0.30454796505566395,0.02082251082251082,0.2595238095238095,EPPVR,audit_population,subject,0.03246753246753248,0.010352308373376355,0.0,-0.02529049897470953,0.2941956566822876,0.02082251082251082,0.07635077756754606,1.0,0,0.16501833702707971
valence,relative_power,24,linear_logistic,20261007,0.75,0.45625427204374575,0.49487354750512647,0.03861927546138072,0.7545612507810111,0.4484486261285279,-0.027822594072594076,0.2595238095238095,EPPVR,audit_population,subject,0.03246753246753248,0.010352308373376355,0.0,0.0061517429938482415,0.43809631775515157,-0.027822594072594076,0.11369642532217027,1.0,0,0.17553876208159852
valence,relative_power,24,linear_logistic,20261007,1.0,0.45625427204374575,0.45112781954887216,-0.00512645249487359,1.0,0.5920910540859329,-0.03418623043623044,0.2595238095238095,EPPVR,audit_population,subject,0.03246753246753248,0.010352308373376355,0.0,-0.03759398496240607,0.5817387457125566,-0.03418623043623044,0.15097505543492537,1.0,0,0.3053672305150255
arousal,all,72,gpu_mlp,20260813,0.25,0.5954591884111803,0.6176060915591048,0.022146903147924557,0.2520895632011068,0.2623906763876349,0.10009115884115882,0.4761904761904762,EPPVR,evaluation_population,subject,0.0018107530875660638,0.10674679977128905,0.08049450549450549,0.020336150060358493,0.15564387661634588,0.019596653346653337,0.07411613172206948,4.0,1,0.4594909683867262
arousal,all,72,gpu_mlp,20260813,0.5,0.5954591884111803,0.644535240040858,0.049076051629677764,0.4783870205375144,0.41724349859065474,0.11005678145384028,0.4761904761904762,EPPVR,evaluation_population,subject,0.0018107530875660638,0.10674679977128905,0.08049450549450549,0.0472652985421117,0.3104966988193657,0.02956227595933479,0.14785557086636464,4.0,1,0.7525905026803038
arousal,all,72,gpu_mlp,20260813,0.75,0.5954591884111803,0.6580926734144303,0.06263348500325006,0.7725545997425437,0.5773617949464364,0.07823859963565845,0.4761904761904762,EPPVR,evaluation_population,subject,0.0018107530875660638,0.10674679977128905,0.08049450549450549,0.06082273191568399,0.4706149951751473,-0.0022559058588470376,0.22410237865483207,4.0,1,0.8558381023176171
arousal,all,72,gpu_mlp,20260813,1.0,0.5954591884111803,0.6404030086358994,0.0449438202247191,1.0,0.73275300876625,0.08025158664864546,0.4761904761904762,EPPVR,evaluation_population,subject,0.0018107530875660638,0.10674679977128905,0.08049450549450549,0.043133067137153036,0.626006208994961,-0.00024291884586002954,0.2980981947595052,4.0,1,0.9496587436712208
arousal,all,72,gpu_mlp,20260829,0.25,0.581576748073173,0.6291670535797196,0.047590305506546526,0.23998664265681838,0.22135956354576342,0.12227675918852392,0.4642857142857143,EPPVR,evaluation_population,subject,0.033707865168539186,0.06829748225037094,0.03888888888888888,0.01388244033800734,0.15306208129539248,0.08338787029963504,0.07106453774428936,4.0,0,0.5324892169116832
arousal,all,72,gpu_mlp,20260829,0.5,0.581576748073173,0.6418887547590305,0.060312006685857456,0.4850699436980519,0.3777123782621539,0.21909091725268198,0.4642857142857143,EPPVR,evaluation_population,subject,0.033707865168539186,0.06829748225037094,0.03888888888888888,0.02660414151731827,0.30941489601178296,0.1802020283637931,0.14365691600547068,4.0,1,0.9394679156950227
arousal,all,72,gpu_mlp,20260829,0.75,0.581576748073173,0.6415637477945956,0.05998699972142252,0.7486987884475071,0.5348858280220058,0.20974262665439136,0.4642857142857143,EPPVR,evaluation_population,subject,0.033707865168539186,0.06829748225037094,0.03888888888888888,0.026279134552883332,0.4665883457716349,0.17085373776550247,0.21663030339397335,4.0,1,0.9764072868131409
arousal,all,72,gpu_mlp,20260829,1.0,0.581576748073173,0.6486674714458167,0.06709072337264366,1.0,0.7030646298461114,0.21909091725268198,0.4642857142857143,EPPVR,evaluation_population,subject,0.033707865168539186,0.06829748225037094,0.03888888888888888,0.03338285820410447,0.6347671475957405,0.1802020283637931,0.2947133185265938,4.0,1,0.9937619070878257
arousal,all,72,gpu_mlp,20260911,0.25,0.5239112266691429,0.5718265391401245,0.047915312470981575,0.244057608131528,0.20571356820785464,0.08783653846153847,0.5166666666666666,EPPVR,evaluation_population,subject,0.07897669235769333,0.05008226835432883,0.10316773504273505,-0.03106137988671176,0.1556312998535258,-0.015331196581196582,0.08040950492432165,4.0,0,0.4388780191767453
arousal,all,72,gpu_mlp,20260911,0.5,0.5239112266691429,0.6108273748723188,0.08691614820317584,0.504196007242642,0.37583810459571054,0.07517125439919561,0.5166666666666666,EPPVR,evaluation_population,subject,0.07897669235769333,0.05008226835432883,0.10316773504273505,0.007939455845482501,0.3257558362413817,-0.027996480643539434,0.1683071820580472,4.0,0,0.6981987387181241
arousal,all,72,gpu_mlp,20260911,0.75,0.5239112266691429,0.5860339864425665,0.06212275977342363,0.7085336515371726,0.5000043456681647,0.131236802413273,0.5166666666666666,EPPVR,evaluation_population,subject,0.07897669235769333,0.05008226835432883,0.10316773504273505,-0.016853932584269704,0.4499220773138358,0.028069067370537965,0.2324597399454818,4.0,0,0.9332255821117529
arousal,all,72,gpu_mlp,20260911,1.0,0.5239112266691429,0.5886804717243941,0.06476924505525117,1.0,0.6918276475717455,0.1491973287290625,0.5166666666666666,EPPVR,evaluation_population,subject,0.07897669235769333,0.05008226835432883,0.10316773504273505,-0.014207447302442167,0.6417453792174167,0.04602959368632745,0.3315684459289986,4.0,0,0.9873487901094378
arousal,all,72,gpu_mlp,20260923,0.25,0.5500046429566348,0.6377565233540718,0.08775188039743709,0.25710397878304075,0.22611592160399668,0.14393048128342248,0.4476190476190477,EPPVR,evaluation_population,subject,0.05320828303463654,0.05873316494482946,0.09616161616161614,0.03454359736280055,0.16738275665916721,0.047768865121806336,0.07492371012362724,4.0,1,0.6275323812014869
arousal,all,72,gpu_mlp,20260923,0.5,0.5500046429566348,0.6422137617234656,0.0922091187668308,0.5022875652410623,0.387303730864252,0.1543597742127154,0.4476190476190477,EPPVR,evaluation_population,subject,0.05320828303463654,0.05873316494482946,0.09616161616161614,0.03900083573219426,0.3285705659194226,0.058198158051099264,0.14707444379250345,4.0,1,0.8602582255412237
arousal,all,72,gpu_mlp,20260923,0.75,0.5500046429566348,0.6422137617234656,0.0922091187668308,0.7091268455792425,0.5191904938666878,0.20632947118241235,0.4476190476190477,EPPVR,evaluation_population,subject,0.05320828303463654,0.05873316494482946,0.09616161616161614,0.03900083573219426,0.46045732892185837,0.11016785502079621,0.20610947104121283,4.0,1,0.9720090072398916
arousal,all,72,gpu_mlp,20260923,1.0,0.5500046429566348,0.6666821431887826,0.11667750023214785,1.0,0.7123879357001894,0.17433452168746286,0.4476190476190477,EPPVR,evaluation_population,subject,0.05320828303463654,0.05873316494482946,0.09616161616161614,0.06346921719751131,0.6536547707553599,0.07817290552584671,0.29258832595716117,4.0,1,0.9880436154999778
arousal,all,72,gpu_mlp,20261007,0.25,0.5931377100937878,0.6220633299284986,0.02892561983471076,0.2409506590706758,0.21617039739208477,0.08380772821949292,0.5047619047619047,EPPVR,evaluation_population,subject,0.01950041786609713,0.06474280195938525,0.041176470588235294,0.009425201968613628,0.1514275954326995,0.04263125763125763,0.07643488150412452,4.0,0,0.40848890199622645
arousal,all,72,gpu_mlp,20261007,0.5,0.5931377100937878,0.6232240690871947,0.030086358993406948,0.49184343945470793,0.37457020410183245,0.1394223586870646,0.5047619047619047,EPPVR,evaluation_population,subject,0.01950041786609713,0.06474280195938525,0.041176470588235294,0.010585941127309817,0.3098274021424472,0.09824588809882931,0.1563890696528543,4.0,0,0.8410153196102876
arousal,all,72,gpu_mlp,20261007,0.75,0.5931377100937878,0.6149596062772773,0.02182189618348951,0.7134091266901866,0.5087300066763966,0.12527957336780865,0.5047619047619047,EPPVR,evaluation_population,subject,0.01950041786609713,0.06474280195938525,0.041176470588235294,0.002321478317392378,0.4439872047170113,0.08410310277957336,0.22410782714287236,4.0,0,0.9202534845567523
arousal,all,72,gpu_mlp,20261007,1.0,0.5931377100937878,0.6539604420094716,0.06082273191568377,1.0,0.692697698170062,0.16046011994541406,0.5047619047619047,EPPVR,evaluation_population,subject,0.01950041786609713,0.06474280195938525,0.041176470588235294,0.04132231404958664,0.6279548962106767,0.11928364935717878,0.31696770951586534,4.0,1,0.9873444558536614
arousal,all,72,linear_logistic,20260813,0.25,0.5728015600334293,0.5975949484631813,0.024793388429751984,0.2520895632011068,0.2623906763876349,0.10009115884115882,0.4761904761904762,EPPVR,evaluation_population,subject,0.016528925619834656,0.10674679977128905,0.08049450549450549,0.008264462809917328,0.15564387661634588,0.019596653346653337,0.07411613172206948,1.0,0,0.34820740901592795
arousal,all,72,linear_logistic,20260813,0.5,0.5728015600334293,0.5923019778995264,0.01950041786609713,0.4783870205375144,0.41724349859065474,0.11005678145384028,0.4761904761904762,EPPVR,evaluation_population,subject,0.016528925619834656,0.10674679977128905,0.08049450549450549,0.002971492246262475,0.3104966988193657,0.02956227595933479,0.14785557086636464,1.0,0,0.6565461814058868
arousal,all,72,linear_logistic,20260813,0.75,0.5728015600334293,0.6002414337450088,0.02743987371157952,0.7725545997425437,0.5773617949464364,0.07823859963565845,0.4761904761904762,EPPVR,evaluation_population,subject,0.016528925619834656,0.10674679977128905,0.08049450549450549,0.010910948091744865,0.4706149951751473,-0.0022559058588470376,0.22410237865483207,1.0,0,0.788616851584179
arousal,all,72,linear_logistic,20260813,1.0,0.5728015600334293,0.5863589934070015,0.01355743337357218,1.0,0.73275300876625,0.08025158664864546,0.4761904761904762,EPPVR,evaluation_population,subject,0.016528925619834656,0.10674679977128905,0.08049450549450549,-0.002971492246262475,0.626006208994961,-0.00024291884586002954,0.2980981947595052,1.0,0,0.9222086834181477
arousal,all,72,linear_logistic,20260829,0.25,0.5878447395301327,0.6309778066672858,0.043133067137153036,0.23998664265681838,0.22135956354576342,0.12227675918852392,0.4642857142857143,EPPVR,evaluation_population,subject,0.018014671742966004,0.06829748225037094,0.03888888888888888,0.025118395394187032,0.15306208129539248,0.08338787029963504,0.07106453774428936,1.0,1,0.4171714432282868
arousal,all,72,linear_logistic,20260829,0.5,0.5878447395301327,0.6253598291391957,0.037515089609063024,0.4850699436980519,0.3777123782621539,0.21909091725268198,0.4642857142857143,EPPVR,evaluation_population,subject,0.018014671742966004,0.06829748225037094,0.03888888888888888,0.01950041786609702,0.30941489601178296,0.1802020283637931,0.14365691600547068,1.0,0,0.9070051565478868
arousal,all,72,linear_logistic,20260829,0.75,0.5878447395301327,0.6347850311078095,0.04694029157767676,0.7486987884475071,0.5348858280220058,0.20974262665439136,0.4642857142857143,EPPVR,evaluation_population,subject,0.018014671742966004,0.06829748225037094,0.03888888888888888,0.02892561983471076,0.4665883457716349,0.17085373776550247,0.21663030339397335,1.0,1,0.962973993676352
arousal,all,72,linear_logistic,20260829,1.0,0.5878447395301327,0.6223883368929335,0.03454359736280077,1.0,0.7030646298461114,0.21909091725268198,0.4642857142857143,EPPVR,evaluation_population,subject,0.018014671742966004,0.06829748225037094,0.03888888888888888,0.016528925619834767,0.6347671475957405,0.1802020283637931,0.2947133185265938,1.0,0,0.9901099529878328
arousal,all,72,linear_logistic,20260911,0.25,0.5491689107623734,0.6126381279598849,0.06346921719751153,0.244057608131528,0.20571356820785464,0.08783653846153847,0.5166666666666666,EPPVR,evaluation_population,subject,0.06676571640820883,0.05008226835432883,0.10316773504273505,-0.0032964992106973012,0.1556312998535258,-0.015331196581196582,0.08040950492432165,1.0,0,0.3295429749776045
arousal,all,72,linear_logistic,20260911,0.5,0.5491689107623734,0.6306527997028508,0.08148388894047742,0.504196007242642,0.37583810459571054,0.07517125439919561,0.5166666666666666,EPPVR,evaluation_population,subject,0.06676571640820883,0.05008226835432883,0.10316773504273505,0.014718172532268592,0.3257558362413817,-0.027996480643539434,0.1683071820580472,1.0,0,0.5924732208481296
arousal,all,72,linear_logistic,20260911,0.75,0.5491689107623734,0.5916519639706566,0.04248305320828316,0.7085336515371726,0.5000043456681647,0.131236802413273,0.5166666666666666,EPPVR,evaluation_population,subject,0.06676571640820883,0.05008226835432883,0.10316773504273505,-0.02428266319992567,0.4499220773138358,0.028069067370537965,0.2324597399454818,1.0,0,0.8977793742817906
arousal,all,72,linear_logistic,20260911,1.0,0.5491689107623734,0.5833875011607392,0.034218590398365833,1.0,0.6918276475717455,0.1491973287290625,0.5166666666666666,EPPVR,evaluation_population,subject,0.06676571640820883,0.05008226835432883,0.10316773504273505,-0.032547126009843,0.6417453792174167,0.04602959368632745,0.3315684459289986,1.0,0,0.9800179099714047
arousal,all,72,linear_logistic,20260923,0.25,0.5506546568855046,0.589330485653264,0.038675828767759324,0.25710397878304075,0.22611592160399668,0.14393048128342248,0.4476190476190477,EPPVR,evaluation_population,subject,0.026279134552883332,0.05873316494482946,0.09616161616161614,0.012396694214875992,0.16738275665916721,0.047768865121806336,0.07492371012362724,1.0,0,0.5142734045607606
arousal,all,72,linear_logistic,20260923,0.5,0.5506546568855046,0.60734515739623,0.05669050051072533,0.5022875652410623,0.387303730864252,0.1543597742127154,0.4476190476190477,EPPVR,evaluation_population,subject,0.026279134552883332,0.05873316494482946,0.09616161616161614,0.030411365957841996,0.3285705659194226,0.058198158051099264,0.14707444379250345,1.0,1,0.7946033907533973
arousal,all,72,linear_logistic,20260923,0.75,0.5506546568855046,0.6114773888011886,0.06082273191568399,0.7091268455792425,0.5191904938666878,0.20632947118241235,0.4476190476190477,EPPVR,evaluation_population,subject,0.026279134552883332,0.05873316494482946,0.09616161616161614,0.03454359736280066,0.46045732892185837,0.11016785502079621,0.20610947104121283,1.0,1,0.9561837884397104
arousal,all,72,linear_logistic,20260923,1.0,0.5506546568855046,0.626520568297892,0.07586591141238741,1.0,0.7123879357001894,0.17433452168746286,0.4476190476190477,EPPVR,evaluation_population,subject,0.026279134552883332,0.05873316494482946,0.09616161616161614,0.04958677685950408,0.6536547707553599,0.07817290552584671,0.29258832595716117,1.0,1,0.9811076554576328
arousal,all,72,linear_logistic,20261007,0.25,0.5878447395301327,0.6111523818367537,0.023307642306620968,0.2409506590706758,0.21617039739208477,0.08380772821949292,0.5047619047619047,EPPVR,evaluation_population,subject,0.0404865818553255,0.06474280195938525,0.041176470588235294,-0.01717893954870453,0.1514275954326995,0.04263125763125763,0.07643488150412452,1.0,0,0.30264127961326803
arousal,all,72,linear_logistic,20261007,0.5,0.5878447395301327,0.6028879190268362,0.01504317949670353,0.49184343945470793,0.37457020410183245,0.1394223586870646,0.5047619047619047,EPPVR,evaluation_population,subject,0.0404865818553255,0.06474280195938525,0.041176470588235294,-0.02544340235862197,0.3098274021424472,0.09824588809882931,0.1563890696528543,1.0,0,0.7687499202511091
arousal,all,72,linear_logistic,20261007,0.75,0.5878447395301327,0.6111523818367537,0.023307642306620968,0.7134091266901866,0.5087300066763966,0.12527957336780865,0.5047619047619047,EPPVR,evaluation_population,subject,0.0404865818553255,0.06474280195938525,0.041176470588235294,-0.01717893954870453,0.4439872047170113,0.08410310277957336,0.22410782714287236,1.0,0,0.8788154230446276
arousal,all,72,linear_logistic,20261007,1.0,0.5878447395301327,0.6235490760516297,0.03570433652149696,1.0,0.692697698170062,0.16046011994541406,0.5047619047619047,EPPVR,evaluation_population,subject,0.0404865818553255,0.06474280195938525,0.041176470588235294,-0.004782245333828539,0.6279548962106767,0.11928364935717878,0.31696770951586534,1.0,0,0.9800111150303045
arousal,baseline_delta,72,gpu_mlp,20260813,0.25,0.5245612405980128,0.5662085616120346,0.0416473210140218,0.2520895632011068,0.2623906763876349,0.10009115884115882,0.4095238095238095,EPPVR,evaluation_population,subject,0.008264462809917439,0.10674679977128905,0.08049450549450549,0.03338285820410436,0.15564387661634588,0.019596653346653337,0.06373987328097974,4.0,1,0.41664665952284696
arousal,baseline_delta,72,gpu_mlp,20260813,0.5,0.5245612405980128,0.5845482403194354,0.05998699972142263,0.4783870205375144,0.41724349859065474,0.11005678145384028,0.4095238095238095,EPPVR,evaluation_population,subject,0.008264462809917439,0.10674679977128905,0.08049450549450549,0.05172253691150519,0.3104966988193657,0.02956227595933479,0.12715579094507357,4.0,1,0.7039895509198848
arousal,baseline_delta,72,gpu_mlp,20260813,0.75,0.5245612405980128,0.5665335685764695,0.041972327978456736,0.7725545997425437,0.5773617949464364,0.07823859963565845,0.4095238095238095,EPPVR,evaluation_population,subject,0.008264462809917439,0.10674679977128905,0.08049450549450549,0.0337078651685393,0.4706149951751473,-0.0022559058588470376,0.19272804564315557,4.0,1,0.8116313210414169
arousal,baseline_delta,72,gpu_mlp,20260813,1.0,0.5245612405980128,0.5414151731822825,0.016853932584269704,1.0,0.73275300876625,0.08025158664864546,0.4095238095238095,EPPVR,evaluation_population,subject,0.008264462809917439,0.10674679977128905,0.08049450549450549,0.008589469774352265,0.626006208994961,-0.00024291884586002954,0.2563644474931745,4.0,0,0.9272087712441416
arousal,baseline_delta,72,gpu_mlp,20260829,0.25,0.5077073080137431,0.53844368093602,0.030736372922276933,0.23998664265681838,0.22135956354576342,0.12227675918852392,0.37857142857142856,EPPVR,evaluation_population,subject,0.07568019314699614,0.06829748225037094,0.03888888888888888,-0.04494382022471921,0.15306208129539248,0.08338787029963504,0.05794493077611287,4.0,0,0.47695615100715466
arousal,baseline_delta,72,gpu_mlp,20260829,0.5,0.5077073080137431,0.5709908069458631,0.06328349893212004,0.4850699436980519,0.3777123782621539,0.21909091725268198,0.37857142857142856,EPPVR,evaluation_population,subject,0.07568019314699614,0.06829748225037094,0.03888888888888888,-0.012396694214876103,0.30941489601178296,0.1802020283637931,0.11713563920446068,4.0,0,0.9188155905585627
arousal,baseline_delta,72,gpu_mlp,20260829,0.75,0.5077073080137431,0.5653728294177732,0.05766552140403014,0.7486987884475071,0.5348858280220058,0.20974262665439136,0.37857142857142856,EPPVR,evaluation_population,subject,0.07568019314699614,0.06829748225037094,0.03888888888888888,-0.018014671742966004,0.4665883457716349,0.17085373776550247,0.1766370166135475,4.0,0,0.9648814867426221
arousal,baseline_delta,72,gpu_mlp,20260829,1.0,0.5077073080137431,0.5807410158789117,0.0730337078651686,1.0,0.7030646298461114,0.21909091725268198,0.37857142857142856,EPPVR,evaluation_population,subject,0.07568019314699614,0.06829748225037094,0.03888888888888888,-0.0026464852818275375,0.6347671475957405,0.1802020283637931,0.24030470587553032,4.0,0,0.9896534010891235
arousal,baseline_delta,72,gpu_mlp,20260911,0.25,0.46192775559476273,0.5538118673971585,0.09188411180239575,0.244057608131528,0.20571356820785464,0.08783653846153847,0.3928571428571429,EPPVR,evaluation_population,subject,0.0708979478131675,0.05008226835432883,0.10316773504273505,0.020986163989228257,0.1556312998535258,-0.015331196581196582,0.06114086779959943,4.0,1,0.3614328474410169
arousal,baseline_delta,72,gpu_mlp,20260911,0.5,0.46192775559476273,0.5369579348128888,0.07503017921812605,0.504196007242642,0.37583810459571054,0.07517125439919561,0.3928571428571429,EPPVR,evaluation_population,subject,0.0708979478131675,0.05008226835432883,0.10316773504273505,0.004132231404958553,0.3257558362413817,-0.027996480643539434,0.12797550709482855,4.0,0,0.591099346386706
arousal,baseline_delta,72,gpu_mlp,20260911,0.75,0.46192775559476273,0.5328257034079302,0.0708979478131675,0.7085336515371726,0.5000043456681647,0.131236802413273,0.3928571428571429,EPPVR,evaluation_population,subject,0.0708979478131675,0.05008226835432883,0.10316773504273505,0.0,0.4499220773138358,0.028069067370537965,0.1767551018018641,4.0,0,0.8869510357883549
arousal,baseline_delta,72,gpu_mlp,20260911,1.0,0.46192775559476273,0.5245612405980128,0.06263348500325006,1.0,0.6918276475717455,0.1491973287290625,0.3928571428571429,EPPVR,evaluation_population,subject,0.0708979478131675,0.05008226835432883,0.10316773504273505,-0.008264462809917439,0.6417453792174167,0.04602959368632745,0.25211425612112803,4.0,0,0.9737732980350225
arousal,baseline_delta,72,gpu_mlp,20260923,0.25,0.5095180611013093,0.5721515461045594,0.06263348500325017,0.25710397878304075,0.22611592160399668,0.14393048128342248,0.39761904761904765,EPPVR,evaluation_population,subject,0.0360293434859319,0.05873316494482946,0.09616161616161614,0.02660414151731827,0.16738275665916721,0.047768865121806336,0.06655457229066887,4.0,1,0.595544129342291
arousal,baseline_delta,72,gpu_mlp,20260923,0.5,0.5095180611013093,0.5901662178475253,0.08064815674621606,0.5022875652410623,0.387303730864252,0.1543597742127154,0.39761904761904765,EPPVR,evaluation_population,subject,0.0360293434859319,0.05873316494482946,0.09616161616161614,0.04461881326028416,0.3285705659194226,0.058198158051099264,0.13064591549653232,4.0,1,0.8356975364421433
arousal,baseline_delta,72,gpu_mlp,20260923,0.75,0.5095180611013093,0.5789302627913455,0.06941220169003626,0.7091268455792425,0.5191904938666878,0.20632947118241235,0.39761904761904765,EPPVR,evaluation_population,subject,0.0360293434859319,0.05873316494482946,0.09616161616161614,0.03338285820410436,0.46045732892185837,0.11016785502079621,0.18308660459511988,4.0,1,0.9647922779715772
arousal,baseline_delta,72,gpu_mlp,20260923,1.0,0.5095180611013093,0.5777695236326492,0.06825146253133996,1.0,0.7123879357001894,0.17433452168746286,0.39761904761904765,EPPVR,evaluation_population,subject,0.0360293434859319,0.05873316494482946,0.09616161616161614,0.03222211904540806,0.6536547707553599,0.07817290552584671,0.2599055874193931,4.0,1,0.9838619598254521
arousal,baseline_delta,72,gpu_mlp,20261007,0.25,0.4979570990806946,0.5024143374500882,0.004457238369393657,0.2409506590706758,0.21617039739208477,0.08380772821949292,0.4285714285714286,EPPVR,evaluation_population,subject,0.018339678707400886,0.06474280195938525,0.041176470588235294,-0.01388244033800723,0.1514275954326995,0.04263125763125763,0.06489754089972836,4.0,0,0.3619247731033466
arousal,baseline_delta,72,gpu_mlp,20261007,0.5,0.4979570990806946,0.53909369486489,0.04113659578419543,0.49184343945470793,0.37457020410183245,0.1394223586870646,0.4285714285714286,EPPVR,evaluation_population,subject,0.018339678707400886,0.06474280195938525,0.041176470588235294,0.022796917076794543,0.3098274021424472,0.09824588809882931,0.1327831723467631,4.0,1,0.7997754509490272
arousal,baseline_delta,72,gpu_mlp,20261007,0.75,0.4979570990806946,0.5458724115516761,0.04791531247098152,0.7134091266901866,0.5087300066763966,0.12527957336780865,0.4285714285714286,EPPVR,evaluation_population,subject,0.018339678707400886,0.06474280195938525,0.041176470588235294,0.029575633763580633,0.4439872047170113,0.08410310277957336,0.19028023059300486,4.0,1,0.89028446338435
arousal,baseline_delta,72,gpu_mlp,20261007,1.0,0.4979570990806946,0.5709908069458631,0.07303370786516855,1.0,0.692697698170062,0.16046011994541406,0.4285714285714286,EPPVR,evaluation_population,subject,0.018339678707400886,0.06474280195938525,0.041176470588235294,0.054694029157767665,0.6279548962106767,0.11928364935717878,0.2691235269474329,4.0,1,0.9802972031491357
arousal,baseline_delta,72,linear_logistic,20260813,0.25,0.53844368093602,0.5709908069458631,0.03254712600984311,0.2520895632011068,0.2623906763876349,0.10009115884115882,0.4095238095238095,EPPVR,evaluation_population,subject,0.015693193425573404,0.10674679977128905,0.08049450549450549,0.016853932584269704,0.15564387661634588,0.019596653346653337,0.06373987328097974,1.0,0,0.309792280279852
arousal,baseline_delta,72,linear_logistic,20260813,0.5,0.53844368093602,0.5653728294177732,0.026929148481753207,0.4783870205375144,0.41724349859065474,0.11005678145384028,0.4095238095238095,EPPVR,evaluation_population,subject,0.015693193425573404,0.10674679977128905,0.08049450549450549,0.011235955056179803,0.3104966988193657,0.02956227595933479,0.12715579094507357,1.0,0,0.5991279122762276
arousal,baseline_delta,72,linear_logistic,20260813,0.75,0.53844368093602,0.5552976135202897,0.016853932584269704,0.7725545997425437,0.5773617949464364,0.07823859963565845,0.4095238095238095,EPPVR,evaluation_population,subject,0.015693193425573404,0.10674679977128905,0.08049450549450549,0.0011607391586963,0.4706149951751473,-0.0022559058588470376,0.19272804564315557,1.0,0,0.7302928868383133
arousal,baseline_delta,72,linear_logistic,20260813,1.0,0.53844368093602,0.5721515461045594,0.03370786516853941,1.0,0.73275300876625,0.08025158664864546,0.4095238095238095,EPPVR,evaluation_population,subject,0.015693193425573404,0.10674679977128905,0.08049450549450549,0.018014671742966004,0.626006208994961,-0.00024291884586002954,0.2563644474931745,1.0,0,0.8889486982665112
arousal,baseline_delta,72,linear_logistic,20260829,0.25,0.5414151731822825,0.5470331507103723,0.00561797752808979,0.23998664265681838,0.22135956354576342,0.12227675918852392,0.37857142857142856,EPPVR,evaluation_population,subject,0.023957656235490732,0.06829748225037094,0.03888888888888888,-0.01833967870740094,0.15306208129539248,0.08338787029963504,0.05794493077611287,1.0,0,0.3642935791651648
arousal,baseline_delta,72,linear_logistic,20260829,0.5,0.5414151731822825,0.5990806945863125,0.05766552140403003,0.4850699436980519,0.3777123782621539,0.21909091725268198,0.37857142857142856,EPPVR,evaluation_population,subject,0.023957656235490732,0.06829748225037094,0.03888888888888888,0.0337078651685393,0.30941489601178296,0.1802020283637931,0.11713563920446068,1.0,1,0.8767304509737961
arousal,baseline_delta,72,linear_logistic,20260829,0.75,0.5414151731822825,0.5807410158789117,0.0393258426966292,0.7486987884475071,0.5348858280220058,0.20974262665439136,0.37857142857142856,EPPVR,evaluation_population,subject,0.023957656235490732,0.06829748225037094,0.03888888888888888,0.015368186461138467,0.4665883457716349,0.17085373776550247,0.1766370166135475,1.0,0,0.9452535573334607
arousal,baseline_delta,72,linear_logistic,20260829,1.0,0.5414151731822825,0.5709908069458631,0.029575633763580633,1.0,0.7030646298461114,0.21909091725268198,0.37857142857142856,EPPVR,evaluation_population,subject,0.023957656235490732,0.06829748225037094,0.03888888888888888,0.005617977528089901,0.6347671475957405,0.1802020283637931,0.24030470587553032,1.0,0,0.983635819402852
arousal,baseline_delta,72,linear_logistic,20260911,0.25,0.4847246726715573,0.5319899712136689,0.04726529854211159,0.244057608131528,0.20571356820785464,0.08783653846153847,0.3928571428571429,EPPVR,evaluation_population,subject,0.04016157489089045,0.05008226835432883,0.10316773504273505,0.007103723651221139,0.1556312998535258,-0.015331196581196582,0.06114086779959943,1.0,0,0.2623700019262817
arousal,baseline_delta,72,linear_logistic,20260911,0.5,0.4847246726715573,0.5319899712136689,0.04726529854211159,0.504196007242642,0.37583810459571054,0.07517125439919561,0.3928571428571429,EPPVR,evaluation_population,subject,0.04016157489089045,0.05008226835432883,0.10316773504273505,0.007103723651221139,0.3257558362413817,-0.027996480643539434,0.12797550709482855,1.0,0,0.47601238953595904
arousal,baseline_delta,72,linear_logistic,20260911,0.75,0.4847246726715573,0.5181075308756616,0.03338285820410436,0.7085336515371726,0.5000043456681647,0.131236802413273,0.3928571428571429,EPPVR,evaluation_population,subject,0.04016157489089045,0.05008226835432883,0.10316773504273505,-0.00677871668678609,0.4499220773138358,0.028069067370537965,0.1767551018018641,1.0,0,0.8313790747977091
arousal,baseline_delta,72,linear_logistic,20260911,1.0,0.4847246726715573,0.5181075308756616,0.03338285820410436,1.0,0.6918276475717455,0.1491973287290625,0.3928571428571429,EPPVR,evaluation_population,subject,0.04016157489089045,0.05008226835432883,0.10316773504273505,-0.00677871668678609,0.6417453792174167,0.04602959368632745,0.25211425612112803,1.0,0,0.9589033799647337
arousal,baseline_delta,72,linear_logistic,20260923,0.25,0.5237255084037515,0.5372829417773238,0.013557433373572292,0.25710397878304075,0.22611592160399668,0.14393048128342248,0.39761904761904765,EPPVR,evaluation_population,subject,-0.01156096202061474,0.05873316494482946,0.09616161616161614,0.025118395394187032,0.16738275665916721,0.047768865121806336,0.06655457229066887,1.0,1,0.4806089361202536
arousal,baseline_delta,72,linear_logistic,20260923,0.5,0.5237255084037515,0.5552976135202897,0.031572105116538185,0.5022875652410623,0.387303730864252,0.1543597742127154,0.39761904761904765,EPPVR,evaluation_population,subject,-0.01156096202061474,0.05873316494482946,0.09616161616161614,0.043133067137152925,0.3285705659194226,0.058198158051099264,0.13064591549653232,1.0,1,0.7616998734563398
arousal,baseline_delta,72,linear_logistic,20260923,0.75,0.5237255084037515,0.5496796359921998,0.025954127588448284,0.7091268455792425,0.5191904938666878,0.20632947118241235,0.39761904761904765,EPPVR,evaluation_population,subject,-0.01156096202061474,0.05873316494482946,0.09616161616161614,0.037515089609063024,0.46045732892185837,0.11016785502079621,0.18308660459511988,1.0,1,0.9451173252981365
arousal,baseline_delta,72,linear_logistic,20260923,1.0,0.5237255084037515,0.5470331507103723,0.023307642306620746,1.0,0.7123879357001894,0.17433452168746286,0.39761904761904765,EPPVR,evaluation_population,subject,-0.01156096202061474,0.05873316494482946,0.09616161616161614,0.034868604327235486,0.6536547707553599,0.07817290552584671,0.2599055874193931,1.0,1,0.9745626524776536
arousal,baseline_delta,72,linear_logistic,20261007,0.25,0.5481938898690686,0.5582691057665521,0.010075215897483503,0.2409506590706758,0.21617039739208477,0.08380772821949292,0.4285714285714286,EPPVR,evaluation_population,subject,0.013046708143745978,0.06474280195938525,0.041176470588235294,-0.002971492246262475,0.1514275954326995,0.04263125763125763,0.06489754089972836,1.0,0,0.2627825834177504
arousal,baseline_delta,72,linear_logistic,20261007,0.5,0.5481938898690686,0.5695050608227319,0.021311170953663305,0.49184343945470793,0.37457020410183245,0.1394223586870646,0.4285714285714286,EPPVR,evaluation_population,subject,0.013046708143745978,0.06474280195938525,0.041176470588235294,0.008264462809917328,0.3098274021424472,0.09824588809882931,0.1327831723467631,1.0,0,0.715114532919722
arousal,baseline_delta,72,linear_logistic,20261007,0.75,0.5481938898690686,0.5987556876218776,0.050561797752809,0.7134091266901866,0.5087300066763966,0.12527957336780865,0.4285714285714286,EPPVR,evaluation_population,subject,0.013046708143745978,0.06474280195938525,0.041176470588235294,0.037515089609063024,0.4439872047170113,0.08410310277957336,0.19028023059300486,1.0,1,0.8360482314488258
arousal,baseline_delta,72,linear_logistic,20261007,1.0,0.5481938898690686,0.5792552697557805,0.03106137988671187,1.0,0.692697698170062,0.16046011994541406,0.4285714285714286,EPPVR,evaluation_population,subject,0.013046708143745978,0.06474280195938525,0.041176470588235294,0.018014671742965893,0.6279548962106767,0.11928364935717878,0.2691235269474329,1.0,0,0.9690084625265861
arousal,normalized_asymmetry,12,gpu_mlp,20260813,0.25,0.5447116723929799,0.5511653821153311,0.006453709722351153,0.2520895632011068,0.2623906763876349,0.10009115884115882,0.3595238095238096,EPPVR,evaluation_population,subject,-0.0014857461231312374,0.10674679977128905,0.08049450549450549,0.00793945584548239,0.15564387661634588,0.019596653346653337,0.05595767945016245,4.0,0,0.38528476419378344
arousal,normalized_asymmetry,12,gpu_mlp,20260813,0.5,0.5447116723929799,0.5724765530689944,0.02776488067601446,0.4783870205375144,0.41724349859065474,0.11005678145384028,0.3595238095238096,EPPVR,evaluation_population,subject,-0.0014857461231312374,0.10674679977128905,0.08049450549450549,0.029250626799145696,0.3104966988193657,0.02956227595933479,0.1116309560041053,4.0,1,0.6641376480208229
arousal,normalized_asymmetry,12,gpu_mlp,20260813,0.75,0.5447116723929799,0.5721515461045594,0.02743987371157952,0.7725545997425437,0.5773617949464364,0.07823859963565845,0.3595238095238096,EPPVR,evaluation_population,subject,-0.0014857461231312374,0.10674679977128905,0.08049450549450549,0.02892561983471076,0.4706149951751473,-0.0022559058588470376,0.16919729588439822,4.0,1,0.7721111877570179
arousal,normalized_asymmetry,12,gpu_mlp,20260813,1.0,0.5447116723929799,0.5526511282384623,0.00793945584548239,1.0,0.73275300876625,0.08025158664864546,0.3595238095238096,EPPVR,evaluation_population,subject,-0.0014857461231312374,0.10674679977128905,0.08049450549450549,0.009425201968613628,0.626006208994961,-0.00024291884586002954,0.22506413704342648,4.0,0,0.9046559206258491
arousal,normalized_asymmetry,12,gpu_mlp,20260829,0.25,0.5762837775095181,0.6137988671185811,0.037515089609063024,0.23998664265681838,0.22135956354576342,0.12227675918852392,0.30714285714285705,EPPVR,evaluation_population,subject,0.0014857461231311264,0.06829748225037094,0.03888888888888888,0.0360293434859319,0.15306208129539248,0.08338787029963504,0.0470119249692991,4.0,1,0.4310525120344258
arousal,normalized_asymmetry,12,gpu_mlp,20260829,0.5,0.5762837775095181,0.6152846132417122,0.03900083573219415,0.4850699436980519,0.3777123782621539,0.21909091725268198,0.30714285714285705,EPPVR,evaluation_population,subject,0.0014857461231311264,0.06829748225037094,0.03888888888888888,0.037515089609063024,0.30941489601178296,0.1802020283637931,0.09503457520361902,4.0,1,0.8968971306233223
arousal,normalized_asymmetry,12,gpu_mlp,20260829,0.75,0.5762837775095181,0.6070201504317949,0.030736372922276822,0.7486987884475071,0.5348858280220058,0.20974262665439136,0.30714285714285705,EPPVR,evaluation_population,subject,0.0014857461231311264,0.06829748225037094,0.03888888888888888,0.029250626799145696,0.4665883457716349,0.17085373776550247,0.14330927762985923,4.0,1,0.9512879005521726
arousal,normalized_asymmetry,12,gpu_mlp,20260829,1.0,0.5762837775095181,0.6182561054879747,0.041972327978456625,1.0,0.7030646298461114,0.21909091725268198,0.30714285714285705,EPPVR,evaluation_population,subject,0.0014857461231311264,0.06829748225037094,0.03888888888888888,0.0404865818553255,0.6347671475957405,0.1802020283637931,0.19496419533297737,4.0,1,0.9842585576200572
arousal,normalized_asymmetry,12,gpu_mlp,20260911,0.25,0.5736372922276907,0.5857089794781316,0.012071687250440943,0.244057608131528,0.20571356820785464,0.08783653846153847,0.3738095238095238,EPPVR,evaluation_population,subject,0.03189711208097312,0.05008226835432883,0.10316773504273505,-0.01982542483053218,0.1556312998535258,-0.015331196581196582,0.058176462088103696,4.0,0,0.3500294816307437
arousal,normalized_asymmetry,12,gpu_mlp,20260911,0.5,0.5736372922276907,0.593973442288049,0.020336150060358382,0.504196007242642,0.37583810459571054,0.07517125439919561,0.3738095238095238,EPPVR,evaluation_population,subject,0.03189711208097312,0.05008226835432883,0.10316773504273505,-0.01156096202061474,0.3257558362413817,-0.027996480643539434,0.12177063402356411,4.0,0,0.5735059383129241
arousal,normalized_asymmetry,12,gpu_mlp,20260911,0.75,0.5736372922276907,0.5883554647599591,0.014718172532268481,0.7085336515371726,0.5000043456681647,0.131236802413273,0.3738095238095238,EPPVR,evaluation_population,subject,0.03189711208097312,0.05008226835432883,0.10316773504273505,-0.01717893954870464,0.4499220773138358,0.028069067370537965,0.1681851574720767,4.0,0,0.8777339808123606
arousal,normalized_asymmetry,12,gpu_mlp,20260911,1.0,0.5736372922276907,0.5658835546475995,-0.007753737580091125,1.0,0.6918276475717455,0.1491973287290625,0.3738095238095238,EPPVR,evaluation_population,subject,0.03189711208097312,0.05008226835432883,0.10316773504273505,-0.03965084966106425,0.6417453792174167,0.04602959368632745,0.23989053461222482,4.0,0,0.9706909778565861
arousal,normalized_asymmetry,12,gpu_mlp,20260923,0.25,0.5928127031293527,0.5999164267805739,0.007103723651221139,0.25710397878304075,0.22611592160399668,0.14393048128342248,0.3261904761904762,EPPVR,evaluation_population,subject,0.002971492246262475,0.05873316494482946,0.09616161616161614,0.004132231404958664,0.16738275665916721,0.047768865121806336,0.054598661100728356,4.0,0,0.5484689915632598
arousal,normalized_asymmetry,12,gpu_mlp,20260923,0.5,0.5928127031293527,0.6096666357136225,0.016853932584269704,0.5022875652410623,0.387303730864252,0.1543597742127154,0.3261904761904762,EPPVR,evaluation_population,subject,0.002971492246262475,0.05873316494482946,0.09616161616161614,0.01388244033800723,0.3285705659194226,0.058198158051099264,0.1071765893594307,4.0,0,0.7947622548193767
arousal,normalized_asymmetry,12,gpu_mlp,20260923,0.75,0.5928127031293527,0.619416844646671,0.02660414151731827,0.7091268455792425,0.5191904938666878,0.20632947118241235,0.3261904761904762,EPPVR,evaluation_population,subject,0.002971492246262475,0.05873316494482946,0.09616161616161614,0.023632649271055794,0.46045732892185837,0.11016785502079621,0.1501967953864157,4.0,1,0.9513074749506738
arousal,normalized_asymmetry,12,gpu_mlp,20260923,1.0,0.5928127031293527,0.6093416287491875,0.016528925619834767,1.0,0.7123879357001894,0.17433452168746286,0.3261904761904762,EPPVR,evaluation_population,subject,0.002971492246262475,0.05873316494482946,0.09616161616161614,0.013557433373572292,0.6536547707553599,0.07817290552584671,0.2132159609368674,4.0,0,0.9752965613102308
arousal,normalized_asymmetry,12,gpu_mlp,20261007,0.25,0.5898412108830904,0.6270312935277185,0.037190082644628086,0.2409506590706758,0.21617039739208477,0.08380772821949292,0.3761904761904762,EPPVR,evaluation_population,subject,0.05404401522889768,0.06474280195938525,0.041176470588235294,-0.016853932584269593,0.1514275954326995,0.04263125763125763,0.056965619234206004,4.0,0,0.33129747243306723
arousal,normalized_asymmetry,12,gpu_mlp,20261007,0.5,0.5898412108830904,0.6228990621227598,0.03305785123966942,0.49184343945470793,0.37457020410183245,0.1394223586870646,0.3761904761904762,EPPVR,evaluation_population,subject,0.05404401522889768,0.06474280195938525,0.041176470588235294,-0.020986163989228257,0.3098274021424472,0.09824588809882931,0.11655411794882538,4.0,0,0.7670566819583722
arousal,normalized_asymmetry,12,gpu_mlp,20261007,0.75,0.5898412108830904,0.6412387408301606,0.05139752994707025,0.7134091266901866,0.5087300066763966,0.12527957336780865,0.3761904761904762,EPPVR,evaluation_population,subject,0.05404401522889768,0.06474280195938525,0.041176470588235294,-0.0026464852818274265,0.4439872047170113,0.08410310277957336,0.16702375796497093,4.0,0,0.8643089445680351
arousal,normalized_asymmetry,12,gpu_mlp,20261007,1.0,0.5898412108830904,0.6438852261119881,0.05404401522889768,1.0,0.692697698170062,0.16046011994541406,0.3761904761904762,EPPVR,evaluation_population,subject,0.05404401522889768,0.06474280195938525,0.041176470588235294,0.0,0.6279548962106767,0.11928364935717878,0.23623065143163552,4.0,0,0.9733469805415027
arousal,normalized_asymmetry,12,linear_logistic,20260813,0.25,0.5904912248119603,0.5901662178475253,-0.0003250069644349374,0.2520895632011068,0.2623906763876349,0.10009115884115882,0.3595238095238096,EPPVR,evaluation_population,subject,0.016528925619834656,0.10674679977128905,0.08049450549450549,-0.016853932584269593,0.15564387661634588,0.019596653346653337,0.05595767945016245,1.0,0,0.28257742369266997
arousal,normalized_asymmetry,12,linear_logistic,20260813,0.5,0.5904912248119603,0.6085058965549262,0.018014671742965893,0.4783870205375144,0.41724349859065474,0.11005678145384028,0.3595238095238096,EPPVR,evaluation_population,subject,0.016528925619834656,0.10674679977128905,0.08049450549450549,0.0014857461231312374,0.3104966988193657,0.02956227595933479,0.1116309560041053,1.0,0,0.5541003760196043
arousal,normalized_asymmetry,12,linear_logistic,20260813,0.75,0.5904912248119603,0.6014021729037051,0.010910948091744865,0.7725545997425437,0.5773617949464364,0.07823859963565845,0.3595238095238096,EPPVR,evaluation_population,subject,0.016528925619834656,0.10674679977128905,0.08049450549450549,-0.00561797752808979,0.4706149951751473,-0.0022559058588470376,0.16919729588439822,1.0,0,0.6804269727091912
arousal,normalized_asymmetry,12,linear_logistic,20260813,1.0,0.5904912248119603,0.6028879190268362,0.012396694214875992,1.0,0.73275300876625,0.08025158664864546,0.3595238095238096,EPPVR,evaluation_population,subject,0.016528925619834656,0.10674679977128905,0.08049450549450549,-0.004132231404958664,0.626006208994961,-0.00024291884586002954,0.22506413704342648,1.0,0,0.8563779241943981
arousal,normalized_asymmetry,12,linear_logistic,20260829,0.25,0.5904912248119603,0.5807410158789117,-0.009750208933048565,0.23998664265681838,0.22135956354576342,0.12227675918852392,0.30714285714285705,EPPVR,evaluation_population,subject,-0.008264462809917328,0.06829748225037094,0.03888888888888888,-0.0014857461231312374,0.15306208129539248,0.08338787029963504,0.0470119249692991,1.0,0,0.32254635770518664
arousal,normalized_asymmetry,12,linear_logistic,20260829,0.5,0.5904912248119603,0.5848732472838705,-0.00561797752808979,0.4850699436980519,0.3777123782621539,0.21909091725268198,0.30714285714285705,EPPVR,evaluation_population,subject,-0.008264462809917328,0.06829748225037094,0.03888888888888888,0.0026464852818275375,0.30941489601178296,0.1802020283637931,0.09503457520361902,1.0,0,0.8453619845787615
arousal,normalized_asymmetry,12,linear_logistic,20260829,0.75,0.5904912248119603,0.6028879190268362,0.012396694214875992,0.7486987884475071,0.5348858280220058,0.20974262665439136,0.30714285714285705,EPPVR,evaluation_population,subject,-0.008264462809917328,0.06829748225037094,0.03888888888888888,0.02066115702479332,0.4665883457716349,0.17085373776550247,0.14330927762985923,1.0,1,0.9246557064688669
arousal,normalized_asymmetry,12,linear_logistic,20260829,1.0,0.5904912248119603,0.5931377100937878,0.0026464852818275375,1.0,0.7030646298461114,0.21909091725268198,0.30714285714285705,EPPVR,evaluation_population,subject,-0.008264462809917328,0.06829748225037094,0.03888888888888888,0.010910948091744865,0.6347671475957405,0.1802020283637931,0.19496419533297737,1.0,0,0.9751820191197735
arousal,normalized_asymmetry,12,linear_logistic,20260911,0.25,0.5683443216640357,0.6137988671185811,0.045454545454545414,0.244057608131528,0.20571356820785464,0.08783653846153847,0.3738095238095238,EPPVR,evaluation_population,subject,0.044293806295849225,0.05008226835432883,0.10316773504273505,0.001160739158696189,0.1556312998535258,-0.015331196581196582,0.058176462088103696,1.0,0,0.252854512405862
arousal,normalized_asymmetry,12,linear_logistic,20260911,0.5,0.5683443216640357,0.5984306806574426,0.030086358993406948,0.504196007242642,0.37583810459571054,0.07517125439919561,0.3738095238095238,EPPVR,evaluation_population,subject,0.044293806295849225,0.05008226835432883,0.10316773504273505,-0.014207447302442278,0.3257558362413817,-0.027996480643539434,0.12177063402356411,1.0,0,0.4580076037475176
arousal,normalized_asymmetry,12,linear_logistic,20260911,0.75,0.5683443216640357,0.5916519639706566,0.023307642306620857,0.7085336515371726,0.5000043456681647,0.131236802413273,0.3738095238095238,EPPVR,evaluation_population,subject,0.044293806295849225,0.05008226835432883,0.10316773504273505,-0.020986163989228368,0.4499220773138358,0.028069067370537965,0.1681851574720767,1.0,0,0.8185580241355163
arousal,normalized_asymmetry,12,linear_logistic,20260911,1.0,0.5683443216640357,0.5916519639706566,0.023307642306620857,1.0,0.6918276475717455,0.1491973287290625,0.3738095238095238,EPPVR,evaluation_population,subject,0.044293806295849225,0.05008226835432883,0.10316773504273505,-0.020986163989228368,0.6417453792174167,0.04602959368632745,0.23989053461222482,1.0,0,0.9541557327048841
arousal,normalized_asymmetry,12,linear_logistic,20260923,0.25,0.5848732472838705,0.5987556876218776,0.013882440338007118,0.25710397878304075,0.22611592160399668,0.14393048128342248,0.3261904761904762,EPPVR,evaluation_population,subject,0.016853932584269593,0.05873316494482946,0.09616161616161614,-0.002971492246262475,0.16738275665916721,0.047768865121806336,0.054598661100728356,1.0,0,0.4328949826573146
arousal,normalized_asymmetry,12,linear_logistic,20260923,0.5,0.5848732472838705,0.5916519639706566,0.00677871668678609,0.5022875652410623,0.387303730864252,0.1543597742127154,0.3261904761904762,EPPVR,evaluation_population,subject,0.016853932584269593,0.05873316494482946,0.09616161616161614,-0.010075215897483503,0.3285705659194226,0.058198158051099264,0.1071765893594307,1.0,0,0.7087535289353606
arousal,normalized_asymmetry,12,linear_logistic,20260923,0.75,0.5848732472838705,0.581901755037608,-0.002971492246262475,0.7091268455792425,0.5191904938666878,0.20632947118241235,0.3261904761904762,EPPVR,evaluation_population,subject,0.016853932584269593,0.05873316494482946,0.09616161616161614,-0.019825424830532068,0.46045732892185837,0.11016785502079621,0.1501967953864157,1.0,0,0.9246851354285467
arousal,normalized_asymmetry,12,linear_logistic,20260923,1.0,0.5848732472838705,0.5984306806574426,0.01355743337357218,1.0,0.7123879357001894,0.17433452168746286,0.3261904761904762,EPPVR,evaluation_population,subject,0.016853932584269593,0.05873316494482946,0.09616161616161614,-0.0032964992106974123,0.6536547707553599,0.07817290552584671,0.2132159609368674,1.0,0,0.9612559347010428
arousal,normalized_asymmetry,12,linear_logistic,20261007,0.25,0.6099916426780574,0.6040486581855325,-0.005942984492524839,0.2409506590706758,0.21617039739208477,0.08380772821949292,0.3761904761904762,EPPVR,evaluation_population,subject,0.015043179496703418,0.06474280195938525,0.041176470588235294,-0.020986163989228257,0.1514275954326995,0.04263125763125763,0.056965619234206004,1.0,0,0.2374232650579704
arousal,normalized_asymmetry,12,linear_logistic,20261007,0.5,0.6099916426780574,0.6137988671185811,0.0038072244405237265,0.49184343945470793,0.37457020410183245,0.1394223586870646,0.3761904761904762,EPPVR,evaluation_population,subject,0.015043179496703418,0.06474280195938525,0.041176470588235294,-0.011235955056179692,0.3098274021424472,0.09824588809882931,0.11655411794882538,1.0,0,0.6741970138589294
arousal,normalized_asymmetry,12,linear_logistic,20261007,0.75,0.6099916426780574,0.6096666357136225,-0.0003250069644349374,0.7134091266901866,0.5087300066763966,0.12527957336780865,0.3761904761904762,EPPVR,evaluation_population,subject,0.015043179496703418,0.06474280195938525,0.041176470588235294,-0.015368186461138356,0.4439872047170113,0.08410310277957336,0.16702375796497093,1.0,0,0.8001150526612321
arousal,normalized_asymmetry,12,linear_logistic,20261007,1.0,0.6099916426780574,0.619416844646671,0.009425201968613628,1.0,0.692697698170062,0.16046011994541406,0.3761904761904762,EPPVR,evaluation_population,subject,0.015043179496703418,0.06474280195938525,0.041176470588235294,-0.00561797752808979,0.6279548962106767,0.11928364935717878,0.23623065143163552,1.0,0,0.9582457148923069
arousal,relative_power,24,gpu_mlp,20260813,0.25,0.5450366793574148,0.5281827467731451,-0.016853932584269704,0.2520895632011068,0.2623906763876349,0.10009115884115882,0.20714285714285718,EPPVR,evaluation_population,subject,0.030411365957841885,0.10674679977128905,0.08049450549450549,-0.04726529854211159,0.15564387661634588,0.019596653346653337,0.03224051729910023,4.0,0,0.2962411123183054
arousal,relative_power,24,gpu_mlp,20260813,0.5,0.5450366793574148,0.5447116723929799,-0.0003250069644349374,0.4783870205375144,0.41724349859065474,0.11005678145384028,0.20714285714285718,EPPVR,evaluation_population,subject,0.030411365957841885,0.10674679977128905,0.08049450549450549,-0.030736372922276822,0.3104966988193657,0.02956227595933479,0.06431717332686862,4.0,0,0.5297787763835938
arousal,relative_power,24,gpu_mlp,20260813,0.75,0.5450366793574148,0.558594112730987,0.01355743337357218,0.7725545997425437,0.5773617949464364,0.07823859963565845,0.20714285714285718,EPPVR,evaluation_population,subject,0.030411365957841885,0.10674679977128905,0.08049450549450549,-0.016853932584269704,0.4706149951751473,-0.0022559058588470376,0.09748453471485197,4.0,0,0.6195647421115272
arousal,relative_power,24,gpu_mlp,20260813,1.0,0.5450366793574148,0.5461974185161111,0.0011607391586963,1.0,0.73275300876625,0.08025158664864546,0.20714285714285718,EPPVR,evaluation_population,subject,0.030411365957841885,0.10674679977128905,0.08049450549450549,-0.029250626799145585,0.626006208994961,-0.00024291884586002954,0.1296727147203848,4.0,0,0.7945339789294616
arousal,relative_power,24,gpu_mlp,20260829,0.25,0.49893211997399944,0.5169467917169653,0.018014671742965893,0.23998664265681838,0.22135956354576342,0.12227675918852392,0.2333333333333333,EPPVR,evaluation_population,subject,0.0011607391586963,0.06829748225037094,0.03888888888888888,0.016853932584269593,0.15306208129539248,0.08338787029963504,0.03571448563559158,4.0,0,0.38484042212354513
arousal,relative_power,24,gpu_mlp,20260829,0.5,0.49893211997399944,0.5319899712136689,0.03305785123966942,0.4850699436980519,0.3777123782621539,0.21909091725268198,0.2333333333333333,EPPVR,evaluation_population,subject,0.0011607391586963,0.06829748225037094,0.03888888888888888,0.03189711208097312,0.30941489601178296,0.1802020283637931,0.07219680906941602,4.0,1,0.8689030107423951
arousal,relative_power,24,gpu_mlp,20260829,0.75,0.49893211997399944,0.5252112545268827,0.02627913455288322,0.7486987884475071,0.5348858280220058,0.20974262665439136,0.2333333333333333,EPPVR,evaluation_population,subject,0.0011607391586963,0.06829748225037094,0.03888888888888888,0.02511839539418692,0.4665883457716349,0.17085373776550247,0.10887061401338147,4.0,1,0.93208215674859
arousal,relative_power,24,gpu_mlp,20260829,1.0,0.49893211997399944,0.5529761352028972,0.05404401522889779,1.0,0.7030646298461114,0.21909091725268198,0.2333333333333333,EPPVR,evaluation_population,subject,0.0011607391586963,0.06829748225037094,0.03888888888888888,0.05288327607020149,0.6347671475957405,0.1802020283637931,0.1481123344390061,4.0,1,0.9757860963346018
arousal,relative_power,24,gpu_mlp,20260911,0.25,0.5435509332342836,0.5772587984028229,0.0337078651685393,0.244057608131528,0.20571356820785464,0.08783653846153847,0.2619047619047619,EPPVR,evaluation_population,subject,0.035193611291670535,0.05008226835432883,0.10316773504273505,-0.0014857461231312374,0.1556312998535258,-0.015331196581196582,0.040760578533066284,4.0,0,0.2867453446652397
arousal,relative_power,24,gpu_mlp,20260911,0.5,0.5435509332342836,0.564212090259077,0.02066115702479343,0.504196007242642,0.37583810459571054,0.07517125439919561,0.2619047619047619,EPPVR,evaluation_population,subject,0.035193611291670535,0.05008226835432883,0.10316773504273505,-0.014532454266877104,0.3257558362413817,-0.027996480643539434,0.0853170047298857,4.0,0,0.4678345894625848
arousal,relative_power,24,gpu_mlp,20260911,0.75,0.5435509332342836,0.5698300677871668,0.02627913455288322,0.7085336515371726,0.5000043456681647,0.131236802413273,0.2619047619047619,EPPVR,evaluation_population,subject,0.035193611291670535,0.05008226835432883,0.10316773504273505,-0.008914476738787314,0.4499220773138358,0.028069067370537965,0.11783673453457605,4.0,0,0.8098909028337469
arousal,relative_power,24,gpu_mlp,20260911,1.0,0.5435509332342836,0.564212090259077,0.02066115702479343,1.0,0.6918276475717455,0.1491973287290625,0.2619047619047619,EPPVR,evaluation_population,subject,0.035193611291670535,0.05008226835432883,0.10316773504273505,-0.014532454266877104,0.6417453792174167,0.04602959368632745,0.16807617074741868,4.0,0,0.9442057115672116
arousal,relative_power,24,gpu_mlp,20260923,0.25,0.5131395672764416,0.5281827467731451,0.01504317949670353,0.25710397878304075,0.22611592160399668,0.14393048128342248,0.23809523809523808,EPPVR,evaluation_population,subject,-0.0003250069644349374,0.05873316494482946,0.09616161616161614,0.015368186461138467,0.16738275665916721,0.047768865121806336,0.03985303729980171,4.0,0,0.4892857481733006
arousal,relative_power,24,gpu_mlp,20260923,0.5,0.5131395672764416,0.5352864704243663,0.022146903147924668,0.5022875652410623,0.387303730864252,0.1543597742127154,0.23809523809523808,EPPVR,evaluation_population,subject,-0.0003250069644349374,0.05873316494482946,0.09616161616161614,0.022471910112359605,0.3285705659194226,0.058198158051099264,0.07823108712367204,4.0,1,0.7344978287604965
arousal,relative_power,24,gpu_mlp,20260923,0.75,0.5131395672764416,0.496285634692172,-0.016853932584269593,0.7091268455792425,0.5191904938666878,0.20632947118241235,0.23809523809523808,EPPVR,evaluation_population,subject,-0.0003250069644349374,0.05873316494482946,0.09616161616161614,-0.016528925619834656,0.46045732892185837,0.11016785502079621,0.10963269736234722,4.0,0,0.9279107915457505
arousal,relative_power,24,gpu_mlp,20260923,1.0,0.5131395672764416,0.5308292320549726,0.017689664778530956,1.0,0.7123879357001894,0.17433452168746286,0.23809523809523808,EPPVR,evaluation_population,subject,-0.0003250069644349374,0.05873316494482946,0.09616161616161614,0.018014671742965893,0.6536547707553599,0.07817290552584671,0.15563208827508568,4.0,0,0.9585091775689975
arousal,relative_power,24,gpu_mlp,20261007,0.25,0.4809174482310335,0.5124895533475717,0.03157210511653824,0.2409506590706758,0.21617039739208477,0.08380772821949292,0.2785714285714286,EPPVR,evaluation_population,subject,-0.031061379886711815,0.06474280195938525,0.041176470588235294,0.06263348500325006,0.1514275954326995,0.04263125763125763,0.042183401584823435,4.0,1,0.2779851743935101
arousal,relative_power,24,gpu_mlp,20261007,0.5,0.4809174482310335,0.5248862475624477,0.04396879933141423,0.49184343945470793,0.37457020410183245,0.1394223586870646,0.2785714285714286,EPPVR,evaluation_population,subject,-0.031061379886711815,0.06474280195938525,0.041176470588235294,0.07503017921812605,0.3098274021424472,0.09824588809882931,0.08630906202539601,4.0,1,0.6967457401477346
arousal,relative_power,24,gpu_mlp,20261007,0.75,0.4809174482310335,0.5319899712136689,0.05107252298263537,0.7134091266901866,0.5087300066763966,0.12527957336780865,0.2785714285714286,EPPVR,evaluation_population,subject,-0.031061379886711815,0.06474280195938525,0.041176470588235294,0.08213390286934719,0.4439872047170113,0.08410310277957336,0.12368214988545316,4.0,1,0.8022414031902027
arousal,relative_power,24,gpu_mlp,20261007,1.0,0.4809174482310335,0.526371993685579,0.04545454545454547,1.0,0.692697698170062,0.16046011994541406,0.2785714285714286,EPPVR,evaluation_population,subject,-0.031061379886711815,0.06474280195938525,0.041176470588235294,0.07651592534125728,0.6279548962106767,0.11928364935717878,0.17493029251583136,4.0,1,0.9535358319079429
arousal,relative_power,24,linear_logistic,20260813,0.25,0.4771102237905098,0.4809174482310335,0.003807224440523671,0.2520895632011068,0.2623906763876349,0.10009115884115882,0.20714285714285718,EPPVR,evaluation_population,subject,0.003807224440523671,0.10674679977128905,0.08049450549450549,0.0,0.15564387661634588,0.019596653346653337,0.03224051729910023,1.0,0,0.2091927553949649
arousal,relative_power,24,linear_logistic,20260813,0.5,0.4771102237905098,0.4891819110409509,0.012071687250441054,0.4783870205375144,0.41724349859065474,0.11005678145384028,0.20714285714285718,EPPVR,evaluation_population,subject,0.003807224440523671,0.10674679977128905,0.08049450549450549,0.008264462809917383,0.3104966988193657,0.02956227595933479,0.06431717332686862,1.0,0,0.4145275257783056
arousal,relative_power,24,linear_logistic,20260813,0.75,0.4771102237905098,0.49777138081530314,0.02066115702479332,0.7725545997425437,0.5773617949464364,0.07823859963565845,0.20714285714285718,EPPVR,evaluation_population,subject,0.003807224440523671,0.10674679977128905,0.08049450549450549,0.01685393258426965,0.4706149951751473,-0.0022559058588470376,0.09748453471485197,1.0,0,0.5057910300663769
arousal,relative_power,24,linear_logistic,20260813,1.0,0.4771102237905098,0.4880211718822546,0.010910948091744754,1.0,0.73275300876625,0.08025158664864546,0.20714285714285718,EPPVR,evaluation_population,subject,0.003807224440523671,0.10674679977128905,0.08049450549450549,0.007103723651221083,0.626006208994961,-0.00024291884586002954,0.1296727147203848,1.0,0,0.7084646810375926
arousal,relative_power,24,linear_logistic,20260829,0.25,0.483563933512861,0.5172717986814004,0.03370786516853941,0.23998664265681838,0.22135956354576342,0.12227675918852392,0.2333333333333333,EPPVR,evaluation_population,subject,0.009750208933048565,0.06829748225037094,0.03888888888888888,0.023957656235490843,0.15306208129539248,0.08338787029963504,0.03571448563559158,1.0,1,0.28219715511096655
arousal,relative_power,24,linear_logistic,20260829,0.5,0.483563933512861,0.5113288141888754,0.02776488067601446,0.4850699436980519,0.3777123782621539,0.21909091725268198,0.2333333333333333,EPPVR,evaluation_population,subject,0.009750208933048565,0.06829748225037094,0.03888888888888888,0.018014671742965893,0.30941489601178296,0.1802020283637931,0.07219680906941602,1.0,0,0.8063956797286168
arousal,relative_power,24,linear_logistic,20260829,0.75,0.483563933512861,0.49215340328721324,0.008589469774352265,0.7486987884475071,0.5348858280220058,0.20974262665439136,0.2333333333333333,EPPVR,evaluation_population,subject,0.009750208933048565,0.06829748225037094,0.03888888888888888,-0.0011607391586963,0.4665883457716349,0.17085373776550247,0.10887061401338147,1.0,0,0.8960965573989035
arousal,relative_power,24,linear_logistic,20260829,1.0,0.483563933512861,0.5420651871111524,0.05850125359829139,1.0,0.7030646298461114,0.21909091725268198,0.2333333333333333,EPPVR,evaluation_population,subject,0.009750208933048565,0.06829748225037094,0.03888888888888888,0.048751044665242826,0.6347671475957405,0.1802020283637931,0.1481123344390061,1.0,1,0.9620128683332622
arousal,relative_power,24,linear_logistic,20260911,0.25,0.48769616491781964,0.48240319435416473,-0.0052929705636549085,0.244057608131528,0.20571356820785464,0.08783653846153847,0.2619047619047619,EPPVR,evaluation_population,subject,0.014207447302442278,0.05008226835432883,0.10316773504273505,-0.019500417866097186,0.1556312998535258,-0.015331196581196582,0.040760578533066284,1.0,0,0.2016876006710147
arousal,relative_power,24,linear_logistic,20260911,0.5,0.48769616491781964,0.508682328907048,0.020986163989228368,0.504196007242642,0.37583810459571054,0.07517125439919561,0.2619047619047619,EPPVR,evaluation_population,subject,0.014207447302442278,0.05008226835432883,0.10316773504273505,0.00677871668678609,0.3257558362413817,-0.027996480643539434,0.0853170047298857,1.0,0,0.3558607092078175
arousal,relative_power,24,linear_logistic,20260911,0.75,0.48769616491781964,0.5252112545268827,0.037515089609063024,0.7085336515371726,0.5000043456681647,0.131236802413273,0.2619047619047619,EPPVR,evaluation_population,subject,0.014207447302442278,0.05008226835432883,0.10316773504273505,0.023307642306620746,0.4499220773138358,0.028069067370537965,0.11783673453457605,1.0,1,0.7280527546048399
arousal,relative_power,24,linear_logistic,20260911,1.0,0.48769616491781964,0.5157860525582691,0.028089887640449507,1.0,0.6918276475717455,0.1491973287290625,0.2619047619047619,EPPVR,evaluation_population,subject,0.014207447302442278,0.05008226835432883,0.10316773504273505,0.01388244033800723,0.6417453792174167,0.04602959368632745,0.16807617074741868,1.0,0,0.9140513335411631
arousal,relative_power,24,linear_logistic,20260923,0.25,0.4629027764880676,0.46257776952363266,-0.0003250069644349374,0.25710397878304075,0.22611592160399668,0.14393048128342248,0.23809523809523808,EPPVR,evaluation_population,subject,-0.03784009657349802,0.05873316494482946,0.09616161616161614,0.03751508960906308,0.16738275665916721,0.047768865121806336,0.03985303729980171,1.0,1,0.3758033169443489
arousal,relative_power,24,linear_logistic,20260923,0.5,0.4629027764880676,0.45315256755501904,-0.009750208933048565,0.5022875652410623,0.387303730864252,0.1543597742127154,0.23809523809523808,EPPVR,evaluation_population,subject,-0.03784009657349802,0.05873316494482946,0.09616161616161614,0.02808988764044945,0.3285705659194226,0.058198158051099264,0.07823108712367204,1.0,1,0.6348378214207655
arousal,relative_power,24,linear_logistic,20260923,0.75,0.4629027764880676,0.4655492617698951,0.002646485281827482,0.7091268455792425,0.5191904938666878,0.20632947118241235,0.23809523809523808,EPPVR,evaluation_population,subject,-0.03784009657349802,0.05873316494482946,0.09616161616161614,0.0404865818553255,0.46045732892185837,0.11016785502079621,0.10963269736234722,1.0,1,0.889975924986652
arousal,relative_power,24,linear_logistic,20260923,1.0,0.4629027764880676,0.4599312842418052,-0.0029714922462624194,1.0,0.7123879357001894,0.17433452168746286,0.23809523809523808,EPPVR,evaluation_population,subject,-0.03784009657349802,0.05873316494482946,0.09616161616161614,0.0348686043272356,0.6536547707553599,0.07817290552584671,0.15563208827508568,1.0,1,0.935557595986306
arousal,relative_power,24,linear_logistic,20261007,0.25,0.45166682143188785,0.4734887176153775,0.02182189618348962,0.2409506590706758,0.21617039739208477,0.08380772821949292,0.2785714285714286,EPPVR,evaluation_population,subject,0.01091094809174481,0.06474280195938525,0.041176470588235294,0.01091094809174481,0.1514275954326995,0.04263125763125763,0.042183401584823435,1.0,0,0.19481621577426314
arousal,relative_power,24,linear_logistic,20261007,0.5,0.45166682143188785,0.5154610455938342,0.06379422416194636,0.49184343945470793,0.37457020410183245,0.1394223586870646,0.2785714285714286,EPPVR,evaluation_population,subject,0.01091094809174481,0.06474280195938525,0.041176470588235294,0.052883276070201546,0.3098274021424472,0.09824588809882931,0.08630906202539601,1.0,1,0.5908095268256582
arousal,relative_power,24,linear_logistic,20261007,0.75,0.45166682143188785,0.5308292320549726,0.07916241062308471,0.7134091266901866,0.5087300066763966,0.12527957336780865,0.2785714285714286,EPPVR,evaluation_population,subject,0.01091094809174481,0.06474280195938525,0.041176470588235294,0.0682514625313399,0.4439872047170113,0.08410310277957336,0.12368214988545316,1.0,1,0.7182558496829544
arousal,relative_power,24,linear_logistic,20261007,1.0,0.45166682143188785,0.5323149781781038,0.08064815674621595,1.0,0.692697698170062,0.16046011994541406,0.2785714285714286,EPPVR,evaluation_population,subject,0.01091094809174481,0.06474280195938525,0.041176470588235294,0.06973720865447114,0.6279548962106767,0.11928364935717878,0.17493029251583136,1.0,1,0.9280396732217743
valence,all,72,gpu_mlp,20260813,0.25,0.48610213316095674,0.4873949579831932,0.0012928248222364713,0.25713406178432396,0.1798382548578287,0.01823426573426575,0.4761904761904762,EPPVR,evaluation_population,subject,0.030381383322559685,0.021664902113877466,0.015909090909090918,-0.029088558500323214,0.15817335274395122,0.0023251748251748305,0.0753206441637863,4.0,0,0.1968108628183991
valence,all,72,gpu_mlp,20260813,0.5,0.48610213316095674,0.5122818358112475,0.026179702650290793,0.5018861731562845,0.3333569428020642,-0.012183372183372182,0.4761904761904762,EPPVR,evaluation_population,subject,0.030381383322559685,0.021664902113877466,0.015909090909090918,-0.004201680672268893,0.31169204068818673,-0.028092463092463098,0.14842478128008893,4.0,0,0.31780752783297755
valence,all,72,gpu_mlp,20260813,0.75,0.48610213316095674,0.5135746606334841,0.027472527472527375,0.7346402074490568,0.4747096771175812,0.014875679875679887,0.4761904761904762,EPPVR,evaluation_population,subject,0.030381383322559685,0.021664902113877466,0.015909090909090918,-0.0029088558500323103,0.45304477500370377,-0.0010334110334110306,0.21573560714462087,4.0,0,0.6630341590083576
valence,all,72,gpu_mlp,20260813,1.0,0.48610213316095674,0.5119586296056884,0.025856496444731647,1.0,0.6395346264339017,0.03377622377622379,0.4761904761904762,EPPVR,evaluation_population,subject,0.030381383322559685,0.021664902113877466,0.015909090909090918,-0.004524886877828038,0.6178697243200242,0.01786713286713287,0.29422367824763057,4.0,0,0.8967566668159727
valence,all,72,gpu_mlp,20260829,0.25,0.48771816418875247,0.5032320620555915,0.015513897866838988,0.2442992087226465,0.17901719877489541,-0.013600149850149845,0.4642857142857143,EPPVR,evaluation_population,subject,0.023594053005817628,0.00898532410225737,0.0,-0.00808015513897864,0.17003187467263806,-0.013600149850149845,0.07894337038372481,4.0,0,0.1366164540018014
valence,all,72,gpu_mlp,20260829,0.5,0.48771816418875247,0.52650290885585,0.03878474466709758,0.4946837912661918,0.3528662353867472,0.036326173826173834,0.4642857142857143,EPPVR,evaluation_population,subject,0.023594053005817628,0.00898532410225737,0.0,0.015190691661279954,0.34388091128448983,0.036326173826173834,0.1596589945249417,4.0,0,0.5425257655033962
valence,all,72,gpu_mlp,20260829,0.75,0.48771816418875247,0.5384615384615384,0.05074337427278597,0.7138389690707007,0.5047969217423356,0.010295954045954042,0.4642857142857143,EPPVR,evaluation_population,subject,0.023594053005817628,0.00898532410225737,0.0,0.02714932126696834,0.4958115976400782,0.010295954045954042,0.2301982417614649,4.0,1,0.7019392265463156
valence,all,72,gpu_mlp,20260829,1.0,0.48771816418875247,0.5349062702003878,0.04718810601163537,1.0,0.7044789869016668,-0.02586358086358086,0.4642857142857143,EPPVR,evaluation_population,subject,0.023594053005817628,0.00898532410225737,0.0,0.02359405300581774,0.6954936627994094,-0.02586358086358086,0.3229077720140115,4.0,1,0.8491771753909587
valence,all,72,gpu_mlp,20260911,0.25,0.5129282482223658,0.47414350355526824,-0.03878474466709758,0.23978595661813698,0.16952670334148506,-0.06219655344655345,0.5166666666666666,EPPVR,evaluation_population,subject,-0.037815126050420145,0.013641384186966057,-0.00018356643356644552,-0.0009696186166774368,0.155885319154519,-0.062012987012987006,0.08054074822983481,4.0,0,0.07193209536143855
valence,all,72,gpu_mlp,20260911,0.5,0.5129282482223658,0.45862960568842925,-0.05429864253393657,0.4885538392901525,0.3332969481378155,-0.0669855144855145,0.5166666666666666,EPPVR,evaluation_population,subject,-0.037815126050420145,0.013641384186966057,-0.00018356643356644552,-0.016483516483516425,0.3196555639508495,-0.06680194805194806,0.1651553747079389,4.0,0,0.19793133285072262
valence,all,72,gpu_mlp,20260911,0.75,0.5129282482223658,0.45345830639948287,-0.059469941822882955,0.7145537290653414,0.4845993545825197,-0.05818320568320571,0.5166666666666666,EPPVR,evaluation_population,subject,-0.037815126050420145,0.013641384186966057,-0.00018356643356644552,-0.02165481577246281,0.47095797039555365,-0.057999639249639266,0.24332828470436935,4.0,0,0.46869816655765806
valence,all,72,gpu_mlp,20260911,1.0,0.5129282482223658,0.4848093083387201,-0.02811893988364572,1.0,0.6691839521048104,-0.08324814074814077,0.5166666666666666,EPPVR,evaluation_population,subject,-0.037815126050420145,0.013641384186966057,-0.00018356643356644552,0.009696186166774423,0.6555425679178444,-0.08306457431457433,0.33869699342421955,4.0,0,0.7061270850650946
valence,all,72,gpu_mlp,20260923,0.25,0.5290885585003232,0.559469941822883,0.030381383322559796,0.25335315608880293,0.16536317955496208,0.009361888111888128,0.4476190476190477,EPPVR,evaluation_population,subject,0.04524886877828049,0.01647564340476009,0.0033653846153846147,-0.014867485455720697,0.14888753615020198,0.005996503496503513,0.06664489713389994,4.0,0,0.15660724740733675
valence,all,72,gpu_mlp,20260923,0.5,0.5290885585003232,0.5649644473173885,0.03587588881706527,0.5103636293906361,0.3172034650715013,0.055353396603396596,0.4476190476190477,EPPVR,evaluation_population,subject,0.04524886877828049,0.01647564340476009,0.0033653846153846147,-0.009372979961215222,0.3007278216667412,0.05198801198801198,0.13461150112701753,4.0,0,0.523648866078379
valence,all,72,gpu_mlp,20260923,0.75,0.5290885585003232,0.5426632191338074,0.013574660633484226,0.7416304789730584,0.4539269557531208,0.009400044400044416,0.4476190476190477,EPPVR,evaluation_population,subject,0.04524886877828049,0.01647564340476009,0.0033653846153846147,-0.03167420814479627,0.4374513123483607,0.006034659784659801,0.19581153981307578,4.0,0,0.5863149518979465
valence,all,72,gpu_mlp,20260923,1.0,0.5290885585003232,0.5581771170006464,0.029088558500323214,1.0,0.6060432219960086,-0.0005663780663780482,0.4476190476190477,EPPVR,evaluation_population,subject,0.04524886877828049,0.01647564340476009,0.0033653846153846147,-0.01616031027795728,0.5895675785912485,-0.003931762681762663,0.2639016780360827,4.0,0,0.7800842241101493
valence,all,72,gpu_mlp,20261007,0.25,0.49191984486102136,0.49030381383322563,-0.001616031027795728,0.2439918794256393,0.15620669843959212,0.03627816627816629,0.5047619047619047,EPPVR,evaluation_population,subject,-0.008726567550097042,0.006504765835471274,0.01944444444444444,0.007110536522301314,0.14970193260412085,0.016833721833721848,0.07556383264779433,4.0,0,0.24675760880899342
valence,all,72,gpu_mlp,20261007,0.5,0.49191984486102136,0.5084033613445378,0.016483516483516425,0.5025066540716501,0.31698032819670485,0.0650777000777001,0.5047619047619047,EPPVR,evaluation_population,subject,-0.008726567550097042,0.006504765835471274,0.01944444444444444,0.025210084033613467,0.3104755623612336,0.045633255633255654,0.1567162362394798,4.0,1,0.6281285508974535
valence,all,72,gpu_mlp,20261007,0.75,0.49191984486102136,0.5096961861667744,0.017776341305753007,0.7320279800526405,0.4564564949109272,0.03626456876456877,0.5047619047619047,EPPVR,evaluation_population,subject,-0.008726567550097042,0.006504765835471274,0.01944444444444444,0.02650290885585005,0.44995172907545594,0.016820124320124332,0.22711849181903965,4.0,1,0.7535281520798752
valence,all,72,gpu_mlp,20261007,1.0,0.49191984486102136,0.49030381383322563,-0.001616031027795728,1.0,0.6242816992132217,0.038902486402486426,0.5047619047619047,EPPVR,evaluation_population,subject,-0.008726567550097042,0.006504765835471274,0.01944444444444444,0.007110536522301314,0.6177769333777504,0.019458041958041985,0.3118302616097216,4.0,0,0.9173392386448113
valence,all,72,linear_logistic,20260813,0.25,0.4925662572721396,0.5284421460892049,0.03587588881706533,0.25713406178432396,0.1798382548578287,0.01823426573426575,0.4761904761904762,EPPVR,evaluation_population,subject,0.05753070458952819,0.021664902113877466,0.015909090909090918,-0.021654815772462865,0.15817335274395122,0.0023251748251748305,0.0753206441637863,1.0,0,0.13343957612888116
valence,all,72,linear_logistic,20260813,0.5,0.4925662572721396,0.5158371040723981,0.023270846800258538,0.5018861731562845,0.3333569428020642,-0.012183372183372182,0.4761904761904762,EPPVR,evaluation_population,subject,0.05753070458952819,0.021664902113877466,0.015909090909090918,-0.034259857789269654,0.31169204068818673,-0.028092463092463098,0.14842478128008893,1.0,0,0.22646124810550675
valence,all,72,linear_logistic,20260813,0.75,0.4925662572721396,0.5158371040723981,0.023270846800258538,0.7346402074490568,0.4747096771175812,0.014875679875679887,0.4761904761904762,EPPVR,evaluation_population,subject,0.05753070458952819,0.021664902113877466,0.015909090909090918,-0.034259857789269654,0.45304477500370377,-0.0010334110334110306,0.21573560714462087,1.0,0,0.5528787513620645
valence,all,72,linear_logistic,20260813,1.0,0.4925662572721396,0.524240465416936,0.031674208144796434,1.0,0.6395346264339017,0.03377622377622379,0.4761904761904762,EPPVR,evaluation_population,subject,0.05753070458952819,0.021664902113877466,0.015909090909090918,-0.025856496444731758,0.6178697243200242,0.01786713286713287,0.29422367824763057,1.0,0,0.8451634317698663
valence,all,72,linear_logistic,20260829,0.25,0.5090497737556561,0.5468648998060763,0.037815126050420256,0.2442992087226465,0.17901719877489541,-0.013600149850149845,0.4642857142857143,EPPVR,evaluation_population,subject,0.03232062055591478,0.00898532410225737,0.0,0.005494505494505475,0.17003187467263806,-0.013600149850149845,0.07894337038372481,1.0,0,0.09044466041372438
valence,all,72,linear_logistic,20260829,0.5,0.5090497737556561,0.5429864253393666,0.03393665158371051,0.4946837912661918,0.3528662353867472,0.036326173826173834,0.4642857142857143,EPPVR,evaluation_population,subject,0.03232062055591478,0.00898532410225737,0.0,0.001616031027795728,0.34388091128448983,0.036326173826173834,0.1596589945249417,1.0,0,0.4270197408830925
valence,all,72,linear_logistic,20260829,0.75,0.5090497737556561,0.5313510019392372,0.022301228183581157,0.7138389690707007,0.5047969217423356,0.010295954045954042,0.4642857142857143,EPPVR,evaluation_population,subject,0.03232062055591478,0.00898532410225737,0.0,-0.010019392372333624,0.4958115976400782,0.010295954045954042,0.2301982417614649,1.0,0,0.5967672881200381
valence,all,72,linear_logistic,20260829,1.0,0.5090497737556561,0.5332902391725921,0.02424046541693603,1.0,0.7044789869016668,-0.02586358086358086,0.4642857142857143,EPPVR,evaluation_population,subject,0.03232062055591478,0.00898532410225737,0.0,-0.00808015513897875,0.6954936627994094,-0.02586358086358086,0.3229077720140115,1.0,0,0.7796496748259208
valence,all,72,linear_logistic,20260911,0.25,0.5303813833225598,0.4980607627666451,-0.03232062055591467,0.23978595661813698,0.16952670334148506,-0.06219655344655345,0.5166666666666666,EPPVR,evaluation_population,subject,-0.020038784744667137,0.013641384186966057,-0.00018356643356644552,-0.012281835811247532,0.155885319154519,-0.062012987012987006,0.08054074822983481,1.0,0,0.04644543870749891
valence,all,72,linear_logistic,20260911,0.5,0.5303813833225598,0.502262443438914,-0.028118939883645777,0.4885538392901525,0.3332969481378155,-0.0669855144855145,0.5166666666666666,EPPVR,evaluation_population,subject,-0.020038784744667137,0.013641384186966057,-0.00018356643356644552,-0.00808015513897864,0.3196555639508495,-0.06680194805194806,0.1651553747079389,1.0,0,0.13425957259601412
valence,all,72,linear_logistic,20260911,0.75,0.5303813833225598,0.4957983193277311,-0.03458306399482869,0.7145537290653414,0.4845993545825197,-0.05818320568320571,0.5166666666666666,EPPVR,evaluation_population,subject,-0.020038784744667137,0.013641384186966057,-0.00018356643356644552,-0.014544279250161551,0.47095797039555365,-0.057999639249639266,0.24332828470436935,1.0,0,0.3566561185487487
valence,all,72,linear_logistic,20260911,1.0,0.5303813833225598,0.5219780219780219,-0.008403361344537896,1.0,0.6691839521048104,-0.08324814074814077,0.5166666666666666,EPPVR,evaluation_population,subject,-0.020038784744667137,0.013641384186966057,-0.00018356643356644552,0.011635423400129241,0.6555425679178444,-0.08306457431457433,0.33869699342421955,1.0,0,0.6015941365136378
valence,all,72,linear_logistic,20260923,0.25,0.5294117647058824,0.5436328377504849,0.014221073044602517,0.25335315608880293,0.16536317955496208,0.009361888111888128,0.4476190476190477,EPPVR,evaluation_population,subject,-0.01098901098901095,0.01647564340476009,0.0033653846153846147,0.025210084033613467,0.14888753615020198,0.005996503496503513,0.06664489713389994,1.0,1,0.10449695217824832
valence,all,72,linear_logistic,20260923,0.5,0.5294117647058824,0.5410471881060117,0.011635423400129352,0.5103636293906361,0.3172034650715013,0.055353396603396596,0.4476190476190477,EPPVR,evaluation_population,subject,-0.01098901098901095,0.01647564340476009,0.0033653846153846147,0.022624434389140302,0.3007278216667412,0.05198801198801198,0.13461150112701753,1.0,1,0.40857245008918586
valence,all,72,linear_logistic,20260923,0.75,0.5294117647058824,0.513251454427925,-0.01616031027795739,0.7416304789730584,0.4539269557531208,0.009400044400044416,0.4476190476190477,EPPVR,evaluation_population,subject,-0.01098901098901095,0.01647564340476009,0.0033653846153846147,-0.00517129928894644,0.4374513123483607,0.006034659784659801,0.19581153981307578,1.0,0,0.4710863292007171
valence,all,72,linear_logistic,20260923,1.0,0.5294117647058824,0.5507433742727861,0.02133160956690372,1.0,0.6060432219960086,-0.0005663780663780482,0.4476190476190477,EPPVR,evaluation_population,subject,-0.01098901098901095,0.01647564340476009,0.0033653846153846147,0.03232062055591467,0.5895675785912485,-0.003931762681762663,0.2639016780360827,1.0,1,0.6903211697016689
valence,all,72,linear_logistic,20261007,0.25,0.4922430510665805,0.48287007110536523,-0.009372979961215278,0.2439918794256393,0.15620669843959212,0.03627816627816629,0.5047619047619047,EPPVR,evaluation_population,subject,-0.01680672268907568,0.006504765835471274,0.01944444444444444,0.007433742727860404,0.14970193260412085,0.016833721833721848,0.07556383264779433,1.0,0,0.17072233180195456
valence,all,72,linear_logistic,20261007,0.5,0.4922430510665805,0.5077569489334195,0.015513897866838988,0.5025066540716501,0.31698032819670485,0.0650777000777001,0.5047619047619047,EPPVR,evaluation_population,subject,-0.01680672268907568,0.006504765835471274,0.01944444444444444,0.03232062055591467,0.3104755623612336,0.045633255633255654,0.1567162362394798,1.0,1,0.5149107232578047
valence,all,72,linear_logistic,20261007,0.75,0.4922430510665805,0.48287007110536523,-0.009372979961215278,0.7320279800526405,0.4564564949109272,0.03626456876456877,0.5047619047619047,EPPVR,evaluation_population,subject,-0.01680672268907568,0.006504765835471274,0.01944444444444444,0.007433742727860404,0.44995172907545594,0.016820124320124332,0.22711849181903965,1.0,0,0.6576822619142852
valence,all,72,linear_logistic,20261007,1.0,0.4922430510665805,0.4883645765998707,-0.0038784744667098026,1.0,0.6242816992132217,0.038902486402486426,0.5047619047619047,EPPVR,evaluation_population,subject,-0.01680672268907568,0.006504765835471274,0.01944444444444444,0.012928248222365879,0.6177769333777504,0.019458041958041985,0.3118302616097216,1.0,0,0.8745932311006333
valence,baseline_delta,72,gpu_mlp,20260813,0.25,0.4612152553329024,0.4970911441499677,0.03587588881706527,0.25713406178432396,0.1798382548578287,0.01823426573426575,0.4095238095238095,EPPVR,evaluation_population,subject,0.005494505494505475,0.021664902113877466,0.015909090909090918,0.030381383322559796,0.15817335274395122,0.0023251748251748305,0.06477575398085621,4.0,1,0.1705570141566466
valence,baseline_delta,72,gpu_mlp,20260813,0.5,0.4612152553329024,0.4789915966386554,0.017776341305753007,0.5018861731562845,0.3333569428020642,-0.012183372183372182,0.4095238095238095,EPPVR,evaluation_population,subject,0.005494505494505475,0.021664902113877466,0.015909090909090918,0.012281835811247532,0.31169204068818673,-0.028092463092463098,0.12764531190087647,4.0,0,0.26687635573202145
valence,baseline_delta,72,gpu_mlp,20260813,0.75,0.4612152553329024,0.4806076276664512,0.01939237233354879,0.7346402074490568,0.4747096771175812,0.014875679875679887,0.4095238095238095,EPPVR,evaluation_population,subject,0.005494505494505475,0.021664902113877466,0.015909090909090918,0.013897866839043316,0.45304477500370377,-0.0010334110334110306,0.1855326221443739,4.0,0,0.5901314870250235
valence,baseline_delta,72,gpu_mlp,20260813,1.0,0.4612152553329024,0.47640594699418226,0.015190691661279843,1.0,0.6395346264339017,0.03377622377622379,0.4095238095238095,EPPVR,evaluation_population,subject,0.005494505494505475,0.021664902113877466,0.015909090909090918,0.009696186166774368,0.6178697243200242,0.01786713286713287,0.2530323632929623,4.0,0,0.8548032568255145
valence,baseline_delta,72,gpu_mlp,20260829,0.25,0.5080801551389786,0.510989010989011,0.0029088558500323103,0.2442992087226465,0.17901719877489541,-0.013600149850149845,0.37857142857142856,EPPVR,evaluation_population,subject,-0.007110536522301203,0.00898532410225737,0.0,0.010019392372333513,0.17003187467263806,-0.013600149850149845,0.0643692096974987,4.0,0,0.11143171985583732
valence,baseline_delta,72,gpu_mlp,20260829,0.5,0.5080801551389786,0.5203619909502262,0.012281835811247532,0.4946837912661918,0.3528662353867472,0.036326173826173834,0.37857142857142856,EPPVR,evaluation_population,subject,-0.007110536522301203,0.00898532410225737,0.0,0.019392372333548735,0.34388091128448983,0.036326173826173834,0.130183487843414,4.0,0,0.4586320106183303
valence,baseline_delta,72,gpu_mlp,20260829,0.75,0.5080801551389786,0.5077569489334195,-0.0003232062055591456,0.7138389690707007,0.5047969217423356,0.010295954045954042,0.37857142857142856,EPPVR,evaluation_population,subject,-0.007110536522301203,0.00898532410225737,0.0,0.006787330316742057,0.4958115976400782,0.010295954045954042,0.18770010482088675,4.0,0,0.6057370576435868
valence,baseline_delta,72,gpu_mlp,20260829,1.0,0.5080801551389786,0.49385908209437623,-0.014221073044602406,1.0,0.7044789869016668,-0.02586358086358086,0.37857142857142856,EPPVR,evaluation_population,subject,-0.007110536522301203,0.00898532410225737,0.0,-0.007110536522301203,0.6954936627994094,-0.02586358086358086,0.26329402948834785,4.0,0,0.7652642916533076
valence,baseline_delta,72,gpu_mlp,20260911,0.25,0.4469941822882999,0.40691661279896574,-0.040077569489334164,0.23978595661813698,0.16952670334148506,-0.06219655344655345,0.3928571428571429,EPPVR,evaluation_population,subject,-0.06658047834518421,0.013641384186966057,-0.00018356643356644552,0.02650290885585005,0.155885319154519,-0.062012987012987006,0.06124066109641819,4.0,1,0.0530990577852651
valence,baseline_delta,72,gpu_mlp,20260911,0.5,0.4469941822882999,0.38720103425985775,-0.059793148028442156,0.4885538392901525,0.3332969481378155,-0.0669855144855145,0.3928571428571429,EPPVR,evaluation_population,subject,-0.06658047834518421,0.013641384186966057,-0.00018356643356644552,0.006787330316742057,0.3196555639508495,-0.06680194805194806,0.12557897155211944,4.0,0,0.13421034073971755
valence,baseline_delta,72,gpu_mlp,20260911,0.75,0.4469941822882999,0.36393018745959926,-0.08306399482870064,0.7145537290653414,0.4845993545825197,-0.05818320568320571,0.3928571428571429,EPPVR,evaluation_population,subject,-0.06658047834518421,0.013641384186966057,-0.00018356643356644552,-0.016483516483516425,0.47095797039555365,-0.057999639249639266,0.1850192026553961,4.0,0,0.32719923784662575
valence,baseline_delta,72,gpu_mlp,20260911,1.0,0.4469941822882999,0.38752424046541695,-0.059469941822882955,1.0,0.6691839521048104,-0.08324814074814077,0.3928571428571429,EPPVR,evaluation_population,subject,-0.06658047834518421,0.013641384186966057,-0.00018356643356644552,0.007110536522301258,0.6555425679178444,-0.08306457431457433,0.2575345802534389,4.0,0,0.530430614747984
valence,baseline_delta,72,gpu_mlp,20260923,0.25,0.4550743374272786,0.4815772462831286,0.026502908855849994,0.25335315608880293,0.16536317955496208,0.009361888111888128,0.39761904761904765,EPPVR,evaluation_population,subject,-0.0012928248222365823,0.01647564340476009,0.0033653846153846147,0.027795733678086576,0.14888753615020198,0.005996503496503513,0.05920052032638984,4.0,1,0.14040149445393854
valence,baseline_delta,72,gpu_mlp,20260923,0.5,0.4550743374272786,0.502262443438914,0.04718810601163542,0.5103636293906361,0.3172034650715013,0.055353396603396596,0.39761904761904765,EPPVR,evaluation_population,subject,-0.0012928248222365823,0.01647564340476009,0.0033653846153846147,0.048480930833872005,0.3007278216667412,0.05198801198801198,0.11957511004368045,4.0,1,0.4783858160131191
valence,baseline_delta,72,gpu_mlp,20260923,0.75,0.4550743374272786,0.4848093083387201,0.029734970911441505,0.7416304789730584,0.4539269557531208,0.009400044400044416,0.39761904761904765,EPPVR,evaluation_population,subject,-0.0012928248222365823,0.01647564340476009,0.0033653846153846147,0.031027795733678087,0.4374513123483607,0.006034659784659801,0.17393897419565774,4.0,1,0.5299475535357678
valence,baseline_delta,72,gpu_mlp,20260923,1.0,0.4550743374272786,0.4815772462831286,0.026502908855849994,1.0,0.6060432219960086,-0.0005663780663780482,0.39761904761904765,EPPVR,evaluation_population,subject,-0.0012928248222365823,0.01647564340476009,0.0033653846153846147,0.027795733678086576,0.5895675785912485,-0.003931762681762663,0.23442329910652027,4.0,1,0.7279672389735323
valence,baseline_delta,72,gpu_mlp,20261007,0.25,0.4731738849385908,0.4534583063994829,-0.01971557853910788,0.2439918794256393,0.15620669843959212,0.03627816627816629,0.4285714285714286,EPPVR,evaluation_population,subject,0.016483516483516536,0.006504765835471274,0.01944444444444444,-0.03619909502262442,0.14970193260412085,0.016833721833721848,0.0641579711160518,4.0,0,0.2121743637430531
valence,baseline_delta,72,gpu_mlp,20261007,0.5,0.4731738849385908,0.4957983193277311,0.022624434389140302,0.5025066540716501,0.31698032819670485,0.0650777000777001,0.4285714285714286,EPPVR,evaluation_population,subject,0.016483516483516536,0.006504765835471274,0.01944444444444444,0.006140917905623766,0.3104755623612336,0.045633255633255654,0.13306095529767153,4.0,0,0.5604385191468554
valence,baseline_delta,72,gpu_mlp,20261007,0.75,0.4731738849385908,0.4398836457659987,-0.033290239172592107,0.7320279800526405,0.4564564949109272,0.03626456876456877,0.4285714285714286,EPPVR,evaluation_population,subject,0.016483516483516536,0.006504765835471274,0.01944444444444444,-0.04977375565610864,0.44995172907545594,0.016820124320124332,0.19283645531805257,4.0,0,0.6818323844135032
valence,baseline_delta,72,gpu_mlp,20261007,1.0,0.4731738849385908,0.48448610213316096,0.011312217194570151,1.0,0.6242816992132217,0.038902486402486426,0.4285714285714286,EPPVR,evaluation_population,subject,0.016483516483516536,0.006504765835471274,0.01944444444444444,-0.005171299288946385,0.6177769333777504,0.019458041958041985,0.26476154287617876,4.0,0,0.8767825348067437
valence,baseline_delta,72,linear_logistic,20260813,0.25,0.44667097608274076,0.4411764705882353,-0.005494505494505475,0.25713406178432396,0.1798382548578287,0.01823426573426575,0.4095238095238095,EPPVR,evaluation_population,subject,0.0155138978668391,0.021664902113877466,0.015909090909090918,-0.021008403361344574,0.15817335274395122,0.0023251748251748305,0.06477575398085621,1.0,0,0.11443480846611165
valence,baseline_delta,72,linear_logistic,20260813,0.5,0.44667097608274076,0.41338073691014865,-0.033290239172592107,0.5018861731562845,0.3333569428020642,-0.012183372183372182,0.4095238095238095,EPPVR,evaluation_population,subject,0.0155138978668391,0.021664902113877466,0.015909090909090918,-0.048804137039431206,0.31169204068818673,-0.028092463092463098,0.12764531190087647,1.0,0,0.1861739884385483
valence,baseline_delta,72,linear_logistic,20260813,0.75,0.44667097608274076,0.45248868778280543,0.005817711700064676,0.7346402074490568,0.4747096771175812,0.014875679875679887,0.4095238095238095,EPPVR,evaluation_population,subject,0.0155138978668391,0.021664902113877466,0.015909090909090918,-0.009696186166774423,0.45304477500370377,-0.0010334110334110306,0.1855326221443739,1.0,0,0.4750140617760309
valence,baseline_delta,72,linear_logistic,20260813,1.0,0.44667097608274076,0.45281189398836463,0.006140917905623877,1.0,0.6395346264339017,0.03377622377622379,0.4095238095238095,EPPVR,evaluation_population,subject,0.0155138978668391,0.021664902113877466,0.015909090909090918,-0.009372979961215222,0.6178697243200242,0.01786713286713287,0.2530323632929623,1.0,0,0.7872194377941946
valence,baseline_delta,72,linear_logistic,20260829,0.25,0.4709114414996768,0.49288946347769874,0.021978021978021955,0.2442992087226465,0.17901719877489541,-0.013600149850149845,0.37857142857142856,EPPVR,evaluation_population,subject,0.01357466063348417,0.00898532410225737,0.0,0.008403361344537785,0.17003187467263806,-0.013600149850149845,0.0643692096974987,1.0,0,0.07305135337862134
valence,baseline_delta,72,linear_logistic,20260829,0.5,0.4709114414996768,0.5122818358112475,0.041370394311570746,0.4946837912661918,0.3528662353867472,0.036326173826173834,0.37857142857142856,EPPVR,evaluation_population,subject,0.01357466063348417,0.00898532410225737,0.0,0.027795733678086576,0.34388091128448983,0.036326173826173834,0.130183487843414,1.0,1,0.3474227658687608
valence,baseline_delta,72,linear_logistic,20260829,0.75,0.4709114414996768,0.4870717517776341,0.016160310277957335,0.7138389690707007,0.5047969217423356,0.010295954045954042,0.37857142857142856,EPPVR,evaluation_population,subject,0.01357466063348417,0.00898532410225737,0.0,0.0025856496444731647,0.4958115976400782,0.010295954045954042,0.18770010482088675,1.0,0,0.49122387810468954
valence,baseline_delta,72,linear_logistic,20260829,1.0,0.4709114414996768,0.4718810601163542,0.0009696186166774368,1.0,0.7044789869016668,-0.02586358086358086,0.37857142857142856,EPPVR,evaluation_population,subject,0.01357466063348417,0.00898532410225737,0.0,-0.012605042016806733,0.6954936627994094,-0.02586358086358086,0.26329402948834785,1.0,0,0.6719956471199005
valence,baseline_delta,72,linear_logistic,20260911,0.25,0.4479638009049774,0.4356819650937298,-0.012281835811247588,0.23978595661813698,0.16952670334148506,-0.06219655344655345,0.3928571428571429,EPPVR,evaluation_population,subject,-0.008080155138978695,0.013641384186966057,-0.00018356643356644552,-0.004201680672268893,0.155885319154519,-0.062012987012987006,0.06124066109641819,1.0,0,0.034040486181993526
valence,baseline_delta,72,linear_logistic,20260911,0.5,0.4479638009049774,0.4298642533936652,-0.01809954751131221,0.4885538392901525,0.3332969481378155,-0.0669855144855145,0.3928571428571429,EPPVR,evaluation_population,subject,-0.008080155138978695,0.013641384186966057,-0.00018356643356644552,-0.010019392372333513,0.3196555639508495,-0.06680194805194806,0.12557897155211944,1.0,0,0.08876812589820567
valence,baseline_delta,72,linear_logistic,20260911,0.75,0.4479638009049774,0.39980607627666453,-0.04815772462831286,0.7145537290653414,0.4845993545825197,-0.05818320568320571,0.3928571428571429,EPPVR,evaluation_population,subject,-0.008080155138978695,0.013641384186966057,-0.00018356643356644552,-0.040077569489334164,0.47095797039555365,-0.057999639249639266,0.1850192026553961,1.0,0,0.23407978279754704
valence,baseline_delta,72,linear_logistic,20260911,1.0,0.4479638009049774,0.4343891402714932,-0.01357466063348417,1.0,0.6691839521048104,-0.08324814074814077,0.3928571428571429,EPPVR,evaluation_population,subject,-0.008080155138978695,0.013641384186966057,-0.00018356643356644552,-0.005494505494505475,0.6555425679178444,-0.08306457431457433,0.2575345802534389,1.0,0,0.41516276013720255
valence,baseline_delta,72,linear_logistic,20260923,0.25,0.47866839043309634,0.47349709114414995,-0.005171299288946385,0.25335315608880293,0.16536317955496208,0.009361888111888128,0.39761904761904765,EPPVR,evaluation_population,subject,-0.006787330316742113,0.01647564340476009,0.0033653846153846147,0.001616031027795728,0.14888753615020198,0.005996503496503513,0.05920052032638984,1.0,0,0.09308840655651696
valence,baseline_delta,72,linear_logistic,20260923,0.5,0.47866839043309634,0.48868778280542985,0.010019392372333513,0.5103636293906361,0.3172034650715013,0.055353396603396596,0.39761904761904765,EPPVR,evaluation_population,subject,-0.006787330316742113,0.01647564340476009,0.0033653846153846147,0.016806722689075626,0.3007278216667412,0.05198801198801198,0.11957511004368045,1.0,0,0.36562160444287073
valence,baseline_delta,72,linear_logistic,20260923,0.75,0.47866839043309634,0.5,0.021331609566903664,0.7416304789730584,0.4539269557531208,0.009400044400044416,0.39761904761904765,EPPVR,evaluation_population,subject,-0.006787330316742113,0.01647564340476009,0.0033653846153846147,0.028118939883645777,0.4374513123483607,0.006034659784659801,0.17393897419565774,1.0,1,0.4146919669793585
valence,baseline_delta,72,linear_logistic,20260923,1.0,0.47866839043309634,0.4957983193277311,0.01712992889463477,1.0,0.6060432219960086,-0.0005663780663780482,0.39761904761904765,EPPVR,evaluation_population,subject,-0.006787330316742113,0.01647564340476009,0.0033653846153846147,0.023917259211376884,0.5895675785912485,-0.003931762681762663,0.23442329910652027,1.0,1,0.6271004156889086
valence,baseline_delta,72,linear_logistic,20261007,0.25,0.4095022624434389,0.4392372333548804,0.029734970911441505,0.2439918794256393,0.15620669843959212,0.03627816627816629,0.4285714285714286,EPPVR,evaluation_population,subject,0.029734970911441505,0.006504765835471274,0.01944444444444444,0.0,0.14970193260412085,0.016833721833721848,0.0641579711160518,1.0,0,0.1447476836584728
valence,baseline_delta,72,linear_logistic,20261007,0.5,0.4095022624434389,0.4314802844214609,0.02197802197802201,0.5025066540716501,0.31698032819670485,0.0650777000777001,0.4285714285714286,EPPVR,evaluation_population,subject,0.029734970911441505,0.006504765835471274,0.01944444444444444,-0.007756948933419494,0.3104755623612336,0.045633255633255654,0.13306095529767153,1.0,0,0.44482706229118857
valence,baseline_delta,72,linear_logistic,20261007,0.75,0.4095022624434389,0.42824822236586946,0.018745959922430555,0.7320279800526405,0.4564564949109272,0.03626456876456877,0.4285714285714286,EPPVR,evaluation_population,subject,0.029734970911441505,0.006504765835471274,0.01944444444444444,-0.01098901098901095,0.44995172907545594,0.016820124320124332,0.19283645531805257,1.0,0,0.573872704752319
valence,baseline_delta,72,linear_logistic,20261007,1.0,0.4095022624434389,0.4369747899159664,0.027472527472527486,1.0,0.6242816992132217,0.038902486402486426,0.4285714285714286,EPPVR,evaluation_population,subject,0.029734970911441505,0.006504765835471274,0.01944444444444444,-0.002262443438914019,0.6177769333777504,0.019458041958041985,0.26476154287617876,1.0,0,0.8172419664936605
valence,normalized_asymmetry,12,gpu_mlp,20260813,0.25,0.5565610859728507,0.5468648998060763,-0.009696186166774368,0.25713406178432396,0.1798382548578287,0.01823426573426575,0.3595238095238096,EPPVR,evaluation_population,subject,0.012281835811247532,0.021664902113877466,0.015909090909090918,-0.0219780219780219,0.15817335274395122,0.0023251748251748305,0.05686708634365866,4.0,0,0.1527506731715316
valence,normalized_asymmetry,12,gpu_mlp,20260813,0.5,0.5565610859728507,0.5510665804783452,-0.005494505494505475,0.5018861731562845,0.3333569428020642,-0.012183372183372182,0.3595238095238096,EPPVR,evaluation_population,subject,0.012281835811247532,0.021664902113877466,0.015909090909090918,-0.017776341305753007,0.31169204068818673,-0.028092463092463098,0.11206070986646716,4.0,0,0.23227204277049843
valence,normalized_asymmetry,12,gpu_mlp,20260813,0.75,0.5565610859728507,0.5303813833225598,-0.026179702650290904,0.7346402074490568,0.4747096771175812,0.014875679875679887,0.3595238095238096,EPPVR,evaluation_population,subject,0.012281835811247532,0.021664902113877466,0.015909090909090918,-0.038461538461538436,0.45304477500370377,-0.0010334110334110306,0.16288038339418875,4.0,0,0.5325182789313827
valence,normalized_asymmetry,12,gpu_mlp,20260813,1.0,0.5565610859728507,0.554945054945055,-0.001616031027795728,1.0,0.6395346264339017,0.03377622377622379,0.3595238095238096,EPPVR,evaluation_population,subject,0.012281835811247532,0.021664902113877466,0.015909090909090918,-0.01389786683904326,0.6178697243200242,0.01786713286713287,0.22213887707696112,4.0,0,0.8147380663295833
valence,normalized_asymmetry,12,gpu_mlp,20260829,0.25,0.49547511312217196,0.5310277957336781,0.035552682611506126,0.2442992087226465,0.17901719877489541,-0.013600149850149845,0.30714285714285705,EPPVR,evaluation_population,subject,0.010665804783451804,0.00898532410225737,0.0,0.02488687782805432,0.17003187467263806,-0.013600149850149845,0.05222407579231025,4.0,1,0.09364123946859697
valence,normalized_asymmetry,12,gpu_mlp,20260829,0.5,0.49547511312217196,0.4870717517776341,-0.00840336134453784,0.4946837912661918,0.3528662353867472,0.036326173826173834,0.30714285714285705,EPPVR,evaluation_population,subject,0.010665804783451804,0.00898532410225737,0.0,-0.019069166127989645,0.34388091128448983,0.036326173826173834,0.10562056560880756,4.0,0,0.3902750612413058
valence,normalized_asymmetry,12,gpu_mlp,20260829,0.75,0.49547511312217196,0.4796380090497737,-0.015837104072398245,0.7138389690707007,0.5047969217423356,0.010295954045954042,0.30714285714285705,EPPVR,evaluation_population,subject,0.010665804783451804,0.00898532410225737,0.0,-0.02650290885585005,0.4958115976400782,0.010295954045954042,0.15228499070373827,4.0,0,0.5183650770590463
valence,normalized_asymmetry,12,gpu_mlp,20260829,1.0,0.49547511312217196,0.4789915966386554,-0.016483516483516536,1.0,0.7044789869016668,-0.02586358086358086,0.30714285714285705,EPPVR,evaluation_population,subject,0.010665804783451804,0.00898532410225737,0.0,-0.02714932126696834,0.6954936627994094,-0.02586358086358086,0.2136159107169614,4.0,0,0.6740206742899836
valence,normalized_asymmetry,12,gpu_mlp,20260911,0.25,0.5054945054945055,0.5042016806722689,-0.0012928248222365823,0.23978595661813698,0.16952670334148506,-0.06219655344655345,0.3738095238095238,EPPVR,evaluation_population,subject,0.0155138978668391,0.013641384186966057,-0.00018356643356644552,-0.01680672268907568,0.155885319154519,-0.062012987012987006,0.05827141692204639,4.0,0,0.050650492633590165
valence,normalized_asymmetry,12,gpu_mlp,20260911,0.5,0.5054945054945055,0.47478991596638653,-0.030704589528118942,0.4885538392901525,0.3332969481378155,-0.0669855144855145,0.3738095238095238,EPPVR,evaluation_population,subject,0.0155138978668391,0.013641384186966057,-0.00018356643356644552,-0.04621848739495804,0.3196555639508495,-0.06680194805194806,0.11949029414353184,4.0,0,0.12611374678426945
valence,normalized_asymmetry,12,gpu_mlp,20260911,0.75,0.5054945054945055,0.46994182288299935,-0.035552682611506126,0.7145537290653414,0.4845993545825197,-0.05818320568320571,0.3738095238095238,EPPVR,evaluation_population,subject,0.0155138978668391,0.013641384186966057,-0.00018356643356644552,-0.051066580478345225,0.47095797039555365,-0.057999639249639266,0.17604857464786172,4.0,0,0.307358722534058
valence,normalized_asymmetry,12,gpu_mlp,20260911,1.0,0.5054945054945055,0.46994182288299935,-0.035552682611506126,1.0,0.6691839521048104,-0.08324814074814077,0.3738095238095238,EPPVR,evaluation_population,subject,0.0155138978668391,0.013641384186966057,-0.00018356643356644552,-0.051066580478345225,0.6555425679178444,-0.08306457431457433,0.24504805515024183,4.0,0,0.5014384696701489
valence,normalized_asymmetry,12,gpu_mlp,20260923,0.25,0.5303813833225598,0.5219780219780219,-0.008403361344537896,0.25335315608880293,0.16536317955496208,0.009361888111888128,0.3261904761904762,EPPVR,evaluation_population,subject,-0.01680672268907568,0.01647564340476009,0.0033653846153846147,0.008403361344537785,0.14888753615020198,0.005996503496503513,0.04856569631566112,4.0,0,0.11970794743322385
valence,normalized_asymmetry,12,gpu_mlp,20260923,0.5,0.5303813833225598,0.5054945054945055,-0.02488687782805432,0.5103636293906361,0.3172034650715013,0.055353396603396596,0.3261904761904762,EPPVR,evaluation_population,subject,-0.01680672268907568,0.01647564340476009,0.0033653846153846147,-0.00808015513897864,0.3007278216667412,0.05198801198801198,0.09809455135319893,4.0,0,0.41451422952177674
valence,normalized_asymmetry,12,gpu_mlp,20260923,0.75,0.5303813833225598,0.4970911441499677,-0.033290239172592107,0.7416304789730584,0.4539269557531208,0.009400044400044416,0.3261904761904762,EPPVR,evaluation_population,subject,-0.01680672268907568,0.01647564340476009,0.0033653846153846147,-0.016483516483516425,0.4374513123483607,0.006034659784659801,0.14269245188506052,4.0,0,0.4484464473705168
valence,normalized_asymmetry,12,gpu_mlp,20260923,1.0,0.5303813833225598,0.5029088558500323,-0.027472527472527486,1.0,0.6060432219960086,-0.0005663780663780482,0.3261904761904762,EPPVR,evaluation_population,subject,-0.01680672268907568,0.01647564340476009,0.0033653846153846147,-0.010665804783451804,0.5895675785912485,-0.003931762681762663,0.19231132920714536,4.0,0,0.6414649759077496
valence,normalized_asymmetry,12,gpu_mlp,20261007,0.25,0.4447317388493859,0.4725274725274725,0.02779573367808663,0.2439918794256393,0.15620669843959212,0.03627816627816629,0.3761904761904762,EPPVR,evaluation_population,subject,0.03878474466709758,0.006504765835471274,0.01944444444444444,-0.01098901098901095,0.14970193260412085,0.016833721833721848,0.05631644131297879,4.0,0,0.19053443997967903
valence,normalized_asymmetry,12,gpu_mlp,20261007,0.5,0.4447317388493859,0.4738202973497091,0.029088558500323214,0.5025066540716501,0.31698032819670485,0.0650777000777001,0.3761904761904762,EPPVR,evaluation_population,subject,0.03878474466709758,0.006504765835471274,0.01944444444444444,-0.009696186166774368,0.3104755623612336,0.045633255633255654,0.11679794965017834,4.0,0,0.512392303984596
valence,normalized_asymmetry,12,gpu_mlp,20261007,0.75,0.4447317388493859,0.47931480284421457,0.03458306399482869,0.7320279800526405,0.4564564949109272,0.03626456876456877,0.3761904761904762,EPPVR,evaluation_population,subject,0.03878474466709758,0.006504765835471274,0.01944444444444444,-0.004201680672268893,0.44995172907545594,0.016820124320124332,0.1692675552236239,4.0,0,0.6266630839667174
valence,normalized_asymmetry,12,gpu_mlp,20261007,1.0,0.4447317388493859,0.48093083387201035,0.03619909502262447,1.0,0.6242816992132217,0.038902486402486426,0.3761904761904762,EPPVR,evaluation_population,subject,0.03878474466709758,0.006504765835471274,0.01944444444444444,-0.002585649644473109,0.6177769333777504,0.019458041958041985,0.232401798746868,4.0,0,0.8398034798899358
valence,normalized_asymmetry,12,linear_logistic,20260813,0.25,0.5255332902391725,0.5491273432449904,0.02359405300581785,0.25713406178432396,0.1798382548578287,0.01823426573426575,0.3595238095238096,EPPVR,evaluation_population,subject,0.020361990950226283,0.021664902113877466,0.015909090909090918,0.003232062055591567,0.15817335274395122,0.0023251748251748305,0.05686708634365866,1.0,0,0.10176878881679353
valence,normalized_asymmetry,12,linear_logistic,20260813,0.5,0.5255332902391725,0.49385908209437623,-0.03167420814479627,0.5018861731562845,0.3333569428020642,-0.012183372183372182,0.3595238095238096,EPPVR,evaluation_population,subject,0.020361990950226283,0.021664902113877466,0.015909090909090918,-0.05203619909502255,0.31169204068818673,-0.028092463092463098,0.11206070986646716,1.0,0,0.15975364764808858
valence,normalized_asymmetry,12,linear_logistic,20260813,0.75,0.5255332902391725,0.532967032967033,0.0074337427278604595,0.7346402074490568,0.4747096771175812,0.014875679875679887,0.3595238095238096,EPPVR,evaluation_population,subject,0.020361990950226283,0.021664902113877466,0.015909090909090918,-0.012928248222365823,0.45304477500370377,-0.0010334110334110306,0.16288038339418875,1.0,0,0.4171998279463035
valence,normalized_asymmetry,12,linear_logistic,20260813,1.0,0.5255332902391725,0.5352294764059471,0.00969618616677459,1.0,0.6395346264339017,0.03377622377622379,0.3595238095238096,EPPVR,evaluation_population,subject,0.020361990950226283,0.021664902113877466,0.015909090909090918,-0.010665804783451693,0.6178697243200242,0.01786713286713287,0.22213887707696112,1.0,0,0.7343019790698048
valence,normalized_asymmetry,12,linear_logistic,20260829,0.25,0.5546218487394958,0.537168713639302,-0.01745313510019386,0.2442992087226465,0.17901719877489541,-0.013600149850149845,0.30714285714285705,EPPVR,evaluation_population,subject,-0.005171299288946329,0.00898532410225737,0.0,-0.012281835811247532,0.17003187467263806,-0.013600149850149845,0.05222407579231025,1.0,0,0.06096800319182886
valence,normalized_asymmetry,12,linear_logistic,20260829,0.5,0.5546218487394958,0.5103425985778927,-0.04427925016160317,0.4946837912661918,0.3528662353867472,0.036326173826173834,0.30714285714285705,EPPVR,evaluation_population,subject,-0.005171299288946329,0.00898532410225737,0.0,-0.03910795087265684,0.34388091128448983,0.036326173826173834,0.10562056560880756,1.0,0,0.28685821394643074
valence,normalized_asymmetry,12,linear_logistic,20260829,0.75,0.5546218487394958,0.5116354234001292,-0.042986425339366585,0.7138389690707007,0.5047969217423356,0.010295954045954042,0.30714285714285705,EPPVR,evaluation_population,subject,-0.005171299288946329,0.00898532410225737,0.0,-0.037815126050420256,0.4958115976400782,0.010295954045954042,0.15228499070373827,1.0,0,0.4034663258893258
valence,normalized_asymmetry,12,linear_logistic,20260829,1.0,0.5546218487394958,0.4899806076276665,-0.06464124111182934,1.0,0.7044789869016668,-0.02586358086358086,0.30714285714285705,EPPVR,evaluation_population,subject,-0.005171299288946329,0.00898532410225737,0.0,-0.05946994182288301,0.6954936627994094,-0.02586358086358086,0.2136159107169614,1.0,0,0.5651010327769541
valence,normalized_asymmetry,12,linear_logistic,20260911,0.25,0.539431157078216,0.5326438267614738,-0.006787330316742168,0.23978595661813698,0.16952670334148506,-0.06219655344655345,0.3738095238095238,EPPVR,evaluation_population,subject,0.001616031027795728,0.013641384186966057,-0.00018356643356644552,-0.008403361344537896,0.155885319154519,-0.062012987012987006,0.05827141692204639,1.0,0,0.03244066264208268
valence,normalized_asymmetry,12,linear_logistic,20260911,0.5,0.539431157078216,0.5507433742727861,0.011312217194570096,0.4885538392901525,0.3332969481378155,-0.0669855144855145,0.3738095238095238,EPPVR,evaluation_population,subject,0.001616031027795728,0.013641384186966057,-0.00018356643356644552,0.009696186166774368,0.3196555639508495,-0.06680194805194806,0.11949029414353184,1.0,0,0.08314967008206223
valence,normalized_asymmetry,12,linear_logistic,20260911,0.75,0.539431157078216,0.5284421460892049,-0.010989010989011061,0.7145537290653414,0.4845993545825197,-0.05818320568320571,0.3738095238095238,EPPVR,evaluation_population,subject,0.001616031027795728,0.013641384186966057,-0.00018356643356644552,-0.012605042016806789,0.47095797039555365,-0.057999639249639266,0.17604857464786172,1.0,0,0.21805574374793343
valence,normalized_asymmetry,12,linear_logistic,20260911,1.0,0.539431157078216,0.5313510019392372,-0.00808015513897875,1.0,0.6691839521048104,-0.08324814074814077,0.3738095238095238,EPPVR,evaluation_population,subject,0.001616031027795728,0.013641384186966057,-0.00018356643356644552,-0.009696186166774479,0.6555425679178444,-0.08306457431457433,0.24504805515024183,1.0,0,0.38727477401876403
valence,normalized_asymmetry,12,linear_logistic,20260923,0.25,0.5145442792501616,0.539431157078216,0.024886877828054432,0.25335315608880293,0.16536317955496208,0.009361888111888128,0.3261904761904762,EPPVR,evaluation_population,subject,0.02197802197802201,0.01647564340476009,0.0033653846153846147,0.0029088558500324213,0.14888753615020198,0.005996503496503513,0.04856569631566112,1.0,0,0.07872957326416118
valence,normalized_asymmetry,12,linear_logistic,20260923,0.5,0.5145442792501616,0.5297349709114415,0.015190691661279954,0.5103636293906361,0.3172034650715013,0.055353396603396596,0.3261904761904762,EPPVR,evaluation_population,subject,0.02197802197802201,0.01647564340476009,0.0033653846153846147,-0.006787330316742057,0.3007278216667412,0.05198801198801198,0.09809455135319893,1.0,0,0.3079180686105128
valence,normalized_asymmetry,12,linear_logistic,20260923,0.75,0.5145442792501616,0.5268261150614092,0.012281835811247643,0.7416304789730584,0.4539269557531208,0.009400044400044416,0.3261904761904762,EPPVR,evaluation_population,subject,0.02197802197802201,0.01647564340476009,0.0033653846153846147,-0.009696186166774368,0.4374513123483607,0.006034659784659801,0.14269245188506052,1.0,0,0.33816424738704626
valence,normalized_asymmetry,12,linear_logistic,20260923,1.0,0.5145442792501616,0.5562378797672916,0.04169360051713,1.0,0.6060432219960086,-0.0005663780663780482,0.3261904761904762,EPPVR,evaluation_population,subject,0.02197802197802201,0.01647564340476009,0.0033653846153846147,0.019715578539107992,0.5895675785912485,-0.003931762681762663,0.19231132920714536,1.0,0,0.5292645643685001
valence,normalized_asymmetry,12,linear_logistic,20261007,0.25,0.5171299288946347,0.5006464124111183,-0.016483516483516425,0.2439918794256393,0.15620669843959212,0.03627816627816629,0.3761904761904762,EPPVR,evaluation_population,subject,-0.010665804783451804,0.006504765835471274,0.01944444444444444,-0.005817711700064621,0.14970193260412085,0.016833721833721848,0.05631644131297879,1.0,0,0.12885987194874246
valence,normalized_asymmetry,12,linear_logistic,20261007,0.5,0.5171299288946347,0.48028442146089206,-0.03684550743374265,0.5025066540716501,0.31698032819670485,0.0650777000777001,0.3761904761904762,EPPVR,evaluation_population,subject,-0.010665804783451804,0.006504765835471274,0.01944444444444444,-0.026179702650290848,0.3104755623612336,0.045633255633255654,0.11679794965017834,1.0,0,0.39772420366646627
valence,normalized_asymmetry,12,linear_logistic,20261007,0.75,0.5171299288946347,0.5048480930833872,-0.012281835811247532,0.7320279800526405,0.4564564949109272,0.03626456876456877,0.3761904761904762,EPPVR,evaluation_population,subject,-0.010665804783451804,0.006504765835471274,0.01944444444444444,-0.001616031027795728,0.44995172907545594,0.016820124320124332,0.1692675552236239,1.0,0,0.5133447660587057
valence,normalized_asymmetry,12,linear_logistic,20261007,1.0,0.5171299288946347,0.4899806076276665,-0.02714932126696823,1.0,0.6242816992132217,0.038902486402486426,0.3761904761904762,EPPVR,evaluation_population,subject,-0.010665804783451804,0.006504765835471274,0.01944444444444444,-0.016483516483516425,0.6177769333777504,0.019458041958041985,0.232401798746868,1.0,0,0.7671397617855573
valence,relative_power,24,gpu_mlp,20260813,0.25,0.5235940530058177,0.5407239819004526,0.017129928894634827,0.25713406178432396,0.1798382548578287,0.01823426573426575,0.20714285714285718,EPPVR,evaluation_population,subject,0.014221073044602406,0.021664902113877466,0.015909090909090918,0.0029088558500324213,0.15817335274395122,0.0023251748251748305,0.032764480211247046,4.0,0,0.10774737997147435
valence,relative_power,24,gpu_mlp,20260813,0.5,0.5235940530058177,0.5407239819004526,0.017129928894634827,0.5018861731562845,0.3333569428020642,-0.012183372183372182,0.20714285714285718,EPPVR,evaluation_population,subject,0.014221073044602406,0.021664902113877466,0.015909090909090918,0.0029088558500324213,0.31169204068818673,-0.028092463092463098,0.0645647798568387,4.0,0,0.14687460629237287
valence,relative_power,24,gpu_mlp,20260813,0.75,0.5235940530058177,0.554945054945055,0.03135100193923723,0.7346402074490568,0.4747096771175812,0.014875679875679887,0.20714285714285718,EPPVR,evaluation_population,subject,0.014221073044602406,0.021664902113877466,0.015909090909090918,0.017129928894634827,0.45304477500370377,-0.0010334110334110306,0.09384498910791009,4.0,0,0.35809227773179647
valence,relative_power,24,gpu_mlp,20260813,1.0,0.5235940530058177,0.5378151260504201,0.014221073044602406,1.0,0.6395346264339017,0.03377622377622379,0.20714285714285718,EPPVR,evaluation_population,subject,0.014221073044602406,0.021664902113877466,0.015909090909090918,0.0,0.6178697243200242,0.01786713286713287,0.12798730003771933,4.0,0,0.6438581150925821
valence,relative_power,24,gpu_mlp,20260829,0.25,0.4941822882999354,0.5391079508726568,0.04492566257272146,0.2442992087226465,0.17901719877489541,-0.013600149850149845,0.2333333333333333,EPPVR,evaluation_population,subject,0.04395604395604391,0.00898532410225737,0.0,0.0009696186166775478,0.17003187467263806,-0.013600149850149845,0.03967410409028221,4.0,0,0.07797471615306825
valence,relative_power,24,gpu_mlp,20260829,0.5,0.4941822882999354,0.5213316095669036,0.02714932126696823,0.4946837912661918,0.3528662353867472,0.036326173826173834,0.2333333333333333,EPPVR,evaluation_population,subject,0.04395604395604391,0.00898532410225737,0.0,-0.01680672268907568,0.34388091128448983,0.036326173826173834,0.08023887929971428,4.0,0,0.3239222117914758
valence,relative_power,24,gpu_mlp,20260829,0.75,0.4941822882999354,0.5294117647058824,0.03522947640594698,0.7138389690707007,0.5047969217423356,0.010295954045954042,0.2333333333333333,EPPVR,evaluation_population,subject,0.04395604395604391,0.00898532410225737,0.0,-0.00872656755009693,0.4958115976400782,0.010295954045954042,0.1156893727826849,4.0,0,0.4269500921867059
valence,relative_power,24,gpu_mlp,20260829,1.0,0.4941822882999354,0.497737556561086,0.0035552682611506015,1.0,0.7044789869016668,-0.02586358086358086,0.2333333333333333,EPPVR,evaluation_population,subject,0.04395604395604391,0.00898532410225737,0.0,-0.04040077569489331,0.6954936627994094,-0.02586358086358086,0.1622818546531955,4.0,0,0.5636318008101399
valence,relative_power,24,gpu_mlp,20260911,0.25,0.4789915966386554,0.47996121525533286,0.0009696186166774368,0.23978595661813698,0.16952670334148506,-0.06219655344655345,0.2619047619047619,EPPVR,evaluation_population,subject,0.0022624434389140746,0.013641384186966057,-0.00018356643356644552,-0.0012928248222366379,0.155885319154519,-0.062012987012987006,0.040827107397612125,4.0,0,0.03829602644917655
valence,relative_power,24,gpu_mlp,20260911,0.5,0.4789915966386554,0.47866839043309634,-0.0003232062055590901,0.4885538392901525,0.3332969481378155,-0.0669855144855145,0.2619047619047619,EPPVR,evaluation_population,subject,0.0022624434389140746,0.013641384186966057,-0.00018356643356644552,-0.0025856496444731647,0.3196555639508495,-0.06680194805194806,0.08371931436807963,4.0,0,0.08658861944080792
valence,relative_power,24,gpu_mlp,20260911,0.75,0.4789915966386554,0.5129282482223658,0.0339366515837104,0.7145537290653414,0.4845993545825197,-0.05818320568320571,0.2619047619047619,EPPVR,evaluation_population,subject,0.0022624434389140746,0.013641384186966057,-0.00018356643356644552,0.03167420814479632,0.47095797039555365,-0.057999639249639266,0.12334613510359739,4.0,1,0.20574861470463485
valence,relative_power,24,gpu_mlp,20260911,1.0,0.4789915966386554,0.4644473173884939,-0.014544279250161551,1.0,0.6691839521048104,-0.08324814074814077,0.2619047619047619,EPPVR,evaluation_population,subject,0.0022624434389140746,0.013641384186966057,-0.00018356643356644552,-0.016806722689075626,0.6555425679178444,-0.08306457431457433,0.17168972016895925,4.0,0,0.337054902629286
valence,relative_power,24,gpu_mlp,20260923,0.25,0.4576599870717518,0.4796380090497737,0.0219780219780219,0.25335315608880293,0.16536317955496208,0.009361888111888128,0.23809523809523808,EPPVR,evaluation_population,subject,-0.012928248222365935,0.01647564340476009,0.0033653846153846147,0.034906270200387834,0.14888753615020198,0.005996503496503513,0.035449413369095704,4.0,1,0.09786333754608273
valence,relative_power,24,gpu_mlp,20260923,0.5,0.4576599870717518,0.45604395604395603,-0.0016160310277957834,0.5103636293906361,0.3172034650715013,0.055353396603396596,0.23809523809523808,EPPVR,evaluation_population,subject,-0.012928248222365935,0.01647564340476009,0.0033653846153846147,0.011312217194570151,0.3007278216667412,0.05198801198801198,0.07160186230160505,4.0,0,0.33971809040951945
valence,relative_power,24,gpu_mlp,20260923,0.75,0.4576599870717518,0.49903038138332256,0.041370394311570746,0.7416304789730584,0.4539269557531208,0.009400044400044416,0.23809523809523808,EPPVR,evaluation_population,subject,-0.012928248222365935,0.01647564340476009,0.0033653846153846147,0.05429864253393668,0.4374513123483607,0.006034659784659801,0.1041550743686573,4.0,1,0.3520350398681107
valence,relative_power,24,gpu_mlp,20260923,1.0,0.4576599870717518,0.4589528118939884,0.0012928248222365823,1.0,0.6060432219960086,-0.0005663780663780482,0.23809523809523808,EPPVR,evaluation_population,subject,-0.012928248222365935,0.01647564340476009,0.0033653846153846147,0.014221073044602517,0.5895675785912485,-0.003931762681762663,0.14037323299791632,4.0,0,0.5212825547266238
valence,relative_power,24,gpu_mlp,20261007,0.25,0.4809308338720104,0.4893341952165482,0.008403361344537785,0.2439918794256393,0.15620669843959212,0.03627816627816629,0.2785714285714286,EPPVR,evaluation_population,subject,0.017776341305753007,0.006504765835471274,0.01944444444444444,-0.009372979961215222,0.14970193260412085,0.016833721833721848,0.04170268122543366,4.0,0,0.15478911350225152
valence,relative_power,24,gpu_mlp,20261007,0.5,0.4809308338720104,0.43600517129928895,-0.04492566257272146,0.5025066540716501,0.31698032819670485,0.0650777000777001,0.2785714285714286,EPPVR,evaluation_population,subject,0.017776341305753007,0.006504765835471274,0.01944444444444444,-0.06270200387847447,0.3104755623612336,0.045633255633255654,0.0864896209434865,4.0,0,0.42292480771244434
valence,relative_power,24,gpu_mlp,20261007,0.75,0.4809308338720104,0.46864899806076277,-0.012281835811247643,0.7320279800526405,0.4564564949109272,0.03626456876456877,0.2785714285714286,EPPVR,evaluation_population,subject,0.017776341305753007,0.006504765835471274,0.01944444444444444,-0.03005817711700065,0.44995172907545594,0.016820124320124332,0.12534369595673417,4.0,0,0.5156655947322605
valence,relative_power,24,gpu_mlp,20261007,1.0,0.4809308338720104,0.4356819650937298,-0.045248868778280604,1.0,0.6242816992132217,0.038902486402486426,0.2785714285714286,EPPVR,evaluation_population,subject,0.017776341305753007,0.006504765835471274,0.01944444444444444,-0.06302521008403361,0.6177769333777504,0.019458041958041985,0.1720950028695162,4.0,0,0.747882037081982
valence,relative_power,24,linear_logistic,20260813,0.25,0.4877181641887524,0.5475113122171946,0.05979314802844221,0.25713406178432396,0.1798382548578287,0.01823426573426575,0.20714285714285718,EPPVR,evaluation_population,subject,0.023594053005817683,0.021664902113877466,0.015909090909090918,0.03619909502262453,0.15817335274395122,0.0023251748251748305,0.032764480211247046,1.0,1,0.07053527479850301
valence,relative_power,24,linear_logistic,20260813,0.5,0.4877181641887524,0.5171299288946347,0.029411764705882304,0.5018861731562845,0.3333569428020642,-0.012183372183372182,0.20714285714285718,EPPVR,evaluation_population,subject,0.023594053005817683,0.021664902113877466,0.015909090909090918,0.005817711700064621,0.31169204068818673,-0.028092463092463098,0.0645647798568387,1.0,0,0.09762792468149321
valence,relative_power,24,linear_logistic,20260813,0.75,0.4877181641887524,0.5032320620555915,0.015513897866839044,0.7346402074490568,0.4747096771175812,0.014875679875679887,0.20714285714285718,EPPVR,evaluation_population,subject,0.023594053005817683,0.021664902113877466,0.015909090909090918,-0.00808015513897864,0.45304477500370377,-0.0010334110334110306,0.09384498910791009,1.0,0,0.2595728449749363
valence,relative_power,24,linear_logistic,20260813,1.0,0.4877181641887524,0.4951519069166128,0.007433742727860404,1.0,0.6395346264339017,0.03377622377622379,0.20714285714285718,EPPVR,evaluation_population,subject,0.023594053005817683,0.021664902113877466,0.015909090909090918,-0.01616031027795728,0.6178697243200242,0.01786713286713287,0.12798730003771933,1.0,0,0.5318600609918686
valence,relative_power,24,linear_logistic,20260829,0.25,0.5284421460892049,0.5268261150614092,-0.001616031027795728,0.2442992087226465,0.17901719877489541,-0.013600149850149845,0.2333333333333333,EPPVR,evaluation_population,subject,0.019392372333548846,0.00898532410225737,0.0,-0.021008403361344574,0.17003187467263806,-0.013600149850149845,0.03967410409028221,1.0,0,0.05046348133992513
valence,relative_power,24,linear_logistic,20260829,0.5,0.5284421460892049,0.5339366515837104,0.005494505494505475,0.4946837912661918,0.3528662353867472,0.036326173826173834,0.2333333333333333,EPPVR,evaluation_population,subject,0.019392372333548846,0.00898532410225737,0.0,-0.013897866839043371,0.34388091128448983,0.036326173826173834,0.08023887929971428,1.0,0,0.23141460013642814
valence,relative_power,24,linear_logistic,20260829,0.75,0.5284421460892049,0.5129282482223658,-0.0155138978668391,0.7138389690707007,0.5047969217423356,0.010295954045954042,0.2333333333333333,EPPVR,evaluation_population,subject,0.019392372333548846,0.00898532410225737,0.0,-0.034906270200387945,0.4958115976400782,0.010295954045954042,0.1156893727826849,1.0,0,0.3188977942308338
valence,relative_power,24,linear_logistic,20260829,1.0,0.5284421460892049,0.5187459599224306,-0.009696186166774368,1.0,0.7044789869016668,-0.02586358086358086,0.2333333333333333,EPPVR,evaluation_population,subject,0.019392372333548846,0.00898532410225737,0.0,-0.029088558500323214,0.6954936627994094,-0.02586358086358086,0.1622818546531955,1.0,0,0.448033039571753
valence,relative_power,24,linear_logistic,20260911,0.25,0.442792501616031,0.49838396897220427,0.05559146735617326,0.23978595661813698,0.16952670334148506,-0.06219655344655345,0.2619047619047619,EPPVR,evaluation_population,subject,0.04977375565610859,0.013641384186966057,-0.00018356643356644552,0.005817711700064676,0.155885319154519,-0.062012987012987006,0.040827107397612125,1.0,0,0.024413642811448987
valence,relative_power,24,linear_logistic,20260911,0.5,0.442792501616031,0.49547511312217196,0.05268261150614095,0.4885538392901525,0.3332969481378155,-0.0669855144855145,0.2619047619047619,EPPVR,evaluation_population,subject,0.04977375565610859,0.013641384186966057,-0.00018356643356644552,0.002908855850032366,0.3196555639508495,-0.06680194805194806,0.08371931436807963,1.0,0,0.05622352962730511
valence,relative_power,24,linear_logistic,20260911,0.75,0.442792501616031,0.5158371040723981,0.07304460245636712,0.7145537290653414,0.4845993545825197,-0.05818320568320571,0.2619047619047619,EPPVR,evaluation_population,subject,0.04977375565610859,0.013641384186966057,-0.00018356643356644552,0.023270846800258538,0.47095797039555365,-0.057999639249639266,0.12334613510359739,1.0,1,0.14000108627264063
valence,relative_power,24,linear_logistic,20260911,1.0,0.442792501616031,0.5232708468002586,0.08047834518422758,1.0,0.6691839521048104,-0.08324814074814077,0.2619047619047619,EPPVR,evaluation_population,subject,0.04977375565610859,0.013641384186966057,-0.00018356643356644552,0.030704589528118997,0.6555425679178444,-0.08306457431457433,0.17168972016895925,1.0,1,0.24214004082600446
valence,relative_power,24,linear_logistic,20260923,0.25,0.5161603102779573,0.49385908209437623,-0.022301228183581046,0.25335315608880293,0.16536317955496208,0.009361888111888128,0.23809523809523808,EPPVR,evaluation_population,subject,-0.03329023917259205,0.01647564340476009,0.0033653846153846147,0.010989010989011005,0.14888753615020198,0.005996503496503513,0.035449413369095704,1.0,0,0.0638206621531789
valence,relative_power,24,linear_logistic,20260923,0.5,0.5161603102779573,0.5090497737556561,-0.007110536522301203,0.5103636293906361,0.3172034650715013,0.055353396603396596,0.23809523809523808,EPPVR,evaluation_population,subject,-0.03329023917259205,0.01647564340476009,0.0033653846153846147,0.026179702650290848,0.3007278216667412,0.05198801198801198,0.07160186230160505,1.0,1,0.24432967077159498
valence,relative_power,24,linear_logistic,20260923,0.75,0.5161603102779573,0.5158371040723981,-0.0003232062055591456,0.7416304789730584,0.4539269557531208,0.009400044400044416,0.23809523809523808,EPPVR,evaluation_population,subject,-0.03329023917259205,0.01647564340476009,0.0033653846153846147,0.032967032967032905,0.4374513123483607,0.006034659784659801,0.1041550743686573,1.0,1,0.25452131845641446
valence,relative_power,24,linear_logistic,20260923,1.0,0.5161603102779573,0.5158371040723981,-0.0003232062055591456,1.0,0.6060432219960086,-0.0005663780663780482,0.23809523809523808,EPPVR,evaluation_population,subject,-0.03329023917259205,0.01647564340476009,0.0033653846153846147,0.032967032967032905,0.5895675785912485,-0.003931762681762663,0.14037323299791632,1.0,1,0.4062826303270738
valence,relative_power,24,linear_logistic,20261007,0.25,0.5158371040723981,0.5061409179056238,-0.009696186166774368,0.2439918794256393,0.15620669843959212,0.03627816627816629,0.2785714285714286,EPPVR,evaluation_population,subject,0.012605042016806789,0.006504765835471274,0.01944444444444444,-0.022301228183581157,0.14970193260412085,0.016833721833721848,0.04170268122543366,1.0,0,0.10320975990512062
valence,relative_power,24,linear_logistic,20261007,0.5,0.5158371040723981,0.5258564964447316,0.010019392372333513,0.5025066540716501,0.31698032819670485,0.0650777000777001,0.2785714285714286,EPPVR,evaluation_population,subject,0.012605042016806789,0.006504765835471274,0.01944444444444444,-0.0025856496444732757,0.3104755623612336,0.045633255633255654,0.0864896209434865,1.0,0,0.31533065995838355
valence,relative_power,24,linear_logistic,20261007,0.75,0.5158371040723981,0.5229476405946994,0.007110536522301314,0.7320279800526405,0.4564564949109272,0.03626456876456877,0.2785714285714286,EPPVR,evaluation_population,subject,0.012605042016806789,0.006504765835471274,0.01944444444444444,-0.005494505494505475,0.44995172907545594,0.016820124320124332,0.12534369595673417,1.0,0,0.4008671849293486
valence,relative_power,24,linear_logistic,20261007,1.0,0.5158371040723981,0.5019392372333549,-0.01389786683904326,1.0,0.6242816992132217,0.038902486402486426,0.2785714285714286,EPPVR,evaluation_population,subject,0.012605042016806789,0.006504765835471274,0.01944444444444444,-0.02650290885585005,0.6177769333777504,0.019458041958041985,0.1720950028695162,1.0,0,0.6508578559949432
