population,task,split_seed,fold,nominal_dose,achieved_dose,normalized_mutual_information,metadata_prior_opportunity,candidate_min,candidate_max,candidate_size,intervention_block_size,removed_control_size,n_train,n_test,subject_coverage,row_overlap_with_test
audit_population,arousal,20260813,s0_r0,0.0,0.0,0.008130957294339092,0.0,0.008130957294339092,0.6277010815309156,21,10,10,168,21,1.0,0
audit_population,arousal,20260813,s0_r0,0.25,0.26282450619298403,0.1709691692487431,0.2333333333333334,0.008130957294339092,0.6277010815309156,21,10,10,168,21,1.0,0
audit_population,arousal,20260813,s0_r0,0.5,0.5119550060023789,0.32532298396677023,0.2333333333333334,0.008130957294339092,0.6277010815309156,21,10,10,168,21,1.0,0
audit_population,arousal,20260813,s0_r0,0.75,0.7262040417201814,0.4580652856440159,0.2333333333333334,0.008130957294339092,0.6277010815309156,21,10,10,168,21,1.0,0
audit_population,arousal,20260813,s0_r0,1.0,1.0,0.6277010815309156,0.2333333333333334,0.008130957294339092,0.6277010815309156,21,10,10,168,21,1.0,0
audit_population,arousal,20260813,s0_r1,0.0,0.0,0.004732118781357297,0.0,0.004732118781357297,0.7447215534424859,21,10,10,168,21,1.0,0
audit_population,arousal,20260813,s0_r1,0.25,0.26153683330631705,0.19826661220276068,-0.16826923076923078,0.004732118781357297,0.7447215534424859,21,10,10,168,21,1.0,0
audit_population,arousal,20260813,s0_r1,0.5,0.4707084253469469,0.35305138034407463,0.13461538461538458,0.004732118781357297,0.7447215534424859,21,10,10,168,21,1.0,0
audit_population,arousal,20260813,s0_r1,0.75,0.7457927813561762,0.5566108974314649,0.16826923076923084,0.004732118781357297,0.7447215534424859,21,10,10,168,21,1.0,0
audit_population,arousal,20260813,s0_r1,1.0,1.0,0.7447215534424859,0.13461538461538458,0.004732118781357297,0.7447215534424859,21,10,10,168,21,1.0,0
audit_population,arousal,20260813,s1_r0,0.0,0.0,0.008130957294339092,0.0,0.008130957294339092,0.778979417334536,21,10,10,168,21,1.0,0
audit_population,arousal,20260813,s1_r0,0.25,0.2230879634123706,0.18009797034426878,-0.23333333333333334,0.008130957294339092,0.778979417334536,21,10,10,168,21,1.0,0
audit_population,arousal,20260813,s1_r0,0.5,0.5022241199367941,0.39526964674265996,-0.23333333333333334,0.008130957294339092,0.778979417334536,21,10,10,168,21,1.0,0
audit_population,arousal,20260813,s1_r0,0.75,0.7240176086853187,0.5662388159914029,0.1166666666666667,0.008130957294339092,0.778979417334536,21,10,10,168,21,1.0,0
audit_population,arousal,20260813,s1_r0,1.0,1.0,0.778979417334536,0.3500000000000001,0.008130957294339092,0.778979417334536,21,10,10,168,21,1.0,0
audit_population,arousal,20260813,s1_r1,0.0,0.0,0.1304747089888707,0.0,0.1304747089888707,0.8097299078867453,21,10,10,168,21,1.0,0
audit_population,arousal,20260813,s1_r1,0.25,0.20452167596284554,0.26939712067394,0.13461538461538458,0.1304747089888707,0.8097299078867453,21,10,10,168,21,1.0,0
audit_population,arousal,20260813,s1_r1,0.5,0.4900762632397839,0.46336155865093726,0.13461538461538458,0.1304747089888707,0.8097299078867453,21,10,10,168,21,1.0,0
audit_population,arousal,20260813,s1_r1,0.75,0.8660792596706297,0.7187635487777683,0.13461538461538458,0.1304747089888707,0.8097299078867453,21,10,10,168,21,1.0,0
audit_population,arousal,20260813,s1_r1,1.0,1.0,0.8097299078867453,0.13461538461538458,0.1304747089888707,0.8097299078867453,21,10,10,168,21,1.0,0
audit_population,arousal,20260813,s2_r0,0.0,0.0,0.008130957294339092,0.0,0.008130957294339092,0.5544279649488083,21,10,10,168,21,1.0,0
audit_population,arousal,20260813,s2_r0,0.25,0.2523573156396334,0.1459930036879852,0.0,0.008130957294339092,0.5544279649488083,21,10,10,168,21,1.0,0
audit_population,arousal,20260813,s2_r0,0.5,0.4836456262202517,0.2723451156636345,0.09722222222222221,0.008130957294339092,0.5544279649488083,21,10,10,168,21,1.0,0
audit_population,arousal,20260813,s2_r0,0.75,0.7086597290922462,0.39526964674265996,-0.09722222222222221,0.008130957294339092,0.5544279649488083,21,10,10,168,21,1.0,0
audit_population,arousal,20260813,s2_r0,1.0,1.0,0.5544279649488083,-0.09722222222222221,0.008130957294339092,0.5544279649488083,21,10,10,168,21,1.0,0
audit_population,arousal,20260813,s2_r1,0.0,0.0,0.008130957294339092,0.0,0.008130957294339092,0.5471981737706542,21,10,10,168,21,1.0,0
audit_population,arousal,20260813,s2_r1,0.25,0.25574184847448117,0.1459930036879852,0.0,0.008130957294339092,0.5471981737706542,21,10,10,168,21,1.0,0
audit_population,arousal,20260813,s2_r1,0.5,0.49013212136394896,0.2723451156636345,-0.09722222222222221,0.008130957294339092,0.5471981737706542,21,10,10,168,21,1.0,0
audit_population,arousal,20260813,s2_r1,0.75,0.7573153660441081,0.4163748436624781,-0.09722222222222221,0.008130957294339092,0.5471981737706542,21,10,10,168,21,1.0,0
audit_population,arousal,20260813,s2_r1,1.0,1.0,0.5471981737706542,0.0,0.008130957294339092,0.5471981737706542,21,10,10,168,21,1.0,0
audit_population,arousal,20260813,s3_r0,0.0,0.0,0.008130957294339092,0.0,0.008130957294339092,0.5471981737706542,21,10,10,168,21,1.0,0
audit_population,arousal,20260813,s3_r0,0.25,0.24101292013497874,0.13805312128633052,-0.0357142857142857,0.008130957294339092,0.5471981737706542,21,10,10,168,21,1.0,0
audit_population,arousal,20260813,s3_r0,0.5,0.49013212136394896,0.2723451156636345,-0.0357142857142857,0.008130957294339092,0.5471981737706542,21,10,10,168,21,1.0,0
audit_population,arousal,20260813,s3_r0,0.75,0.7181640389465801,0.39526964674265996,-0.1428571428571429,0.008130957294339092,0.5471981737706542,21,10,10,168,21,1.0,0
audit_population,arousal,20260813,s3_r0,1.0,1.0,0.5471981737706542,-0.0357142857142857,0.008130957294339092,0.5471981737706542,21,10,10,168,21,1.0,0
audit_population,arousal,20260813,s3_r1,0.0,0.0,0.004732118781357297,0.0,0.004732118781357297,0.7447215534424859,21,10,10,168,21,1.0,0
audit_population,arousal,20260813,s3_r1,0.25,0.26153683330631705,0.19826661220276068,-0.06730769230769229,0.004732118781357297,0.7447215534424859,21,10,10,168,21,1.0,0
audit_population,arousal,20260813,s3_r1,0.5,0.4707084253469469,0.35305138034407463,-0.06730769230769229,0.004732118781357297,0.7447215534424859,21,10,10,168,21,1.0,0
audit_population,arousal,20260813,s3_r1,0.75,0.6854041512237239,0.5119239491597914,-0.06730769230769229,0.004732118781357297,0.7447215534424859,21,10,10,168,21,1.0,0
audit_population,arousal,20260813,s3_r1,1.0,1.0,0.7447215534424859,-0.06730769230769229,0.004732118781357297,0.7447215534424859,21,10,10,168,21,1.0,0
audit_population,arousal,20260813,s4_r0,0.0,0.0,0.12750048608888725,0.33653846153846156,0.12750048608888725,0.856817212858753,21,10,10,168,21,1.0,0
audit_population,arousal,20260813,s4_r0,0.25,0.22537277233594907,0.29186861871199177,0.33653846153846156,0.12750048608888725,0.856817212858753,21,10,10,168,21,1.0,0
audit_population,arousal,20260813,s4_r0,0.5,0.5061519824227848,0.49664559315755125,0.33653846153846156,0.12750048608888725,0.856817212858753,21,10,10,168,21,1.0,0
audit_population,arousal,20260813,s4_r0,0.75,0.6858482427208413,0.6277010815309156,0.33653846153846156,0.12750048608888725,0.856817212858753,21,10,10,168,21,1.0,0
audit_population,arousal,20260813,s4_r0,1.0,1.0,0.856817212858753,0.16826923076923084,0.12750048608888725,0.856817212858753,21,10,10,168,21,1.0,0
audit_population,arousal,20260813,s4_r1,0.0,0.0,0.0751105862453152,0.33653846153846156,0.0751105862453152,0.8327496873249557,21,10,10,168,21,1.0,0
audit_population,arousal,20260813,s4_r1,0.25,0.24176101931324986,0.2582781875939034,0.33653846153846156,0.0751105862453152,0.8327496873249557,21,10,10,168,21,1.0,0
audit_population,arousal,20260813,s4_r1,0.5,0.5563796883127415,0.49664559315755125,0.33653846153846156,0.0751105862453152,0.8327496873249557,21,10,10,168,21,1.0,0
audit_population,arousal,20260813,s4_r1,0.75,0.7293584696172036,0.6277010815309156,0.33653846153846156,0.0751105862453152,0.8327496873249557,21,10,10,168,21,1.0,0
audit_population,arousal,20260813,s4_r1,1.0,1.0,0.8327496873249557,0.33653846153846156,0.0751105862453152,0.8327496873249557,21,10,10,168,21,1.0,0
audit_population,valence,20260813,s0_r0,0.0,0.0,0.008130957294339092,0.0,0.008130957294339092,0.778979417334536,21,10,10,168,21,1.0,0
audit_population,valence,20260813,s0_r0,0.25,0.21124542681957592,0.1709691692487433,-0.0357142857142857,0.008130957294339092,0.778979417334536,21,10,10,168,21,1.0,0
audit_population,valence,20260813,s0_r0,0.5,0.5022241199367941,0.39526964674265996,-0.0357142857142857,0.008130957294339092,0.778979417334536,21,10,10,168,21,1.0,0
audit_population,valence,20260813,s0_r0,0.75,0.7240176086853187,0.5662388159914029,-0.07142857142857145,0.008130957294339092,0.778979417334536,21,10,10,168,21,1.0,0
audit_population,valence,20260813,s0_r0,1.0,1.0,0.778979417334536,-0.0357142857142857,0.008130957294339092,0.778979417334536,21,10,10,168,21,1.0,0
audit_population,valence,20260813,s0_r1,0.0,0.0,0.004732118781357297,0.0,0.004732118781357297,0.46336155865093726,21,10,10,168,21,1.0,0
audit_population,valence,20260813,s0_r1,0.25,0.24199652806645458,0.11571885089885843,0.0,0.004732118781357297,0.46336155865093726,21,10,10,168,21,1.0,0
audit_population,valence,20260813,s0_r1,0.5,0.5001052363595639,0.23409510320878799,0.0,0.004732118781357297,0.46336155865093726,21,10,10,168,21,1.0,0
audit_population,valence,20260813,s0_r1,0.75,0.7594786363077097,0.35305138034407463,-0.16826923076923078,0.004732118781357297,0.46336155865093726,21,10,10,168,21,1.0,0
audit_population,valence,20260813,s0_r1,1.0,1.0,0.46336155865093726,-0.16826923076923078,0.004732118781357297,0.46336155865093726,21,10,10,168,21,1.0,0
audit_population,valence,20260813,s1_r0,0.0,0.0,0.004732118781357297,0.0,0.004732118781357297,0.6049892084315441,21,10,10,168,21,1.0,0
audit_population,valence,20260813,s1_r0,0.25,0.26778341923291676,0.1654710146666838,0.0,0.004732118781357297,0.6049892084315441,21,10,10,168,21,1.0,0
audit_population,valence,20260813,s1_r0,0.5,0.5493410715447296,0.3344779916121118,-0.03181818181818186,0.004732118781357297,0.6049892084315441,21,10,10,168,21,1.0,0
audit_population,valence,20260813,s1_r0,0.75,0.7640550153882504,0.46336155865093726,-0.03181818181818186,0.004732118781357297,0.6049892084315441,21,10,10,168,21,1.0,0
audit_population,valence,20260813,s1_r0,1.0,1.0,0.6049892084315441,-0.03181818181818186,0.004732118781357297,0.6049892084315441,21,10,10,168,21,1.0,0
audit_population,valence,20260813,s1_r1,0.0,0.0,0.0,0.0,0.0,0.4667534267629658,21,10,10,168,21,1.0,0
audit_population,valence,20260813,s1_r1,0.25,0.2565204609875096,0.11973180420073577,-0.1428571428571429,0.0,0.4667534267629658,21,10,10,168,21,1.0,0
audit_population,valence,20260813,s1_r1,0.5,0.46807306386605785,0.21847470653492304,-0.1428571428571429,0.0,0.4667534267629658,21,10,10,168,21,1.0,0
audit_population,valence,20260813,s1_r1,0.75,0.7229029010467422,0.3374174062804561,-0.1428571428571429,0.0,0.4667534267629658,21,10,10,168,21,1.0,0
audit_population,valence,20260813,s1_r1,1.0,1.0,0.4667534267629658,-0.1428571428571429,0.0,0.4667534267629658,21,10,10,168,21,1.0,0
audit_population,valence,20260813,s2_r0,0.0,0.0,0.008130957294339092,0.0,0.008130957294339092,0.778979417334536,21,10,10,168,21,1.0,0
audit_population,valence,20260813,s2_r0,0.25,0.2230879634123706,0.18009797034426878,0.2333333333333334,0.008130957294339092,0.778979417334536,21,10,10,168,21,1.0,0
audit_population,valence,20260813,s2_r0,0.5,0.5022241199367941,0.39526964674265996,0.2333333333333334,0.008130957294339092,0.778979417334536,21,10,10,168,21,1.0,0
audit_population,valence,20260813,s2_r0,0.75,0.7086957242231265,0.5544279649488083,0.0,0.008130957294339092,0.778979417334536,21,10,10,168,21,1.0,0
audit_population,valence,20260813,s2_r0,1.0,1.0,0.778979417334536,0.2333333333333334,0.008130957294339092,0.778979417334536,21,10,10,168,21,1.0,0
audit_population,valence,20260813,s2_r1,0.0,0.0,0.10168038732941725,0.0,0.10168038732941725,0.7447215534424859,21,10,10,168,21,1.0,0
audit_population,valence,20260813,s2_r1,0.25,0.24379409092341373,0.2584500238482847,0.0,0.10168038732941725,0.7447215534424859,21,10,10,168,21,1.0,0
audit_population,valence,20260813,s2_r1,0.5,0.509472006991085,0.42929186080693,0.23557692307692313,0.10168038732941725,0.7447215534424859,21,10,10,168,21,1.0,0
audit_population,valence,20260813,s2_r1,0.75,0.7074671639638935,0.5566108974314649,0.06730769230769229,0.10168038732941725,0.7447215534424859,21,10,10,168,21,1.0,0
audit_population,valence,20260813,s2_r1,1.0,1.0,0.7447215534424859,0.23557692307692313,0.10168038732941725,0.7447215534424859,21,10,10,168,21,1.0,0
audit_population,valence,20260813,s3_r0,0.0,0.0,0.11054812497152393,0.0,0.11054812497152393,0.5125747946272152,21,10,10,168,21,1.0,0
audit_population,valence,20260813,s3_r0,0.25,0.2706052078205984,0.21933863546312532,0.0,0.11054812497152393,0.5125747946272152,21,10,10,168,21,1.0,0
audit_population,valence,20260813,s3_r0,0.5,0.4523255664421185,0.29239506604837295,0.0,0.11054812497152393,0.5125747946272152,21,10,10,168,21,1.0,0
audit_population,valence,20260813,s3_r0,0.75,1.0,0.5125747946272152,-0.33653846153846156,0.11054812497152393,0.5125747946272152,21,10,10,168,21,1.0,0
audit_population,valence,20260813,s3_r0,1.0,1.0,0.5125747946272152,-0.33653846153846156,0.11054812497152393,0.5125747946272152,21,10,10,168,21,1.0,0
audit_population,valence,20260813,s3_r1,0.0,0.0,0.0751105862453152,-0.3888888888888889,0.0751105862453152,0.8327496873249557,21,10,10,168,21,1.0,0
audit_population,valence,20260813,s3_r1,0.25,0.24176101931324986,0.2582781875939034,-0.3888888888888889,0.0751105862453152,0.8327496873249557,21,10,10,168,21,1.0,0
audit_population,valence,20260813,s3_r1,0.5,0.5563796883127416,0.4966455931575513,-0.3888888888888889,0.0751105862453152,0.8327496873249557,21,10,10,168,21,1.0,0
audit_population,valence,20260813,s3_r1,0.75,0.7293584696172037,0.6277010815309157,-0.19444444444444442,0.0751105862453152,0.8327496873249557,21,10,10,168,21,1.0,0
audit_population,valence,20260813,s3_r1,1.0,1.0,0.8327496873249557,-0.3888888888888889,0.0751105862453152,0.8327496873249557,21,10,10,168,21,1.0,0
audit_population,valence,20260813,s4_r0,0.0,0.0,0.004732118781357297,0.0,0.004732118781357297,0.7187635487777683,21,10,10,168,21,1.0,0
audit_population,valence,20260813,s4_r0,0.25,0.23798310276057802,0.17465953396047565,-0.06730769230769229,0.004732118781357297,0.7187635487777683,21,10,10,168,21,1.0,0
audit_population,valence,20260813,s4_r0,0.5,0.48782062935866577,0.35305138034407463,-0.06730769230769229,0.004732118781357297,0.7187635487777683,21,10,10,168,21,1.0,0
audit_population,valence,20260813,s4_r0,0.75,0.7103214355437877,0.5119239491597914,-0.06730769230769229,0.004732118781357297,0.7187635487777683,21,10,10,168,21,1.0,0
audit_population,valence,20260813,s4_r0,1.0,1.0,0.7187635487777683,-0.06730769230769229,0.004732118781357297,0.7187635487777683,21,10,10,168,21,1.0,0
audit_population,valence,20260813,s4_r1,0.0,0.0,0.008130957294339092,0.0,0.008130957294339092,0.5086266511786681,21,10,10,168,21,1.0,0
audit_population,valence,20260813,s4_r1,0.25,0.25778482859230123,0.13715115395349572,0.0,0.008130957294339092,0.5086266511786681,21,10,10,168,21,1.0,0
audit_population,valence,20260813,s4_r1,0.5,0.499798966017431,0.2582781875939034,-0.1428571428571429,0.008130957294339092,0.5086266511786681,21,10,10,168,21,1.0,0
audit_population,valence,20260813,s4_r1,0.75,0.7735105300182534,0.39526964674265996,-0.1428571428571429,0.008130957294339092,0.5086266511786681,21,10,10,168,21,1.0,0
audit_population,valence,20260813,s4_r1,1.0,1.0,0.5086266511786681,-0.1428571428571429,0.008130957294339092,0.5086266511786681,21,10,10,168,21,1.0,0
audit_population,arousal,20260829,s0_r0,0.0,0.0,0.004732118781357297,0.0,0.004732118781357297,0.7447215534424859,21,10,10,168,21,1.0,0
audit_population,arousal,20260829,s0_r0,0.25,0.26153683330631705,0.19826661220276068,0.06363636363636371,0.004732118781357297,0.7447215534424859,21,10,10,168,21,1.0,0
audit_population,arousal,20260829,s0_r0,0.5,0.4707084253469469,0.35305138034407463,0.06363636363636371,0.004732118781357297,0.7447215534424859,21,10,10,168,21,1.0,0
audit_population,arousal,20260829,s0_r0,0.75,0.811169810721783,0.6049892084315441,0.06363636363636371,0.004732118781357297,0.7447215534424859,21,10,10,168,21,1.0,0
audit_population,arousal,20260829,s0_r0,1.0,1.0,0.7447215534424859,0.06363636363636371,0.004732118781357297,0.7447215534424859,21,10,10,168,21,1.0,0
audit_population,arousal,20260829,s0_r1,0.0,0.0,0.0,0.0,0.0,0.8471115865425767,21,10,10,168,21,1.0,0
audit_population,arousal,20260829,s0_r1,0.25,0.24797360596971765,0.21006131477369128,-0.1428571428571429,0.0,0.8471115865425767,21,10,10,168,21,1.0,0
audit_population,arousal,20260829,s0_r1,0.5,0.4887493052628804,0.41402519940282073,-0.1428571428571429,0.0,0.8471115865425767,21,10,10,168,21,1.0,0
audit_population,arousal,20260829,s0_r1,0.75,0.7489393697560215,0.6344352177382209,0.2857142857142857,0.0,0.8471115865425767,21,10,10,168,21,1.0,0
audit_population,arousal,20260829,s0_r1,1.0,1.0,0.8471115865425767,0.1428571428571428,0.0,0.8471115865425767,21,10,10,168,21,1.0,0
audit_population,arousal,20260829,s1_r0,0.0,0.0,0.008130957294339092,0.0,0.008130957294339092,0.5471981737706542,21,10,10,168,21,1.0,0
audit_population,arousal,20260829,s1_r0,0.25,0.25574184847448117,0.1459930036879852,0.0,0.008130957294339092,0.5471981737706542,21,10,10,168,21,1.0,0
audit_population,arousal,20260829,s1_r0,0.5,0.49013212136394896,0.2723451156636345,0.0,0.008130957294339092,0.5471981737706542,21,10,10,168,21,1.0,0
audit_population,arousal,20260829,s1_r0,0.75,0.7181640389465801,0.39526964674265996,0.0,0.008130957294339092,0.5471981737706542,21,10,10,168,21,1.0,0
audit_population,arousal,20260829,s1_r0,1.0,1.0,0.5471981737706542,0.0,0.008130957294339092,0.5471981737706542,21,10,10,168,21,1.0,0
audit_population,arousal,20260829,s1_r1,0.0,0.0,0.06360057523829889,0.0,0.06360057523829889,0.7447215534424859,21,10,10,168,21,1.0,0
audit_population,arousal,20260829,s1_r1,0.25,0.2503146040517021,0.23409510320878799,0.0,0.06360057523829889,0.7447215534424859,21,10,10,168,21,1.0,0
audit_population,arousal,20260829,s1_r1,0.5,0.536896230289069,0.42929186080693,0.13461538461538458,0.06360057523829889,0.7447215534424859,21,10,10,168,21,1.0,0
audit_population,arousal,20260829,s1_r1,0.75,0.7238219611044941,0.556610897431465,0.06730769230769229,0.06360057523829889,0.7447215534424859,21,10,10,168,21,1.0,0
audit_population,arousal,20260829,s1_r1,1.0,1.0,0.7447215534424859,-0.06730769230769229,0.06360057523829889,0.7447215534424859,21,10,10,168,21,1.0,0
audit_population,arousal,20260829,s2_r0,0.0,0.0,0.03500209820680635,0.0,0.03500209820680635,0.6540971147061199,21,10,10,168,21,1.0,0
audit_population,arousal,20260829,s2_r0,0.25,0.22768721630869945,0.1759621191441234,0.0,0.03500209820680635,0.6540971147061199,21,10,10,168,21,1.0,0
audit_population,arousal,20260829,s2_r0,0.5,0.5033101201971893,0.34659888537455674,-0.21875,0.03500209820680635,0.6540971147061199,21,10,10,168,21,1.0,0
audit_population,arousal,20260829,s2_r0,0.75,0.5968238338493609,0.40449275947096,0.30625,0.03500209820680635,0.6540971147061199,21,10,10,168,21,1.0,0
audit_population,arousal,20260829,s2_r0,1.0,1.0,0.6540971147061199,-0.21875,0.03500209820680635,0.6540971147061199,21,10,10,168,21,1.0,0
audit_population,arousal,20260829,s2_r1,0.0,0.0,0.03500209820680635,0.0,0.03500209820680635,0.6898900529340525,21,10,10,168,21,1.0,0
audit_population,arousal,20260829,s2_r1,0.25,0.27368658480572317,0.2142361459665114,0.0,0.03500209820680635,0.6898900529340525,21,10,10,168,21,1.0,0
audit_population,arousal,20260829,s2_r1,0.5,0.4758016770937971,0.34659888537455674,0.043749999999999956,0.03500209820680635,0.6898900529340525,21,10,10,168,21,1.0,0
audit_population,arousal,20260829,s2_r1,0.75,0.6223796421889803,0.4425910291438229,0.043749999999999956,0.03500209820680635,0.6898900529340525,21,10,10,168,21,1.0,0
audit_population,arousal,20260829,s2_r1,1.0,1.0,0.6898900529340525,0.043749999999999956,0.03500209820680635,0.6898900529340525,21,10,10,168,21,1.0,0
audit_population,arousal,20260829,s3_r0,0.0,0.0,0.03500209820680635,0.0,0.03500209820680635,0.6434709124204981,21,10,10,168,21,1.0,0
audit_population,arousal,20260829,s3_r0,0.25,0.23166350952509532,0.1759621191441234,0.0,0.03500209820680635,0.6434709124204981,21,10,10,168,21,1.0,0
audit_population,arousal,20260829,s3_r0,0.5,0.5120998478293727,0.34659888537455674,0.19444444444444442,0.03500209820680635,0.6434709124204981,21,10,10,168,21,1.0,0
audit_population,arousal,20260829,s3_r0,0.75,0.6072466700559447,0.40449275947096,0.19444444444444442,0.03500209820680635,0.6434709124204981,21,10,10,168,21,1.0,0
audit_population,arousal,20260829,s3_r0,1.0,1.0,0.6434709124204981,0.19444444444444442,0.03500209820680635,0.6434709124204981,21,10,10,168,21,1.0,0
audit_population,arousal,20260829,s3_r1,0.0,0.0,0.008130957294339092,0.0,0.008130957294339092,0.778979417334536,21,10,10,168,21,1.0,0
audit_population,arousal,20260829,s3_r1,0.25,0.2230879634123706,0.18009797034426878,-0.08750000000000002,0.008130957294339092,0.778979417334536,21,10,10,168,21,1.0,0
audit_population,arousal,20260829,s3_r1,0.5,0.5022241199367941,0.39526964674265996,0.17500000000000004,0.008130957294339092,0.778979417334536,21,10,10,168,21,1.0,0
audit_population,arousal,20260829,s3_r1,0.75,0.7240176086853187,0.5662388159914029,0.08750000000000002,0.008130957294339092,0.778979417334536,21,10,10,168,21,1.0,0
audit_population,arousal,20260829,s3_r1,1.0,1.0,0.778979417334536,0.17500000000000004,0.008130957294339092,0.778979417334536,21,10,10,168,21,1.0,0
audit_population,arousal,20260829,s4_r0,0.0,0.0,0.07330911319957338,0.09722222222222221,0.07330911319957338,0.778979417334536,21,10,10,168,21,1.0,0
audit_population,arousal,20260829,s4_r0,0.25,0.2621182630337153,0.2582781875939034,0.09722222222222221,0.07330911319957338,0.778979417334536,21,10,10,168,21,1.0,0
audit_population,arousal,20260829,s4_r0,0.5,0.48615582723641415,0.4163748436624781,0.19444444444444442,0.07330911319957338,0.778979417334536,21,10,10,168,21,1.0,0
audit_population,arousal,20260829,s4_r0,0.75,0.7856246253849904,0.6277010815309156,0.19444444444444442,0.07330911319957338,0.778979417334536,21,10,10,168,21,1.0,0
audit_population,arousal,20260829,s4_r0,1.0,1.0,0.778979417334536,0.09722222222222221,0.07330911319957338,0.778979417334536,21,10,10,168,21,1.0,0
audit_population,arousal,20260829,s4_r1,0.0,0.0,0.008130957294339092,0.0,0.008130957294339092,0.778979417334536,21,10,10,168,21,1.0,0
audit_population,arousal,20260829,s4_r1,0.25,0.2230879634123706,0.18009797034426878,0.26923076923076916,0.008130957294339092,0.778979417334536,21,10,10,168,21,1.0,0
audit_population,arousal,20260829,s4_r1,0.5,0.5022241199367941,0.39526964674265996,0.26923076923076916,0.008130957294339092,0.778979417334536,21,10,10,168,21,1.0,0
audit_population,arousal,20260829,s4_r1,0.75,0.699316719719729,0.5471981737706542,0.26923076923076916,0.008130957294339092,0.778979417334536,21,10,10,168,21,1.0,0
audit_population,arousal,20260829,s4_r1,1.0,1.0,0.778979417334536,0.26923076923076916,0.008130957294339092,0.778979417334536,21,10,10,168,21,1.0,0
audit_population,valence,20260829,s0_r0,0.0,0.0,0.004732118781357297,0.0,0.004732118781357297,0.5119239491597914,21,10,10,168,21,1.0,0
audit_population,valence,20260829,s0_r0,0.25,0.24791919482159702,0.1304747089888707,0.0,0.004732118781357297,0.5119239491597914,21,10,10,168,21,1.0,0
audit_population,valence,20260829,s0_r0,0.5,0.5218242606453392,0.26939712067394,0.13461538461538458,0.004732118781357297,0.5119239491597914,21,10,10,168,21,1.0,0
audit_population,valence,20260829,s0_r0,0.75,0.6867603945884218,0.35305138034407463,0.13461538461538458,0.004732118781357297,0.5119239491597914,21,10,10,168,21,1.0,0
audit_population,valence,20260829,s0_r0,1.0,1.0,0.5119239491597914,0.13461538461538458,0.004732118781357297,0.5119239491597914,21,10,10,168,21,1.0,0
audit_population,valence,20260829,s0_r1,0.0,0.0,0.07330911319957338,0.0,0.07330911319957338,0.856817212858753,21,10,10,168,21,1.0,0
audit_population,valence,20260829,s0_r1,0.25,0.2360780628493697,0.2582781875939034,0.0,0.07330911319957338,0.856817212858753,21,10,10,168,21,1.0,0
audit_population,valence,20260829,s0_r1,0.5,0.49106853217191837,0.4580652856440159,0.0,0.07330911319957338,0.856817212858753,21,10,10,168,21,1.0,0
audit_population,valence,20260829,s0_r1,0.75,0.7075765631172145,0.6277010815309156,0.0,0.07330911319957338,0.856817212858753,21,10,10,168,21,1.0,0
audit_population,valence,20260829,s0_r1,1.0,1.0,0.856817212858753,0.0,0.07330911319957338,0.856817212858753,21,10,10,168,21,1.0,0
audit_population,valence,20260829,s1_r0,0.0,0.0,0.008130957294339092,0.0,0.008130957294339092,0.778979417334536,21,10,10,168,21,1.0,0
audit_population,valence,20260829,s1_r0,0.25,0.2230879634123706,0.18009797034426878,0.06363636363636371,0.008130957294339092,0.778979417334536,21,10,10,168,21,1.0,0
audit_population,valence,20260829,s1_r0,0.5,0.5022241199367941,0.39526964674265996,0.06363636363636371,0.008130957294339092,0.778979417334536,21,10,10,168,21,1.0,0
audit_population,valence,20260829,s1_r0,0.75,0.699316719719729,0.5471981737706542,0.06363636363636371,0.008130957294339092,0.778979417334536,21,10,10,168,21,1.0,0
audit_population,valence,20260829,s1_r0,1.0,1.0,0.778979417334536,0.06363636363636371,0.008130957294339092,0.778979417334536,21,10,10,168,21,1.0,0
audit_population,valence,20260829,s1_r1,0.0,0.0,0.0,0.0,0.0,0.804675066467607,21,10,10,168,21,1.0,0
audit_population,valence,20260829,s1_r1,0.25,0.23903595255631915,0.19234627101140386,0.23557692307692313,0.0,0.804675066467607,21,10,10,168,21,1.0,0
audit_population,valence,20260829,s1_r1,0.5,0.5145247027726659,0.41402519940282073,0.23557692307692313,0.0,0.804675066467607,21,10,10,168,21,1.0,0
audit_population,valence,20260829,s1_r1,0.75,0.7004237334566658,0.5636135142747319,0.06730769230769229,0.0,0.804675066467607,21,10,10,168,21,1.0,0
audit_population,valence,20260829,s1_r1,1.0,1.0,0.804675066467607,0.06730769230769229,0.0,0.804675066467607,21,10,10,168,21,1.0,0
audit_population,valence,20260829,s2_r0,0.0,0.0,0.004732118781357297,0.0,0.004732118781357297,0.46336155865093726,21,10,10,168,21,1.0,0
audit_population,valence,20260829,s2_r0,0.25,0.24199652806645458,0.11571885089885843,0.0,0.004732118781357297,0.46336155865093726,21,10,10,168,21,1.0,0
audit_population,valence,20260829,s2_r0,0.5,0.5001052363595639,0.23409510320878799,0.0,0.004732118781357297,0.46336155865093726,21,10,10,168,21,1.0,0
audit_population,valence,20260829,s2_r0,0.75,0.7594786363077097,0.35305138034407463,0.0714285714285714,0.004732118781357297,0.46336155865093726,21,10,10,168,21,1.0,0
audit_population,valence,20260829,s2_r0,1.0,1.0,0.46336155865093726,0.0714285714285714,0.004732118781357297,0.46336155865093726,21,10,10,168,21,1.0,0
audit_population,valence,20260829,s2_r1,0.0,0.0,0.004732118781357297,0.0,0.004732118781357297,0.7447215534424859,21,10,10,168,21,1.0,0
audit_population,valence,20260829,s2_r1,0.25,0.261536833306317,0.19826661220276065,-0.0357142857142857,0.004732118781357297,0.7447215534424859,21,10,10,168,21,1.0,0
audit_population,valence,20260829,s2_r1,0.5,0.4707084253469469,0.35305138034407463,-0.0357142857142857,0.004732118781357297,0.7447215534424859,21,10,10,168,21,1.0,0
audit_population,valence,20260829,s2_r1,0.75,0.811169810721783,0.6049892084315441,-0.0357142857142857,0.004732118781357297,0.7447215534424859,21,10,10,168,21,1.0,0
audit_population,valence,20260829,s2_r1,1.0,1.0,0.7447215534424859,-0.0357142857142857,0.004732118781357297,0.7447215534424859,21,10,10,168,21,1.0,0
audit_population,valence,20260829,s3_r0,0.0,0.0,0.008130957294339092,0.0,0.008130957294339092,0.5086266511786681,21,10,10,168,21,1.0,0
audit_population,valence,20260829,s3_r0,0.25,0.25778482859230123,0.13715115395349572,0.0,0.008130957294339092,0.5086266511786681,21,10,10,168,21,1.0,0
audit_population,valence,20260829,s3_r0,0.5,0.499798966017431,0.2582781875939034,-0.09722222222222221,0.008130957294339092,0.5086266511786681,21,10,10,168,21,1.0,0
audit_population,valence,20260829,s3_r0,0.75,0.7735105300182534,0.39526964674265996,-0.09722222222222221,0.008130957294339092,0.5086266511786681,21,10,10,168,21,1.0,0
audit_population,valence,20260829,s3_r0,1.0,1.0,0.5086266511786681,-0.09722222222222221,0.008130957294339092,0.5086266511786681,21,10,10,168,21,1.0,0
audit_population,valence,20260829,s3_r1,0.0,0.0,0.008130957294339092,0.0,0.008130957294339092,0.5662388159914029,21,10,10,168,21,1.0,0
audit_population,valence,20260829,s3_r1,0.25,0.24701685211079683,0.1459930036879852,0.0,0.008130957294339092,0.5662388159914029,21,10,10,168,21,1.0,0
audit_population,valence,20260829,s3_r1,0.5,0.5083921629056706,0.29186861871199177,-0.06730769230769229,0.008130957294339092,0.5662388159914029,21,10,10,168,21,1.0,0
audit_population,valence,20260829,s3_r1,0.75,0.8061780914536402,0.4580652856440159,-0.06730769230769229,0.008130957294339092,0.5662388159914029,21,10,10,168,21,1.0,0
audit_population,valence,20260829,s3_r1,1.0,1.0,0.5662388159914029,-0.033653846153846145,0.008130957294339092,0.5662388159914029,21,10,10,168,21,1.0,0
audit_population,valence,20260829,s4_r0,0.0,0.0,0.03500209820680635,0.0,0.03500209820680635,0.40449275947096,21,10,10,168,21,1.0,0
audit_population,valence,20260829,s4_r0,0.25,0.24644297500095982,0.12606047600381629,0.0,0.03500209820680635,0.40449275947096,21,10,10,168,21,1.0,0
audit_population,valence,20260829,s4_r0,0.5,0.5095724944958593,0.2232843761601057,0.0,0.03500209820680635,0.40449275947096,21,10,10,168,21,1.0,0
audit_population,valence,20260829,s4_r0,0.75,0.7418708068397095,0.3091164331985818,0.0,0.03500209820680635,0.40449275947096,21,10,10,168,21,1.0,0
audit_population,valence,20260829,s4_r0,1.0,1.0,0.40449275947096,-0.09722222222222221,0.03500209820680635,0.40449275947096,21,10,10,168,21,1.0,0
audit_population,valence,20260829,s4_r1,0.0,0.0,0.008130957294339092,0.0,0.008130957294339092,0.5662388159914029,21,10,10,168,21,1.0,0
audit_population,valence,20260829,s4_r1,0.25,0.24701685211079683,0.1459930036879852,0.0,0.008130957294339092,0.5662388159914029,21,10,10,168,21,1.0,0
audit_population,valence,20260829,s4_r1,0.5,0.5083921629056706,0.29186861871199177,0.043749999999999956,0.008130957294339092,0.5662388159914029,21,10,10,168,21,1.0,0
audit_population,valence,20260829,s4_r1,0.75,0.8061780914536402,0.4580652856440159,0.043749999999999956,0.008130957294339092,0.5662388159914029,21,10,10,168,21,1.0,0
audit_population,valence,20260829,s4_r1,1.0,1.0,0.5662388159914029,-0.04375000000000001,0.008130957294339092,0.5662388159914029,21,10,10,168,21,1.0,0
audit_population,arousal,20260911,s0_r0,0.0,0.0,0.03500209820680635,0.0,0.03500209820680635,0.6898900529340525,21,10,10,168,21,1.0,0
audit_population,arousal,20260911,s0_r0,0.25,0.27368658480572317,0.2142361459665114,0.0,0.03500209820680635,0.6898900529340525,21,10,10,168,21,1.0,0
audit_population,arousal,20260911,s0_r0,0.5,0.4758016770937971,0.34659888537455674,0.2333333333333334,0.03500209820680635,0.6898900529340525,21,10,10,168,21,1.0,0
audit_population,arousal,20260911,s0_r0,0.75,0.6223796421889803,0.4425910291438229,-0.1166666666666667,0.03500209820680635,0.6898900529340525,21,10,10,168,21,1.0,0
audit_population,arousal,20260911,s0_r0,1.0,1.0,0.6898900529340525,0.2333333333333334,0.03500209820680635,0.6898900529340525,21,10,10,168,21,1.0,0
audit_population,arousal,20260911,s0_r1,0.0,0.0,0.004732118781357297,0.0,0.004732118781357297,0.7187635487777683,21,10,10,168,21,1.0,0
audit_population,arousal,20260911,s0_r1,0.25,0.23798310276057802,0.17465953396047565,0.30625,0.004732118781357297,0.7187635487777683,21,10,10,168,21,1.0,0
audit_population,arousal,20260911,s0_r1,0.5,0.48782062935866577,0.35305138034407463,0.30625,0.004732118781357297,0.7187635487777683,21,10,10,168,21,1.0,0
audit_population,arousal,20260911,s0_r1,0.75,0.7729054429058979,0.556610897431465,0.08750000000000002,0.004732118781357297,0.7187635487777683,21,10,10,168,21,1.0,0
audit_population,arousal,20260911,s0_r1,1.0,1.0,0.7187635487777683,0.30625,0.004732118781357297,0.7187635487777683,21,10,10,168,21,1.0,0
audit_population,arousal,20260911,s1_r0,0.0,0.0,0.008130957294339092,0.0,0.008130957294339092,0.7639562062373306,21,10,10,168,21,1.0,0
audit_population,arousal,20260911,s1_r0,0.25,0.22752218623342174,0.18009797034426878,-0.23333333333333334,0.008130957294339092,0.7639562062373306,21,10,10,168,21,1.0,0
audit_population,arousal,20260911,s1_r0,0.5,0.512206611236827,0.39526964674265996,0.2333333333333334,0.008130957294339092,0.7639562062373306,21,10,10,168,21,1.0,0
audit_population,arousal,20260911,s1_r0,0.75,0.7384085930941947,0.5662388159914029,0.0,0.008130957294339092,0.7639562062373306,21,10,10,168,21,1.0,0
audit_population,arousal,20260911,s1_r0,1.0,1.0,0.7639562062373306,0.2333333333333334,0.008130957294339092,0.7639562062373306,21,10,10,168,21,1.0,0
audit_population,arousal,20260911,s1_r1,0.0,0.0,0.050372876520904365,0.0,0.050372876520904365,0.8097299078867453,21,10,10,168,21,1.0,0
audit_population,arousal,20260911,s1_r1,0.25,0.24194445971933123,0.23409510320878799,0.0,0.050372876520904365,0.8097299078867453,21,10,10,168,21,1.0,0
audit_population,arousal,20260911,s1_r1,0.5,0.49899977037740906,0.42929186080693,0.19444444444444442,0.050372876520904365,0.8097299078867453,21,10,10,168,21,1.0,0
audit_population,arousal,20260911,s1_r1,0.75,0.7303762380563752,0.6049892084315441,0.19444444444444442,0.050372876520904365,0.8097299078867453,21,10,10,168,21,1.0,0
audit_population,arousal,20260911,s1_r1,1.0,1.0,0.8097299078867453,0.19444444444444442,0.050372876520904365,0.8097299078867453,21,10,10,168,21,1.0,0
audit_population,arousal,20260911,s2_r0,0.0,0.0,0.3374174062804561,0.15909090909090917,0.3374174062804561,0.8471115865425767,21,10,10,168,21,1.0,0
audit_population,arousal,20260911,s2_r0,0.25,0.2537522017928398,0.4667534267629658,0.15909090909090917,0.3374174062804561,0.8471115865425767,21,10,10,168,21,1.0,0
audit_population,arousal,20260911,s2_r0,0.5,0.44378789625957665,0.563613514274732,0.12727272727272732,0.3374174062804561,0.8471115865425767,21,10,10,168,21,1.0,0
audit_population,arousal,20260911,s2_r0,0.75,0.916741211262907,0.804675066467607,0.15909090909090917,0.3374174062804561,0.8471115865425767,21,10,10,168,21,1.0,0
audit_population,arousal,20260911,s2_r0,1.0,1.0,0.8471115865425767,0.15909090909090917,0.3374174062804561,0.8471115865425767,21,10,10,168,21,1.0,0
audit_population,arousal,20260911,s2_r1,0.0,0.0,0.0,0.0,0.0,0.563613514274732,21,10,10,168,21,1.0,0
audit_population,arousal,20260911,s2_r1,0.25,0.2682640455211271,0.15119724144971913,0.35,0.0,0.563613514274732,21,10,10,168,21,1.0,0
audit_population,arousal,20260911,s2_r1,0.5,0.5190389545280368,0.29253736920702966,0.35,0.0,0.563613514274732,21,10,10,168,21,1.0,0
audit_population,arousal,20260911,s2_r1,0.75,0.734590617358769,0.41402519940282073,0.35,0.0,0.563613514274732,21,10,10,168,21,1.0,0
audit_population,arousal,20260911,s2_r1,1.0,1.0,0.563613514274732,0.3181818181818181,0.0,0.563613514274732,21,10,10,168,21,1.0,0
audit_population,arousal,20260911,s3_r0,0.0,0.0,0.0,0.0,0.0,0.5356923154040335,21,10,10,168,21,1.0,0
audit_population,arousal,20260911,s3_r0,0.25,0.22350853420480904,0.11973180420073577,0.0,0.0,0.5356923154040335,21,10,10,168,21,1.0,0
audit_population,arousal,20260911,s3_r0,0.5,0.49737043506332784,0.2664375199725856,0.1166666666666667,0.0,0.5356923154040335,21,10,10,168,21,1.0,0
audit_population,arousal,20260911,s3_r0,0.75,0.772878735605068,0.41402519940282073,0.0,0.0,0.5356923154040335,21,10,10,168,21,1.0,0
audit_population,arousal,20260911,s3_r0,1.0,1.0,0.5356923154040335,0.0,0.0,0.5356923154040335,21,10,10,168,21,1.0,0
audit_population,arousal,20260911,s3_r1,0.0,0.0,0.004732118781357297,0.0,0.004732118781357297,0.7187635487777683,21,10,10,168,21,1.0,0
audit_population,arousal,20260911,s3_r1,0.25,0.23798310276057802,0.17465953396047565,-0.03181818181818186,0.004732118781357297,0.7187635487777683,21,10,10,168,21,1.0,0
audit_population,arousal,20260911,s3_r1,0.5,0.47362740521759117,0.34291697221436357,-0.03181818181818186,0.004732118781357297,0.7187635487777683,21,10,10,168,21,1.0,0
audit_population,arousal,20260911,s3_r1,0.75,0.6423098768521789,0.46336155865093726,-0.03181818181818186,0.004732118781357297,0.7187635487777683,21,10,10,168,21,1.0,0
audit_population,arousal,20260911,s3_r1,1.0,1.0,0.7187635487777683,-0.03181818181818186,0.004732118781357297,0.7187635487777683,21,10,10,168,21,1.0,0
audit_population,arousal,20260911,s4_r0,0.0,0.0,0.008130957294339092,0.0,0.008130957294339092,0.6277010815309156,21,10,10,168,21,1.0,0
audit_population,arousal,20260911,s4_r0,0.25,0.26282450619298403,0.1709691692487431,0.0,0.008130957294339092,0.6277010815309156,21,10,10,168,21,1.0,0
audit_population,arousal,20260911,s4_r0,0.5,0.5119550060023789,0.32532298396677023,0.0,0.008130957294339092,0.6277010815309156,21,10,10,168,21,1.0,0
audit_population,arousal,20260911,s4_r0,0.75,0.7262040417201814,0.4580652856440159,0.0,0.008130957294339092,0.6277010815309156,21,10,10,168,21,1.0,0
audit_population,arousal,20260911,s4_r0,1.0,1.0,0.6277010815309156,0.0,0.008130957294339092,0.6277010815309156,21,10,10,168,21,1.0,0
audit_population,arousal,20260911,s4_r1,0.0,0.0,0.004732118781357297,0.0,0.004732118781357297,0.46336155865093726,21,10,10,168,21,1.0,0
audit_population,arousal,20260911,s4_r1,0.25,0.24199652806645458,0.11571885089885843,0.0,0.004732118781357297,0.46336155865093726,21,10,10,168,21,1.0,0
audit_population,arousal,20260911,s4_r1,0.5,0.5001052363595639,0.23409510320878799,0.0,0.004732118781357297,0.46336155865093726,21,10,10,168,21,1.0,0
audit_population,arousal,20260911,s4_r1,0.75,0.7373814762723815,0.34291697221436357,0.09722222222222221,0.004732118781357297,0.46336155865093726,21,10,10,168,21,1.0,0
audit_population,arousal,20260911,s4_r1,1.0,1.0,0.46336155865093726,0.09722222222222221,0.004732118781357297,0.46336155865093726,21,10,10,168,21,1.0,0
audit_population,valence,20260911,s0_r0,0.0,0.0,0.0,0.0,0.0,0.3532812843049252,21,10,10,168,21,1.0,0
audit_population,valence,20260911,s0_r0,0.25,0.27417271113678426,0.09686008751176642,-0.033653846153846145,0.0,0.3532812843049252,21,10,10,168,21,1.0,0
audit_population,valence,20260911,s0_r0,0.5,0.45562163855537163,0.16096259762595613,-0.033653846153846145,0.0,0.3532812843049252,21,10,10,168,21,1.0,0
audit_population,valence,20260911,s0_r0,0.75,0.7541795498643432,0.2664375199725856,-0.033653846153846145,0.0,0.3532812843049252,21,10,10,168,21,1.0,0
audit_population,valence,20260911,s0_r0,1.0,1.0,0.3532812843049252,-0.06730769230769229,0.0,0.3532812843049252,21,10,10,168,21,1.0,0
audit_population,valence,20260911,s0_r1,0.0,0.0,0.008130957294339092,0.0,0.008130957294339092,0.4580652856440159,21,10,10,168,21,1.0,0
audit_population,valence,20260911,s0_r1,0.25,0.2653043372626981,0.12750048608888728,-0.03181818181818186,0.008130957294339092,0.4580652856440159,21,10,10,168,21,1.0,0
audit_population,valence,20260911,s0_r1,0.5,0.498610894947621,0.2324731154204282,0.06363636363636371,0.008130957294339092,0.4580652856440159,21,10,10,168,21,1.0,0
audit_population,valence,20260911,s0_r1,0.75,0.7779819348493417,0.3581717366189597,-0.03181818181818186,0.008130957294339092,0.4580652856440159,21,10,10,168,21,1.0,0
audit_population,valence,20260911,s0_r1,1.0,1.0,0.4580652856440159,-0.03181818181818186,0.008130957294339092,0.4580652856440159,21,10,10,168,21,1.0,0
audit_population,valence,20260911,s1_r0,0.0,0.0,0.008130957294339092,0.0,0.008130957294339092,0.5662388159914029,21,10,10,168,21,1.0,0
audit_population,valence,20260911,s1_r0,0.25,0.24701685211079683,0.1459930036879852,0.0,0.008130957294339092,0.5662388159914029,21,10,10,168,21,1.0,0
audit_population,valence,20260911,s1_r0,0.5,0.5083921629056706,0.29186861871199177,-0.06730769230769229,0.008130957294339092,0.5662388159914029,21,10,10,168,21,1.0,0
audit_population,valence,20260911,s1_r0,0.75,0.8061780914536402,0.4580652856440159,-0.06730769230769229,0.008130957294339092,0.5662388159914029,21,10,10,168,21,1.0,0
audit_population,valence,20260911,s1_r0,1.0,1.0,0.5662388159914029,-0.13461538461538458,0.008130957294339092,0.5662388159914029,21,10,10,168,21,1.0,0
audit_population,valence,20260911,s1_r1,0.0,0.0,0.008130957294339092,0.0,0.008130957294339092,0.5471981737706542,21,10,10,168,21,1.0,0
audit_population,valence,20260911,s1_r1,0.25,0.25574184847448117,0.1459930036879852,0.0,0.008130957294339092,0.5471981737706542,21,10,10,168,21,1.0,0
audit_population,valence,20260911,s1_r1,0.5,0.49013212136394896,0.2723451156636345,0.13461538461538458,0.008130957294339092,0.5471981737706542,21,10,10,168,21,1.0,0
audit_population,valence,20260911,s1_r1,0.75,0.7181640389465801,0.39526964674265996,-0.16826923076923078,0.008130957294339092,0.5471981737706542,21,10,10,168,21,1.0,0
audit_population,valence,20260911,s1_r1,1.0,1.0,0.5471981737706542,-0.16826923076923078,0.008130957294339092,0.5471981737706542,21,10,10,168,21,1.0,0
audit_population,valence,20260911,s2_r0,0.0,0.0,0.008130957294339092,0.0,0.008130957294339092,0.5471981737706542,21,10,10,168,21,1.0,0
audit_population,valence,20260911,s2_r0,0.25,0.25574184847448117,0.1459930036879852,0.0,0.008130957294339092,0.5471981737706542,21,10,10,168,21,1.0,0
audit_population,valence,20260911,s2_r0,0.5,0.49013212136394896,0.2723451156636345,-0.23333333333333334,0.008130957294339092,0.5471981737706542,21,10,10,168,21,1.0,0
audit_population,valence,20260911,s2_r0,0.75,0.7573153660441081,0.4163748436624781,-0.1166666666666667,0.008130957294339092,0.5471981737706542,21,10,10,168,21,1.0,0
audit_population,valence,20260911,s2_r0,1.0,1.0,0.5471981737706542,-0.23333333333333334,0.008130957294339092,0.5471981737706542,21,10,10,168,21,1.0,0
audit_population,valence,20260911,s2_r1,0.0,0.0,0.05037287652090436,0.0,0.05037287652090436,0.7447215534424859,21,10,10,168,21,1.0,0
audit_population,valence,20260911,s2_r1,0.25,0.2578566968776523,0.2294153328332715,0.0,0.05037287652090436,0.7447215534424859,21,10,10,168,21,1.0,0
audit_population,valence,20260911,s2_r1,0.5,0.5607002326632763,0.4396943412202731,0.0,0.05037287652090436,0.7447215534424859,21,10,10,168,21,1.0,0
audit_population,valence,20260911,s2_r1,0.75,0.6647252136854201,0.5119239491597914,0.0,0.05037287652090436,0.7447215534424859,21,10,10,168,21,1.0,0
audit_population,valence,20260911,s2_r1,1.0,1.0,0.7447215534424859,0.0,0.05037287652090436,0.7447215534424859,21,10,10,168,21,1.0,0
audit_population,valence,20260911,s3_r0,0.0,0.0,0.008130957294339092,0.08750000000000002,0.008130957294339092,0.6277010815309157,21,10,10,168,21,1.0,0
audit_population,valence,20260911,s3_r0,0.25,0.26282450619298403,0.1709691692487431,0.08750000000000002,0.008130957294339092,0.6277010815309157,21,10,10,168,21,1.0,0
audit_population,valence,20260911,s3_r0,0.5,0.5152203006645871,0.32734606298630375,0.17500000000000004,0.008130957294339092,0.6277010815309157,21,10,10,168,21,1.0,0
audit_population,valence,20260911,s3_r0,0.75,0.7262040417201813,0.4580652856440159,0.17500000000000004,0.008130957294339092,0.6277010815309157,21,10,10,168,21,1.0,0
audit_population,valence,20260911,s3_r0,1.0,1.0,0.6277010815309157,0.17500000000000004,0.008130957294339092,0.6277010815309157,21,10,10,168,21,1.0,0
audit_population,valence,20260911,s3_r1,0.0,0.0,0.03500209820680635,0.0,0.03500209820680635,0.6898900529340525,21,10,10,168,21,1.0,0
audit_population,valence,20260911,s3_r1,0.25,0.27368658480572317,0.2142361459665114,0.0,0.03500209820680635,0.6898900529340525,21,10,10,168,21,1.0,0
audit_population,valence,20260911,s3_r1,0.5,0.4758016770937971,0.34659888537455674,0.19444444444444442,0.03500209820680635,0.6898900529340525,21,10,10,168,21,1.0,0
audit_population,valence,20260911,s3_r1,0.75,0.5642043934340533,0.40449275947096,0.19444444444444442,0.03500209820680635,0.6898900529340525,21,10,10,168,21,1.0,0
audit_population,valence,20260911,s3_r1,1.0,1.0,0.6898900529340525,0.19444444444444442,0.03500209820680635,0.6898900529340525,21,10,10,168,21,1.0,0
audit_population,valence,20260911,s4_r0,0.0,0.0,0.004732118781357297,0.0,0.004732118781357297,0.5119239491597914,21,10,10,168,21,1.0,0
audit_population,valence,20260911,s4_r0,0.25,0.24791919482159702,0.1304747089888707,0.0,0.004732118781357297,0.5119239491597914,21,10,10,168,21,1.0,0
audit_population,valence,20260911,s4_r0,0.5,0.5002405201945371,0.2584500238482847,0.0,0.004732118781357297,0.5119239491597914,21,10,10,168,21,1.0,0
audit_population,valence,20260911,s4_r0,0.75,0.6867603945884218,0.35305138034407463,-0.20588235294117646,0.004732118781357297,0.5119239491597914,21,10,10,168,21,1.0,0
audit_population,valence,20260911,s4_r0,1.0,1.0,0.5119239491597914,-0.20588235294117646,0.004732118781357297,0.5119239491597914,21,10,10,168,21,1.0,0
audit_population,valence,20260911,s4_r1,0.0,0.0,0.03500209820680635,0.0,0.03500209820680635,0.6540971147061199,21,10,10,168,21,1.0,0
audit_population,valence,20260911,s4_r1,0.25,0.22768721630869945,0.1759621191441234,0.0,0.03500209820680635,0.6540971147061199,21,10,10,168,21,1.0,0
audit_population,valence,20260911,s4_r1,0.5,0.5033101201971893,0.34659888537455674,-0.1428571428571429,0.03500209820680635,0.6540971147061199,21,10,10,168,21,1.0,0
audit_population,valence,20260911,s4_r1,0.75,0.6583624808381389,0.4425910291438229,0.0714285714285714,0.03500209820680635,0.6540971147061199,21,10,10,168,21,1.0,0
audit_population,valence,20260911,s4_r1,1.0,1.0,0.6540971147061199,0.0714285714285714,0.03500209820680635,0.6540971147061199,21,10,10,168,21,1.0,0
audit_population,arousal,20260923,s0_r0,0.0,0.0,0.008130957294339092,0.0,0.008130957294339092,0.5662388159914029,21,10,10,168,21,1.0,0
audit_population,arousal,20260923,s0_r0,0.25,0.24701685211079683,0.1459930036879852,0.0,0.008130957294339092,0.5662388159914029,21,10,10,168,21,1.0,0
audit_population,arousal,20260923,s0_r0,0.5,0.5083921629056706,0.29186861871199177,-0.20588235294117646,0.008130957294339092,0.5662388159914029,21,10,10,168,21,1.0,0
audit_population,arousal,20260923,s0_r0,0.75,0.7314784767969561,0.4163748436624781,0.05147058823529416,0.008130957294339092,0.5662388159914029,21,10,10,168,21,1.0,0
audit_population,arousal,20260923,s0_r0,1.0,1.0,0.5662388159914029,0.05147058823529416,0.008130957294339092,0.5662388159914029,21,10,10,168,21,1.0,0
audit_population,arousal,20260923,s0_r1,0.0,0.0,0.03500209820680635,0.0,0.03500209820680635,0.6434709124204981,21,10,10,168,21,1.0,0
audit_population,arousal,20260923,s0_r1,0.25,0.23166350952509532,0.1759621191441234,0.0,0.03500209820680635,0.6434709124204981,21,10,10,168,21,1.0,0
audit_population,arousal,20260923,s0_r1,0.5,0.4504985770651306,0.3091164331985818,0.0,0.03500209820680635,0.6434709124204981,21,10,10,168,21,1.0,0
audit_population,arousal,20260923,s0_r1,0.75,0.6072466700559447,0.40449275947096,0.033653846153846145,0.03500209820680635,0.6434709124204981,21,10,10,168,21,1.0,0
audit_population,arousal,20260923,s0_r1,1.0,1.0,0.6434709124204981,0.033653846153846145,0.03500209820680635,0.6434709124204981,21,10,10,168,21,1.0,0
audit_population,arousal,20260923,s1_r0,0.0,0.0,0.050372876520904365,0.0,0.050372876520904365,0.7447215534424859,21,10,10,168,21,1.0,0
audit_population,arousal,20260923,s1_r0,0.25,0.2578566968776523,0.2294153328332715,-0.0357142857142857,0.050372876520904365,0.7447215534424859,21,10,10,168,21,1.0,0
audit_population,arousal,20260923,s1_r0,0.5,0.545718594821806,0.42929186080693,0.1785714285714286,0.050372876520904365,0.7447215534424859,21,10,10,168,21,1.0,0
audit_population,arousal,20260923,s1_r0,0.75,0.7290832945127569,0.5566108974314649,0.1428571428571428,0.050372876520904365,0.7447215534424859,21,10,10,168,21,1.0,0
audit_population,arousal,20260923,s1_r0,1.0,1.0,0.7447215534424859,-0.0357142857142857,0.050372876520904365,0.7447215534424859,21,10,10,168,21,1.0,0
audit_population,arousal,20260923,s1_r1,0.0,0.0,0.004732118781357297,0.0,0.004732118781357297,0.7447215534424859,21,10,10,168,21,1.0,0
audit_population,arousal,20260923,s1_r1,0.25,0.2296349207430712,0.17465953396047565,0.2333333333333334,0.004732118781357297,0.7447215534424859,21,10,10,168,21,1.0,0
audit_population,arousal,20260923,s1_r1,0.5,0.4707084253469469,0.35305138034407463,0.2333333333333334,0.004732118781357297,0.7447215534424859,21,10,10,168,21,1.0,0
audit_population,arousal,20260923,s1_r1,0.75,0.6854041512237239,0.5119239491597914,0.0,0.004732118781357297,0.7447215534424859,21,10,10,168,21,1.0,0
audit_population,arousal,20260923,s1_r1,1.0,1.0,0.7447215534424859,0.0,0.004732118781357297,0.7447215534424859,21,10,10,168,21,1.0,0
audit_population,arousal,20260923,s2_r0,0.0,0.0,0.050372876520904365,0.0,0.050372876520904365,0.7187635487777683,21,10,10,168,21,1.0,0
audit_population,arousal,20260923,s2_r0,0.25,0.23418019866758677,0.20689673693757862,-0.25,0.050372876520904365,0.7187635487777683,21,10,10,168,21,1.0,0
audit_population,arousal,20260923,s2_r0,0.5,0.4528466903961375,0.35305138034407463,-0.25,0.050372876520904365,0.7187635487777683,21,10,10,168,21,1.0,0
audit_population,arousal,20260923,s2_r0,0.75,0.690540864492364,0.5119239491597914,0.2857142857142857,0.050372876520904365,0.7187635487777683,21,10,10,168,21,1.0,0
audit_population,arousal,20260923,s2_r0,1.0,1.0,0.7187635487777683,0.2857142857142857,0.050372876520904365,0.7187635487777683,21,10,10,168,21,1.0,0
audit_population,arousal,20260923,s2_r1,0.0,0.0,0.10168038732941725,0.0,0.10168038732941725,0.7447215534424859,21,10,10,168,21,1.0,0
audit_population,arousal,20260923,s2_r1,0.25,0.26081803496081685,0.26939712067394,0.1166666666666667,0.10168038732941725,0.7447215534424859,21,10,10,168,21,1.0,0
audit_population,arousal,20260923,s2_r1,0.5,0.5203027216236085,0.4362564561740658,0.1166666666666667,0.10168038732941725,0.7447215534424859,21,10,10,168,21,1.0,0
audit_population,arousal,20260923,s2_r1,0.75,0.7827007781545792,0.6049892084315441,0.1166666666666667,0.10168038732941725,0.7447215534424859,21,10,10,168,21,1.0,0
audit_population,arousal,20260923,s2_r1,1.0,1.0,0.7447215534424859,0.1166666666666667,0.10168038732941725,0.7447215534424859,21,10,10,168,21,1.0,0
audit_population,arousal,20260923,s3_r0,0.0,0.0,0.008130957294339092,0.09722222222222221,0.008130957294339092,0.5662388159914029,21,10,10,168,21,1.0,0
audit_population,arousal,20260923,s3_r0,0.25,0.23279042207952863,0.13805312128633052,0.19444444444444442,0.008130957294339092,0.5662388159914029,21,10,10,168,21,1.0,0
audit_population,arousal,20260923,s3_r0,0.5,0.5083921629056706,0.29186861871199177,0.19444444444444442,0.008130957294339092,0.5662388159914029,21,10,10,168,21,1.0,0
audit_population,arousal,20260923,s3_r0,0.75,0.8061780914536402,0.4580652856440159,0.29166666666666663,0.008130957294339092,0.5662388159914029,21,10,10,168,21,1.0,0
audit_population,arousal,20260923,s3_r0,1.0,1.0,0.5662388159914029,0.29166666666666663,0.008130957294339092,0.5662388159914029,21,10,10,168,21,1.0,0
audit_population,arousal,20260923,s3_r1,0.0,0.0,0.008130957294339092,0.0,0.008130957294339092,0.778979417334536,21,10,10,168,21,1.0,0
audit_population,arousal,20260923,s3_r1,0.25,0.2230879634123706,0.18009797034426878,0.16826923076923084,0.008130957294339092,0.778979417334536,21,10,10,168,21,1.0,0
audit_population,arousal,20260923,s3_r1,0.5,0.5022241199367941,0.39526964674265996,0.16826923076923084,0.008130957294339092,0.778979417334536,21,10,10,168,21,1.0,0
audit_population,arousal,20260923,s3_r1,0.75,0.7240176086853187,0.5662388159914029,0.13461538461538458,0.008130957294339092,0.778979417334536,21,10,10,168,21,1.0,0
audit_population,arousal,20260923,s3_r1,1.0,1.0,0.778979417334536,0.16826923076923084,0.008130957294339092,0.778979417334536,21,10,10,168,21,1.0,0
audit_population,arousal,20260923,s4_r0,0.0,0.0,0.008130957294339092,0.0,0.008130957294339092,0.829198600737597,21,10,10,168,21,1.0,0
audit_population,arousal,20260923,s4_r0,0.25,0.27318148423591837,0.2324314347882561,0.033653846153846145,0.008130957294339092,0.829198600737597,21,10,10,168,21,1.0,0
audit_population,arousal,20260923,s4_r0,0.5,0.4972110271647208,0.4163748436624781,0.16826923076923084,0.008130957294339092,0.829198600737597,21,10,10,168,21,1.0,0
audit_population,arousal,20260923,s4_r0,0.75,0.679734322931742,0.5662388159914029,0.16826923076923084,0.008130957294339092,0.829198600737597,21,10,10,168,21,1.0,0
audit_population,arousal,20260923,s4_r0,1.0,1.0,0.829198600737597,0.16826923076923084,0.008130957294339092,0.829198600737597,21,10,10,168,21,1.0,0
audit_population,arousal,20260923,s4_r1,0.0,0.0,0.008130957294339092,0.0,0.008130957294339092,0.6277010815309156,21,10,10,168,21,1.0,0
audit_population,arousal,20260923,s4_r1,0.25,0.26282450619298403,0.1709691692487431,0.19444444444444442,0.008130957294339092,0.6277010815309156,21,10,10,168,21,1.0,0
audit_population,arousal,20260923,s4_r1,0.5,0.5119550060023789,0.32532298396677023,0.0,0.008130957294339092,0.6277010815309156,21,10,10,168,21,1.0,0
audit_population,arousal,20260923,s4_r1,0.75,0.7262040417201814,0.4580652856440159,0.19444444444444442,0.008130957294339092,0.6277010815309156,21,10,10,168,21,1.0,0
audit_population,arousal,20260923,s4_r1,1.0,1.0,0.6277010815309156,0.19444444444444442,0.008130957294339092,0.6277010815309156,21,10,10,168,21,1.0,0
audit_population,valence,20260923,s0_r0,0.0,0.0,0.004732118781357297,0.0,0.004732118781357297,0.46336155865093726,21,10,10,168,21,1.0,0
audit_population,valence,20260923,s0_r0,0.25,0.24199652806645458,0.11571885089885843,0.0,0.004732118781357297,0.46336155865093726,21,10,10,168,21,1.0,0
audit_population,valence,20260923,s0_r0,0.5,0.5001052363595639,0.23409510320878799,0.0,0.004732118781357297,0.46336155865093726,21,10,10,168,21,1.0,0
audit_population,valence,20260923,s0_r0,0.75,0.7594786363077097,0.35305138034407463,0.0,0.004732118781357297,0.46336155865093726,21,10,10,168,21,1.0,0
audit_population,valence,20260923,s0_r0,1.0,1.0,0.46336155865093726,0.0,0.004732118781357297,0.46336155865093726,21,10,10,168,21,1.0,0
audit_population,valence,20260923,s0_r1,0.0,0.0,0.0756661748378403,0.0,0.0756661748378403,0.7447215534424859,21,10,10,168,21,1.0,0
audit_population,valence,20260923,s0_r1,0.25,0.26024951361734133,0.24978751170276547,0.0,0.0756661748378403,0.7447215534424859,21,10,10,168,21,1.0,0
audit_population,valence,20260923,s0_r1,0.5,0.5285447173395376,0.42929186080693,-0.0357142857142857,0.0756661748378403,0.7447215534424859,21,10,10,168,21,1.0,0
audit_population,valence,20260923,s0_r1,0.75,0.6520503209043658,0.5119239491597914,-0.0357142857142857,0.0756661748378403,0.7447215534424859,21,10,10,168,21,1.0,0
audit_population,valence,20260923,s0_r1,1.0,1.0,0.7447215534424859,-0.0357142857142857,0.0756661748378403,0.7447215534424859,21,10,10,168,21,1.0,0
audit_population,valence,20260923,s1_r0,0.0,0.0,0.008130957294339092,0.0,0.008130957294339092,0.5086266511786681,21,10,10,168,21,1.0,0
audit_population,valence,20260923,s1_r0,0.25,0.25778482859230123,0.13715115395349572,0.0,0.008130957294339092,0.5086266511786681,21,10,10,168,21,1.0,0
audit_population,valence,20260923,s1_r0,0.5,0.499798966017431,0.2582781875939034,0.0,0.008130957294339092,0.5086266511786681,21,10,10,168,21,1.0,0
audit_population,valence,20260923,s1_r0,0.75,0.7735105300182534,0.39526964674265996,0.0,0.008130957294339092,0.5086266511786681,21,10,10,168,21,1.0,0
audit_population,valence,20260923,s1_r0,1.0,1.0,0.5086266511786681,0.0,0.008130957294339092,0.5086266511786681,21,10,10,168,21,1.0,0
audit_population,valence,20260923,s1_r1,0.0,0.0,0.004732118781357297,0.0,0.004732118781357297,0.46336155865093726,21,10,10,168,21,1.0,0
audit_population,valence,20260923,s1_r1,0.25,0.24199652806645458,0.11571885089885843,0.0,0.004732118781357297,0.46336155865093726,21,10,10,168,21,1.0,0
audit_population,valence,20260923,s1_r1,0.5,0.5001052363595639,0.23409510320878799,0.0,0.004732118781357297,0.46336155865093726,21,10,10,168,21,1.0,0
audit_population,valence,20260923,s1_r1,0.75,0.7594786363077097,0.35305138034407463,0.0,0.004732118781357297,0.46336155865093726,21,10,10,168,21,1.0,0
audit_population,valence,20260923,s1_r1,1.0,1.0,0.46336155865093726,0.0,0.004732118781357297,0.46336155865093726,21,10,10,168,21,1.0,0
audit_population,valence,20260923,s2_r0,0.0,0.0,0.008130957294339092,0.0,0.008130957294339092,0.5471981737706542,21,10,10,168,21,1.0,0
audit_population,valence,20260923,s2_r0,0.25,0.25574184847448117,0.1459930036879852,0.0,0.008130957294339092,0.5471981737706542,21,10,10,168,21,1.0,0
audit_population,valence,20260923,s2_r0,0.5,0.49013212136394896,0.2723451156636345,-0.06730769230769229,0.008130957294339092,0.5471981737706542,21,10,10,168,21,1.0,0
audit_population,valence,20260923,s2_r0,0.75,0.7573153660441081,0.4163748436624781,-0.033653846153846145,0.008130957294339092,0.5471981737706542,21,10,10,168,21,1.0,0
audit_population,valence,20260923,s2_r0,1.0,1.0,0.5471981737706542,-0.06730769230769229,0.008130957294339092,0.5471981737706542,21,10,10,168,21,1.0,0
audit_population,valence,20260923,s2_r1,0.0,0.0,0.008130957294339092,0.0,0.008130957294339092,0.5471981737706542,21,10,10,168,21,1.0,0
audit_population,valence,20260923,s2_r1,0.25,0.25574184847448117,0.1459930036879852,0.0,0.008130957294339092,0.5471981737706542,21,10,10,168,21,1.0,0
audit_population,valence,20260923,s2_r1,0.5,0.49013212136394896,0.2723451156636345,-0.06730769230769229,0.008130957294339092,0.5471981737706542,21,10,10,168,21,1.0,0
audit_population,valence,20260923,s2_r1,0.75,0.7181640389465801,0.39526964674265996,-0.06730769230769229,0.008130957294339092,0.5471981737706542,21,10,10,168,21,1.0,0
audit_population,valence,20260923,s2_r1,1.0,1.0,0.5471981737706542,-0.06730769230769229,0.008130957294339092,0.5471981737706542,21,10,10,168,21,1.0,0
audit_population,valence,20260923,s3_r0,0.0,0.0,0.0,0.0,0.0,0.6344352177382209,21,10,10,168,21,1.0,0
audit_population,valence,20260923,s3_r0,0.25,0.2537100607368428,0.16096259762595613,0.1785714285714286,0.0,0.6344352177382209,21,10,10,168,21,1.0,0
audit_population,valence,20260923,s3_r0,0.5,0.49046607514103124,0.31116895117531074,0.0357142857142857,0.0,0.6344352177382209,21,10,10,168,21,1.0,0
audit_population,valence,20260923,s3_r0,0.75,0.7356991127115463,0.4667534267629658,0.1785714285714286,0.0,0.6344352177382209,21,10,10,168,21,1.0,0
audit_population,valence,20260923,s3_r0,1.0,1.0,0.6344352177382209,0.1785714285714286,0.0,0.6344352177382209,21,10,10,168,21,1.0,0
audit_population,valence,20260923,s3_r1,0.0,0.0,0.004732118781357297,0.0,0.004732118781357297,0.7447215534424859,21,10,10,168,21,1.0,0
audit_population,valence,20260923,s3_r1,0.25,0.26153683330631705,0.19826661220276068,0.15909090909090917,0.004732118781357297,0.7447215534424859,21,10,10,168,21,1.0,0
audit_population,valence,20260923,s3_r1,0.5,0.4707084253469469,0.35305138034407463,0.15909090909090917,0.004732118781357297,0.7447215534424859,21,10,10,168,21,1.0,0
audit_population,valence,20260923,s3_r1,0.75,0.6854041512237239,0.5119239491597914,0.15909090909090917,0.004732118781357297,0.7447215534424859,21,10,10,168,21,1.0,0
audit_population,valence,20260923,s3_r1,1.0,1.0,0.7447215534424859,0.15909090909090917,0.004732118781357297,0.7447215534424859,21,10,10,168,21,1.0,0
audit_population,valence,20260923,s4_r0,0.0,0.0,0.0,0.0,0.0,0.6344352177382209,21,10,10,168,21,1.0,0
audit_population,valence,20260923,s4_r0,0.25,0.2537100607368428,0.16096259762595613,0.0,0.0,0.6344352177382209,21,10,10,168,21,1.0,0
audit_population,valence,20260923,s4_r0,0.5,0.49046607514103124,0.31116895117531074,-0.1166666666666667,0.0,0.6344352177382209,21,10,10,168,21,1.0,0
audit_population,valence,20260923,s4_r0,0.75,0.7356991127115463,0.4667534267629658,-0.1166666666666667,0.0,0.6344352177382209,21,10,10,168,21,1.0,0
audit_population,valence,20260923,s4_r0,1.0,1.0,0.6344352177382209,-0.1166666666666667,0.0,0.6344352177382209,21,10,10,168,21,1.0,0
audit_population,valence,20260923,s4_r1,0.0,0.0,0.004732118781357297,0.0,0.004732118781357297,0.7447215534424859,21,10,10,168,21,1.0,0
audit_population,valence,20260923,s4_r1,0.25,0.24773255269016753,0.18805159039371264,0.0,0.004732118781357297,0.7447215534424859,21,10,10,168,21,1.0,0
audit_population,valence,20260923,s4_r1,0.5,0.4707084253469469,0.35305138034407463,-0.03181818181818186,0.004732118781357297,0.7447215534424859,21,10,10,168,21,1.0,0
audit_population,valence,20260923,s4_r1,0.75,0.6854041512237239,0.5119239491597914,-0.03181818181818186,0.004732118781357297,0.7447215534424859,21,10,10,168,21,1.0,0
audit_population,valence,20260923,s4_r1,1.0,1.0,0.7447215534424859,-0.03181818181818186,0.004732118781357297,0.7447215534424859,21,10,10,168,21,1.0,0
audit_population,arousal,20261007,s0_r0,0.0,0.0,0.004732118781357297,0.0,0.004732118781357297,0.7187635487777683,21,10,10,168,21,1.0,0
audit_population,arousal,20261007,s0_r0,0.25,0.23798310276057802,0.17465953396047565,0.0,0.004732118781357297,0.7187635487777683,21,10,10,168,21,1.0,0
audit_population,arousal,20261007,s0_r0,0.5,0.48782062935866577,0.35305138034407463,0.0,0.004732118781357297,0.7187635487777683,21,10,10,168,21,1.0,0
audit_population,arousal,20261007,s0_r0,0.75,0.7103214355437877,0.5119239491597914,0.0,0.004732118781357297,0.7187635487777683,21,10,10,168,21,1.0,0
audit_population,arousal,20261007,s0_r0,1.0,1.0,0.7187635487777683,0.0,0.004732118781357297,0.7187635487777683,21,10,10,168,21,1.0,0
audit_population,arousal,20261007,s0_r1,0.0,0.0,0.008130957294339092,0.0,0.008130957294339092,0.6277010815309156,21,10,10,168,21,1.0,0
audit_population,arousal,20261007,s0_r1,0.25,0.26282450619298403,0.1709691692487431,0.0,0.008130957294339092,0.6277010815309156,21,10,10,168,21,1.0,0
audit_population,arousal,20261007,s0_r1,0.5,0.5119550060023789,0.32532298396677023,0.0,0.008130957294339092,0.6277010815309156,21,10,10,168,21,1.0,0
audit_population,arousal,20261007,s0_r1,0.75,0.7262040417201814,0.4580652856440159,0.0,0.008130957294339092,0.6277010815309156,21,10,10,168,21,1.0,0
audit_population,arousal,20261007,s0_r1,1.0,1.0,0.6277010815309156,0.0,0.008130957294339092,0.6277010815309156,21,10,10,168,21,1.0,0
audit_population,arousal,20261007,s1_r0,0.0,0.0,0.004732118781357297,,0.004732118781357297,0.5119239491597914,21,10,10,168,21,1.0,0
audit_population,arousal,20261007,s1_r0,0.25,0.24791919482159702,0.1304747089888707,,0.004732118781357297,0.5119239491597914,21,10,10,168,21,1.0,0
audit_population,arousal,20261007,s1_r0,0.5,0.5218242606453392,0.26939712067394,,0.004732118781357297,0.5119239491597914,21,10,10,168,21,1.0,0
audit_population,arousal,20261007,s1_r0,0.75,0.6867603945884218,0.35305138034407463,,0.004732118781357297,0.5119239491597914,21,10,10,168,21,1.0,0
audit_population,arousal,20261007,s1_r0,1.0,1.0,0.5119239491597914,,0.004732118781357297,0.5119239491597914,21,10,10,168,21,1.0,0
audit_population,arousal,20261007,s1_r1,0.0,0.0,0.0,0.0,0.0,0.0,21,10,10,168,21,1.0,0
audit_population,arousal,20261007,s1_r1,0.25,0.0,0.0,0.0,0.0,0.0,21,10,10,168,21,1.0,0
audit_population,arousal,20261007,s1_r1,0.5,0.0,0.0,0.0,0.0,0.0,21,10,10,168,21,1.0,0
audit_population,arousal,20261007,s1_r1,0.75,0.0,0.0,0.0,0.0,0.0,21,10,10,168,21,1.0,0
audit_population,arousal,20261007,s1_r1,1.0,0.0,0.0,0.0,0.0,0.0,21,10,10,168,21,1.0,0
audit_population,arousal,20261007,s2_r0,0.0,0.0,0.13715115395349572,0.15909090909090917,0.13715115395349572,0.8568172128587529,21,10,10,168,21,1.0,0
audit_population,arousal,20261007,s2_r0,0.25,0.2642821718202593,0.32734606298630375,0.15909090909090917,0.13715115395349572,0.8568172128587529,21,10,10,168,21,1.0,0
audit_population,arousal,20261007,s2_r0,0.5,0.4995295175527828,0.49664559315755136,-0.06363636363636366,0.13715115395349572,0.8568172128587529,21,10,10,168,21,1.0,0
audit_population,arousal,20261007,s2_r0,0.75,0.6816354912216307,0.6277010815309157,0.15909090909090917,0.13715115395349572,0.8568172128587529,21,10,10,168,21,1.0,0
audit_population,arousal,20261007,s2_r0,1.0,1.0,0.8568172128587529,0.15909090909090917,0.13715115395349572,0.8568172128587529,21,10,10,168,21,1.0,0
audit_population,arousal,20261007,s2_r1,0.0,0.0,0.0,0.0,0.0,0.804675066467607,21,10,10,168,21,1.0,0
audit_population,arousal,20261007,s2_r1,0.25,0.23903595255631915,0.19234627101140386,0.09722222222222221,0.0,0.804675066467607,21,10,10,168,21,1.0,0
audit_population,arousal,20261007,s2_r1,0.5,0.5145247027726659,0.41402519940282073,0.09722222222222221,0.0,0.804675066467607,21,10,10,168,21,1.0,0
audit_population,arousal,20261007,s2_r1,0.75,0.7884365306896963,0.6344352177382209,0.29166666666666674,0.0,0.804675066467607,21,10,10,168,21,1.0,0
audit_population,arousal,20261007,s2_r1,1.0,1.0,0.804675066467607,0.09722222222222221,0.0,0.804675066467607,21,10,10,168,21,1.0,0
audit_population,arousal,20261007,s3_r0,0.0,0.0,0.050372876520904365,0.0,0.050372876520904365,0.7447215534424859,21,10,10,168,21,1.0,0
audit_population,arousal,20261007,s3_r0,0.25,0.2578566968776523,0.2294153328332715,-0.06730769230769229,0.050372876520904365,0.7447215534424859,21,10,10,168,21,1.0,0
audit_population,arousal,20261007,s3_r0,0.5,0.545718594821806,0.42929186080693,-0.06730769230769229,0.050372876520904365,0.7447215534424859,21,10,10,168,21,1.0,0
audit_population,arousal,20261007,s3_r0,0.75,0.7987576708139635,0.6049892084315441,-0.06730769230769229,0.050372876520904365,0.7447215534424859,21,10,10,168,21,1.0,0
audit_population,arousal,20261007,s3_r0,1.0,1.0,0.7447215534424859,-0.06730769230769229,0.050372876520904365,0.7447215534424859,21,10,10,168,21,1.0,0
audit_population,arousal,20261007,s3_r1,0.0,0.0,0.008130957294339092,0.0,0.008130957294339092,0.5086266511786681,21,10,10,168,21,1.0,0
audit_population,arousal,20261007,s3_r1,0.25,0.25778482859230123,0.13715115395349572,0.0,0.008130957294339092,0.5086266511786681,21,10,10,168,21,1.0,0
audit_population,arousal,20261007,s3_r1,0.5,0.499798966017431,0.2582781875939034,0.0,0.008130957294339092,0.5086266511786681,21,10,10,168,21,1.0,0
audit_population,arousal,20261007,s3_r1,0.75,0.7242322138105669,0.3706060616788425,0.0,0.008130957294339092,0.5086266511786681,21,10,10,168,21,1.0,0
audit_population,arousal,20261007,s3_r1,1.0,1.0,0.5086266511786681,0.0,0.008130957294339092,0.5086266511786681,21,10,10,168,21,1.0,0
audit_population,arousal,20261007,s4_r0,0.0,0.0,0.008130957294339092,0.0,0.008130957294339092,0.778979417334536,21,10,10,168,21,1.0,0
audit_population,arousal,20261007,s4_r0,0.25,0.2230879634123706,0.18009797034426878,0.0,0.008130957294339092,0.778979417334536,21,10,10,168,21,1.0,0
audit_population,arousal,20261007,s4_r0,0.5,0.5022241199367941,0.39526964674265996,0.0,0.008130957294339092,0.778979417334536,21,10,10,168,21,1.0,0
audit_population,arousal,20261007,s4_r0,0.75,0.7240176086853187,0.5662388159914029,-0.29166666666666663,0.008130957294339092,0.778979417334536,21,10,10,168,21,1.0,0
audit_population,arousal,20261007,s4_r0,1.0,1.0,0.778979417334536,0.0,0.008130957294339092,0.778979417334536,21,10,10,168,21,1.0,0
audit_population,arousal,20261007,s4_r1,0.0,0.0,0.1459930036879852,-0.16826923076923078,0.1459930036879852,0.778979417334536,21,10,10,168,21,1.0,0
audit_population,arousal,20261007,s4_r1,0.25,0.23045615494910304,0.29186861871199177,0.06730769230769229,0.1459930036879852,0.778979417334536,21,10,10,168,21,1.0,0
audit_population,arousal,20261007,s4_r1,0.5,0.49301576657581575,0.4580652856440159,-0.16826923076923078,0.1459930036879852,0.778979417334536,21,10,10,168,21,1.0,0
audit_population,arousal,20261007,s4_r1,0.75,0.7610085579370875,0.6277010815309156,-0.16826923076923078,0.1459930036879852,0.778979417334536,21,10,10,168,21,1.0,0
audit_population,arousal,20261007,s4_r1,1.0,1.0,0.778979417334536,0.06730769230769229,0.1459930036879852,0.778979417334536,21,10,10,168,21,1.0,0
audit_population,valence,20261007,s0_r0,0.0,0.0,0.0,0.0,0.0,0.804675066467607,21,10,10,168,21,1.0,0
audit_population,valence,20261007,s0_r0,0.25,0.23903595255631915,0.19234627101140386,0.1166666666666667,0.0,0.804675066467607,21,10,10,168,21,1.0,0
audit_population,valence,20261007,s0_r0,0.5,0.4861916277872756,0.39122628040572005,0.1166666666666667,0.0,0.804675066467607,21,10,10,168,21,1.0,0
audit_population,valence,20261007,s0_r0,0.75,0.7884365306896963,0.6344352177382209,0.1166666666666667,0.0,0.804675066467607,21,10,10,168,21,1.0,0
audit_population,valence,20261007,s0_r0,1.0,1.0,0.804675066467607,0.1166666666666667,0.0,0.804675066467607,21,10,10,168,21,1.0,0
audit_population,valence,20261007,s0_r1,0.0,0.0,0.06360057523829889,0.0,0.06360057523829889,0.7187635487777683,21,10,10,168,21,1.0,0
audit_population,valence,20261007,s0_r1,0.25,0.2530893293605569,0.2294153328332715,0.2545454545454545,0.06360057523829889,0.7187635487777683,21,10,10,168,21,1.0,0
audit_population,valence,20261007,s0_r1,0.5,0.5581684257781099,0.42929186080693,0.2545454545454545,0.06360057523829889,0.7187635487777683,21,10,10,168,21,1.0,0
audit_population,valence,20261007,s0_r1,0.75,0.6842929042516838,0.5119239491597914,-0.12727272727272732,0.06360057523829889,0.7187635487777683,21,10,10,168,21,1.0,0
audit_population,valence,20261007,s0_r1,1.0,1.0,0.7187635487777683,-0.12727272727272732,0.06360057523829889,0.7187635487777683,21,10,10,168,21,1.0,0
audit_population,valence,20261007,s1_r0,0.0,0.0,0.004732118781357297,0.0,0.004732118781357297,0.7187635487777683,21,10,10,168,21,1.0,0
audit_population,valence,20261007,s1_r0,0.25,0.23798310276057802,0.17465953396047565,-0.12727272727272732,0.004732118781357297,0.7187635487777683,21,10,10,168,21,1.0,0
audit_population,valence,20261007,s1_r0,0.5,0.48782062935866577,0.35305138034407463,-0.12727272727272732,0.004732118781357297,0.7187635487777683,21,10,10,168,21,1.0,0
audit_population,valence,20261007,s1_r0,0.75,0.7729054429058979,0.556610897431465,-0.06363636363636366,0.004732118781357297,0.7187635487777683,21,10,10,168,21,1.0,0
audit_population,valence,20261007,s1_r0,1.0,1.0,0.7187635487777683,-0.12727272727272732,0.004732118781357297,0.7187635487777683,21,10,10,168,21,1.0,0
audit_population,valence,20261007,s1_r1,0.0,0.0,0.0,0.0,0.0,0.6344352177382209,21,10,10,168,21,1.0,0
audit_population,valence,20261007,s1_r1,0.25,0.2537100607368428,0.16096259762595613,-0.1785714285714286,0.0,0.6344352177382209,21,10,10,168,21,1.0,0
audit_population,valence,20261007,s1_r1,0.5,0.49046607514103124,0.31116895117531074,-0.0357142857142857,0.0,0.6344352177382209,21,10,10,168,21,1.0,0
audit_population,valence,20261007,s1_r1,0.75,0.7356991127115463,0.4667534267629658,-0.0357142857142857,0.0,0.6344352177382209,21,10,10,168,21,1.0,0
audit_population,valence,20261007,s1_r1,1.0,1.0,0.6344352177382209,-0.0357142857142857,0.0,0.6344352177382209,21,10,10,168,21,1.0,0
audit_population,valence,20261007,s2_r0,0.0,0.0,0.008130957294339092,0.0,0.008130957294339092,0.5662388159914029,21,10,10,168,21,1.0,0
audit_population,valence,20261007,s2_r0,0.25,0.24701685211079683,0.1459930036879852,0.0,0.008130957294339092,0.5662388159914029,21,10,10,168,21,1.0,0
audit_population,valence,20261007,s2_r0,0.5,0.5083921629056706,0.29186861871199177,0.0,0.008130957294339092,0.5662388159914029,21,10,10,168,21,1.0,0
audit_population,valence,20261007,s2_r0,0.75,0.7314784767969561,0.4163748436624781,-0.1166666666666667,0.008130957294339092,0.5662388159914029,21,10,10,168,21,1.0,0
audit_population,valence,20261007,s2_r0,1.0,1.0,0.5662388159914029,-0.1166666666666667,0.008130957294339092,0.5662388159914029,21,10,10,168,21,1.0,0
audit_population,valence,20261007,s2_r1,0.0,0.0,0.004732118781357297,0.0,0.004732118781357297,0.46336155865093726,21,10,10,168,21,1.0,0
audit_population,valence,20261007,s2_r1,0.25,0.24199652806645458,0.11571885089885843,0.0,0.004732118781357297,0.46336155865093726,21,10,10,168,21,1.0,0
audit_population,valence,20261007,s2_r1,0.5,0.5001052363595639,0.23409510320878799,0.0,0.004732118781357297,0.46336155865093726,21,10,10,168,21,1.0,0
audit_population,valence,20261007,s2_r1,0.75,0.7594786363077097,0.35305138034407463,-0.16826923076923078,0.004732118781357297,0.46336155865093726,21,10,10,168,21,1.0,0
audit_population,valence,20261007,s2_r1,1.0,1.0,0.46336155865093726,-0.16826923076923078,0.004732118781357297,0.46336155865093726,21,10,10,168,21,1.0,0
audit_population,valence,20261007,s3_r0,0.0,0.0,0.004732118781357297,0.0,0.004732118781357297,0.5119239491597914,21,10,10,168,21,1.0,0
audit_population,valence,20261007,s3_r0,0.25,0.24791919482159702,0.1304747089888707,0.0,0.004732118781357297,0.5119239491597914,21,10,10,168,21,1.0,0
audit_population,valence,20261007,s3_r0,0.5,0.5218242606453392,0.26939712067394,0.0,0.004732118781357297,0.5119239491597914,21,10,10,168,21,1.0,0
audit_population,valence,20261007,s3_r0,0.75,0.6867603945884218,0.35305138034407463,0.1166666666666667,0.004732118781357297,0.5119239491597914,21,10,10,168,21,1.0,0
audit_population,valence,20261007,s3_r0,1.0,1.0,0.5119239491597914,0.1166666666666667,0.004732118781357297,0.5119239491597914,21,10,10,168,21,1.0,0
audit_population,valence,20261007,s3_r1,0.0,0.0,0.004732118781357297,0.0,0.004732118781357297,0.6049892084315441,21,10,10,168,21,1.0,0
audit_population,valence,20261007,s3_r1,0.25,0.26778341923291676,0.1654710146666838,0.0,0.004732118781357297,0.6049892084315441,21,10,10,168,21,1.0,0
audit_population,valence,20261007,s3_r1,0.5,0.49771968269285466,0.30349188697618473,0.0,0.004732118781357297,0.6049892084315441,21,10,10,168,21,1.0,0
audit_population,valence,20261007,s3_r1,0.75,0.7486232746800318,0.4540985468851856,0.0,0.004732118781357297,0.6049892084315441,21,10,10,168,21,1.0,0
audit_population,valence,20261007,s3_r1,1.0,1.0,0.6049892084315441,0.0,0.004732118781357297,0.6049892084315441,21,10,10,168,21,1.0,0
audit_population,valence,20261007,s4_r0,0.0,0.0,0.008130957294339092,0.0,0.008130957294339092,0.4580652856440159,21,10,10,168,21,1.0,0
audit_population,valence,20261007,s4_r0,0.25,0.265304337262698,0.12750048608888723,0.0,0.008130957294339092,0.4580652856440159,21,10,10,168,21,1.0,0
audit_population,valence,20261007,s4_r0,0.5,0.498610894947621,0.2324731154204282,0.0,0.008130957294339092,0.4580652856440159,21,10,10,168,21,1.0,0
audit_population,valence,20261007,s4_r0,0.75,0.8604337678974501,0.39526964674265996,0.0,0.008130957294339092,0.4580652856440159,21,10,10,168,21,1.0,0
audit_population,valence,20261007,s4_r0,1.0,1.0,0.4580652856440159,0.0,0.008130957294339092,0.4580652856440159,21,10,10,168,21,1.0,0
audit_population,valence,20261007,s4_r1,0.0,0.0,0.004732118781357297,0.0,0.004732118781357297,0.4396943412202731,21,10,10,168,21,1.0,0
audit_population,valence,20261007,s4_r1,0.25,0.25516407262952046,0.11571885089885843,0.0,0.004732118781357297,0.4396943412202731,21,10,10,168,21,1.0,0
audit_population,valence,20261007,s4_r1,0.5,0.5165579962141833,0.2294153328332715,0.0,0.004732118781357297,0.4396943412202731,21,10,10,168,21,1.0,0
audit_population,valence,20261007,s4_r1,0.75,0.7775039669807174,0.34291697221436357,0.0,0.004732118781357297,0.4396943412202731,21,10,10,168,21,1.0,0
audit_population,valence,20261007,s4_r1,1.0,1.0,0.4396943412202731,0.0,0.004732118781357297,0.4396943412202731,21,10,10,168,21,1.0,0
evaluation_population,arousal,20260813,s0_r0,0.0,0.0,0.07330911319957338,0.2857142857142857,0.07330911319957338,0.7639562062373306,21,10,10,168,21,1.0,0
evaluation_population,arousal,20260813,s0_r0,0.25,0.24836543433054722,0.24484197843102581,0.2857142857142857,0.07330911319957338,0.7639562062373306,21,10,10,168,21,1.0,0
evaluation_population,arousal,20260813,s0_r0,0.5,0.4967308686610942,0.4163748436624781,0.1428571428571428,0.07330911319957338,0.7639562062373306,21,10,10,168,21,1.0,0
evaluation_population,arousal,20260813,s0_r0,0.75,0.7137215341394064,0.5662388159914029,0.1428571428571428,0.07330911319957338,0.7639562062373306,21,10,10,168,21,1.0,0
evaluation_population,arousal,20260813,s0_r0,1.0,1.0,0.7639562062373306,0.2857142857142857,0.07330911319957338,0.7639562062373306,21,10,10,168,21,1.0,0
evaluation_population,arousal,20260813,s0_r1,0.0,0.0,0.004732118781357297,0.0,0.004732118781357297,0.7447215534424859,21,10,10,168,21,1.0,0
evaluation_population,arousal,20260813,s0_r1,0.25,0.26153683330631705,0.19826661220276068,0.23557692307692313,0.004732118781357297,0.7447215534424859,21,10,10,168,21,1.0,0
evaluation_population,arousal,20260813,s0_r1,0.5,0.4707084253469469,0.35305138034407463,0.23557692307692313,0.004732118781357297,0.7447215534424859,21,10,10,168,21,1.0,0
evaluation_population,arousal,20260813,s0_r1,0.75,0.6854041512237239,0.5119239491597914,0.23557692307692313,0.004732118781357297,0.7447215534424859,21,10,10,168,21,1.0,0
evaluation_population,arousal,20260813,s0_r1,1.0,1.0,0.7447215534424859,0.23557692307692313,0.004732118781357297,0.7447215534424859,21,10,10,168,21,1.0,0
evaluation_population,arousal,20260813,s1_r0,0.0,0.0,0.0,0.0,0.0,0.804675066467607,21,10,10,168,21,1.0,0
evaluation_population,arousal,20260813,s1_r0,0.25,0.23903595255631915,0.19234627101140386,0.0714285714285714,0.0,0.804675066467607,21,10,10,168,21,1.0,0
evaluation_population,arousal,20260813,s1_r0,0.5,0.5145247027726659,0.41402519940282073,0.0714285714285714,0.0,0.804675066467607,21,10,10,168,21,1.0,0
evaluation_population,arousal,20260813,s1_r0,0.75,0.7884365306896963,0.6344352177382209,0.0714285714285714,0.0,0.804675066467607,21,10,10,168,21,1.0,0
evaluation_population,arousal,20260813,s1_r0,1.0,1.0,0.804675066467607,0.0714285714285714,0.0,0.804675066467607,21,10,10,168,21,1.0,0
evaluation_population,arousal,20260813,s1_r1,0.0,0.0,0.10168038732941725,0.0,0.10168038732941725,0.8097299078867453,21,10,10,168,21,1.0,0
evaluation_population,arousal,20260813,s1_r1,0.25,0.23687147364001834,0.26939712067394,0.15909090909090917,0.10168038732941725,0.8097299078867453,21,10,10,168,21,1.0,0
evaluation_population,arousal,20260813,s1_r1,0.5,0.4977309486465988,0.4540985468851856,0.15909090909090917,0.10168038732941725,0.8097299078867453,21,10,10,168,21,1.0,0
evaluation_population,arousal,20260813,s1_r1,0.75,0.7108384463080444,0.6049892084315441,-0.03181818181818186,0.10168038732941725,0.8097299078867453,21,10,10,168,21,1.0,0
evaluation_population,arousal,20260813,s1_r1,1.0,1.0,0.8097299078867453,-0.03181818181818186,0.10168038732941725,0.8097299078867453,21,10,10,168,21,1.0,0
evaluation_population,arousal,20260813,s2_r0,0.0,0.0,0.05593949943703728,0.0,0.05593949943703728,0.6898900529340525,21,10,10,168,21,1.0,0
evaluation_population,arousal,20260813,s2_r0,0.25,0.24969872753683053,0.2142361459665114,0.0,0.05593949943703728,0.6898900529340525,21,10,10,168,21,1.0,0
evaluation_population,arousal,20260813,s2_r0,0.5,0.5137017111948291,0.3816009835813631,-0.0514705882352941,0.05593949943703728,0.6898900529340525,21,10,10,168,21,1.0,0
evaluation_population,arousal,20260813,s2_r0,0.75,0.9267779793589644,0.6434709124204981,-0.0514705882352941,0.05593949943703728,0.6898900529340525,21,10,10,168,21,1.0,0
evaluation_population,arousal,20260813,s2_r0,1.0,1.0,0.6898900529340525,-0.0514705882352941,0.05593949943703728,0.6898900529340525,21,10,10,168,21,1.0,0
evaluation_population,arousal,20260813,s2_r1,0.0,0.0,0.03500209820680635,0.0,0.03500209820680635,0.6434709124204981,21,10,10,168,21,1.0,0
evaluation_population,arousal,20260813,s2_r1,0.25,0.23166350952509532,0.1759621191441234,0.0,0.03500209820680635,0.6434709124204981,21,10,10,168,21,1.0,0
evaluation_population,arousal,20260813,s2_r1,0.5,0.5120998478293727,0.34659888537455674,-0.0514705882352941,0.03500209820680635,0.6434709124204981,21,10,10,168,21,1.0,0
evaluation_population,arousal,20260813,s2_r1,0.75,0.6072466700559447,0.40449275947096,-0.0514705882352941,0.03500209820680635,0.6434709124204981,21,10,10,168,21,1.0,0
evaluation_population,arousal,20260813,s2_r1,1.0,1.0,0.6434709124204981,-0.0514705882352941,0.03500209820680635,0.6434709124204981,21,10,10,168,21,1.0,0
evaluation_population,arousal,20260813,s3_r0,0.0,0.0,0.07330911319957338,0.25,0.07330911319957338,0.778979417334536,21,10,10,168,21,1.0,0
evaluation_population,arousal,20260813,s3_r0,0.25,0.2621182630337153,0.2582781875939034,0.25,0.07330911319957338,0.778979417334536,21,10,10,168,21,1.0,0
evaluation_population,arousal,20260813,s3_r0,0.5,0.48615582723641415,0.4163748436624781,0.5,0.07330911319957338,0.778979417334536,21,10,10,168,21,1.0,0
evaluation_population,arousal,20260813,s3_r0,0.75,0.7856246253849904,0.6277010815309156,0.5,0.07330911319957338,0.778979417334536,21,10,10,168,21,1.0,0
evaluation_population,arousal,20260813,s3_r0,1.0,1.0,0.778979417334536,0.25,0.07330911319957338,0.778979417334536,21,10,10,168,21,1.0,0
evaluation_population,arousal,20260813,s3_r1,0.0,0.0,0.7187635487777683,0.26923076923076916,0.7187635487777683,0.8097299078867453,21,10,10,168,21,1.0,0
evaluation_population,arousal,20260813,s3_r1,0.25,0.28535828980052025,0.7447215534424859,0.26923076923076916,0.7187635487777683,0.8097299078867453,21,10,10,168,21,1.0,0
evaluation_population,arousal,20260813,s3_r1,0.5,0.28535828980052025,0.7447215534424859,0.26923076923076916,0.7187635487777683,0.8097299078867453,21,10,10,168,21,1.0,0
evaluation_population,arousal,20260813,s3_r1,0.75,1.0,0.8097299078867453,0.26923076923076916,0.7187635487777683,0.8097299078867453,21,10,10,168,21,1.0,0
evaluation_population,arousal,20260813,s3_r1,1.0,1.0,0.8097299078867453,0.26923076923076916,0.7187635487777683,0.8097299078867453,21,10,10,168,21,1.0,0
evaluation_population,arousal,20260813,s4_r0,0.0,0.0,0.004732118781357297,0.0,0.004732118781357297,0.7187635487777683,21,10,10,168,21,1.0,0
evaluation_population,arousal,20260813,s4_r0,0.25,0.23798310276057802,0.17465953396047565,-0.12727272727272732,0.004732118781357297,0.7187635487777683,21,10,10,168,21,1.0,0
evaluation_population,arousal,20260813,s4_r0,0.5,0.48782062935866577,0.35305138034407463,-0.03181818181818186,0.004732118781357297,0.7187635487777683,21,10,10,168,21,1.0,0
evaluation_population,arousal,20260813,s4_r0,0.75,0.7729054429058978,0.5566108974314649,-0.15909090909090906,0.004732118781357297,0.7187635487777683,21,10,10,168,21,1.0,0
evaluation_population,arousal,20260813,s4_r0,1.0,1.0,0.7187635487777683,-0.03181818181818186,0.004732118781357297,0.7187635487777683,21,10,10,168,21,1.0,0
evaluation_population,arousal,20260813,s4_r1,0.0,0.0,0.0,0.0,0.0,0.5636135142747319,21,10,10,168,21,1.0,0
evaluation_population,arousal,20260813,s4_r1,0.25,0.26826404552112715,0.15119724144971913,-0.1428571428571429,0.0,0.5636135142747319,21,10,10,168,21,1.0,0
evaluation_population,arousal,20260813,s4_r1,0.5,0.519038954528037,0.2925373692070298,-0.1428571428571429,0.0,0.5636135142747319,21,10,10,168,21,1.0,0
evaluation_population,arousal,20260813,s4_r1,0.75,0.7345906173587691,0.41402519940282073,-0.1428571428571429,0.0,0.5636135142747319,21,10,10,168,21,1.0,0
evaluation_population,arousal,20260813,s4_r1,1.0,1.0,0.5636135142747319,-0.1428571428571429,0.0,0.5636135142747319,21,10,10,168,21,1.0,0
evaluation_population,valence,20260813,s0_r0,0.0,0.0,0.004732118781357297,0.0,0.004732118781357297,0.7187635487777683,21,10,10,168,21,1.0,0
evaluation_population,valence,20260813,s0_r0,0.25,0.23798310276057802,0.17465953396047565,0.0,0.004732118781357297,0.7187635487777683,21,10,10,168,21,1.0,0
evaluation_population,valence,20260813,s0_r0,0.5,0.48782062935866577,0.35305138034407463,0.0,0.004732118781357297,0.7187635487777683,21,10,10,168,21,1.0,0
evaluation_population,valence,20260813,s0_r0,0.75,0.7103214355437877,0.5119239491597914,0.0,0.004732118781357297,0.7187635487777683,21,10,10,168,21,1.0,0
evaluation_population,valence,20260813,s0_r0,1.0,1.0,0.7187635487777683,0.0,0.004732118781357297,0.7187635487777683,21,10,10,168,21,1.0,0
evaluation_population,valence,20260813,s0_r1,0.0,0.0,0.008130957294339092,0.0,0.008130957294339092,0.39526964674265996,21,10,10,168,21,1.0,0
evaluation_population,valence,20260813,s0_r1,0.25,0.261859507142915,0.10950690370923041,0.1166666666666667,0.008130957294339092,0.39526964674265996,21,10,10,168,21,1.0,0
evaluation_population,valence,20260813,s0_r1,0.5,0.4442000185901997,0.18009797034426878,-0.1166666666666667,0.008130957294339092,0.39526964674265996,21,10,10,168,21,1.0,0
evaluation_population,valence,20260813,s0_r1,0.75,0.7329095984231997,0.29186861871199177,0.1166666666666667,0.008130957294339092,0.39526964674265996,21,10,10,168,21,1.0,0
evaluation_population,valence,20260813,s0_r1,1.0,1.0,0.39526964674265996,0.1166666666666667,0.008130957294339092,0.39526964674265996,21,10,10,168,21,1.0,0
evaluation_population,valence,20260813,s1_r0,0.0,0.0,0.008130957294339092,0.0,0.008130957294339092,0.5662388159914029,21,10,10,168,21,1.0,0
evaluation_population,valence,20260813,s1_r0,0.25,0.24701685211079683,0.1459930036879852,0.0,0.008130957294339092,0.5662388159914029,21,10,10,168,21,1.0,0
evaluation_population,valence,20260813,s1_r0,0.5,0.5083921629056706,0.29186861871199177,0.06363636363636371,0.008130957294339092,0.5662388159914029,21,10,10,168,21,1.0,0
evaluation_population,valence,20260813,s1_r0,0.75,0.8061780914536402,0.4580652856440159,0.06363636363636371,0.008130957294339092,0.5662388159914029,21,10,10,168,21,1.0,0
evaluation_population,valence,20260813,s1_r0,1.0,1.0,0.5662388159914029,0.12727272727272732,0.008130957294339092,0.5662388159914029,21,10,10,168,21,1.0,0
evaluation_population,valence,20260813,s1_r1,0.0,0.0,0.0,0.0,0.0,0.804675066467607,21,10,10,168,21,1.0,0
evaluation_population,valence,20260813,s1_r1,0.25,0.23903595255631915,0.19234627101140386,0.13461538461538458,0.0,0.804675066467607,21,10,10,168,21,1.0,0
evaluation_population,valence,20260813,s1_r1,0.5,0.5145247027726659,0.41402519940282073,0.06730769230769229,0.0,0.804675066467607,21,10,10,168,21,1.0,0
evaluation_population,valence,20260813,s1_r1,0.75,0.7884365306896963,0.6344352177382209,0.13461538461538458,0.0,0.804675066467607,21,10,10,168,21,1.0,0
evaluation_population,valence,20260813,s1_r1,1.0,1.0,0.804675066467607,0.06730769230769229,0.0,0.804675066467607,21,10,10,168,21,1.0,0
evaluation_population,valence,20260813,s2_r0,0.0,0.0,0.13715115395349572,0.0,0.13715115395349572,0.8568172128587529,21,10,10,168,21,1.0,0
evaluation_population,valence,20260813,s2_r0,0.25,0.2642821718202593,0.32734606298630375,0.15909090909090917,0.13715115395349572,0.8568172128587529,21,10,10,168,21,1.0,0
evaluation_population,valence,20260813,s2_r0,0.5,0.4995295175527828,0.49664559315755136,0.15909090909090917,0.13715115395349572,0.8568172128587529,21,10,10,168,21,1.0,0
evaluation_population,valence,20260813,s2_r0,0.75,0.6816354912216306,0.6277010815309156,0.15909090909090917,0.13715115395349572,0.8568172128587529,21,10,10,168,21,1.0,0
evaluation_population,valence,20260813,s2_r0,1.0,1.0,0.8568172128587529,0.12727272727272732,0.13715115395349572,0.8568172128587529,21,10,10,168,21,1.0,0
evaluation_population,valence,20260813,s2_r1,0.0,0.0,0.0,0.0,0.0,0.563613514274732,21,10,10,168,21,1.0,0
evaluation_population,valence,20260813,s2_r1,0.25,0.28559037984226776,0.16096259762595613,0.29166666666666674,0.0,0.563613514274732,21,10,10,168,21,1.0,0
evaluation_population,valence,20260813,s2_r1,0.5,0.5190389545280369,0.2925373692070298,0.19444444444444442,0.0,0.563613514274732,21,10,10,168,21,1.0,0
evaluation_population,valence,20260813,s2_r1,0.75,0.734590617358769,0.41402519940282073,0.19444444444444442,0.0,0.563613514274732,21,10,10,168,21,1.0,0
evaluation_population,valence,20260813,s2_r1,1.0,1.0,0.563613514274732,0.29166666666666674,0.0,0.563613514274732,21,10,10,168,21,1.0,0
evaluation_population,valence,20260813,s3_r0,0.0,0.0,0.008130957294339092,0.15909090909090917,0.008130957294339092,0.5471981737706542,21,10,10,168,21,1.0,0
evaluation_population,valence,20260813,s3_r0,0.25,0.25574184847448117,0.1459930036879852,-0.15909090909090906,0.008130957294339092,0.5471981737706542,21,10,10,168,21,1.0,0
evaluation_population,valence,20260813,s3_r0,0.5,0.49013212136394896,0.2723451156636345,-0.03181818181818186,0.008130957294339092,0.5471981737706542,21,10,10,168,21,1.0,0
evaluation_population,valence,20260813,s3_r0,0.75,0.7573153660441081,0.4163748436624781,-0.15909090909090906,0.008130957294339092,0.5471981737706542,21,10,10,168,21,1.0,0
evaluation_population,valence,20260813,s3_r0,1.0,1.0,0.5471981737706542,-0.03181818181818186,0.008130957294339092,0.5471981737706542,21,10,10,168,21,1.0,0
evaluation_population,valence,20260813,s3_r1,0.0,0.0,0.0,0.0,0.0,0.6344352177382209,21,10,10,168,21,1.0,0
evaluation_population,valence,20260813,s3_r1,0.25,0.2537100607368428,0.16096259762595613,0.0,0.0,0.6344352177382209,21,10,10,168,21,1.0,0
evaluation_population,valence,20260813,s3_r1,0.5,0.49046607514103124,0.31116895117531074,-0.09722222222222221,0.0,0.6344352177382209,21,10,10,168,21,1.0,0
evaluation_population,valence,20260813,s3_r1,0.75,0.7356991127115463,0.4667534267629658,0.0,0.0,0.6344352177382209,21,10,10,168,21,1.0,0
evaluation_population,valence,20260813,s3_r1,1.0,1.0,0.6344352177382209,0.0,0.0,0.6344352177382209,21,10,10,168,21,1.0,0
evaluation_population,valence,20260813,s4_r0,0.0,0.0,0.0,0.0,0.0,0.563613514274732,21,10,10,168,21,1.0,0
evaluation_population,valence,20260813,s4_r0,0.25,0.2682640455211271,0.15119724144971913,-0.23333333333333334,0.0,0.563613514274732,21,10,10,168,21,1.0,0
evaluation_population,valence,20260813,s4_r0,0.5,0.5190389545280369,0.2925373692070298,-0.23333333333333334,0.0,0.563613514274732,21,10,10,168,21,1.0,0
evaluation_population,valence,20260813,s4_r0,0.75,0.734590617358769,0.41402519940282073,-0.23333333333333334,0.0,0.563613514274732,21,10,10,168,21,1.0,0
evaluation_population,valence,20260813,s4_r0,1.0,1.0,0.563613514274732,-0.23333333333333334,0.0,0.563613514274732,21,10,10,168,21,1.0,0
evaluation_population,valence,20260813,s4_r1,0.0,0.0,0.050372876520904365,0.0,0.050372876520904365,0.7447215534424859,21,10,10,168,21,1.0,0
evaluation_population,valence,20260813,s4_r1,0.25,0.2578566968776523,0.2294153328332715,-0.12727272727272732,0.050372876520904365,0.7447215534424859,21,10,10,168,21,1.0,0
evaluation_population,valence,20260813,s4_r1,0.5,0.545718594821806,0.42929186080693,-0.12727272727272732,0.050372876520904365,0.7447215534424859,21,10,10,168,21,1.0,0
evaluation_population,valence,20260813,s4_r1,0.75,0.6647252136854201,0.5119239491597914,-0.12727272727272732,0.050372876520904365,0.7447215534424859,21,10,10,168,21,1.0,0
evaluation_population,valence,20260813,s4_r1,1.0,1.0,0.7447215534424859,-0.12727272727272732,0.050372876520904365,0.7447215534424859,21,10,10,168,21,1.0,0
evaluation_population,arousal,20260829,s0_r0,0.0,0.0,0.2142361459665114,0.0,0.2142361459665114,0.6898900529340525,21,10,10,168,21,1.0,0
evaluation_population,arousal,20260829,s0_r0,0.25,0.19947336885544617,0.3091164331985818,0.0,0.2142361459665114,0.6898900529340525,21,10,10,168,21,1.0,0
evaluation_population,arousal,20260829,s0_r0,0.5,0.4800862135941514,0.4425910291438229,0.1166666666666667,0.2142361459665114,0.6898900529340525,21,10,10,168,21,1.0,0
evaluation_population,arousal,20260829,s0_r0,0.75,0.9024098407821508,0.6434709124204981,0.1166666666666667,0.2142361459665114,0.6898900529340525,21,10,10,168,21,1.0,0
evaluation_population,arousal,20260829,s0_r0,1.0,1.0,0.6898900529340525,0.1166666666666667,0.2142361459665114,0.6898900529340525,21,10,10,168,21,1.0,0
evaluation_population,arousal,20260829,s0_r1,0.0,0.0,0.004732118781357297,0.0,0.004732118781357297,0.7187635487777683,21,10,10,168,21,1.0,0
evaluation_population,arousal,20260829,s0_r1,0.25,0.23798310276057802,0.17465953396047565,0.4117647058823529,0.004732118781357297,0.7187635487777683,21,10,10,168,21,1.0,0
evaluation_population,arousal,20260829,s0_r1,0.5,0.48782062935866577,0.35305138034407463,0.4117647058823529,0.004732118781357297,0.7187635487777683,21,10,10,168,21,1.0,0
evaluation_population,arousal,20260829,s0_r1,0.75,0.6423098768521789,0.46336155865093726,0.4117647058823529,0.004732118781357297,0.7187635487777683,21,10,10,168,21,1.0,0
evaluation_population,arousal,20260829,s0_r1,1.0,1.0,0.7187635487777683,0.4117647058823529,0.004732118781357297,0.7187635487777683,21,10,10,168,21,1.0,0
evaluation_population,arousal,20260829,s1_r0,0.0,0.0,0.10732664629905342,0.0,0.10732664629905342,0.8097299078867453,21,10,10,168,21,1.0,0
evaluation_population,arousal,20260829,s1_r0,0.25,0.23073707546366914,0.26939712067394,0.12727272727272732,0.10732664629905342,0.8097299078867453,21,10,10,168,21,1.0,0
evaluation_population,arousal,20260829,s1_r0,0.5,0.4936934657767663,0.4540985468851856,0.12727272727272732,0.10732664629905342,0.8097299078867453,21,10,10,168,21,1.0,0
evaluation_population,arousal,20260829,s1_r0,0.75,0.8704926869169723,0.7187635487777683,0.12727272727272732,0.10732664629905342,0.8097299078867453,21,10,10,168,21,1.0,0
evaluation_population,arousal,20260829,s1_r0,1.0,1.0,0.8097299078867453,0.12727272727272732,0.10732664629905342,0.8097299078867453,21,10,10,168,21,1.0,0
evaluation_population,arousal,20260829,s1_r1,0.0,0.0,0.0,0.0,0.0,0.6344352177382209,21,10,10,168,21,1.0,0
evaluation_population,arousal,20260829,s1_r1,0.25,0.2537100607368428,0.16096259762595613,0.3500000000000001,0.0,0.6344352177382209,21,10,10,168,21,1.0,0
evaluation_population,arousal,20260829,s1_r1,0.5,0.49046607514103124,0.31116895117531074,0.3500000000000001,0.0,0.6344352177382209,21,10,10,168,21,1.0,0
evaluation_population,arousal,20260829,s1_r1,0.75,0.7356991127115463,0.4667534267629658,0.3500000000000001,0.0,0.6344352177382209,21,10,10,168,21,1.0,0
evaluation_population,arousal,20260829,s1_r1,1.0,1.0,0.6344352177382209,0.3500000000000001,0.0,0.6344352177382209,21,10,10,168,21,1.0,0
evaluation_population,arousal,20260829,s2_r0,0.0,0.0,0.004732118781357297,0.0,0.004732118781357297,0.7187635487777683,21,10,10,168,21,1.0,0
evaluation_population,arousal,20260829,s2_r0,0.25,0.22844382632052881,0.16784819076285623,0.0,0.004732118781357297,0.7187635487777683,21,10,10,168,21,1.0,0
evaluation_population,arousal,20260829,s2_r0,0.5,0.48782062935866577,0.35305138034407463,0.033653846153846145,0.004732118781357297,0.7187635487777683,21,10,10,168,21,1.0,0
evaluation_population,arousal,20260829,s2_r0,0.75,0.6423098768521789,0.46336155865093726,0.13461538461538458,0.004732118781357297,0.7187635487777683,21,10,10,168,21,1.0,0
evaluation_population,arousal,20260829,s2_r0,1.0,1.0,0.7187635487777683,0.033653846153846145,0.004732118781357297,0.7187635487777683,21,10,10,168,21,1.0,0
evaluation_population,arousal,20260829,s2_r1,0.0,0.0,0.008130957294339092,0.0,0.008130957294339092,0.829198600737597,21,10,10,168,21,1.0,0
evaluation_population,arousal,20260829,s2_r1,0.25,0.27318148423591837,0.2324314347882561,-0.0357142857142857,0.008130957294339092,0.829198600737597,21,10,10,168,21,1.0,0
evaluation_population,arousal,20260829,s2_r1,0.5,0.4972110271647208,0.4163748436624781,0.0357142857142857,0.008130957294339092,0.829198600737597,21,10,10,168,21,1.0,0
evaluation_population,arousal,20260829,s2_r1,0.75,0.679734322931742,0.5662388159914029,0.0357142857142857,0.008130957294339092,0.829198600737597,21,10,10,168,21,1.0,0
evaluation_population,arousal,20260829,s2_r1,1.0,1.0,0.829198600737597,0.0357142857142857,0.008130957294339092,0.829198600737597,21,10,10,168,21,1.0,0
evaluation_population,arousal,20260829,s3_r0,0.0,0.0,0.0,0.0,0.0,0.6344352177382209,21,10,10,168,21,1.0,0
evaluation_population,arousal,20260829,s3_r0,0.25,0.2537100607368428,0.16096259762595613,0.17500000000000004,0.0,0.6344352177382209,21,10,10,168,21,1.0,0
evaluation_population,arousal,20260829,s3_r0,0.5,0.49046607514103124,0.31116895117531074,0.17500000000000004,0.0,0.6344352177382209,21,10,10,168,21,1.0,0
evaluation_population,arousal,20260829,s3_r0,0.75,0.7356991127115463,0.4667534267629658,0.17500000000000004,0.0,0.6344352177382209,21,10,10,168,21,1.0,0
evaluation_population,arousal,20260829,s3_r0,1.0,1.0,0.6344352177382209,0.17500000000000004,0.0,0.6344352177382209,21,10,10,168,21,1.0,0
evaluation_population,arousal,20260829,s3_r1,0.0,0.0,0.03500209820680635,0.0,0.03500209820680635,0.6540971147061199,21,10,10,168,21,1.0,0
evaluation_population,arousal,20260829,s3_r1,0.25,0.22768721630869945,0.1759621191441234,0.0,0.03500209820680635,0.6540971147061199,21,10,10,168,21,1.0,0
evaluation_population,arousal,20260829,s3_r1,0.5,0.5033101201971893,0.34659888537455674,0.15909090909090917,0.03500209820680635,0.6540971147061199,21,10,10,168,21,1.0,0
evaluation_population,arousal,20260829,s3_r1,0.75,0.6583624808381389,0.4425910291438229,0.15909090909090917,0.03500209820680635,0.6540971147061199,21,10,10,168,21,1.0,0
evaluation_population,arousal,20260829,s3_r1,1.0,1.0,0.6540971147061199,0.15909090909090917,0.03500209820680635,0.6540971147061199,21,10,10,168,21,1.0,0
evaluation_population,arousal,20260829,s4_r0,0.0,0.0,0.1982666122027607,0.38888888888888884,0.1982666122027607,0.8097299078867453,21,10,10,168,21,1.0,0
evaluation_population,arousal,20260829,s4_r0,0.25,0.23656425664895647,0.34291697221436357,0.19444444444444442,0.1982666122027607,0.8097299078867453,21,10,10,168,21,1.0,0
evaluation_population,arousal,20260829,s4_r0,0.5,0.4879412032930729,0.49662474846835214,0.38888888888888884,0.1982666122027607,0.8097299078867453,21,10,10,168,21,1.0,0
evaluation_population,arousal,20260829,s4_r0,0.75,0.6651627319246078,0.6049892084315441,0.19444444444444442,0.1982666122027607,0.8097299078867453,21,10,10,168,21,1.0,0
evaluation_population,arousal,20260829,s4_r0,1.0,1.0,0.8097299078867453,0.38888888888888884,0.1982666122027607,0.8097299078867453,21,10,10,168,21,1.0,0
evaluation_population,arousal,20260829,s4_r1,0.0,0.0,0.11054812497152393,0.0,0.11054812497152393,0.5316031812778753,21,10,10,168,21,1.0,0
evaluation_population,arousal,20260829,s4_r1,0.25,0.25837597450070177,0.21933863546312532,0.0,0.11054812497152393,0.5316031812778753,21,10,10,168,21,1.0,0
evaluation_population,arousal,20260829,s4_r1,0.5,0.4318839979552241,0.29239506604837295,0.3928571428571428,0.11054812497152393,0.5316031812778753,21,10,10,168,21,1.0,0
evaluation_population,arousal,20260829,s4_r1,0.75,0.9548078419540095,0.5125747946272152,0.3928571428571428,0.11054812497152393,0.5316031812778753,21,10,10,168,21,1.0,0
evaluation_population,arousal,20260829,s4_r1,1.0,1.0,0.5316031812778753,0.3928571428571428,0.11054812497152393,0.5316031812778753,21,10,10,168,21,1.0,0
evaluation_population,valence,20260829,s0_r0,0.0,0.0,0.004732118781357297,0.0,0.004732118781357297,0.556610897431465,21,10,10,168,21,1.0,0
evaluation_population,valence,20260829,s0_r0,0.25,0.22784458303520758,0.1304747089888707,0.0,0.004732118781357297,0.556610897431465,21,10,10,168,21,1.0,0
evaluation_population,valence,20260829,s0_r0,0.5,0.47957089877590825,0.26939712067394,0.2857142857142857,0.004732118781357297,0.556610897431465,21,10,10,168,21,1.0,0
evaluation_population,valence,20260829,s0_r0,0.75,0.769298908474146,0.42929186080693,-0.1428571428571429,0.004732118781357297,0.556610897431465,21,10,10,168,21,1.0,0
evaluation_population,valence,20260829,s0_r0,1.0,1.0,0.556610897431465,0.1428571428571428,0.004732118781357297,0.556610897431465,21,10,10,168,21,1.0,0
evaluation_population,valence,20260829,s0_r1,0.0,0.0,0.004732118781357297,0.0,0.004732118781357297,0.7447215534424859,21,10,10,168,21,1.0,0
evaluation_population,valence,20260829,s0_r1,0.25,0.261536833306317,0.19826661220276065,0.0714285714285714,0.004732118781357297,0.7447215534424859,21,10,10,168,21,1.0,0
evaluation_population,valence,20260829,s0_r1,0.5,0.4707084253469469,0.35305138034407463,0.0714285714285714,0.004732118781357297,0.7447215534424859,21,10,10,168,21,1.0,0
evaluation_population,valence,20260829,s0_r1,0.75,0.6854041512237239,0.5119239491597914,0.0714285714285714,0.004732118781357297,0.7447215534424859,21,10,10,168,21,1.0,0
evaluation_population,valence,20260829,s0_r1,1.0,1.0,0.7447215534424859,0.0714285714285714,0.004732118781357297,0.7447215534424859,21,10,10,168,21,1.0,0
evaluation_population,valence,20260829,s1_r0,0.0,0.0,0.03500209820680635,0.0,0.03500209820680635,0.6540971147061199,21,10,10,168,21,1.0,0
evaluation_population,valence,20260829,s1_r0,0.25,0.22768721630869945,0.1759621191441234,0.1166666666666667,0.03500209820680635,0.6540971147061199,21,10,10,168,21,1.0,0
evaluation_population,valence,20260829,s1_r0,0.5,0.5033101201971893,0.34659888537455674,0.1166666666666667,0.03500209820680635,0.6540971147061199,21,10,10,168,21,1.0,0
evaluation_population,valence,20260829,s1_r0,0.75,0.5968238338493609,0.40449275947096,0.1166666666666667,0.03500209820680635,0.6540971147061199,21,10,10,168,21,1.0,0
evaluation_population,valence,20260829,s1_r0,1.0,1.0,0.6540971147061199,0.1166666666666667,0.03500209820680635,0.6540971147061199,21,10,10,168,21,1.0,0
evaluation_population,valence,20260829,s1_r1,0.0,0.0,0.004732118781357297,0.0,0.004732118781357297,0.7187635487777683,21,10,10,168,21,1.0,0
evaluation_population,valence,20260829,s1_r1,0.25,0.23798310276057802,0.17465953396047565,0.08750000000000002,0.004732118781357297,0.7187635487777683,21,10,10,168,21,1.0,0
evaluation_population,valence,20260829,s1_r1,0.5,0.48782062935866577,0.35305138034407463,0.08750000000000002,0.004732118781357297,0.7187635487777683,21,10,10,168,21,1.0,0
evaluation_population,valence,20260829,s1_r1,0.75,0.7103214355437877,0.5119239491597914,0.08750000000000002,0.004732118781357297,0.7187635487777683,21,10,10,168,21,1.0,0
evaluation_population,valence,20260829,s1_r1,1.0,1.0,0.7187635487777683,0.08750000000000002,0.004732118781357297,0.7187635487777683,21,10,10,168,21,1.0,0
evaluation_population,valence,20260829,s2_r0,0.0,0.0,0.008130957294339092,0.0,0.008130957294339092,0.778979417334536,21,10,10,168,21,1.0,0
evaluation_population,valence,20260829,s2_r0,0.25,0.2230879634123706,0.18009797034426878,0.0,0.008130957294339092,0.778979417334536,21,10,10,168,21,1.0,0
evaluation_population,valence,20260829,s2_r0,0.5,0.5022241199367941,0.39526964674265996,0.0,0.008130957294339092,0.778979417334536,21,10,10,168,21,1.0,0
evaluation_population,valence,20260829,s2_r0,0.75,0.6492789696411018,0.5086266511786681,0.0,0.008130957294339092,0.778979417334536,21,10,10,168,21,1.0,0
evaluation_population,valence,20260829,s2_r0,1.0,1.0,0.778979417334536,0.0,0.008130957294339092,0.778979417334536,21,10,10,168,21,1.0,0
evaluation_population,valence,20260829,s2_r1,0.0,0.0,0.008130957294339092,0.0,0.008130957294339092,0.5086266511786681,21,10,10,168,21,1.0,0
evaluation_population,valence,20260829,s2_r1,0.25,0.25778482859230123,0.13715115395349572,0.0,0.008130957294339092,0.5086266511786681,21,10,10,168,21,1.0,0
evaluation_population,valence,20260829,s2_r1,0.5,0.499798966017431,0.2582781875939034,0.0,0.008130957294339092,0.5086266511786681,21,10,10,168,21,1.0,0
evaluation_population,valence,20260829,s2_r1,0.75,0.7735105300182534,0.39526964674265996,0.0,0.008130957294339092,0.5086266511786681,21,10,10,168,21,1.0,0
evaluation_population,valence,20260829,s2_r1,1.0,1.0,0.5086266511786681,-0.09722222222222221,0.008130957294339092,0.5086266511786681,21,10,10,168,21,1.0,0
evaluation_population,valence,20260829,s3_r0,0.0,0.0,0.008130957294339092,0.0,0.008130957294339092,0.6277010815309156,21,10,10,168,21,1.0,0
evaluation_population,valence,20260829,s3_r0,0.25,0.26282450619298403,0.1709691692487431,-0.2545454545454545,0.008130957294339092,0.6277010815309156,21,10,10,168,21,1.0,0
evaluation_population,valence,20260829,s3_r0,0.5,0.5152203006645871,0.3273460629863037,0.12727272727272732,0.008130957294339092,0.6277010815309156,21,10,10,168,21,1.0,0
evaluation_population,valence,20260829,s3_r0,0.75,0.7262040417201814,0.4580652856440159,0.12727272727272732,0.008130957294339092,0.6277010815309156,21,10,10,168,21,1.0,0
evaluation_population,valence,20260829,s3_r0,1.0,1.0,0.6277010815309156,-0.2545454545454545,0.008130957294339092,0.6277010815309156,21,10,10,168,21,1.0,0
evaluation_population,valence,20260829,s3_r1,0.0,0.0,0.0,0.0,0.0,0.8471115865425767,21,10,10,168,21,1.0,0
evaluation_population,valence,20260829,s3_r1,0.25,0.24797360596971765,0.21006131477369128,0.13461538461538458,0.0,0.8471115865425767,21,10,10,168,21,1.0,0
evaluation_population,valence,20260829,s3_r1,0.5,0.4887493052628804,0.41402519940282073,-0.033653846153846145,0.0,0.8471115865425767,21,10,10,168,21,1.0,0
evaluation_population,valence,20260829,s3_r1,0.75,0.7489393697560215,0.6344352177382209,0.13461538461538458,0.0,0.8471115865425767,21,10,10,168,21,1.0,0
evaluation_population,valence,20260829,s3_r1,1.0,1.0,0.8471115865425767,-0.033653846153846145,0.0,0.8471115865425767,21,10,10,168,21,1.0,0
evaluation_population,valence,20260829,s4_r0,0.0,0.0,0.008130957294339092,0.0,0.008130957294339092,0.829198600737597,21,10,10,168,21,1.0,0
evaluation_population,valence,20260829,s4_r0,0.25,0.27318148423591837,0.2324314347882561,-0.09722222222222221,0.008130957294339092,0.829198600737597,21,10,10,168,21,1.0,0
evaluation_population,valence,20260829,s4_r0,0.5,0.4972110271647208,0.4163748436624781,-0.09722222222222221,0.008130957294339092,0.829198600737597,21,10,10,168,21,1.0,0
evaluation_population,valence,20260829,s4_r0,0.75,0.7545908417951116,0.6277010815309156,-0.09722222222222221,0.008130957294339092,0.829198600737597,21,10,10,168,21,1.0,0
evaluation_population,valence,20260829,s4_r0,1.0,1.0,0.829198600737597,-0.09722222222222221,0.008130957294339092,0.829198600737597,21,10,10,168,21,1.0,0
evaluation_population,valence,20260829,s4_r1,0.0,0.0,0.008130957294339092,0.0,0.008130957294339092,0.778979417334536,21,10,10,168,21,1.0,0
evaluation_population,valence,20260829,s4_r1,0.25,0.2230879634123706,0.18009797034426878,-0.19444444444444442,0.008130957294339092,0.778979417334536,21,10,10,168,21,1.0,0
evaluation_population,valence,20260829,s4_r1,0.5,0.5022241199367941,0.39526964674265996,-0.19444444444444442,0.008130957294339092,0.778979417334536,21,10,10,168,21,1.0,0
evaluation_population,valence,20260829,s4_r1,0.75,0.7240176086853187,0.5662388159914029,-0.19444444444444448,0.008130957294339092,0.778979417334536,21,10,10,168,21,1.0,0
evaluation_population,valence,20260829,s4_r1,1.0,1.0,0.778979417334536,-0.19444444444444442,0.008130957294339092,0.778979417334536,21,10,10,168,21,1.0,0
evaluation_population,arousal,20260911,s0_r0,0.0,0.0,0.03500209820680635,0.0,0.03500209820680635,0.6434709124204981,21,10,10,168,21,1.0,0
evaluation_population,arousal,20260911,s0_r0,0.25,0.23166350952509532,0.1759621191441234,0.0,0.03500209820680635,0.6434709124204981,21,10,10,168,21,1.0,0
evaluation_population,arousal,20260911,s0_r0,0.5,0.5120998478293727,0.34659888537455674,-0.16826923076923078,0.03500209820680635,0.6434709124204981,21,10,10,168,21,1.0,0
evaluation_population,arousal,20260911,s0_r0,0.75,0.6072466700559447,0.40449275947096,0.13461538461538458,0.03500209820680635,0.6434709124204981,21,10,10,168,21,1.0,0
evaluation_population,arousal,20260911,s0_r0,1.0,1.0,0.6434709124204981,0.13461538461538458,0.03500209820680635,0.6434709124204981,21,10,10,168,21,1.0,0
evaluation_population,arousal,20260911,s0_r1,0.0,0.0,0.008130957294339092,0.0,0.008130957294339092,0.5662388159914029,21,10,10,168,21,1.0,0
evaluation_population,arousal,20260911,s0_r1,0.25,0.24701685211079683,0.1459930036879852,0.0,0.008130957294339092,0.5662388159914029,21,10,10,168,21,1.0,0
evaluation_population,arousal,20260911,s0_r1,0.5,0.5083921629056706,0.29186861871199177,0.10294117647058831,0.008130957294339092,0.5662388159914029,21,10,10,168,21,1.0,0
evaluation_population,arousal,20260911,s0_r1,0.75,0.7314784767969561,0.4163748436624781,0.05147058823529416,0.008130957294339092,0.5662388159914029,21,10,10,168,21,1.0,0
evaluation_population,arousal,20260911,s0_r1,1.0,1.0,0.5662388159914029,0.05147058823529416,0.008130957294339092,0.5662388159914029,21,10,10,168,21,1.0,0
evaluation_population,arousal,20260911,s1_r0,0.0,0.0,0.008130957294339092,0.0,0.008130957294339092,0.778979417334536,21,10,10,168,21,1.0,0
evaluation_population,arousal,20260911,s1_r0,0.25,0.2230879634123706,0.18009797034426878,-0.09722222222222221,0.008130957294339092,0.778979417334536,21,10,10,168,21,1.0,0
evaluation_population,arousal,20260911,s1_r0,0.5,0.5022241199367941,0.39526964674265996,0.0,0.008130957294339092,0.778979417334536,21,10,10,168,21,1.0,0
evaluation_population,arousal,20260911,s1_r0,0.75,0.6492789696411018,0.5086266511786681,0.0,0.008130957294339092,0.778979417334536,21,10,10,168,21,1.0,0
evaluation_population,arousal,20260911,s1_r0,1.0,1.0,0.778979417334536,0.0,0.008130957294339092,0.778979417334536,21,10,10,168,21,1.0,0
evaluation_population,arousal,20260911,s1_r1,0.0,0.0,0.008130957294339092,0.09722222222222221,0.008130957294339092,0.778979417334536,21,10,10,168,21,1.0,0
evaluation_population,arousal,20260911,s1_r1,0.25,0.2230879634123706,0.18009797034426878,-0.09722222222222221,0.008130957294339092,0.778979417334536,21,10,10,168,21,1.0,0
evaluation_population,arousal,20260911,s1_r1,0.5,0.5022241199367941,0.39526964674265996,-0.09722222222222221,0.008130957294339092,0.778979417334536,21,10,10,168,21,1.0,0
evaluation_population,arousal,20260911,s1_r1,0.75,0.6681374747586278,0.5231637008071733,0.0,0.008130957294339092,0.778979417334536,21,10,10,168,21,1.0,0
evaluation_population,arousal,20260911,s1_r1,1.0,1.0,0.778979417334536,0.0,0.008130957294339092,0.778979417334536,21,10,10,168,21,1.0,0
evaluation_population,arousal,20260911,s2_r0,0.0,0.0,0.03500209820680635,0.0,0.03500209820680635,0.6540971147061199,21,10,10,168,21,1.0,0
evaluation_population,arousal,20260911,s2_r0,0.25,0.22768721630869945,0.1759621191441234,0.23557692307692313,0.03500209820680635,0.6540971147061199,21,10,10,168,21,1.0,0
evaluation_population,arousal,20260911,s2_r0,0.5,0.5033101201971893,0.34659888537455674,0.23557692307692313,0.03500209820680635,0.6540971147061199,21,10,10,168,21,1.0,0
evaluation_population,arousal,20260911,s2_r0,0.75,0.6583624808381389,0.4425910291438229,0.23557692307692313,0.03500209820680635,0.6540971147061199,21,10,10,168,21,1.0,0
evaluation_population,arousal,20260911,s2_r0,1.0,1.0,0.6540971147061199,0.23557692307692313,0.03500209820680635,0.6540971147061199,21,10,10,168,21,1.0,0
evaluation_population,arousal,20260911,s2_r1,0.0,0.0,0.07330911319957338,0.30625,0.07330911319957338,0.8327496873249557,21,10,10,168,21,1.0,0
evaluation_population,arousal,20260911,s2_r1,0.25,0.2435596420527723,0.2582781875939034,0.30625,0.07330911319957338,0.8327496873249557,21,10,10,168,21,1.0,0
evaluation_population,arousal,20260911,s2_r1,0.5,0.506631046000605,0.4580652856440159,0.21875,0.07330911319957338,0.8327496873249557,21,10,10,168,21,1.0,0
evaluation_population,arousal,20260911,s2_r1,0.75,0.730000459838235,0.6277010815309156,0.21875,0.07330911319957338,0.8327496873249557,21,10,10,168,21,1.0,0
evaluation_population,arousal,20260911,s2_r1,1.0,1.0,0.8327496873249557,0.30625,0.07330911319957338,0.8327496873249557,21,10,10,168,21,1.0,0
evaluation_population,arousal,20260911,s3_r0,0.0,0.0,0.0751105862453152,0.29166666666666674,0.0751105862453152,0.8327496873249557,21,10,10,168,21,1.0,0
evaluation_population,arousal,20260911,s3_r0,0.25,0.2566300125130635,0.2695435182357695,0.19444444444444442,0.0751105862453152,0.8327496873249557,21,10,10,168,21,1.0,0
evaluation_population,arousal,20260911,s3_r0,0.5,0.5563796883127415,0.49664559315755125,0.29166666666666674,0.0751105862453152,0.8327496873249557,21,10,10,168,21,1.0,0
evaluation_population,arousal,20260911,s3_r0,0.75,0.7293584696172036,0.6277010815309156,0.29166666666666674,0.0751105862453152,0.8327496873249557,21,10,10,168,21,1.0,0
evaluation_population,arousal,20260911,s3_r0,1.0,1.0,0.8327496873249557,0.29166666666666674,0.0751105862453152,0.8327496873249557,21,10,10,168,21,1.0,0
evaluation_population,arousal,20260911,s3_r1,0.0,0.0,0.13715115395349572,0.33653846153846156,0.13715115395349572,0.8568172128587529,21,10,10,168,21,1.0,0
evaluation_population,arousal,20260911,s3_r1,0.25,0.2642821718202593,0.32734606298630375,0.33653846153846156,0.13715115395349572,0.8568172128587529,21,10,10,168,21,1.0,0
evaluation_population,arousal,20260911,s3_r1,0.5,0.5161775974126862,0.5086266511786681,0.16826923076923084,0.13715115395349572,0.8568172128587529,21,10,10,168,21,1.0,0
evaluation_population,arousal,20260911,s3_r1,0.75,0.6816354912216307,0.6277010815309157,0.33653846153846156,0.13715115395349572,0.8568172128587529,21,10,10,168,21,1.0,0
evaluation_population,arousal,20260911,s3_r1,1.0,1.0,0.8568172128587529,0.33653846153846156,0.13715115395349572,0.8568172128587529,21,10,10,168,21,1.0,0
evaluation_population,arousal,20260911,s4_r0,0.0,0.0,0.03500209820680635,0.0,0.03500209820680635,0.4425910291438229,21,10,10,168,21,1.0,0
evaluation_population,arousal,20260911,s4_r0,0.25,0.2719359320690844,0.14584017404220564,0.0,0.03500209820680635,0.4425910291438229,21,10,10,168,21,1.0,0
evaluation_population,arousal,20260911,s4_r0,0.5,0.47116262047101903,0.2270427669820723,0.0,0.03500209820680635,0.4425910291438229,21,10,10,168,21,1.0,0
evaluation_population,arousal,20260911,s4_r0,0.75,0.6725264456068692,0.3091164331985818,0.0,0.03500209820680635,0.4425910291438229,21,10,10,168,21,1.0,0
evaluation_population,arousal,20260911,s4_r0,1.0,1.0,0.4425910291438229,0.09210526315789469,0.03500209820680635,0.4425910291438229,21,10,10,168,21,1.0,0
evaluation_population,arousal,20260911,s4_r1,0.0,0.0,0.0858526636414676,0.0,0.0858526636414676,0.5316031812778753,21,10,10,168,21,1.0,0
evaluation_population,arousal,20260911,s4_r1,0.25,0.25162481809076753,0.19801455655559416,0.0,0.0858526636414676,0.5316031812778753,21,10,10,168,21,1.0,0
evaluation_population,arousal,20260911,s4_r1,0.5,0.46335874942354865,0.29239506604837295,0.0,0.0858526636414676,0.5316031812778753,21,10,10,168,21,1.0,0
evaluation_population,arousal,20260911,s4_r1,0.75,0.9573115769970204,0.5125747946272152,0.043749999999999956,0.0858526636414676,0.5316031812778753,21,10,10,168,21,1.0,0
evaluation_population,arousal,20260911,s4_r1,1.0,1.0,0.5316031812778753,0.043749999999999956,0.0858526636414676,0.5316031812778753,21,10,10,168,21,1.0,0
evaluation_population,valence,20260911,s0_r0,0.0,0.0,0.008130957294339092,0.0,0.008130957294339092,0.5086266511786681,21,10,10,168,21,1.0,0
evaluation_population,valence,20260911,s0_r0,0.25,0.25778482859230123,0.13715115395349572,0.0,0.008130957294339092,0.5086266511786681,21,10,10,168,21,1.0,0
evaluation_population,valence,20260911,s0_r0,0.5,0.499798966017431,0.2582781875939034,-0.08750000000000002,0.008130957294339092,0.5086266511786681,21,10,10,168,21,1.0,0
evaluation_population,valence,20260911,s0_r0,0.75,0.7003636745459054,0.35865996055757043,-0.08750000000000002,0.008130957294339092,0.5086266511786681,21,10,10,168,21,1.0,0
evaluation_population,valence,20260911,s0_r0,1.0,1.0,0.5086266511786681,-0.08750000000000002,0.008130957294339092,0.5086266511786681,21,10,10,168,21,1.0,0
evaluation_population,valence,20260911,s0_r1,0.0,0.0,0.03500209820680635,0.0,0.03500209820680635,0.6540971147061199,21,10,10,168,21,1.0,0
evaluation_population,valence,20260911,s0_r1,0.25,0.22768721630869945,0.1759621191441234,0.0,0.03500209820680635,0.6540971147061199,21,10,10,168,21,1.0,0
evaluation_population,valence,20260911,s0_r1,0.5,0.4427661791589941,0.3091164331985818,0.0,0.03500209820680635,0.6540971147061199,21,10,10,168,21,1.0,0
evaluation_population,valence,20260911,s0_r1,0.75,0.5968238338493609,0.40449275947096,0.0,0.03500209820680635,0.6540971147061199,21,10,10,168,21,1.0,0
evaluation_population,valence,20260911,s0_r1,1.0,1.0,0.6540971147061199,0.0,0.03500209820680635,0.6540971147061199,21,10,10,168,21,1.0,0
evaluation_population,valence,20260911,s1_r0,0.0,0.0,0.008130957294339092,-0.07142857142857145,0.008130957294339092,0.778979417334536,21,10,10,168,21,1.0,0
evaluation_population,valence,20260911,s1_r0,0.25,0.2230879634123706,0.18009797034426878,-0.0357142857142857,0.008130957294339092,0.778979417334536,21,10,10,168,21,1.0,0
evaluation_population,valence,20260911,s1_r0,0.5,0.5022241199367941,0.39526964674265996,-0.07142857142857145,0.008130957294339092,0.778979417334536,21,10,10,168,21,1.0,0
evaluation_population,valence,20260911,s1_r0,0.75,0.7240176086853187,0.5662388159914029,-0.0357142857142857,0.008130957294339092,0.778979417334536,21,10,10,168,21,1.0,0
evaluation_population,valence,20260911,s1_r0,1.0,1.0,0.778979417334536,-0.07142857142857145,0.008130957294339092,0.778979417334536,21,10,10,168,21,1.0,0
evaluation_population,valence,20260911,s1_r1,0.0,0.0,0.004732118781357297,0.0,0.004732118781357297,0.5119239491597914,21,10,10,168,21,1.0,0
evaluation_population,valence,20260911,s1_r1,0.25,0.24791919482159702,0.1304747089888707,0.0,0.004732118781357297,0.5119239491597914,21,10,10,168,21,1.0,0
evaluation_population,valence,20260911,s1_r1,0.5,0.5002405201945371,0.2584500238482847,0.0,0.004732118781357297,0.5119239491597914,21,10,10,168,21,1.0,0
evaluation_population,valence,20260911,s1_r1,0.75,0.6867603945884218,0.35305138034407463,-0.19444444444444448,0.004732118781357297,0.5119239491597914,21,10,10,168,21,1.0,0
evaluation_population,valence,20260911,s1_r1,1.0,1.0,0.5119239491597914,-0.19444444444444448,0.004732118781357297,0.5119239491597914,21,10,10,168,21,1.0,0
evaluation_population,valence,20260911,s2_r0,0.0,0.0,0.0,0.0,0.0,0.804675066467607,21,10,10,168,21,1.0,0
evaluation_population,valence,20260911,s2_r0,0.25,0.23903595255631915,0.19234627101140386,-0.1785714285714286,0.0,0.804675066467607,21,10,10,168,21,1.0,0
evaluation_population,valence,20260911,s2_r0,0.5,0.5145247027726659,0.41402519940282073,-0.1428571428571429,0.0,0.804675066467607,21,10,10,168,21,1.0,0
evaluation_population,valence,20260911,s2_r0,0.75,0.7884365306896963,0.6344352177382209,-0.1428571428571429,0.0,0.804675066467607,21,10,10,168,21,1.0,0
evaluation_population,valence,20260911,s2_r0,1.0,1.0,0.804675066467607,-0.1428571428571429,0.0,0.804675066467607,21,10,10,168,21,1.0,0
evaluation_population,valence,20260911,s2_r1,0.0,0.0,0.004732118781357297,0.0,0.004732118781357297,0.7187635487777683,21,10,10,168,21,1.0,0
evaluation_population,valence,20260911,s2_r1,0.25,0.23798310276057802,0.17465953396047565,-0.22272727272727272,0.004732118781357297,0.7187635487777683,21,10,10,168,21,1.0,0
evaluation_population,valence,20260911,s2_r1,0.5,0.48782062935866577,0.35305138034407463,-0.22272727272727272,0.004732118781357297,0.7187635487777683,21,10,10,168,21,1.0,0
evaluation_population,valence,20260911,s2_r1,0.75,0.7103214355437877,0.5119239491597914,-0.22272727272727272,0.004732118781357297,0.7187635487777683,21,10,10,168,21,1.0,0
evaluation_population,valence,20260911,s2_r1,1.0,1.0,0.7187635487777683,-0.22272727272727272,0.004732118781357297,0.7187635487777683,21,10,10,168,21,1.0,0
evaluation_population,valence,20260911,s3_r0,0.0,0.0,0.008130957294339092,0.031818181818181746,0.008130957294339092,0.5086266511786681,21,10,10,168,21,1.0,0
evaluation_population,valence,20260911,s3_r0,0.25,0.25778482859230123,0.13715115395349572,-0.22272727272727272,0.008130957294339092,0.5086266511786681,21,10,10,168,21,1.0,0
evaluation_population,valence,20260911,s3_r0,0.5,0.499798966017431,0.2582781875939034,-0.2545454545454545,0.008130957294339092,0.5086266511786681,21,10,10,168,21,1.0,0
evaluation_population,valence,20260911,s3_r0,0.75,0.7735105300182534,0.39526964674265996,0.031818181818181746,0.008130957294339092,0.5086266511786681,21,10,10,168,21,1.0,0
evaluation_population,valence,20260911,s3_r0,1.0,1.0,0.5086266511786681,-0.2545454545454545,0.008130957294339092,0.5086266511786681,21,10,10,168,21,1.0,0
evaluation_population,valence,20260911,s3_r1,0.0,0.0,0.03141125771788253,-0.033653846153846145,0.03141125771788253,0.8471115865425767,21,10,10,168,21,1.0,0
evaluation_population,valence,20260911,s3_r1,0.25,0.229328642157803,0.21847470653492304,-0.033653846153846145,0.03141125771788253,0.8471115865425767,21,10,10,168,21,1.0,0
evaluation_population,valence,20260911,s3_r1,0.5,0.469061894625235,0.41402519940282073,-0.033653846153846145,0.03141125771788253,0.8471115865425767,21,10,10,168,21,1.0,0
evaluation_population,valence,20260911,s3_r1,0.75,0.7392714440721244,0.6344352177382209,-0.033653846153846145,0.03141125771788253,0.8471115865425767,21,10,10,168,21,1.0,0
evaluation_population,valence,20260911,s3_r1,1.0,1.0,0.8471115865425767,-0.033653846153846145,0.03141125771788253,0.8471115865425767,21,10,10,168,21,1.0,0
evaluation_population,valence,20260911,s4_r0,0.0,0.0,0.004732118781357297,0.0,0.004732118781357297,0.5119239491597914,21,10,10,168,21,1.0,0
evaluation_population,valence,20260911,s4_r0,0.25,0.24791919482159702,0.1304747089888707,0.0,0.004732118781357297,0.5119239491597914,21,10,10,168,21,1.0,0
evaluation_population,valence,20260911,s4_r0,0.5,0.5002405201945371,0.2584500238482847,0.0,0.004732118781357297,0.5119239491597914,21,10,10,168,21,1.0,0
evaluation_population,valence,20260911,s4_r0,0.75,0.6867603945884218,0.35305138034407463,0.031818181818181746,0.004732118781357297,0.5119239491597914,21,10,10,168,21,1.0,0
evaluation_population,valence,20260911,s4_r0,1.0,1.0,0.5119239491597914,0.031818181818181746,0.004732118781357297,0.5119239491597914,21,10,10,168,21,1.0,0
evaluation_population,valence,20260911,s4_r1,0.0,0.0,0.03141125771788253,0.0714285714285714,0.03141125771788253,0.8471115865425767,21,10,10,168,21,1.0,0
evaluation_population,valence,20260911,s4_r1,0.25,0.229328642157803,0.21847470653492304,0.0714285714285714,0.03141125771788253,0.8471115865425767,21,10,10,168,21,1.0,0
evaluation_population,valence,20260911,s4_r1,0.5,0.469061894625235,0.41402519940282073,0.1428571428571428,0.03141125771788253,0.8471115865425767,21,10,10,168,21,1.0,0
evaluation_population,valence,20260911,s4_r1,0.75,0.7392714440721244,0.6344352177382209,0.0714285714285714,0.03141125771788253,0.8471115865425767,21,10,10,168,21,1.0,0
evaluation_population,valence,20260911,s4_r1,1.0,1.0,0.8471115865425767,0.1428571428571428,0.03141125771788253,0.8471115865425767,21,10,10,168,21,1.0,0
evaluation_population,arousal,20260923,s0_r0,0.0,0.0,0.004732118781357297,0.0,0.004732118781357297,0.7447215534424859,21,10,10,168,21,1.0,0
evaluation_population,arousal,20260923,s0_r0,0.25,0.261536833306317,0.19826661220276065,0.10294117647058831,0.004732118781357297,0.7447215534424859,21,10,10,168,21,1.0,0
evaluation_population,arousal,20260923,s0_r0,0.5,0.4707084253469469,0.35305138034407463,0.10294117647058831,0.004732118781357297,0.7447215534424859,21,10,10,168,21,1.0,0
evaluation_population,arousal,20260923,s0_r0,0.75,0.6647292605093106,0.49662474846835214,0.10294117647058831,0.004732118781357297,0.7447215534424859,21,10,10,168,21,1.0,0
evaluation_population,arousal,20260923,s0_r0,1.0,1.0,0.7447215534424859,0.10294117647058831,0.004732118781357297,0.7447215534424859,21,10,10,168,21,1.0,0
evaluation_population,arousal,20260923,s0_r1,0.0,0.0,0.03500209820680635,0.0,0.03500209820680635,0.4425910291438229,21,10,10,168,21,1.0,0
evaluation_population,arousal,20260923,s0_r1,0.25,0.2719359320690844,0.14584017404220564,0.0,0.03500209820680635,0.4425910291438229,21,10,10,168,21,1.0,0
evaluation_population,arousal,20260923,s0_r1,0.5,0.47116262047101903,0.2270427669820723,0.0,0.03500209820680635,0.4425910291438229,21,10,10,168,21,1.0,0
evaluation_population,arousal,20260923,s0_r1,0.75,0.7644878541019566,0.34659888537455674,0.2333333333333334,0.03500209820680635,0.4425910291438229,21,10,10,168,21,1.0,0
evaluation_population,arousal,20260923,s0_r1,1.0,1.0,0.4425910291438229,0.2333333333333334,0.03500209820680635,0.4425910291438229,21,10,10,168,21,1.0,0
evaluation_population,arousal,20260923,s1_r0,0.0,0.0,0.16096259762595613,0.19444444444444442,0.16096259762595613,0.8471115865425767,21,10,10,168,21,1.0,0
evaluation_population,arousal,20260923,s1_r0,0.25,0.25716690034493717,0.3374174062804561,0.29166666666666674,0.16096259762595613,0.8471115865425767,21,10,10,168,21,1.0,0
evaluation_population,arousal,20260923,s1_r0,0.5,0.5461346206597906,0.5356923154040335,0.29166666666666674,0.16096259762595613,0.8471115865425767,21,10,10,168,21,1.0,0
evaluation_population,arousal,20260923,s1_r0,0.75,0.6900434566840121,0.6344352177382209,0.29166666666666674,0.16096259762595613,0.8471115865425767,21,10,10,168,21,1.0,0
evaluation_population,arousal,20260923,s1_r0,1.0,1.0,0.8471115865425767,0.19444444444444442,0.16096259762595613,0.8471115865425767,21,10,10,168,21,1.0,0
evaluation_population,arousal,20260923,s1_r1,0.0,0.0,0.13715115395349572,0.3181818181818181,0.13715115395349572,0.856817212858753,21,10,10,168,21,1.0,0
evaluation_population,arousal,20260923,s1_r1,0.25,0.26858149687441085,0.33044014130397764,0.3181818181818181,0.13715115395349572,0.856817212858753,21,10,10,168,21,1.0,0
evaluation_population,arousal,20260923,s1_r1,0.5,0.5161775974126862,0.5086266511786681,0.2545454545454545,0.13715115395349572,0.856817212858753,21,10,10,168,21,1.0,0
evaluation_population,arousal,20260923,s1_r1,0.75,0.6816354912216306,0.6277010815309157,0.3181818181818181,0.13715115395349572,0.856817212858753,21,10,10,168,21,1.0,0
evaluation_population,arousal,20260923,s1_r1,1.0,1.0,0.856817212858753,0.3181818181818181,0.13715115395349572,0.856817212858753,21,10,10,168,21,1.0,0
evaluation_population,arousal,20260923,s2_r0,0.0,0.0,0.008130957294339092,0.031818181818181746,0.008130957294339092,0.5086266511786681,21,10,10,168,21,1.0,0
evaluation_population,arousal,20260923,s2_r0,0.25,0.25778482859230123,0.13715115395349572,-0.03181818181818186,0.008130957294339092,0.5086266511786681,21,10,10,168,21,1.0,0
evaluation_population,arousal,20260923,s2_r0,0.5,0.499798966017431,0.2582781875939034,0.22272727272727266,0.008130957294339092,0.5086266511786681,21,10,10,168,21,1.0,0
evaluation_population,arousal,20260923,s2_r0,0.75,0.7735105300182534,0.39526964674265996,0.22272727272727266,0.008130957294339092,0.5086266511786681,21,10,10,168,21,1.0,0
evaluation_population,arousal,20260923,s2_r0,1.0,1.0,0.5086266511786681,0.22272727272727266,0.008130957294339092,0.5086266511786681,21,10,10,168,21,1.0,0
evaluation_population,arousal,20260923,s2_r1,0.0,0.0,0.03141125771788253,0.0,0.03141125771788253,0.6344352177382209,21,10,10,168,21,1.0,0
evaluation_population,arousal,20260923,s2_r1,0.25,0.2668799649156452,0.19234627101140386,0.09722222222222221,0.03141125771788253,0.6344352177382209,21,10,10,168,21,1.0,0
evaluation_population,arousal,20260923,s2_r1,0.5,0.5337599298312904,0.3532812843049252,0.0,0.03141125771788253,0.6344352177382209,21,10,10,168,21,1.0,0
evaluation_population,arousal,20260923,s2_r1,0.75,0.7219317936063443,0.4667534267629658,0.0,0.03141125771788253,0.6344352177382209,21,10,10,168,21,1.0,0
evaluation_population,arousal,20260923,s2_r1,1.0,1.0,0.6344352177382209,0.0,0.03141125771788253,0.6344352177382209,21,10,10,168,21,1.0,0
evaluation_population,arousal,20260923,s3_r0,0.0,0.0,0.008130957294339092,0.22272727272727266,0.008130957294339092,0.778979417334536,21,10,10,168,21,1.0,0
evaluation_population,arousal,20260923,s3_r0,0.25,0.2230879634123706,0.18009797034426878,0.35,0.008130957294339092,0.778979417334536,21,10,10,168,21,1.0,0
evaluation_population,arousal,20260923,s3_r0,0.5,0.5022241199367941,0.39526964674265996,0.12727272727272732,0.008130957294339092,0.778979417334536,21,10,10,168,21,1.0,0
evaluation_population,arousal,20260923,s3_r0,0.75,0.7240176086853187,0.5662388159914029,0.35,0.008130957294339092,0.778979417334536,21,10,10,168,21,1.0,0
evaluation_population,arousal,20260923,s3_r0,1.0,1.0,0.778979417334536,0.12727272727272732,0.008130957294339092,0.778979417334536,21,10,10,168,21,1.0,0
evaluation_population,arousal,20260923,s3_r1,0.0,0.0,0.19234627101140386,0.19444444444444442,0.19234627101140386,0.8471115865425767,21,10,10,168,21,1.0,0
evaluation_population,arousal,20260923,s3_r1,0.25,0.2457903763014145,0.3532812843049252,0.19444444444444442,0.19234627101140386,0.8471115865425767,21,10,10,168,21,1.0,0
evaluation_population,arousal,20260923,s3_r1,0.5,0.5243803180290529,0.5356923154040335,0.19444444444444442,0.19234627101140386,0.8471115865425767,21,10,10,168,21,1.0,0
evaluation_population,arousal,20260923,s3_r1,0.75,0.6751868741980874,0.6344352177382209,0.19444444444444442,0.19234627101140386,0.8471115865425767,21,10,10,168,21,1.0,0
evaluation_population,arousal,20260923,s3_r1,1.0,1.0,0.8471115865425767,0.19444444444444442,0.19234627101140386,0.8471115865425767,21,10,10,168,21,1.0,0
evaluation_population,arousal,20260923,s4_r0,0.0,0.0,0.004732118781357297,0.0,0.004732118781357297,0.7187635487777683,21,10,10,168,21,1.0,0
evaluation_population,arousal,20260923,s4_r0,0.25,0.2567386587076101,0.18805159039371264,0.0,0.004732118781357297,0.7187635487777683,21,10,10,168,21,1.0,0
evaluation_population,arousal,20260923,s4_r0,0.5,0.48782062935866577,0.35305138034407463,0.2333333333333334,0.004732118781357297,0.7187635487777683,21,10,10,168,21,1.0,0
evaluation_population,arousal,20260923,s4_r0,0.75,0.7103214355437877,0.5119239491597914,0.2333333333333334,0.004732118781357297,0.7187635487777683,21,10,10,168,21,1.0,0
evaluation_population,arousal,20260923,s4_r0,1.0,1.0,0.7187635487777683,0.2333333333333334,0.004732118781357297,0.7187635487777683,21,10,10,168,21,1.0,0
evaluation_population,arousal,20260923,s4_r1,0.0,0.0,0.004732118781357297,0.0,0.004732118781357297,0.7447215534424859,21,10,10,168,21,1.0,0
evaluation_population,arousal,20260923,s4_r1,0.25,0.26153683330631705,0.1982666122027607,0.1166666666666667,0.004732118781357297,0.7447215534424859,21,10,10,168,21,1.0,0
evaluation_population,arousal,20260923,s4_r1,0.5,0.4707084253469469,0.35305138034407463,0.1166666666666667,0.004732118781357297,0.7447215534424859,21,10,10,168,21,1.0,0
evaluation_population,arousal,20260923,s4_r1,0.75,0.6854041512237239,0.5119239491597914,0.1166666666666667,0.004732118781357297,0.7447215534424859,21,10,10,168,21,1.0,0
evaluation_population,arousal,20260923,s4_r1,1.0,1.0,0.7447215534424859,0.1166666666666667,0.004732118781357297,0.7447215534424859,21,10,10,168,21,1.0,0
evaluation_population,valence,20260923,s0_r0,0.0,0.0,0.008130957294339092,0.0,0.008130957294339092,0.6277010815309156,21,10,10,168,21,1.0,0
evaluation_population,valence,20260923,s0_r0,0.25,0.26282450619298403,0.1709691692487431,-0.06730769230769229,0.008130957294339092,0.6277010815309156,21,10,10,168,21,1.0,0
evaluation_population,valence,20260923,s0_r0,0.5,0.5202142120825826,0.3304401413039776,0.26923076923076916,0.008130957294339092,0.6277010815309156,21,10,10,168,21,1.0,0
evaluation_population,valence,20260923,s0_r0,0.75,0.7262040417201814,0.4580652856440159,-0.2692307692307692,0.008130957294339092,0.6277010815309156,21,10,10,168,21,1.0,0
evaluation_population,valence,20260923,s0_r0,1.0,1.0,0.6277010815309156,-0.06730769230769229,0.008130957294339092,0.6277010815309156,21,10,10,168,21,1.0,0
evaluation_population,valence,20260923,s0_r1,0.0,0.0,0.12750048608888725,0.033653846153846145,0.12750048608888725,0.8327496873249557,21,10,10,168,21,1.0,0
evaluation_population,valence,20260923,s0_r1,0.25,0.23306390469499513,0.29186861871199177,0.033653846153846145,0.12750048608888725,0.8327496873249557,21,10,10,168,21,1.0,0
evaluation_population,valence,20260923,s0_r1,0.5,0.5234250622640547,0.49664559315755125,0.033653846153846145,0.12750048608888725,0.8327496873249557,21,10,10,168,21,1.0,0
evaluation_population,valence,20260923,s0_r1,0.75,0.7092536858820148,0.6277010815309156,0.033653846153846145,0.12750048608888725,0.8327496873249557,21,10,10,168,21,1.0,0
evaluation_population,valence,20260923,s0_r1,1.0,1.0,0.8327496873249557,0.033653846153846145,0.12750048608888725,0.8327496873249557,21,10,10,168,21,1.0,0
evaluation_population,valence,20260923,s1_r0,0.0,0.0,0.0,0.0,0.0,0.5636135142747319,21,10,10,168,21,1.0,0
evaluation_population,valence,20260923,s1_r0,0.25,0.26826404552112715,0.15119724144971913,-0.09722222222222221,0.0,0.5636135142747319,21,10,10,168,21,1.0,0
evaluation_population,valence,20260923,s1_r0,0.5,0.5190389545280369,0.29253736920702966,-0.09722222222222221,0.0,0.5636135142747319,21,10,10,168,21,1.0,0
evaluation_population,valence,20260923,s1_r0,0.75,0.7345906173587691,0.41402519940282073,0.0,0.0,0.5636135142747319,21,10,10,168,21,1.0,0
evaluation_population,valence,20260923,s1_r0,1.0,1.0,0.5636135142747319,-0.09722222222222221,0.0,0.5636135142747319,21,10,10,168,21,1.0,0
evaluation_population,valence,20260923,s1_r1,0.0,0.0,0.008130957294339092,0.0,0.008130957294339092,0.5662388159914029,21,10,10,168,21,1.0,0
evaluation_population,valence,20260923,s1_r1,0.25,0.24701685211079683,0.1459930036879852,0.0,0.008130957294339092,0.5662388159914029,21,10,10,168,21,1.0,0
evaluation_population,valence,20260923,s1_r1,0.5,0.5083921629056706,0.29186861871199177,-0.06363636363636366,0.008130957294339092,0.5662388159914029,21,10,10,168,21,1.0,0
evaluation_population,valence,20260923,s1_r1,0.75,0.64947142158278,0.37060606167884247,-0.06363636363636366,0.008130957294339092,0.5662388159914029,21,10,10,168,21,1.0,0
evaluation_population,valence,20260923,s1_r1,1.0,1.0,0.5662388159914029,-0.12727272727272732,0.008130957294339092,0.5662388159914029,21,10,10,168,21,1.0,0
evaluation_population,valence,20260923,s2_r0,0.0,0.0,0.004732118781357297,0.0,0.004732118781357297,0.46336155865093726,21,10,10,168,21,1.0,0
evaluation_population,valence,20260923,s2_r0,0.25,0.24199652806645458,0.11571885089885843,0.0,0.004732118781357297,0.46336155865093726,21,10,10,168,21,1.0,0
evaluation_population,valence,20260923,s2_r0,0.5,0.5001052363595639,0.23409510320878799,0.0,0.004732118781357297,0.46336155865093726,21,10,10,168,21,1.0,0
evaluation_population,valence,20260923,s2_r0,0.75,0.7594786363077097,0.35305138034407463,0.033653846153846145,0.004732118781357297,0.46336155865093726,21,10,10,168,21,1.0,0
evaluation_population,valence,20260923,s2_r0,1.0,1.0,0.46336155865093726,0.033653846153846145,0.004732118781357297,0.46336155865093726,21,10,10,168,21,1.0,0
evaluation_population,valence,20260923,s2_r1,0.0,0.0,0.008130957294339092,0.0,0.008130957294339092,0.5086266511786681,21,10,10,168,21,1.0,0
evaluation_population,valence,20260923,s2_r1,0.25,0.25778482859230123,0.13715115395349572,0.0,0.008130957294339092,0.5086266511786681,21,10,10,168,21,1.0,0
evaluation_population,valence,20260923,s2_r1,0.5,0.499798966017431,0.2582781875939034,-0.0357142857142857,0.008130957294339092,0.5086266511786681,21,10,10,168,21,1.0,0
evaluation_population,valence,20260923,s2_r1,0.75,0.7735105300182534,0.39526964674265996,0.0714285714285714,0.008130957294339092,0.5086266511786681,21,10,10,168,21,1.0,0
evaluation_population,valence,20260923,s2_r1,1.0,1.0,0.5086266511786681,-0.0357142857142857,0.008130957294339092,0.5086266511786681,21,10,10,168,21,1.0,0
evaluation_population,valence,20260923,s3_r0,0.0,0.0,0.0,0.0,0.0,0.804675066467607,21,10,10,168,21,1.0,0
evaluation_population,valence,20260923,s3_r0,0.25,0.23903595255631915,0.19234627101140386,0.06363636363636371,0.0,0.804675066467607,21,10,10,168,21,1.0,0
evaluation_population,valence,20260923,s3_r0,0.5,0.48619162778727554,0.39122628040572,0.06363636363636371,0.0,0.804675066467607,21,10,10,168,21,1.0,0
evaluation_population,valence,20260923,s3_r0,0.75,0.7884365306896963,0.6344352177382209,0.06363636363636371,0.0,0.804675066467607,21,10,10,168,21,1.0,0
evaluation_population,valence,20260923,s3_r0,1.0,1.0,0.804675066467607,0.06363636363636371,0.0,0.804675066467607,21,10,10,168,21,1.0,0
evaluation_population,valence,20260923,s3_r1,0.0,0.0,0.0,0.0,0.0,0.5636135142747319,21,10,10,168,21,1.0,0
evaluation_population,valence,20260923,s3_r1,0.25,0.26826404552112715,0.15119724144971913,0.06363636363636371,0.0,0.5636135142747319,21,10,10,168,21,1.0,0
evaluation_population,valence,20260923,s3_r1,0.5,0.519038954528037,0.2925373692070298,0.22272727272727266,0.0,0.5636135142747319,21,10,10,168,21,1.0,0
evaluation_population,valence,20260923,s3_r1,0.75,0.7345906173587691,0.41402519940282073,0.06363636363636371,0.0,0.5636135142747319,21,10,10,168,21,1.0,0
evaluation_population,valence,20260923,s3_r1,1.0,1.0,0.5636135142747319,0.06363636363636371,0.0,0.5636135142747319,21,10,10,168,21,1.0,0
evaluation_population,valence,20260923,s4_r0,0.0,0.0,0.0,0.0,0.0,0.5636135142747319,21,10,10,168,21,1.0,0
evaluation_population,valence,20260923,s4_r0,0.25,0.26826404552112715,0.15119724144971913,0.09722222222222221,0.0,0.5636135142747319,21,10,10,168,21,1.0,0
evaluation_population,valence,20260923,s4_r0,0.5,0.519038954528037,0.2925373692070298,0.09722222222222221,0.0,0.5636135142747319,21,10,10,168,21,1.0,0
evaluation_population,valence,20260923,s4_r0,0.75,0.7345906173587691,0.41402519940282073,0.09722222222222221,0.0,0.5636135142747319,21,10,10,168,21,1.0,0
evaluation_population,valence,20260923,s4_r0,1.0,1.0,0.5636135142747319,0.0,0.0,0.5636135142747319,21,10,10,168,21,1.0,0
evaluation_population,valence,20260923,s4_r1,0.0,0.0,0.008130957294339092,0.0,0.008130957294339092,0.5662388159914029,21,10,10,168,21,1.0,0
evaluation_population,valence,20260923,s4_r1,0.25,0.24701685211079683,0.1459930036879852,0.0,0.008130957294339092,0.5662388159914029,21,10,10,168,21,1.0,0
evaluation_population,valence,20260923,s4_r1,0.5,0.5083921629056706,0.29186861871199177,0.06363636363636371,0.008130957294339092,0.5662388159914029,21,10,10,168,21,1.0,0
evaluation_population,valence,20260923,s4_r1,0.75,0.8061780914536402,0.4580652856440159,0.06363636363636371,0.008130957294339092,0.5662388159914029,21,10,10,168,21,1.0,0
evaluation_population,valence,20260923,s4_r1,1.0,1.0,0.5662388159914029,0.12727272727272732,0.008130957294339092,0.5662388159914029,21,10,10,168,21,1.0,0
evaluation_population,arousal,20261007,s0_r0,0.0,0.0,0.06360057523829889,0.0,0.06360057523829889,0.8097299078867453,21,10,10,168,21,1.0,0
evaluation_population,arousal,20261007,s0_r0,0.25,0.26114701578391497,0.25845002384828464,0.0,0.06360057523829889,0.8097299078867453,21,10,10,168,21,1.0,0
evaluation_population,arousal,20261007,s0_r0,0.5,0.4901178248422165,0.42929186080693,0.10294117647058831,0.06360057523829889,0.8097299078867453,21,10,10,168,21,1.0,0
evaluation_population,arousal,20261007,s0_r0,0.75,0.6607571913078207,0.556610897431465,0.05147058823529416,0.06360057523829889,0.8097299078867453,21,10,10,168,21,1.0,0
evaluation_population,arousal,20261007,s0_r0,1.0,1.0,0.8097299078867453,-0.0514705882352941,0.06360057523829889,0.8097299078867453,21,10,10,168,21,1.0,0
evaluation_population,arousal,20261007,s0_r1,0.0,0.0,0.03500209820680635,0.0,0.03500209820680635,0.38941383750147435,21,10,10,168,21,1.0,0
evaluation_population,arousal,20261007,s0_r1,0.25,0.2549106095179444,0.125345410690725,0.0,0.03500209820680635,0.38941383750147435,21,10,10,168,21,1.0,0
evaluation_population,arousal,20261007,s0_r1,0.5,0.5057226606443889,0.2142361459665114,0.0,0.03500209820680635,0.38941383750147435,21,10,10,168,21,1.0,0
evaluation_population,arousal,20261007,s0_r1,0.75,0.7108673294388826,0.2869418248409965,0.0,0.03500209820680635,0.38941383750147435,21,10,10,168,21,1.0,0
evaluation_population,arousal,20261007,s0_r1,1.0,1.0,0.38941383750147435,0.1785714285714286,0.03500209820680635,0.38941383750147435,21,10,10,168,21,1.0,0
evaluation_population,arousal,20261007,s1_r0,0.0,0.0,0.07330911319957338,0.0,0.07330911319957338,0.856817212858753,21,10,10,168,21,1.0,0
evaluation_population,arousal,20261007,s1_r0,0.25,0.2360780628493697,0.2582781875939034,0.033653846153846145,0.07330911319957338,0.856817212858753,21,10,10,168,21,1.0,0
evaluation_population,arousal,20261007,s1_r0,0.5,0.49106853217191837,0.4580652856440159,0.033653846153846145,0.07330911319957338,0.856817212858753,21,10,10,168,21,1.0,0
evaluation_population,arousal,20261007,s1_r0,0.75,0.7075765631172145,0.6277010815309156,0.033653846153846145,0.07330911319957338,0.856817212858753,21,10,10,168,21,1.0,0
evaluation_population,arousal,20261007,s1_r0,1.0,1.0,0.856817212858753,0.06730769230769229,0.07330911319957338,0.856817212858753,21,10,10,168,21,1.0,0
evaluation_population,arousal,20261007,s1_r1,0.0,0.0,0.008130957294339092,0.0,0.008130957294339092,0.6277010815309156,21,10,10,168,21,1.0,0
evaluation_population,arousal,20261007,s1_r1,0.25,0.26282450619298403,0.1709691692487431,-0.2692307692307692,0.008130957294339092,0.6277010815309156,21,10,10,168,21,1.0,0
evaluation_population,arousal,20261007,s1_r1,0.5,0.5202142120825826,0.3304401413039776,-0.23557692307692307,0.008130957294339092,0.6277010815309156,21,10,10,168,21,1.0,0
evaluation_population,arousal,20261007,s1_r1,0.75,0.7262040417201814,0.4580652856440159,0.23557692307692313,0.008130957294339092,0.6277010815309156,21,10,10,168,21,1.0,0
evaluation_population,arousal,20261007,s1_r1,1.0,1.0,0.6277010815309156,0.033653846153846145,0.008130957294339092,0.6277010815309156,21,10,10,168,21,1.0,0
evaluation_population,arousal,20261007,s2_r0,0.0,0.0,0.1304747089888707,0.4117647058823529,0.1304747089888707,0.7447215534424859,21,10,10,168,21,1.0,0
evaluation_population,arousal,20261007,s2_r0,0.25,0.22616707426253618,0.26939712067394,0.4117647058823529,0.1304747089888707,0.7447215534424859,21,10,10,168,21,1.0,0
evaluation_population,arousal,20261007,s2_r0,0.5,0.5034126508317017,0.43969434122027307,0.4117647058823529,0.1304747089888707,0.7447215534424859,21,10,10,168,21,1.0,0
evaluation_population,arousal,20261007,s2_r0,0.75,0.6210031742372685,0.5119239491597914,0.4117647058823529,0.1304747089888707,0.7447215534424859,21,10,10,168,21,1.0,0
evaluation_population,arousal,20261007,s2_r0,1.0,1.0,0.7447215534424859,0.4117647058823529,0.1304747089888707,0.7447215534424859,21,10,10,168,21,1.0,0
evaluation_population,arousal,20261007,s2_r1,0.0,0.0,0.2142361459665114,0.0,0.2142361459665114,0.6898900529340525,21,10,10,168,21,1.0,0
evaluation_population,arousal,20261007,s2_r1,0.25,0.19947336885544617,0.3091164331985818,0.3500000000000001,0.2142361459665114,0.6898900529340525,21,10,10,168,21,1.0,0
evaluation_population,arousal,20261007,s2_r1,0.5,0.39998959478205615,0.40449275947096,0.3500000000000001,0.2142361459665114,0.6898900529340525,21,10,10,168,21,1.0,0
evaluation_population,arousal,20261007,s2_r1,0.75,0.9024098407821508,0.6434709124204981,0.3500000000000001,0.2142361459665114,0.6898900529340525,21,10,10,168,21,1.0,0
evaluation_population,arousal,20261007,s2_r1,1.0,1.0,0.6898900529340525,0.3500000000000001,0.2142361459665114,0.6898900529340525,21,10,10,168,21,1.0,0
evaluation_population,arousal,20261007,s3_r0,0.0,0.0,0.10168038732941725,0.0,0.10168038732941725,0.7447215534424859,21,10,10,168,21,1.0,0
evaluation_population,arousal,20261007,s3_r0,0.25,0.26081803496081685,0.26939712067394,0.19444444444444442,0.10168038732941725,0.7447215534424859,21,10,10,168,21,1.0,0
evaluation_population,arousal,20261007,s3_r0,0.5,0.509472006991085,0.42929186080693,0.19444444444444442,0.10168038732941725,0.7447215534424859,21,10,10,168,21,1.0,0
evaluation_population,arousal,20261007,s3_r0,0.75,0.7074671639638935,0.5566108974314649,0.0,0.10168038732941725,0.7447215534424859,21,10,10,168,21,1.0,0
evaluation_population,arousal,20261007,s3_r0,1.0,1.0,0.7447215534424859,0.19444444444444442,0.10168038732941725,0.7447215534424859,21,10,10,168,21,1.0,0
evaluation_population,arousal,20261007,s3_r1,0.0,0.0,0.008130957294339092,0.0,0.008130957294339092,0.778979417334536,21,10,10,168,21,1.0,0
evaluation_population,arousal,20261007,s3_r1,0.25,0.2230879634123706,0.18009797034426878,0.2857142857142857,0.008130957294339092,0.778979417334536,21,10,10,168,21,1.0,0
evaluation_population,arousal,20261007,s3_r1,0.5,0.5022241199367941,0.39526964674265996,0.2857142857142857,0.008130957294339092,0.778979417334536,21,10,10,168,21,1.0,0
evaluation_population,arousal,20261007,s3_r1,0.75,0.7240176086853187,0.5662388159914029,0.0357142857142857,0.008130957294339092,0.778979417334536,21,10,10,168,21,1.0,0
evaluation_population,arousal,20261007,s3_r1,1.0,1.0,0.778979417334536,0.2857142857142857,0.008130957294339092,0.778979417334536,21,10,10,168,21,1.0,0
evaluation_population,arousal,20261007,s4_r0,0.0,0.0,0.004732118781357297,0.0,0.004732118781357297,0.7187635487777683,21,10,10,168,21,1.0,0
evaluation_population,arousal,20261007,s4_r0,0.25,0.23798310276057802,0.17465953396047565,-0.16826923076923078,0.004732118781357297,0.7187635487777683,21,10,10,168,21,1.0,0
evaluation_population,arousal,20261007,s4_r0,0.5,0.48782062935866577,0.35305138034407463,0.13461538461538458,0.004732118781357297,0.7187635487777683,21,10,10,168,21,1.0,0
evaluation_population,arousal,20261007,s4_r0,0.75,0.6423098768521789,0.46336155865093726,0.13461538461538458,0.004732118781357297,0.7187635487777683,21,10,10,168,21,1.0,0
evaluation_population,arousal,20261007,s4_r0,1.0,1.0,0.7187635487777683,0.13461538461538458,0.004732118781357297,0.7187635487777683,21,10,10,168,21,1.0,0
evaluation_population,arousal,20261007,s4_r1,0.0,0.0,0.008130957294339092,0.0,0.008130957294339092,0.5662388159914029,21,10,10,168,21,1.0,0
evaluation_population,arousal,20261007,s4_r1,0.25,0.24701685211079683,0.1459930036879852,0.0,0.008130957294339092,0.5662388159914029,21,10,10,168,21,1.0,0
evaluation_population,arousal,20261007,s4_r1,0.5,0.5083921629056706,0.29186861871199177,0.1166666666666667,0.008130957294339092,0.5662388159914029,21,10,10,168,21,1.0,0
evaluation_population,arousal,20261007,s4_r1,0.75,0.7314784767969561,0.4163748436624781,0.0,0.008130957294339092,0.5662388159914029,21,10,10,168,21,1.0,0
evaluation_population,arousal,20261007,s4_r1,1.0,1.0,0.5662388159914029,0.0,0.008130957294339092,0.5662388159914029,21,10,10,168,21,1.0,0
evaluation_population,valence,20261007,s0_r0,0.0,0.0,0.008130957294339092,0.0,0.008130957294339092,0.778979417334536,21,10,10,168,21,1.0,0
evaluation_population,valence,20261007,s0_r0,0.25,0.2230879634123706,0.18009797034426878,0.0,0.008130957294339092,0.778979417334536,21,10,10,168,21,1.0,0
evaluation_population,valence,20261007,s0_r0,0.5,0.5022241199367941,0.39526964674265996,0.19444444444444442,0.008130957294339092,0.778979417334536,21,10,10,168,21,1.0,0
evaluation_population,valence,20261007,s0_r0,0.75,0.699316719719729,0.5471981737706542,0.19444444444444442,0.008130957294339092,0.778979417334536,21,10,10,168,21,1.0,0
evaluation_population,valence,20261007,s0_r0,1.0,1.0,0.778979417334536,0.19444444444444442,0.008130957294339092,0.778979417334536,21,10,10,168,21,1.0,0
evaluation_population,valence,20261007,s0_r1,0.0,0.0,0.008130957294339092,0.0,0.008130957294339092,0.6277010815309156,21,10,10,168,21,1.0,0
evaluation_population,valence,20261007,s0_r1,0.25,0.26282450619298403,0.1709691692487431,0.23557692307692313,0.008130957294339092,0.6277010815309156,21,10,10,168,21,1.0,0
evaluation_population,valence,20261007,s0_r1,0.5,0.5119550060023789,0.32532298396677023,0.23557692307692313,0.008130957294339092,0.6277010815309156,21,10,10,168,21,1.0,0
evaluation_population,valence,20261007,s0_r1,0.75,0.7262040417201814,0.4580652856440159,0.23557692307692313,0.008130957294339092,0.6277010815309156,21,10,10,168,21,1.0,0
evaluation_population,valence,20261007,s0_r1,1.0,1.0,0.6277010815309156,0.23557692307692313,0.008130957294339092,0.6277010815309156,21,10,10,168,21,1.0,0
evaluation_population,valence,20261007,s1_r0,0.0,0.0,0.008130957294339092,0.0,0.008130957294339092,0.5471981737706542,21,10,10,168,21,1.0,0
evaluation_population,valence,20261007,s1_r0,0.25,0.25574184847448117,0.1459930036879852,0.0,0.008130957294339092,0.5471981737706542,21,10,10,168,21,1.0,0
evaluation_population,valence,20261007,s1_r0,0.5,0.49013212136394896,0.2723451156636345,-0.06730769230769229,0.008130957294339092,0.5471981737706542,21,10,10,168,21,1.0,0
evaluation_population,valence,20261007,s1_r0,0.75,0.7181640389465801,0.39526964674265996,-0.06730769230769229,0.008130957294339092,0.5471981737706542,21,10,10,168,21,1.0,0
evaluation_population,valence,20261007,s1_r0,1.0,1.0,0.5471981737706542,-0.06730769230769229,0.008130957294339092,0.5471981737706542,21,10,10,168,21,1.0,0
evaluation_population,valence,20261007,s1_r1,0.0,0.0,0.008130957294339092,0.0,0.008130957294339092,0.778979417334536,21,10,10,168,21,1.0,0
evaluation_population,valence,20261007,s1_r1,0.25,0.2230879634123706,0.18009797034426878,-0.06730769230769229,0.008130957294339092,0.778979417334536,21,10,10,168,21,1.0,0
evaluation_population,valence,20261007,s1_r1,0.5,0.5022241199367941,0.39526964674265996,-0.06730769230769229,0.008130957294339092,0.778979417334536,21,10,10,168,21,1.0,0
evaluation_population,valence,20261007,s1_r1,0.75,0.699316719719729,0.5471981737706542,-0.06730769230769229,0.008130957294339092,0.778979417334536,21,10,10,168,21,1.0,0
evaluation_population,valence,20261007,s1_r1,1.0,1.0,0.778979417334536,-0.06730769230769229,0.008130957294339092,0.778979417334536,21,10,10,168,21,1.0,0
evaluation_population,valence,20261007,s2_r0,0.0,0.0,0.008130957294339092,0.0,0.008130957294339092,0.4580652856440159,21,10,10,168,21,1.0,0
evaluation_population,valence,20261007,s2_r0,0.25,0.22531276239074757,0.10950690370923041,0.06363636363636371,0.008130957294339092,0.4580652856440159,21,10,10,168,21,1.0,0
evaluation_population,valence,20261007,s2_r0,0.5,0.498610894947621,0.2324731154204282,0.06363636363636371,0.008130957294339092,0.4580652856440159,21,10,10,168,21,1.0,0
evaluation_population,valence,20261007,s2_r0,0.75,0.7779819348493417,0.3581717366189597,0.06363636363636371,0.008130957294339092,0.4580652856440159,21,10,10,168,21,1.0,0
evaluation_population,valence,20261007,s2_r0,1.0,1.0,0.4580652856440159,0.06363636363636371,0.008130957294339092,0.4580652856440159,21,10,10,168,21,1.0,0
evaluation_population,valence,20261007,s2_r1,0.0,0.0,0.0,0.0,0.0,0.5636135142747319,21,10,10,168,21,1.0,0
evaluation_population,valence,20261007,s2_r1,0.25,0.26826404552112715,0.15119724144971913,0.033653846153846145,0.0,0.5636135142747319,21,10,10,168,21,1.0,0
evaluation_population,valence,20261007,s2_r1,0.5,0.519038954528037,0.2925373692070298,0.033653846153846145,0.0,0.5636135142747319,21,10,10,168,21,1.0,0
evaluation_population,valence,20261007,s2_r1,0.75,0.7345906173587691,0.41402519940282073,0.033653846153846145,0.0,0.5636135142747319,21,10,10,168,21,1.0,0
evaluation_population,valence,20261007,s2_r1,1.0,1.0,0.5636135142747319,-0.033653846153846145,0.0,0.5636135142747319,21,10,10,168,21,1.0,0
evaluation_population,valence,20261007,s3_r0,0.0,0.0,0.008130957294339092,0.0,0.008130957294339092,0.5086266511786681,21,10,10,168,21,1.0,0
evaluation_population,valence,20261007,s3_r0,0.25,0.25778482859230123,0.13715115395349572,0.0,0.008130957294339092,0.5086266511786681,21,10,10,168,21,1.0,0
evaluation_population,valence,20261007,s3_r0,0.5,0.499798966017431,0.2582781875939034,0.06363636363636371,0.008130957294339092,0.5086266511786681,21,10,10,168,21,1.0,0
evaluation_population,valence,20261007,s3_r0,0.75,0.7735105300182534,0.39526964674265996,-0.12727272727272732,0.008130957294339092,0.5086266511786681,21,10,10,168,21,1.0,0
evaluation_population,valence,20261007,s3_r0,1.0,1.0,0.5086266511786681,0.06363636363636371,0.008130957294339092,0.5086266511786681,21,10,10,168,21,1.0,0
evaluation_population,valence,20261007,s3_r1,0.0,0.0,0.0,0.0,0.0,0.6344352177382209,21,10,10,168,21,1.0,0
evaluation_population,valence,20261007,s3_r1,0.25,0.2537100607368428,0.16096259762595613,0.0,0.0,0.6344352177382209,21,10,10,168,21,1.0,0
evaluation_population,valence,20261007,s3_r1,0.5,0.49046607514103124,0.31116895117531074,0.0,0.0,0.6344352177382209,21,10,10,168,21,1.0,0
evaluation_population,valence,20261007,s3_r1,0.75,0.7356991127115463,0.4667534267629658,0.0,0.0,0.6344352177382209,21,10,10,168,21,1.0,0
evaluation_population,valence,20261007,s3_r1,1.0,1.0,0.6344352177382209,0.0,0.0,0.6344352177382209,21,10,10,168,21,1.0,0
evaluation_population,valence,20261007,s4_r0,0.0,0.0,0.008130957294339092,0.0,0.008130957294339092,0.778979417334536,21,10,10,168,21,1.0,0
evaluation_population,valence,20261007,s4_r0,0.25,0.2230879634123706,0.18009797034426878,0.09722222222222221,0.008130957294339092,0.778979417334536,21,10,10,168,21,1.0,0
evaluation_population,valence,20261007,s4_r0,0.5,0.5022241199367941,0.39526964674265996,0.0,0.008130957294339092,0.778979417334536,21,10,10,168,21,1.0,0
evaluation_population,valence,20261007,s4_r0,0.75,0.7240176086853187,0.5662388159914029,0.09722222222222221,0.008130957294339092,0.778979417334536,21,10,10,168,21,1.0,0
evaluation_population,valence,20261007,s4_r0,1.0,1.0,0.778979417334536,0.0,0.008130957294339092,0.778979417334536,21,10,10,168,21,1.0,0
evaluation_population,valence,20261007,s4_r1,0.0,0.0,0.008130957294339092,0.19444444444444442,0.008130957294339092,0.5662388159914029,21,10,10,168,21,1.0,0
evaluation_population,valence,20261007,s4_r1,0.25,0.24701685211079683,0.1459930036879852,0.0,0.008130957294339092,0.5662388159914029,21,10,10,168,21,1.0,0
evaluation_population,valence,20261007,s4_r1,0.5,0.5083921629056706,0.29186861871199177,0.19444444444444442,0.008130957294339092,0.5662388159914029,21,10,10,168,21,1.0,0
evaluation_population,valence,20261007,s4_r1,0.75,0.7314784767969561,0.4163748436624781,0.0,0.008130957294339092,0.5662388159914029,21,10,10,168,21,1.0,0
evaluation_population,valence,20261007,s4_r1,1.0,1.0,0.5662388159914029,0.0,0.008130957294339092,0.5662388159914029,21,10,10,168,21,1.0,0
