task,representation,n_features,model,split_seed,nominal_dose,unseen_balanced_accuracy,dose_balanced_accuracy,subject_exposure_effect,achieved_dose,normalized_mutual_information,metadata_prior_opportunity,population
arousal,all,72,gpu_mlp,20260813,0.0,0.4524948735475051,0.45830485304169516,0.005809979494190043,0.0,0.03832048053574832,0.06730769230769232,audit_population
arousal,all,72,linear_logistic,20260813,0.0,0.4261790840738209,0.4747095010252905,0.048530416951469646,0.0,0.03832048053574832,0.06730769230769232,audit_population
arousal,baseline_delta,72,gpu_mlp,20260813,0.0,0.474025974025974,0.45830485304169516,-0.015721120984278858,0.0,0.03832048053574832,0.06730769230769232,audit_population
arousal,baseline_delta,72,linear_logistic,20260813,0.0,0.4849624060150376,0.5027341079972659,0.017771701982228327,0.0,0.03832048053574832,0.06730769230769232,audit_population
arousal,normalized_asymmetry,12,gpu_mlp,20260813,0.0,0.4084073820915926,0.4429254955570745,0.03451811346548189,0.0,0.03832048053574832,0.06730769230769232,audit_population
arousal,normalized_asymmetry,12,linear_logistic,20260813,0.0,0.4531784005468216,0.49419002050580996,0.04101161995898833,0.0,0.03832048053574832,0.06730769230769232,audit_population
arousal,relative_power,24,gpu_mlp,20260813,0.0,0.5082023239917977,0.5379357484620642,0.0297334244702665,0.0,0.03832048053574832,0.06730769230769232,audit_population
arousal,relative_power,24,linear_logistic,20260813,0.0,0.4979494190020506,0.5334928229665071,0.035543403964456544,0.0,0.03832048053574832,0.06730769230769232,audit_population
arousal,all,72,gpu_mlp,20260813,0.25,0.4524948735475051,0.46206425153793573,0.009569377990430616,0.24297536880791265,0.19971834196406696,0.0536401098901099,audit_population
arousal,all,72,linear_logistic,20260813,0.25,0.4261790840738209,0.4319890635680109,0.005809979494190043,0.24297536880791265,0.19971834196406696,0.0536401098901099,audit_population
arousal,baseline_delta,72,gpu_mlp,20260813,0.25,0.474025974025974,0.45078605604921396,-0.02323991797676006,0.24297536880791265,0.19971834196406696,0.0536401098901099,audit_population
arousal,baseline_delta,72,linear_logistic,20260813,0.25,0.4849624060150376,0.5010252904989747,0.016062884483937112,0.24297536880791265,0.19971834196406696,0.0536401098901099,audit_population
arousal,normalized_asymmetry,12,gpu_mlp,20260813,0.25,0.4084073820915926,0.4531784005468216,0.04477101845522902,0.24297536880791265,0.19971834196406696,0.0536401098901099,audit_population
arousal,normalized_asymmetry,12,linear_logistic,20260813,0.25,0.4531784005468216,0.4569377990430622,0.0037593984962405735,0.24297536880791265,0.19971834196406696,0.0536401098901099,audit_population
arousal,relative_power,24,gpu_mlp,20260813,0.25,0.5082023239917977,0.504442925495557,-0.003759398496240629,0.24297536880791265,0.19971834196406696,0.0536401098901099,audit_population
arousal,relative_power,24,linear_logistic,20260813,0.25,0.4979494190020506,0.4935064935064935,-0.004442925495557082,0.24297536880791265,0.19971834196406696,0.0536401098901099,audit_population
arousal,all,72,gpu_mlp,20260813,0.5,0.4524948735475051,0.47812713602187285,0.02563226247436773,0.4972113779556527,0.37003834833545224,0.08392857142857144,audit_population
arousal,all,72,linear_logistic,20260813,0.5,0.4261790840738209,0.4395078605604921,0.013328776486671245,0.4972113779556527,0.37003834833545224,0.08392857142857144,audit_population
arousal,baseline_delta,72,gpu_mlp,20260813,0.5,0.474025974025974,0.4825700615174299,0.00854408749145591,0.4972113779556527,0.37003834833545224,0.08392857142857144,audit_population
arousal,baseline_delta,72,linear_logistic,20260813,0.5,0.4849624060150376,0.5410116199589884,0.05604921394395079,0.4972113779556527,0.37003834833545224,0.08392857142857144,audit_population
arousal,normalized_asymmetry,12,gpu_mlp,20260813,0.5,0.4084073820915926,0.4589883800410116,0.050580997949419004,0.4972113779556527,0.37003834833545224,0.08392857142857144,audit_population
arousal,normalized_asymmetry,12,linear_logistic,20260813,0.5,0.4531784005468216,0.4730006835269993,0.019822282980177686,0.4972113779556527,0.37003834833545224,0.08392857142857144,audit_population
arousal,relative_power,24,gpu_mlp,20260813,0.5,0.5082023239917977,0.5184552289815447,0.01025290498974707,0.4972113779556527,0.37003834833545224,0.08392857142857144,audit_population
arousal,relative_power,24,linear_logistic,20260813,0.5,0.4979494190020506,0.508544087491456,0.010594668489405379,0.4972113779556527,0.37003834833545224,0.08392857142857144,audit_population
arousal,all,72,gpu_mlp,20260813,0.75,0.4524948735475051,0.48564593301435405,0.03315105946684893,0.734684368907701,0.5273918797214072,0.09213522588522591,audit_population
arousal,all,72,linear_logistic,20260813,0.75,0.4261790840738209,0.4589883800410116,0.03280929596719073,0.734684368907701,0.5273918797214072,0.09213522588522591,audit_population
arousal,baseline_delta,72,gpu_mlp,20260813,0.75,0.474025974025974,0.45864661654135336,-0.01537935748462066,0.734684368907701,0.5273918797214072,0.09213522588522591,audit_population
arousal,baseline_delta,72,linear_logistic,20260813,0.75,0.4849624060150376,0.5064935064935064,0.021531100478468845,0.734684368907701,0.5273918797214072,0.09213522588522591,audit_population
arousal,normalized_asymmetry,12,gpu_mlp,20260813,0.75,0.4084073820915926,0.43814080656185916,0.029733424470266556,0.734684368907701,0.5273918797214072,0.09213522588522591,audit_population
arousal,normalized_asymmetry,12,linear_logistic,20260813,0.75,0.4531784005468216,0.4839371155160629,0.030758714969241263,0.734684368907701,0.5273918797214072,0.09213522588522591,audit_population
arousal,relative_power,24,gpu_mlp,20260813,0.75,0.5082023239917977,0.5475051264524948,0.03930280246069717,0.734684368907701,0.5273918797214072,0.09213522588522591,audit_population
arousal,relative_power,24,linear_logistic,20260813,0.75,0.4979494190020506,0.4935064935064935,-0.004442925495557082,0.734684368907701,0.5273918797214072,0.09213522588522591,audit_population
arousal,all,72,gpu_mlp,20260813,1.0,0.4524948735475051,0.475393028024607,0.022898154477101862,1.0,0.7044244726310994,0.11571275946275947,audit_population
arousal,all,72,linear_logistic,20260813,1.0,0.4261790840738209,0.46924128503075874,0.04306220095693786,1.0,0.7044244726310994,0.11571275946275947,audit_population
arousal,baseline_delta,72,gpu_mlp,20260813,1.0,0.474025974025974,0.47983595352016406,0.005809979494190043,1.0,0.7044244726310994,0.11571275946275947,audit_population
arousal,baseline_delta,72,linear_logistic,20260813,1.0,0.4849624060150376,0.49624060150375937,0.011278195488721776,1.0,0.7044244726310994,0.11571275946275947,audit_population
arousal,normalized_asymmetry,12,gpu_mlp,20260813,1.0,0.4084073820915926,0.45522898154477104,0.04682159945317843,1.0,0.7044244726310994,0.11571275946275947,audit_population
arousal,normalized_asymmetry,12,linear_logistic,20260813,1.0,0.4531784005468216,0.4859876965140123,0.03280929596719068,1.0,0.7044244726310994,0.11571275946275947,audit_population
arousal,relative_power,24,gpu_mlp,20260813,1.0,0.5082023239917977,0.5416951469583049,0.03349282296650724,1.0,0.7044244726310994,0.11571275946275947,audit_population
arousal,relative_power,24,linear_logistic,20260813,1.0,0.4979494190020506,0.5287081339712919,0.03075871496924132,1.0,0.7044244726310994,0.11571275946275947,audit_population
arousal,all,72,gpu_mlp,20260829,0.0,0.4805194805194805,0.49179767600820234,0.011278195488721832,0.0,0.02710409737226659,0.00972222222222222,audit_population
arousal,all,72,linear_logistic,20260829,0.0,0.4887218045112782,0.5167464114832536,0.028024606971975397,0.0,0.02710409737226659,0.00972222222222222,audit_population
arousal,baseline_delta,72,gpu_mlp,20260829,0.0,0.474025974025974,0.46582365003417636,-0.008202323991797655,0.0,0.02710409737226659,0.00972222222222222,audit_population
arousal,baseline_delta,72,linear_logistic,20260829,0.0,0.46172248803827753,0.46274777853725224,0.001025290498974707,0.0,0.02710409737226659,0.00972222222222222,audit_population
arousal,normalized_asymmetry,12,gpu_mlp,20260829,0.0,0.42857142857142855,0.45181134654818866,0.023239917976760116,0.0,0.02710409737226659,0.00972222222222222,audit_population
arousal,normalized_asymmetry,12,linear_logistic,20260829,0.0,0.48154477101845516,0.4863294600136705,0.004784688995215336,0.0,0.02710409737226659,0.00972222222222222,audit_population
arousal,relative_power,24,gpu_mlp,20260829,0.0,0.5683526999316473,0.5321257689678742,-0.03622693096377305,0.0,0.02710409737226659,0.00972222222222222,audit_population
arousal,relative_power,24,linear_logistic,20260829,0.0,0.49008885850991113,0.5051264524948735,0.015037593984962405,0.0,0.02710409737226659,0.00972222222222222,audit_population
arousal,all,72,gpu_mlp,20260829,0.25,0.4805194805194805,0.47983595352016406,-0.0006835269993164528,0.24568983923001922,0.19730505464104242,0.019973221223221215,audit_population
arousal,all,72,linear_logistic,20260829,0.25,0.4887218045112782,0.4815447710184552,-0.007177033492823004,0.24568983923001922,0.19730505464104242,0.019973221223221215,audit_population
arousal,baseline_delta,72,gpu_mlp,20260829,0.25,0.474025974025974,0.44976076555023925,-0.024265208475734767,0.24568983923001922,0.19730505464104242,0.019973221223221215,audit_population
arousal,baseline_delta,72,linear_logistic,20260829,0.25,0.46172248803827753,0.4719753930280246,0.01025290498974707,0.24568983923001922,0.19730505464104242,0.019973221223221215,audit_population
arousal,normalized_asymmetry,12,gpu_mlp,20260829,0.25,0.42857142857142855,0.43267259056732743,0.004101161995898883,0.24568983923001922,0.19730505464104242,0.019973221223221215,audit_population
arousal,normalized_asymmetry,12,linear_logistic,20260829,0.25,0.48154477101845516,0.47812713602187285,-0.0034176349965823194,0.24568983923001922,0.19730505464104242,0.019973221223221215,audit_population
arousal,relative_power,24,gpu_mlp,20260829,0.25,0.5683526999316473,0.5543403964456596,-0.014012303485987698,0.24568983923001922,0.19730505464104242,0.019973221223221215,audit_population
arousal,relative_power,24,linear_logistic,20260829,0.25,0.49008885850991113,0.49658236500341757,0.00649350649350644,0.24568983923001922,0.19730505464104242,0.019973221223221215,audit_population
arousal,all,72,gpu_mlp,20260829,0.5,0.4805194805194805,0.47710184552289814,-0.003417634996582375,0.4968301794493207,0.37154243494889283,0.07135142635142634,audit_population
arousal,all,72,linear_logistic,20260829,0.5,0.4887218045112782,0.5010252904989747,0.012303485987696483,0.4968301794493207,0.37154243494889283,0.07135142635142634,audit_population
arousal,baseline_delta,72,gpu_mlp,20260829,0.5,0.474025974025974,0.46924128503075874,-0.0047846889952152805,0.4968301794493207,0.37154243494889283,0.07135142635142634,audit_population
arousal,baseline_delta,72,linear_logistic,20260829,0.5,0.46172248803827753,0.4989747095010253,0.03725222146274776,0.4968301794493207,0.37154243494889283,0.07135142635142634,audit_population
arousal,normalized_asymmetry,12,gpu_mlp,20260829,0.5,0.42857142857142855,0.4504442925495557,0.021872863978127155,0.4968301794493207,0.37154243494889283,0.07135142635142634,audit_population
arousal,normalized_asymmetry,12,linear_logistic,20260829,0.5,0.48154477101845516,0.4753930280246069,-0.0061517429938482415,0.4968301794493207,0.37154243494889283,0.07135142635142634,audit_population
arousal,relative_power,24,gpu_mlp,20260829,0.5,0.5683526999316473,0.5331510594668489,-0.035201640464798345,0.4968301794493207,0.37154243494889283,0.07135142635142634,audit_population
arousal,relative_power,24,linear_logistic,20260829,0.5,0.49008885850991113,0.5256322624743677,0.035543403964456544,0.4968301794493207,0.37154243494889283,0.07135142635142634,audit_population
arousal,all,72,gpu_mlp,20260829,0.75,0.4805194805194805,0.5338345864661654,0.053315105946684926,0.7037504280413203,0.5184019589722606,0.15122779997779995,audit_population
arousal,all,72,linear_logistic,20260829,0.75,0.4887218045112782,0.5205058099794941,0.031784005468215915,0.7037504280413203,0.5184019589722606,0.15122779997779995,audit_population
arousal,baseline_delta,72,gpu_mlp,20260829,0.75,0.474025974025974,0.5133287764866712,0.03930280246069717,0.7037504280413203,0.5184019589722606,0.15122779997779995,audit_population
arousal,baseline_delta,72,linear_logistic,20260829,0.75,0.46172248803827753,0.4719753930280246,0.01025290498974707,0.7037504280413203,0.5184019589722606,0.15122779997779995,audit_population
arousal,normalized_asymmetry,12,gpu_mlp,20260829,0.75,0.42857142857142855,0.47163362952836635,0.0430622009569378,0.7037504280413203,0.5184019589722606,0.15122779997779995,audit_population
arousal,normalized_asymmetry,12,linear_logistic,20260829,0.75,0.48154477101845516,0.49111414900888584,0.009569377990430672,0.7037504280413203,0.5184019589722606,0.15122779997779995,audit_population
arousal,relative_power,24,gpu_mlp,20260829,0.75,0.5683526999316473,0.5721120984278879,0.003759398496240629,0.7037504280413203,0.5184019589722606,0.15122779997779995,audit_population
arousal,relative_power,24,linear_logistic,20260829,0.75,0.49008885850991113,0.49555707450444286,0.005468215994531733,0.7037504280413203,0.5184019589722606,0.15122779997779995,audit_population
arousal,all,72,gpu_mlp,20260829,1.0,0.4805194805194805,0.48632946001367056,0.005809979494190043,1.0,0.7208149199262481,0.070008325008325,audit_population
arousal,all,72,linear_logistic,20260829,1.0,0.4887218045112782,0.49726589200273413,0.00854408749145591,1.0,0.7208149199262481,0.070008325008325,audit_population
arousal,baseline_delta,72,gpu_mlp,20260829,1.0,0.474025974025974,0.46274777853725224,-0.011278195488721776,1.0,0.7208149199262481,0.070008325008325,audit_population
arousal,baseline_delta,72,linear_logistic,20260829,1.0,0.46172248803827753,0.48120300751879697,0.01948051948051943,1.0,0.7208149199262481,0.070008325008325,audit_population
arousal,normalized_asymmetry,12,gpu_mlp,20260829,1.0,0.42857142857142855,0.44668489405331513,0.01811346548188658,1.0,0.7208149199262481,0.070008325008325,audit_population
arousal,normalized_asymmetry,12,linear_logistic,20260829,1.0,0.48154477101845516,0.5023923444976076,0.020847573479152448,1.0,0.7208149199262481,0.070008325008325,audit_population
arousal,relative_power,24,gpu_mlp,20260829,1.0,0.5683526999316473,0.5741626794258373,0.005809979494190043,1.0,0.7208149199262481,0.070008325008325,audit_population
arousal,relative_power,24,linear_logistic,20260829,1.0,0.49008885850991113,0.5153793574846206,0.025290498974709474,1.0,0.7208149199262481,0.070008325008325,audit_population
arousal,all,72,gpu_mlp,20260911,0.0,0.45010252904989745,0.47915242652084755,0.029049897470950103,0.0,0.045325065194091685,0.015909090909090918,audit_population
arousal,all,72,linear_logistic,20260911,0.0,0.48632946001367056,0.49487354750512647,0.00854408749145591,0.0,0.045325065194091685,0.015909090909090918,audit_population
arousal,baseline_delta,72,gpu_mlp,20260911,0.0,0.5191387559808612,0.5266575529733424,0.007518796992481147,0.0,0.045325065194091685,0.015909090909090918,audit_population
arousal,baseline_delta,72,linear_logistic,20260911,0.0,0.531784005468216,0.5328092959671907,0.001025290498974707,0.0,0.045325065194091685,0.015909090909090918,audit_population
arousal,normalized_asymmetry,12,gpu_mlp,20260911,0.0,0.4439507860560492,0.45864661654135336,0.014695830485304151,0.0,0.045325065194091685,0.015909090909090918,audit_population
arousal,normalized_asymmetry,12,linear_logistic,20260911,0.0,0.4688995215311005,0.45762132604237865,-0.011278195488721832,0.0,0.045325065194091685,0.015909090909090918,audit_population
arousal,relative_power,24,gpu_mlp,20260911,0.0,0.5136705399863295,0.5194805194805194,0.005809979494189932,0.0,0.045325065194091685,0.015909090909090918,audit_population
arousal,relative_power,24,linear_logistic,20260911,0.0,0.5341763499658236,0.5017088174982912,-0.03246753246753242,0.0,0.045325065194091685,0.015909090909090918,audit_population
arousal,all,72,gpu_mlp,20260911,0.25,0.45010252904989745,0.4818865345181135,0.031784005468216026,0.24694652520578472,0.2002118780001542,0.055018939393939405,audit_population
arousal,all,72,linear_logistic,20260911,0.25,0.48632946001367056,0.5088858509911142,0.022556390977443608,0.24694652520578472,0.2002118780001542,0.055018939393939405,audit_population
arousal,baseline_delta,72,gpu_mlp,20260911,0.25,0.5191387559808612,0.5249487354750513,0.005809979494190043,0.24694652520578472,0.2002118780001542,0.055018939393939405,audit_population
arousal,baseline_delta,72,linear_logistic,20260911,0.25,0.531784005468216,0.48735475051264526,-0.04442925495557076,0.24694652520578472,0.2002118780001542,0.055018939393939405,audit_population
arousal,normalized_asymmetry,12,gpu_mlp,20260911,0.25,0.4439507860560492,0.45420369104579633,0.010252904989747125,0.24694652520578472,0.2002118780001542,0.055018939393939405,audit_population
arousal,normalized_asymmetry,12,linear_logistic,20260911,0.25,0.4688995215311005,0.4538619275461381,-0.015037593984962405,0.24694652520578472,0.2002118780001542,0.055018939393939405,audit_population
arousal,relative_power,24,gpu_mlp,20260911,0.25,0.5136705399863295,0.5314422419685577,0.017771701982228216,0.24694652520578472,0.2002118780001542,0.055018939393939405,audit_population
arousal,relative_power,24,linear_logistic,20260911,0.25,0.5341763499658236,0.5557074504442925,0.021531100478468845,0.24694652520578472,0.2002118780001542,0.055018939393939405,audit_population
arousal,all,72,gpu_mlp,20260911,0.5,0.45010252904989745,0.4965823650034176,0.04647983595352018,0.49207136214971736,0.35491352361124906,0.15294823232323235,audit_population
arousal,all,72,linear_logistic,20260911,0.5,0.48632946001367056,0.47231715652768286,-0.014012303485987698,0.49207136214971736,0.35491352361124906,0.15294823232323235,audit_population
arousal,baseline_delta,72,gpu_mlp,20260911,0.5,0.5191387559808612,0.5266575529733424,0.007518796992481147,0.49207136214971736,0.35491352361124906,0.15294823232323235,audit_population
arousal,baseline_delta,72,linear_logistic,20260911,0.5,0.531784005468216,0.518796992481203,-0.012987012987012991,0.49207136214971736,0.35491352361124906,0.15294823232323235,audit_population
arousal,normalized_asymmetry,12,gpu_mlp,20260911,0.5,0.4439507860560492,0.46514012303485985,0.021189336978810647,0.49207136214971736,0.35491352361124906,0.15294823232323235,audit_population
arousal,normalized_asymmetry,12,linear_logistic,20260911,0.5,0.4688995215311005,0.4788106630211893,0.009911141490088815,0.49207136214971736,0.35491352361124906,0.15294823232323235,audit_population
arousal,relative_power,24,gpu_mlp,20260911,0.5,0.5136705399863295,0.5454545454545454,0.031784005468215915,0.49207136214971736,0.35491352361124906,0.15294823232323235,audit_population
arousal,relative_power,24,linear_logistic,20260911,0.5,0.5341763499658236,0.5293916609706083,-0.004784688995215336,0.49207136214971736,0.35491352361124906,0.15294823232323235,audit_population
arousal,all,72,gpu_mlp,20260911,0.75,0.45010252904989745,0.4955570745044429,0.04545454545454547,0.7394175875316934,0.50674992327808,0.07397727272727272,audit_population
arousal,all,72,linear_logistic,20260911,0.75,0.48632946001367056,0.47881066302118935,-0.007518796992481203,0.7394175875316934,0.50674992327808,0.07397727272727272,audit_population
arousal,baseline_delta,72,gpu_mlp,20260911,0.75,0.5191387559808612,0.5095693779904307,-0.009569377990430561,0.7394175875316934,0.50674992327808,0.07397727272727272,audit_population
arousal,baseline_delta,72,linear_logistic,20260911,0.75,0.531784005468216,0.4945317840054682,-0.037252221462747814,0.7394175875316934,0.50674992327808,0.07397727272727272,audit_population
arousal,normalized_asymmetry,12,gpu_mlp,20260911,0.75,0.4439507860560492,0.4538619275461381,0.00991114149008887,0.7394175875316934,0.50674992327808,0.07397727272727272,audit_population
arousal,normalized_asymmetry,12,linear_logistic,20260911,0.75,0.4688995215311005,0.4818865345181135,0.012987012987012991,0.7394175875316934,0.50674992327808,0.07397727272727272,audit_population
arousal,relative_power,24,gpu_mlp,20260911,0.75,0.5136705399863295,0.5427204374572796,0.029049897470950103,0.7394175875316934,0.50674992327808,0.07397727272727272,audit_population
arousal,relative_power,24,linear_logistic,20260911,0.75,0.5341763499658236,0.507177033492823,-0.02699931647300069,0.7394175875316934,0.50674992327808,0.07397727272727272,audit_population
arousal,all,72,gpu_mlp,20260911,1.0,0.45010252904989745,0.5560492139439508,0.10594668489405334,1.0,0.673858332101686,0.1510037878787879,audit_population
arousal,all,72,linear_logistic,20260911,1.0,0.48632946001367056,0.5133287764866712,0.026999316473000634,1.0,0.673858332101686,0.1510037878787879,audit_population
arousal,baseline_delta,72,gpu_mlp,20260911,1.0,0.5191387559808612,0.5283663704716337,0.009227614490772473,1.0,0.673858332101686,0.1510037878787879,audit_population
arousal,baseline_delta,72,linear_logistic,20260911,1.0,0.531784005468216,0.5177717019822283,-0.014012303485987698,1.0,0.673858332101686,0.1510037878787879,audit_population
arousal,normalized_asymmetry,12,gpu_mlp,20260911,1.0,0.4439507860560492,0.4688995215311005,0.024948735475051276,1.0,0.673858332101686,0.1510037878787879,audit_population
arousal,normalized_asymmetry,12,linear_logistic,20260911,1.0,0.4688995215311005,0.5013670539986329,0.03246753246753242,1.0,0.673858332101686,0.1510037878787879,audit_population
arousal,relative_power,24,gpu_mlp,20260911,1.0,0.5136705399863295,0.5498974709501026,0.03622693096377305,1.0,0.673858332101686,0.1510037878787879,audit_population
arousal,relative_power,24,linear_logistic,20260911,1.0,0.5341763499658236,0.5591250854408749,0.024948735475051276,1.0,0.673858332101686,0.1510037878787879,audit_population
arousal,all,72,gpu_mlp,20260923,0.0,0.436431989063568,0.41900205058099793,-0.017429938482570073,0.0,0.028281514383108507,0.00972222222222222,audit_population
arousal,all,72,linear_logistic,20260923,0.0,0.44360902255639095,0.47641831852358163,0.03280929596719068,0.0,0.028281514383108507,0.00972222222222222,audit_population
arousal,baseline_delta,72,gpu_mlp,20260923,0.0,0.4989747095010253,0.5020505809979494,0.0030758714969241208,0.0,0.028281514383108507,0.00972222222222222,audit_population
arousal,baseline_delta,72,linear_logistic,20260923,0.0,0.5034176349965823,0.4839371155160629,-0.01948051948051943,0.0,0.028281514383108507,0.00972222222222222,audit_population
arousal,normalized_asymmetry,12,gpu_mlp,20260923,0.0,0.3981544771018455,0.3868762816131237,-0.011278195488721776,0.0,0.028281514383108507,0.00972222222222222,audit_population
arousal,normalized_asymmetry,12,linear_logistic,20260923,0.0,0.40806561859193435,0.4107997265892003,0.002734107997265922,0.0,0.028281514383108507,0.00972222222222222,audit_population
arousal,relative_power,24,gpu_mlp,20260923,0.0,0.5034176349965823,0.5017088174982912,-0.0017088174982911042,0.0,0.028281514383108507,0.00972222222222222,audit_population
arousal,relative_power,24,linear_logistic,20260923,0.0,0.5146958304853042,0.504442925495557,-0.01025290498974718,0.0,0.028281514383108507,0.00972222222222222,audit_population
arousal,all,72,gpu_mlp,20260923,0.25,0.436431989063568,0.4535201640464798,0.01708817498291182,0.24530545888058208,0.1923875542904973,0.06550976800976802,audit_population
arousal,all,72,linear_logistic,20260923,0.25,0.44360902255639095,0.4606971975393028,0.017088174982911875,0.24530545888058208,0.1923875542904973,0.06550976800976802,audit_population
arousal,baseline_delta,72,gpu_mlp,20260923,0.25,0.4989747095010253,0.47573479152426523,-0.02323991797676006,0.24530545888058208,0.1923875542904973,0.06550976800976802,audit_population
arousal,baseline_delta,72,linear_logistic,20260923,0.25,0.5034176349965823,0.47744360902255634,-0.025974025974025983,0.24530545888058208,0.1923875542904973,0.06550976800976802,audit_population
arousal,normalized_asymmetry,12,gpu_mlp,20260923,0.25,0.3981544771018455,0.398838004101162,0.0006835269993165083,0.24530545888058208,0.1923875542904973,0.06550976800976802,audit_population
arousal,normalized_asymmetry,12,linear_logistic,20260923,0.25,0.40806561859193435,0.46479835953520166,0.0567327409432673,0.24530545888058208,0.1923875542904973,0.06550976800976802,audit_population
arousal,relative_power,24,gpu_mlp,20260923,0.25,0.5034176349965823,0.5064935064935064,0.0030758714969241208,0.24530545888058208,0.1923875542904973,0.06550976800976802,audit_population
arousal,relative_power,24,linear_logistic,20260923,0.25,0.5146958304853042,0.5331510594668489,0.018455228981544725,0.24530545888058208,0.1923875542904973,0.06550976800976802,audit_population
arousal,all,72,gpu_mlp,20260923,0.5,0.436431989063568,0.47881066302118935,0.04237867395762135,0.4968249488168865,0.36014722226636187,0.06036719816131584,audit_population
arousal,all,72,linear_logistic,20260923,0.5,0.44360902255639095,0.4979494190020506,0.05434039644565963,0.4968249488168865,0.36014722226636187,0.06036719816131584,audit_population
arousal,baseline_delta,72,gpu_mlp,20260923,0.5,0.4989747095010253,0.5365686944634313,0.03759398496240596,0.4968249488168865,0.36014722226636187,0.06036719816131584,audit_population
arousal,baseline_delta,72,linear_logistic,20260923,0.5,0.5034176349965823,0.5102529049897471,0.00683526999316475,0.4968249488168865,0.36014722226636187,0.06036719816131584,audit_population
arousal,normalized_asymmetry,12,gpu_mlp,20260923,0.5,0.3981544771018455,0.4289131920710868,0.03075871496924132,0.4968249488168865,0.36014722226636187,0.06036719816131584,audit_population
arousal,normalized_asymmetry,12,linear_logistic,20260923,0.5,0.40806561859193435,0.47607655502392343,0.06801093643198908,0.4968249488168865,0.36014722226636187,0.06036719816131584,audit_population
arousal,relative_power,24,gpu_mlp,20260923,0.5,0.5034176349965823,0.5064935064935064,0.0030758714969241208,0.4968249488168865,0.36014722226636187,0.06036719816131584,audit_population
arousal,relative_power,24,linear_logistic,20260923,0.5,0.5146958304853042,0.5399863294600137,0.025290498974709474,0.4968249488168865,0.36014722226636187,0.06036719816131584,audit_population
arousal,all,72,gpu_mlp,20260923,0.75,0.436431989063568,0.4805194805194805,0.04408749145591251,0.7162588300027207,0.5054923810586868,0.14193582561229617,audit_population
arousal,all,72,linear_logistic,20260923,0.75,0.44360902255639095,0.4849624060150376,0.04135338345864664,0.7162588300027207,0.5054923810586868,0.14193582561229617,audit_population
arousal,baseline_delta,72,gpu_mlp,20260923,0.75,0.4989747095010253,0.5280246069719754,0.029049897470950103,0.7162588300027207,0.5054923810586868,0.14193582561229617,audit_population
arousal,baseline_delta,72,linear_logistic,20260923,0.75,0.5034176349965823,0.4979494190020506,-0.005468215994531733,0.7162588300027207,0.5054923810586868,0.14193582561229617,audit_population
arousal,normalized_asymmetry,12,gpu_mlp,20260923,0.75,0.3981544771018455,0.41968557758031444,0.021531100478468956,0.7162588300027207,0.5054923810586868,0.14193582561229617,audit_population
arousal,normalized_asymmetry,12,linear_logistic,20260923,0.75,0.40806561859193435,0.4388243335611757,0.03075871496924132,0.7162588300027207,0.5054923810586868,0.14193582561229617,audit_population
arousal,relative_power,24,gpu_mlp,20260923,0.75,0.5034176349965823,0.5184552289815447,0.015037593984962405,0.7162588300027207,0.5054923810586868,0.14193582561229617,audit_population
arousal,relative_power,24,linear_logistic,20260923,0.75,0.5146958304853042,0.504442925495557,-0.01025290498974718,0.7162588300027207,0.5054923810586868,0.14193582561229617,audit_population
arousal,all,72,gpu_mlp,20260923,1.0,0.436431989063568,0.49282296650717705,0.05639097744360905,1.0,0.6964755853111579,0.12744406737053798,audit_population
arousal,all,72,linear_logistic,20260923,1.0,0.44360902255639095,0.4894053315105946,0.04579630895420367,1.0,0.6964755853111579,0.12744406737053798,audit_population
arousal,baseline_delta,72,gpu_mlp,20260923,1.0,0.4989747095010253,0.5328092959671907,0.03383458646616544,1.0,0.6964755853111579,0.12744406737053798,audit_population
arousal,baseline_delta,72,linear_logistic,20260923,1.0,0.5034176349965823,0.5266575529733424,0.02323991797676006,1.0,0.6964755853111579,0.12744406737053798,audit_population
arousal,normalized_asymmetry,12,gpu_mlp,20260923,1.0,0.3981544771018455,0.410457963089542,0.012303485987696539,1.0,0.6964755853111579,0.12744406737053798,audit_population
arousal,normalized_asymmetry,12,linear_logistic,20260923,1.0,0.40806561859193435,0.4453178400546821,0.03725222146274776,1.0,0.6964755853111579,0.12744406737053798,audit_population
arousal,relative_power,24,gpu_mlp,20260923,1.0,0.5034176349965823,0.5027341079972659,-0.0006835269993163973,1.0,0.6964755853111579,0.12744406737053798,audit_population
arousal,relative_power,24,linear_logistic,20260923,1.0,0.5146958304853042,0.5615174299384825,0.04682159945317832,1.0,0.6964755853111579,0.12744406737053798,audit_population
arousal,all,72,gpu_mlp,20261007,0.0,0.47607655502392343,0.44873547505126454,-0.027341079972658888,0.0,0.03673741436081172,-0.0010198135198135122,audit_population
arousal,all,72,linear_logistic,20261007,0.0,0.49965823650034175,0.5235816814764183,0.023923444976076513,0.0,0.03673741436081172,-0.0010198135198135122,audit_population
arousal,baseline_delta,72,gpu_mlp,20261007,0.0,0.49282296650717705,0.5745044429254955,0.08168147641831847,0.0,0.03673741436081172,-0.0010198135198135122,audit_population
arousal,baseline_delta,72,linear_logistic,20261007,0.0,0.4794941900205058,0.5092276144907724,0.029733424470266556,0.0,0.03673741436081172,-0.0010198135198135122,audit_population
arousal,normalized_asymmetry,12,gpu_mlp,20261007,0.0,0.4777853725222146,0.4863294600136705,0.00854408749145591,0.0,0.03673741436081172,-0.0010198135198135122,audit_population
arousal,normalized_asymmetry,12,linear_logistic,20261007,0.0,0.46616541353383456,0.4743677375256322,0.008202323991797655,0.0,0.03673741436081172,-0.0010198135198135122,audit_population
arousal,relative_power,24,gpu_mlp,20261007,0.0,0.49145591250854403,0.5427204374572796,0.05126452494873557,0.0,0.03673741436081172,-0.0010198135198135122,audit_population
arousal,relative_power,24,linear_logistic,20261007,0.0,0.5095693779904307,0.5269993164730007,0.017429938482570018,0.0,0.03673741436081172,-0.0010198135198135122,audit_population
arousal,all,72,gpu_mlp,20261007,0.25,0.47607655502392343,0.43403964456596034,-0.042036910457963095,0.2221230571983165,0.18343288220388249,0.028479236812570155,audit_population
arousal,all,72,linear_logistic,20261007,0.25,0.49965823650034175,0.5164046479835953,0.016746411483253565,0.2221230571983165,0.18343288220388249,0.028479236812570155,audit_population
arousal,baseline_delta,72,gpu_mlp,20261007,0.25,0.49282296650717705,0.5177717019822283,0.024948735475051276,0.2221230571983165,0.18343288220388249,0.028479236812570155,audit_population
arousal,baseline_delta,72,linear_logistic,20261007,0.25,0.4794941900205058,0.5324675324675324,0.05297334244702662,0.2221230571983165,0.18343288220388249,0.028479236812570155,audit_population
arousal,normalized_asymmetry,12,gpu_mlp,20261007,0.25,0.4777853725222146,0.487012987012987,0.009227614490772418,0.2221230571983165,0.18343288220388249,0.028479236812570155,audit_population
arousal,normalized_asymmetry,12,linear_logistic,20261007,0.25,0.46616541353383456,0.4829118250170882,0.01674641148325362,0.2221230571983165,0.18343288220388249,0.028479236812570155,audit_population
arousal,relative_power,24,gpu_mlp,20261007,0.25,0.49145591250854403,0.5481886534518113,0.0567327409432673,0.2221230571983165,0.18343288220388249,0.028479236812570155,audit_population
arousal,relative_power,24,linear_logistic,20261007,0.25,0.5095693779904307,0.49248120300751874,-0.01708817498291193,0.2221230571983165,0.18343288220388249,0.028479236812570155,audit_population
arousal,all,72,gpu_mlp,20261007,0.5,0.47607655502392343,0.4589883800410116,-0.01708817498291182,0.457641156368368,0.3399347258332666,-0.02244345161011828,audit_population
arousal,all,72,linear_logistic,20261007,0.5,0.49965823650034175,0.501367053998633,0.0017088174982912707,0.457641156368368,0.3399347258332666,-0.02244345161011828,audit_population
arousal,baseline_delta,72,gpu_mlp,20261007,0.5,0.49282296650717705,0.5577580314422419,0.06493506493506485,0.457641156368368,0.3399347258332666,-0.02244345161011828,audit_population
arousal,baseline_delta,72,linear_logistic,20261007,0.5,0.4794941900205058,0.5498974709501026,0.07040328092959675,0.457641156368368,0.3399347258332666,-0.02244345161011828,audit_population
arousal,normalized_asymmetry,12,gpu_mlp,20261007,0.5,0.4777853725222146,0.487012987012987,0.009227614490772418,0.457641156368368,0.3399347258332666,-0.02244345161011828,audit_population
arousal,normalized_asymmetry,12,linear_logistic,20261007,0.5,0.46616541353383456,0.46514012303485985,-0.001025290498974707,0.457641156368368,0.3399347258332666,-0.02244345161011828,audit_population
arousal,relative_power,24,gpu_mlp,20261007,0.5,0.49145591250854403,0.5584415584415584,0.06698564593301437,0.457641156368368,0.3399347258332666,-0.02244345161011828,audit_population
arousal,relative_power,24,linear_logistic,20261007,0.5,0.5095693779904307,0.5140123034859877,0.004442925495557026,0.457641156368368,0.3399347258332666,-0.02244345161011828,audit_population
arousal,all,72,gpu_mlp,20261007,0.75,0.47607655502392343,0.43677375256322626,-0.03930280246069717,0.6601373945010655,0.4754712082049724,-0.008498445998445977,audit_population
arousal,all,72,linear_logistic,20261007,0.75,0.49965823650034175,0.5218728639781272,0.02221462747778541,0.6601373945010655,0.4754712082049724,-0.008498445998445977,audit_population
arousal,baseline_delta,72,gpu_mlp,20261007,0.75,0.49282296650717705,0.5150375939849624,0.022214627477785354,0.6601373945010655,0.4754712082049724,-0.008498445998445977,audit_population
arousal,baseline_delta,72,linear_logistic,20261007,0.75,0.4794941900205058,0.5136705399863295,0.034176349965823694,0.6601373945010655,0.4754712082049724,-0.008498445998445977,audit_population
arousal,normalized_asymmetry,12,gpu_mlp,20261007,0.75,0.4777853725222146,0.4470266575529733,-0.030758714969241263,0.6601373945010655,0.4754712082049724,-0.008498445998445977,audit_population
arousal,normalized_asymmetry,12,linear_logistic,20261007,0.75,0.46616541353383456,0.46514012303485985,-0.001025290498974707,0.6601373945010655,0.4754712082049724,-0.008498445998445977,audit_population
arousal,relative_power,24,gpu_mlp,20261007,0.75,0.49145591250854403,0.5536568694463431,0.062200956937799035,0.6601373945010655,0.4754712082049724,-0.008498445998445977,audit_population
arousal,relative_power,24,linear_logistic,20261007,0.75,0.5095693779904307,0.5205058099794941,0.010936431989063466,0.6601373945010655,0.4754712082049724,-0.008498445998445977,audit_population
arousal,all,72,gpu_mlp,20261007,1.0,0.47607655502392343,0.46479835953520166,-0.011278195488721776,0.9,0.6331187898085061,0.028479236812570155,audit_population
arousal,all,72,linear_logistic,20261007,1.0,0.49965823650034175,0.47607655502392343,-0.023581681476418315,0.9,0.6331187898085061,0.028479236812570155,audit_population
arousal,baseline_delta,72,gpu_mlp,20261007,1.0,0.49282296650717705,0.5075187969924811,0.014695830485304096,0.9,0.6331187898085061,0.028479236812570155,audit_population
arousal,baseline_delta,72,linear_logistic,20261007,1.0,0.4794941900205058,0.4976076555023923,0.01811346548188647,0.9,0.6331187898085061,0.028479236812570155,audit_population
arousal,normalized_asymmetry,12,gpu_mlp,20261007,1.0,0.4777853725222146,0.45078605604921396,-0.026999316473000634,0.9,0.6331187898085061,0.028479236812570155,audit_population
arousal,normalized_asymmetry,12,linear_logistic,20261007,1.0,0.46616541353383456,0.46684894053315107,0.0006835269993165083,0.9,0.6331187898085061,0.028479236812570155,audit_population
arousal,relative_power,24,gpu_mlp,20261007,1.0,0.49145591250854403,0.5714285714285714,0.07997265892002736,0.9,0.6331187898085061,0.028479236812570155,audit_population
arousal,relative_power,24,linear_logistic,20261007,1.0,0.5095693779904307,0.5109364319890636,0.0013670539986329056,0.9,0.6331187898085061,0.028479236812570155,audit_population
valence,all,72,gpu_mlp,20260813,0.0,0.4678742310321258,0.46684894053315107,-0.001025290498974707,0.0,0.03259283267733455,-0.03888888888888889,audit_population
valence,all,72,linear_logistic,20260813,0.0,0.49077238550922764,0.46274777853725224,-0.028024606971975397,0.0,0.03259283267733455,-0.03888888888888889,audit_population
valence,baseline_delta,72,gpu_mlp,20260813,0.0,0.5471633629528366,0.5444292549555707,-0.002734107997265922,0.0,0.03259283267733455,-0.03888888888888889,audit_population
valence,baseline_delta,72,linear_logistic,20260813,0.0,0.5222146274777854,0.49419002050580996,-0.028024606971975397,0.0,0.03259283267733455,-0.03888888888888889,audit_population
valence,normalized_asymmetry,12,gpu_mlp,20260813,0.0,0.5054682159945317,0.5177717019822283,0.012303485987696594,0.0,0.03259283267733455,-0.03888888888888889,audit_population
valence,normalized_asymmetry,12,linear_logistic,20260813,0.0,0.47573479152426523,0.5064935064935064,0.030758714969241208,0.0,0.03259283267733455,-0.03888888888888889,audit_population
valence,relative_power,24,gpu_mlp,20260813,0.0,0.50580997949419,0.5297334244702666,0.02392344497607657,0.0,0.03259283267733455,-0.03888888888888889,audit_population
valence,relative_power,24,linear_logistic,20260813,0.0,0.4805194805194805,0.4665071770334928,-0.014012303485987698,0.0,0.03259283267733455,-0.03888888888888889,audit_population
valence,all,72,gpu_mlp,20260813,0.25,0.4678742310321258,0.475393028024607,0.007518796992481203,0.2452562047928969,0.1799866344178575,-0.04014346764346764,audit_population
valence,all,72,linear_logistic,20260813,0.25,0.49077238550922764,0.46479835953520166,-0.025974025974025983,0.2452562047928969,0.1799866344178575,-0.04014346764346764,audit_population
valence,baseline_delta,72,gpu_mlp,20260813,0.25,0.5471633629528366,0.5396445659603555,-0.007518796992481147,0.2452562047928969,0.1799866344178575,-0.04014346764346764,audit_population
valence,baseline_delta,72,linear_logistic,20260813,0.25,0.5222146274777854,0.5006835269993165,-0.021531100478468845,0.2452562047928969,0.1799866344178575,-0.04014346764346764,audit_population
valence,normalized_asymmetry,12,gpu_mlp,20260813,0.25,0.5054682159945317,0.4965823650034176,-0.008885850991114108,0.2452562047928969,0.1799866344178575,-0.04014346764346764,audit_population
valence,normalized_asymmetry,12,linear_logistic,20260813,0.25,0.47573479152426523,0.47026657552973344,-0.005468215994531789,0.2452562047928969,0.1799866344178575,-0.04014346764346764,audit_population
valence,relative_power,24,gpu_mlp,20260813,0.25,0.50580997949419,0.5109364319890636,0.005126452494873535,0.2452562047928969,0.1799866344178575,-0.04014346764346764,audit_population
valence,relative_power,24,linear_logistic,20260813,0.25,0.4805194805194805,0.4644565960355434,-0.016062884483937112,0.2452562047928969,0.1799866344178575,-0.04014346764346764,audit_population
valence,all,72,gpu_mlp,20260813,0.5,0.4678742310321258,0.49008885850991113,0.022214627477785354,0.5027764468765981,0.3407249182791975,-0.0340533078033078,audit_population
valence,all,72,linear_logistic,20260813,0.5,0.49077238550922764,0.461038961038961,-0.02973342447026661,0.5027764468765981,0.3407249182791975,-0.0340533078033078,audit_population
valence,baseline_delta,72,gpu_mlp,20260813,0.5,0.5471633629528366,0.5300751879699248,-0.01708817498291182,0.5027764468765981,0.3407249182791975,-0.0340533078033078,audit_population
valence,baseline_delta,72,linear_logistic,20260813,0.5,0.5222146274777854,0.49043062200956933,-0.031784005468216026,0.5027764468765981,0.3407249182791975,-0.0340533078033078,audit_population
valence,normalized_asymmetry,12,gpu_mlp,20260813,0.5,0.5054682159945317,0.49829118250170884,-0.007177033492822893,0.5027764468765981,0.3407249182791975,-0.0340533078033078,audit_population
valence,normalized_asymmetry,12,linear_logistic,20260813,0.5,0.47573479152426523,0.49077238550922764,0.015037593984962405,0.5027764468765981,0.3407249182791975,-0.0340533078033078,audit_population
valence,relative_power,24,gpu_mlp,20260813,0.5,0.50580997949419,0.5222146274777854,0.01640464798359531,0.5027764468765981,0.3407249182791975,-0.0340533078033078,audit_population
valence,relative_power,24,linear_logistic,20260813,0.5,0.4805194805194805,0.4719753930280246,-0.00854408749145591,0.5027764468765981,0.3407249182791975,-0.0340533078033078,audit_population
valence,all,72,gpu_mlp,20260813,0.75,0.4678742310321258,0.5225563909774436,0.054682159945317776,0.7599807484794286,0.48785774957077266,-0.10882131757131759,audit_population
valence,all,72,linear_logistic,20260813,0.75,0.49077238550922764,0.4524948735475051,-0.03827751196172252,0.7599807484794286,0.48785774957077266,-0.10882131757131759,audit_population
valence,baseline_delta,72,gpu_mlp,20260813,0.75,0.5471633629528366,0.5423786739576213,-0.004784688995215336,0.7599807484794286,0.48785774957077266,-0.10882131757131759,audit_population
valence,baseline_delta,72,linear_logistic,20260813,0.75,0.5222146274777854,0.49111414900888584,-0.031100478468899517,0.7599807484794286,0.48785774957077266,-0.10882131757131759,audit_population
valence,normalized_asymmetry,12,gpu_mlp,20260813,0.75,0.5054682159945317,0.48632946001367056,-0.019138755980861177,0.7599807484794286,0.48785774957077266,-0.10882131757131759,audit_population
valence,normalized_asymmetry,12,linear_logistic,20260813,0.75,0.47573479152426523,0.4887218045112782,0.012987012987012991,0.7599807484794286,0.48785774957077266,-0.10882131757131759,audit_population
valence,relative_power,24,gpu_mlp,20260813,0.75,0.50580997949419,0.5276828434723171,0.021872863978127044,0.7599807484794286,0.48785774957077266,-0.10882131757131759,audit_population
valence,relative_power,24,linear_logistic,20260813,0.75,0.4805194805194805,0.46924128503075874,-0.011278195488721776,0.7599807484794286,0.48785774957077266,-0.10882131757131759,audit_population
valence,all,72,gpu_mlp,20260813,1.0,0.4678742310321258,0.5078605604921395,0.03998632946001368,1.0,0.6410499263865612,-0.08453407703407703,audit_population
valence,all,72,linear_logistic,20260813,1.0,0.49077238550922764,0.508544087491456,0.017771701982228327,1.0,0.6410499263865612,-0.08453407703407703,audit_population
valence,baseline_delta,72,gpu_mlp,20260813,1.0,0.5471633629528366,0.527341079972659,-0.01982228298017763,1.0,0.6410499263865612,-0.08453407703407703,audit_population
valence,baseline_delta,72,linear_logistic,20260813,1.0,0.5222146274777854,0.5136705399863295,-0.008544087491455854,1.0,0.6410499263865612,-0.08453407703407703,audit_population
valence,normalized_asymmetry,12,gpu_mlp,20260813,1.0,0.5054682159945317,0.487012987012987,-0.018455228981544725,1.0,0.6410499263865612,-0.08453407703407703,audit_population
valence,normalized_asymmetry,12,linear_logistic,20260813,1.0,0.47573479152426523,0.4747095010252905,-0.001025290498974707,1.0,0.6410499263865612,-0.08453407703407703,audit_population
valence,relative_power,24,gpu_mlp,20260813,1.0,0.50580997949419,0.5406698564593302,0.034859876965140146,1.0,0.6410499263865612,-0.08453407703407703,audit_population
valence,relative_power,24,linear_logistic,20260813,1.0,0.4805194805194805,0.45625427204374575,-0.024265208475734767,1.0,0.6410499263865612,-0.08453407703407703,audit_population
valence,all,72,gpu_mlp,20260829,0.0,0.5003417634996583,0.5311004784688995,0.030758714969241208,0.0,0.015503139692780799,0.0,audit_population
valence,all,72,linear_logistic,20260829,0.0,0.48564593301435405,0.5068352699931647,0.021189336978810702,0.0,0.015503139692780799,0.0,audit_population
valence,baseline_delta,72,gpu_mlp,20260829,0.0,0.5099111414900889,0.5840738209159262,0.07416267942583732,0.0,0.015503139692780799,0.0,audit_population
valence,baseline_delta,72,linear_logistic,20260829,0.0,0.5,0.5287081339712919,0.028708133971291905,0.0,0.015503139692780799,0.0,audit_population
valence,normalized_asymmetry,12,gpu_mlp,20260829,0.0,0.5324675324675325,0.5393028024606972,0.006835269993164639,0.0,0.015503139692780799,0.0,audit_population
valence,normalized_asymmetry,12,linear_logistic,20260829,0.0,0.5338345864661654,0.5054682159945317,-0.028366370471633706,0.0,0.015503139692780799,0.0,audit_population
valence,relative_power,24,gpu_mlp,20260829,0.0,0.5123034859876965,0.4859876965140123,-0.02631578947368418,0.0,0.015503139692780799,0.0,audit_population
valence,relative_power,24,linear_logistic,20260829,0.0,0.47026657552973344,0.47881066302118935,0.00854408749145591,0.0,0.015503139692780799,0.0,audit_population
valence,all,72,gpu_mlp,20260829,0.25,0.5003417634996583,0.5509227614490773,0.05058099794941895,0.2447916042827283,0.16303802383733484,0.026349900099900115,audit_population
valence,all,72,linear_logistic,20260829,0.25,0.48564593301435405,0.5143540669856459,0.02870813397129185,0.2447916042827283,0.16303802383733484,0.026349900099900115,audit_population
valence,baseline_delta,72,gpu_mlp,20260829,0.25,0.5099111414900889,0.5283663704716337,0.018455228981544836,0.2447916042827283,0.16303802383733484,0.026349900099900115,audit_population
valence,baseline_delta,72,linear_logistic,20260829,0.25,0.5,0.48222829801777173,-0.017771701982228272,0.2447916042827283,0.16303802383733484,0.026349900099900115,audit_population
valence,normalized_asymmetry,12,gpu_mlp,20260829,0.25,0.5324675324675325,0.5003417634996583,-0.032125768967874224,0.2447916042827283,0.16303802383733484,0.026349900099900115,audit_population
valence,normalized_asymmetry,12,linear_logistic,20260829,0.25,0.5338345864661654,0.5047846889952153,-0.029049897470950103,0.2447916042827283,0.16303802383733484,0.026349900099900115,audit_population
valence,relative_power,24,gpu_mlp,20260829,0.25,0.5123034859876965,0.5075187969924811,-0.004784688995215336,0.2447916042827283,0.16303802383733484,0.026349900099900115,audit_population
valence,relative_power,24,linear_logistic,20260829,0.25,0.47026657552973344,0.48632946001367056,0.016062884483937112,0.2447916042827283,0.16303802383733484,0.026349900099900115,audit_population
valence,all,72,gpu_mlp,20260829,0.5,0.5003417634996583,0.5676691729323308,0.06732740943267246,0.502661106355786,0.3189203537194292,0.027733447108447117,audit_population
valence,all,72,linear_logistic,20260829,0.5,0.48564593301435405,0.5078605604921395,0.02221462747778541,0.502661106355786,0.3189203537194292,0.027733447108447117,audit_population
valence,baseline_delta,72,gpu_mlp,20260829,0.5,0.5099111414900889,0.5478468899521531,0.03793574846206427,0.502661106355786,0.3189203537194292,0.027733447108447117,audit_population
valence,baseline_delta,72,linear_logistic,20260829,0.5,0.5,0.5481886534518113,0.048188653451811336,0.502661106355786,0.3189203537194292,0.027733447108447117,audit_population
valence,normalized_asymmetry,12,gpu_mlp,20260829,0.5,0.5324675324675325,0.5485304169514695,0.016062884483937,0.502661106355786,0.3189203537194292,0.027733447108447117,audit_population
valence,normalized_asymmetry,12,linear_logistic,20260829,0.5,0.5338345864661654,0.5047846889952153,-0.029049897470950103,0.502661106355786,0.3189203537194292,0.027733447108447117,audit_population
valence,relative_power,24,gpu_mlp,20260829,0.5,0.5123034859876965,0.5160628844839371,0.003759398496240629,0.502661106355786,0.3189203537194292,0.027733447108447117,audit_population
valence,relative_power,24,linear_logistic,20260829,0.5,0.47026657552973344,0.4955570745044429,0.025290498974709474,0.502661106355786,0.3189203537194292,0.027733447108447117,audit_population
valence,all,72,gpu_mlp,20260829,0.75,0.5003417634996583,0.5403280929596719,0.03998632946001357,0.7492463377676767,0.4670121389925269,0.018049381174381172,audit_population
valence,all,72,linear_logistic,20260829,0.75,0.48564593301435405,0.5153793574846206,0.029733424470266556,0.7492463377676767,0.4670121389925269,0.018049381174381172,audit_population
valence,baseline_delta,72,gpu_mlp,20260829,0.75,0.5099111414900889,0.5338345864661654,0.02392344497607657,0.7492463377676767,0.4670121389925269,0.018049381174381172,audit_population
valence,baseline_delta,72,linear_logistic,20260829,0.75,0.5,0.4969241285030759,-0.0030758714969241208,0.7492463377676767,0.4670121389925269,0.018049381174381172,audit_population
valence,normalized_asymmetry,12,gpu_mlp,20260829,0.75,0.5324675324675325,0.508544087491456,-0.02392344497607657,0.7492463377676767,0.4670121389925269,0.018049381174381172,audit_population
valence,normalized_asymmetry,12,linear_logistic,20260829,0.75,0.5338345864661654,0.5112781954887218,-0.022556390977443663,0.7492463377676767,0.4670121389925269,0.018049381174381172,audit_population
valence,relative_power,24,gpu_mlp,20260829,0.75,0.5123034859876965,0.5102529049897471,-0.002050580997949414,0.7492463377676767,0.4670121389925269,0.018049381174381172,audit_population
valence,relative_power,24,linear_logistic,20260829,0.75,0.47026657552973344,0.47231715652768286,0.002050580997949414,0.7492463377676767,0.4670121389925269,0.018049381174381172,audit_population
valence,all,72,gpu_mlp,20260829,1.0,0.5003417634996583,0.569377990430622,0.06903622693096367,1.0,0.6206075800546544,0.002942543567543571,audit_population
valence,all,72,linear_logistic,20260829,1.0,0.48564593301435405,0.5143540669856459,0.02870813397129185,1.0,0.6206075800546544,0.002942543567543571,audit_population
valence,baseline_delta,72,gpu_mlp,20260829,1.0,0.5099111414900889,0.5591250854408749,0.04921394395078604,1.0,0.6206075800546544,0.002942543567543571,audit_population
valence,baseline_delta,72,linear_logistic,20260829,1.0,0.5,0.525974025974026,0.025974025974025983,1.0,0.6206075800546544,0.002942543567543571,audit_population
valence,normalized_asymmetry,12,gpu_mlp,20260829,1.0,0.5324675324675325,0.5263157894736842,-0.0061517429938483525,1.0,0.6206075800546544,0.002942543567543571,audit_population
valence,normalized_asymmetry,12,linear_logistic,20260829,1.0,0.5338345864661654,0.536226930963773,0.0023923444976076125,1.0,0.6206075800546544,0.002942543567543571,audit_population
valence,relative_power,24,gpu_mlp,20260829,1.0,0.5123034859876965,0.5393028024606972,0.02699931647300069,1.0,0.6206075800546544,0.002942543567543571,audit_population
valence,relative_power,24,linear_logistic,20260829,1.0,0.47026657552973344,0.4880382775119617,0.017771701982228272,1.0,0.6206075800546544,0.002942543567543571,audit_population
valence,all,72,gpu_mlp,20260911,0.0,0.5276828434723171,0.5263157894736842,-0.0013670539986329056,0.0,0.016576397818756982,0.008750000000000003,audit_population
valence,all,72,linear_logistic,20260911,0.0,0.5153793574846206,0.5239234449760766,0.008544087491455965,0.0,0.016576397818756982,0.008750000000000003,audit_population
valence,baseline_delta,72,gpu_mlp,20260911,0.0,0.5372522214627478,0.49863294600136704,-0.03861927546138072,0.0,0.016576397818756982,0.008750000000000003,audit_population
valence,baseline_delta,72,linear_logistic,20260911,0.0,0.4880382775119617,0.46377306903622695,-0.024265208475734767,0.0,0.016576397818756982,0.008750000000000003,audit_population
valence,normalized_asymmetry,12,gpu_mlp,20260911,0.0,0.5457963089542037,0.5095693779904307,-0.03622693096377305,0.0,0.016576397818756982,0.008750000000000003,audit_population
valence,normalized_asymmetry,12,linear_logistic,20260911,0.0,0.5215311004784688,0.48974709501025293,-0.031784005468215915,0.0,0.016576397818756982,0.008750000000000003,audit_population
valence,relative_power,24,gpu_mlp,20260911,0.0,0.49521531100478466,0.5006835269993165,0.005468215994531844,0.0,0.016576397818756982,0.008750000000000003,audit_population
valence,relative_power,24,linear_logistic,20260911,0.0,0.5102529049897471,0.47163362952836635,-0.03861927546138072,0.0,0.016576397818756982,0.008750000000000003,audit_population
valence,all,72,gpu_mlp,20260911,0.25,0.5276828434723171,0.524606971975393,-0.0030758714969241208,0.25679517964658977,0.15833970608461295,0.002202797202797202,audit_population
valence,all,72,linear_logistic,20260911,0.25,0.5153793574846206,0.5064935064935064,-0.008885850991114164,0.25679517964658977,0.15833970608461295,0.002202797202797202,audit_population
valence,baseline_delta,72,gpu_mlp,20260911,0.25,0.5372522214627478,0.5157211209842789,-0.021531100478468845,0.25679517964658977,0.15833970608461295,0.002202797202797202,audit_population
valence,baseline_delta,72,linear_logistic,20260911,0.25,0.4880382775119617,0.5232399179767601,0.035201640464798345,0.25679517964658977,0.15833970608461295,0.002202797202797202,audit_population
valence,normalized_asymmetry,12,gpu_mlp,20260911,0.25,0.5457963089542037,0.50580997949419,-0.03998632946001368,0.25679517964658977,0.15833970608461295,0.002202797202797202,audit_population
valence,normalized_asymmetry,12,linear_logistic,20260911,0.25,0.5215311004784688,0.45522898154477104,-0.0663021189336978,0.25679517964658977,0.15833970608461295,0.002202797202797202,audit_population
valence,relative_power,24,gpu_mlp,20260911,0.25,0.49521531100478466,0.47641831852358163,-0.018796992481203034,0.25679517964658977,0.15833970608461295,0.002202797202797202,audit_population
valence,relative_power,24,linear_logistic,20260911,0.25,0.5102529049897471,0.4894053315105946,-0.020847573479152448,0.25679517964658977,0.15833970608461295,0.002202797202797202,audit_population
valence,all,72,gpu_mlp,20260911,0.5,0.5276828434723171,0.5321257689678742,0.004442925495557137,0.4998161789949948,0.294868276188962,0.009054417804417809,audit_population
valence,all,72,linear_logistic,20260911,0.5,0.5153793574846206,0.5078605604921395,-0.007518796992481147,0.4998161789949948,0.294868276188962,0.009054417804417809,audit_population
valence,baseline_delta,72,gpu_mlp,20260911,0.5,0.5372522214627478,0.5023923444976077,-0.034859876965140035,0.4998161789949948,0.294868276188962,0.009054417804417809,audit_population
valence,baseline_delta,72,linear_logistic,20260911,0.5,0.4880382775119617,0.5017088174982912,0.0136705399863295,0.4998161789949948,0.294868276188962,0.009054417804417809,audit_population
valence,normalized_asymmetry,12,gpu_mlp,20260911,0.5,0.5457963089542037,0.47436773752563227,-0.07142857142857145,0.4998161789949948,0.294868276188962,0.009054417804417809,audit_population
valence,normalized_asymmetry,12,linear_logistic,20260911,0.5,0.5215311004784688,0.46172248803827753,-0.05980861244019131,0.4998161789949948,0.294868276188962,0.009054417804417809,audit_population
valence,relative_power,24,gpu_mlp,20260911,0.5,0.49521531100478466,0.49624060150375937,0.001025290498974707,0.4998161789949948,0.294868276188962,0.009054417804417809,audit_population
valence,relative_power,24,linear_logistic,20260911,0.5,0.5102529049897471,0.48017771701982226,-0.03007518796992481,0.4998161789949948,0.294868276188962,0.009054417804417809,audit_population
valence,all,72,gpu_mlp,20260911,0.75,0.5276828434723171,0.5516062884483937,0.02392344497607657,0.7114075505424228,0.4064443436403364,-0.018272495478377837,audit_population
valence,all,72,linear_logistic,20260911,0.75,0.5153793574846206,0.46924128503075874,-0.04613807245386187,0.7114075505424228,0.4064443436403364,-0.018272495478377837,audit_population
valence,baseline_delta,72,gpu_mlp,20260911,0.75,0.5372522214627478,0.5116199589883801,-0.025632262474367673,0.7114075505424228,0.4064443436403364,-0.018272495478377837,audit_population
valence,baseline_delta,72,linear_logistic,20260911,0.75,0.4880382775119617,0.5075187969924811,0.01948051948051943,0.7114075505424228,0.4064443436403364,-0.018272495478377837,audit_population
valence,normalized_asymmetry,12,gpu_mlp,20260911,0.75,0.5457963089542037,0.5116199589883801,-0.03417634996582364,0.7114075505424228,0.4064443436403364,-0.018272495478377837,audit_population
valence,normalized_asymmetry,12,linear_logistic,20260911,0.75,0.5215311004784688,0.4730006835269993,-0.048530416951469535,0.7114075505424228,0.4064443436403364,-0.018272495478377837,audit_population
valence,relative_power,24,gpu_mlp,20260911,0.75,0.49521531100478466,0.4709501025290499,-0.024265208475734767,0.7114075505424228,0.4064443436403364,-0.018272495478377837,audit_population
valence,relative_power,24,linear_logistic,20260911,0.75,0.5102529049897471,0.49008885850991113,-0.02016404647983594,0.7114075505424228,0.4064443436403364,-0.018272495478377837,audit_population
valence,all,72,gpu_mlp,20260911,1.0,0.5276828434723171,0.5078605604921395,-0.01982228298017763,1.0,0.5700315485255019,-0.04003531599119835,audit_population
valence,all,72,linear_logistic,20260911,1.0,0.5153793574846206,0.48427887901572114,-0.031100478468899462,1.0,0.5700315485255019,-0.04003531599119835,audit_population
valence,baseline_delta,72,gpu_mlp,20260911,1.0,0.5372522214627478,0.5088858509911142,-0.028366370471633595,1.0,0.5700315485255019,-0.04003531599119835,audit_population
valence,baseline_delta,72,linear_logistic,20260911,1.0,0.4880382775119617,0.4979494190020506,0.00991114149008887,1.0,0.5700315485255019,-0.04003531599119835,audit_population
valence,normalized_asymmetry,12,gpu_mlp,20260911,1.0,0.5457963089542037,0.4859876965140123,-0.05980861244019142,1.0,0.5700315485255019,-0.04003531599119835,audit_population
valence,normalized_asymmetry,12,linear_logistic,20260911,1.0,0.5215311004784688,0.4730006835269993,-0.048530416951469535,1.0,0.5700315485255019,-0.04003531599119835,audit_population
valence,relative_power,24,gpu_mlp,20260911,1.0,0.49521531100478466,0.504442925495557,0.009227614490772362,1.0,0.5700315485255019,-0.04003531599119835,audit_population
valence,relative_power,24,linear_logistic,20260911,1.0,0.5102529049897471,0.4883800410116199,-0.021872863978127155,1.0,0.5700315485255019,-0.04003531599119835,audit_population
valence,all,72,gpu_mlp,20260923,0.0,0.5218728639781272,0.5338345864661654,0.011961722488038284,0.0,0.011898752184628675,0.0,audit_population
valence,all,72,linear_logistic,20260923,0.0,0.4935064935064935,0.5037593984962406,0.010252904989747125,0.0,0.011898752184628675,0.0,audit_population
valence,baseline_delta,72,gpu_mlp,20260923,0.0,0.51742993848257,0.5321257689678742,0.014695830485304207,0.0,0.011898752184628675,0.0,audit_population
valence,baseline_delta,72,linear_logistic,20260923,0.0,0.4958988380041012,0.461038961038961,-0.034859876965140146,0.0,0.011898752184628675,0.0,audit_population
valence,normalized_asymmetry,12,gpu_mlp,20260923,0.0,0.5393028024606972,0.5215311004784688,-0.017771701982228327,0.0,0.011898752184628675,0.0,audit_population
valence,normalized_asymmetry,12,linear_logistic,20260923,0.0,0.5334928229665071,0.5075187969924811,-0.025974025974025983,0.0,0.011898752184628675,0.0,audit_population
valence,relative_power,24,gpu_mlp,20260923,0.0,0.5287081339712919,0.5574162679425837,0.028708133971291794,0.0,0.011898752184628675,0.0,audit_population
valence,relative_power,24,linear_logistic,20260923,0.0,0.5047846889952153,0.4887218045112782,-0.016062884483937112,0.0,0.011898752184628675,0.0,audit_population
valence,all,72,gpu_mlp,20260923,0.25,0.5218728639781272,0.49282296650717705,-0.029049897470950103,0.25302006027616847,0.1618605772678334,0.03376623376623378,audit_population
valence,all,72,linear_logistic,20260923,0.25,0.4935064935064935,0.49179767600820234,-0.0017088174982911597,0.25302006027616847,0.1618605772678334,0.03376623376623378,audit_population
valence,baseline_delta,72,gpu_mlp,20260923,0.25,0.51742993848257,0.5311004784688995,0.0136705399863295,0.25302006027616847,0.1618605772678334,0.03376623376623378,audit_population
valence,baseline_delta,72,linear_logistic,20260923,0.25,0.4958988380041012,0.46240601503759393,-0.03349282296650724,0.25302006027616847,0.1618605772678334,0.03376623376623378,audit_population
valence,normalized_asymmetry,12,gpu_mlp,20260923,0.25,0.5393028024606972,0.5457963089542037,0.006493506493506551,0.25302006027616847,0.1618605772678334,0.03376623376623378,audit_population
valence,normalized_asymmetry,12,linear_logistic,20260923,0.25,0.5334928229665071,0.49248120300751874,-0.04101161995898839,0.25302006027616847,0.1618605772678334,0.03376623376623378,audit_population
valence,relative_power,24,gpu_mlp,20260923,0.25,0.5287081339712919,0.5379357484620642,0.009227614490772251,0.25302006027616847,0.1618605772678334,0.03376623376623378,audit_population
valence,relative_power,24,linear_logistic,20260923,0.25,0.5047846889952153,0.4839371155160629,-0.020847573479152448,0.25302006027616847,0.1618605772678334,0.03376623376623378,audit_population
valence,all,72,gpu_mlp,20260923,0.5,0.5218728639781272,0.5150375939849624,-0.00683526999316475,0.49311673997799516,0.3028891149184449,-0.012400932400932397,audit_population
valence,all,72,linear_logistic,20260923,0.5,0.4935064935064935,0.4945317840054682,0.001025290498974707,0.49311673997799516,0.3028891149184449,-0.012400932400932397,audit_population
valence,baseline_delta,72,gpu_mlp,20260923,0.5,0.51742993848257,0.5611756664388243,0.04374572795625431,0.49311673997799516,0.3028891149184449,-0.012400932400932397,audit_population
valence,baseline_delta,72,linear_logistic,20260923,0.5,0.4958988380041012,0.4678742310321258,-0.028024606971975397,0.49311673997799516,0.3028891149184449,-0.012400932400932397,audit_population
valence,normalized_asymmetry,12,gpu_mlp,20260923,0.5,0.5393028024606972,0.5485304169514695,0.009227614490772362,0.49311673997799516,0.3028891149184449,-0.012400932400932397,audit_population
valence,normalized_asymmetry,12,linear_logistic,20260923,0.5,0.5334928229665071,0.525974025974026,-0.007518796992481147,0.49311673997799516,0.3028891149184449,-0.012400932400932397,audit_population
valence,relative_power,24,gpu_mlp,20260923,0.5,0.5287081339712919,0.5731373889268626,0.04442925495557071,0.49311673997799516,0.3028891149184449,-0.012400932400932397,audit_population
valence,relative_power,24,linear_logistic,20260923,0.5,0.5047846889952153,0.48017771701982226,-0.024606971975393077,0.49311673997799516,0.3028891149184449,-0.012400932400932397,audit_population
valence,all,72,gpu_mlp,20260923,0.75,0.5218728639781272,0.49179767600820234,-0.03007518796992481,0.7262204056399266,0.4382295598841253,0.005250166500166509,audit_population
valence,all,72,linear_logistic,20260923,0.75,0.4935064935064935,0.5054682159945317,0.011961722488038229,0.7262204056399266,0.4382295598841253,0.005250166500166509,audit_population
valence,baseline_delta,72,gpu_mlp,20260923,0.75,0.51742993848257,0.5451127819548872,0.027682843472317198,0.7262204056399266,0.4382295598841253,0.005250166500166509,audit_population
valence,baseline_delta,72,linear_logistic,20260923,0.75,0.4958988380041012,0.4343814080656186,-0.06151742993848258,0.7262204056399266,0.4382295598841253,0.005250166500166509,audit_population
valence,normalized_asymmetry,12,gpu_mlp,20260923,0.75,0.5393028024606972,0.5252904989747095,-0.014012303485987698,0.7262204056399266,0.4382295598841253,0.005250166500166509,audit_population
valence,normalized_asymmetry,12,linear_logistic,20260923,0.75,0.5334928229665071,0.5017088174982912,-0.031784005468215915,0.7262204056399266,0.4382295598841253,0.005250166500166509,audit_population
valence,relative_power,24,gpu_mlp,20260923,0.75,0.5287081339712919,0.5601503759398496,0.031442241968557716,0.7262204056399266,0.4382295598841253,0.005250166500166509,audit_population
valence,relative_power,24,linear_logistic,20260923,0.75,0.5047846889952153,0.4996582365003418,-0.005126452494873535,0.7262204056399266,0.4382295598841253,0.005250166500166509,audit_population
valence,all,72,gpu_mlp,20260923,1.0,0.5218728639781272,0.5017088174982912,-0.02016404647983594,1.0,0.6032781211825751,0.0018847818847818943,audit_population
valence,all,72,linear_logistic,20260923,1.0,0.4935064935064935,0.49624060150375937,0.0027341079972658666,1.0,0.6032781211825751,0.0018847818847818943,audit_population
valence,baseline_delta,72,gpu_mlp,20260923,1.0,0.51742993848257,0.579630895420369,0.062200956937799035,1.0,0.6032781211825751,0.0018847818847818943,audit_population
valence,baseline_delta,72,linear_logistic,20260923,1.0,0.4958988380041012,0.45112781954887216,-0.04477101845522902,1.0,0.6032781211825751,0.0018847818847818943,audit_population
valence,normalized_asymmetry,12,gpu_mlp,20260923,1.0,0.5393028024606972,0.5399863294600137,0.0006835269993165083,1.0,0.6032781211825751,0.0018847818847818943,audit_population
valence,normalized_asymmetry,12,linear_logistic,20260923,1.0,0.5334928229665071,0.5287081339712919,-0.004784688995215225,1.0,0.6032781211825751,0.0018847818847818943,audit_population
valence,relative_power,24,gpu_mlp,20260923,1.0,0.5287081339712919,0.5649350649350648,0.03622693096377294,1.0,0.6032781211825751,0.0018847818847818943,audit_population
valence,relative_power,24,linear_logistic,20260923,1.0,0.5047846889952153,0.4894053315105946,-0.015379357484620715,1.0,0.6032781211825751,0.0018847818847818943,audit_population
valence,all,72,gpu_mlp,20261007,0.0,0.5468215994531784,0.5403280929596719,-0.006493506493506551,0.0,0.010352308373376355,0.0,audit_population
valence,all,72,linear_logistic,20261007,0.0,0.4935064935064935,0.5167464114832536,0.023239917976760116,0.0,0.010352308373376355,0.0,audit_population
valence,baseline_delta,72,gpu_mlp,20261007,0.0,0.5061517429938482,0.47676008202323994,-0.029391660970608302,0.0,0.010352308373376355,0.0,audit_population
valence,baseline_delta,72,linear_logistic,20261007,0.0,0.4589883800410116,0.4251537935748462,-0.03383458646616544,0.0,0.010352308373376355,0.0,audit_population
valence,normalized_asymmetry,12,gpu_mlp,20261007,0.0,0.570745044429255,0.5092276144907724,-0.06151742993848264,0.0,0.010352308373376355,0.0,audit_population
valence,normalized_asymmetry,12,linear_logistic,20261007,0.0,0.5082023239917977,0.4688995215311005,-0.03930280246069717,0.0,0.010352308373376355,0.0,audit_population
valence,relative_power,24,gpu_mlp,20261007,0.0,0.5642515379357484,0.5628844839371154,-0.0013670539986330166,0.0,0.010352308373376355,0.0,audit_population
valence,relative_power,24,linear_logistic,20261007,0.0,0.45625427204374575,0.4887218045112782,0.03246753246753248,0.0,0.010352308373376355,0.0,audit_population
valence,all,72,gpu_mlp,20261007,0.25,0.5468215994531784,0.5642515379357484,0.017429938482570018,0.2509002849538281,0.1558260650661251,0.00653679653679653,audit_population
valence,all,72,linear_logistic,20261007,0.25,0.4935064935064935,0.5157211209842789,0.02221462747778541,0.2509002849538281,0.1558260650661251,0.00653679653679653,audit_population
valence,baseline_delta,72,gpu_mlp,20261007,0.25,0.5061517429938482,0.4719753930280246,-0.03417634996582364,0.2509002849538281,0.1558260650661251,0.00653679653679653,audit_population
valence,baseline_delta,72,linear_logistic,20261007,0.25,0.4589883800410116,0.4419002050580998,-0.01708817498291182,0.2509002849538281,0.1558260650661251,0.00653679653679653,audit_population
valence,normalized_asymmetry,12,gpu_mlp,20261007,0.25,0.570745044429255,0.5157211209842789,-0.055023923444976086,0.2509002849538281,0.1558260650661251,0.00653679653679653,audit_population
valence,normalized_asymmetry,12,linear_logistic,20261007,0.25,0.5082023239917977,0.4699248120300752,-0.038277511961722466,0.2509002849538281,0.1558260650661251,0.00653679653679653,audit_population
valence,relative_power,24,gpu_mlp,20261007,0.25,0.5642515379357484,0.53485987696514,-0.029391660970608413,0.2509002849538281,0.1558260650661251,0.00653679653679653,audit_population
valence,relative_power,24,linear_logistic,20261007,0.25,0.45625427204374575,0.46514012303485985,0.008885850991114108,0.2509002849538281,0.1558260650661251,0.00653679653679653,audit_population
valence,all,72,gpu_mlp,20261007,0.5,0.5468215994531784,0.5727956254272044,0.025974025974025983,0.5065856991830315,0.30454796505566395,0.02082251082251082,audit_population
valence,all,72,linear_logistic,20261007,0.5,0.4935064935064935,0.5345181134654818,0.04101161995898833,0.5065856991830315,0.30454796505566395,0.02082251082251082,audit_population
valence,baseline_delta,72,gpu_mlp,20261007,0.5,0.5061517429938482,0.49008885850991113,-0.016062884483937112,0.5065856991830315,0.30454796505566395,0.02082251082251082,audit_population
valence,baseline_delta,72,linear_logistic,20261007,0.5,0.4589883800410116,0.4374572795625427,-0.0215311004784689,0.5065856991830315,0.30454796505566395,0.02082251082251082,audit_population
valence,normalized_asymmetry,12,gpu_mlp,20261007,0.5,0.570745044429255,0.5276828434723171,-0.04306220095693791,0.5065856991830315,0.30454796505566395,0.02082251082251082,audit_population
valence,normalized_asymmetry,12,linear_logistic,20261007,0.5,0.5082023239917977,0.49145591250854403,-0.01674641148325362,0.5065856991830315,0.30454796505566395,0.02082251082251082,audit_population
valence,relative_power,24,gpu_mlp,20261007,0.5,0.5642515379357484,0.5136705399863295,-0.05058099794941895,0.5065856991830315,0.30454796505566395,0.02082251082251082,audit_population
valence,relative_power,24,linear_logistic,20261007,0.5,0.45625427204374575,0.4634313055365687,0.0071770334928229484,0.5065856991830315,0.30454796505566395,0.02082251082251082,audit_population
valence,all,72,gpu_mlp,20261007,0.75,0.5468215994531784,0.5502392344497608,0.0034176349965823194,0.7545612507810111,0.4484486261285279,-0.027822594072594076,audit_population
valence,all,72,linear_logistic,20261007,0.75,0.4935064935064935,0.4726589200273411,-0.020847573479152393,0.7545612507810111,0.4484486261285279,-0.027822594072594076,audit_population
valence,baseline_delta,72,gpu_mlp,20261007,0.75,0.5061517429938482,0.47881066302118935,-0.027341079972658888,0.7545612507810111,0.4484486261285279,-0.027822594072594076,audit_population
valence,baseline_delta,72,linear_logistic,20261007,0.75,0.4589883800410116,0.4504442925495557,-0.00854408749145591,0.7545612507810111,0.4484486261285279,-0.027822594072594076,audit_population
valence,normalized_asymmetry,12,gpu_mlp,20261007,0.75,0.570745044429255,0.48222829801777173,-0.08851674641148327,0.7545612507810111,0.4484486261285279,-0.027822594072594076,audit_population
valence,normalized_asymmetry,12,linear_logistic,20261007,0.75,0.5082023239917977,0.4958988380041012,-0.012303485987696483,0.7545612507810111,0.4484486261285279,-0.027822594072594076,audit_population
valence,relative_power,24,gpu_mlp,20261007,0.75,0.5642515379357484,0.47607655502392343,-0.08817498291182502,0.7545612507810111,0.4484486261285279,-0.027822594072594076,audit_population
valence,relative_power,24,linear_logistic,20261007,0.75,0.45625427204374575,0.49487354750512647,0.03861927546138072,0.7545612507810111,0.4484486261285279,-0.027822594072594076,audit_population
valence,all,72,gpu_mlp,20261007,1.0,0.5468215994531784,0.5502392344497608,0.0034176349965823194,1.0,0.5920910540859329,-0.03418623043623044,audit_population
valence,all,72,linear_logistic,20261007,1.0,0.4935064935064935,0.49487354750512647,0.001367053998632961,1.0,0.5920910540859329,-0.03418623043623044,audit_population
valence,baseline_delta,72,gpu_mlp,20261007,1.0,0.5061517429938482,0.49282296650717705,-0.01332877648667119,1.0,0.5920910540859329,-0.03418623043623044,audit_population
valence,baseline_delta,72,linear_logistic,20261007,1.0,0.4589883800410116,0.4439507860560492,-0.015037593984962405,1.0,0.5920910540859329,-0.03418623043623044,audit_population
valence,normalized_asymmetry,12,gpu_mlp,20261007,1.0,0.570745044429255,0.5061517429938482,-0.06459330143540676,1.0,0.5920910540859329,-0.03418623043623044,audit_population
valence,normalized_asymmetry,12,linear_logistic,20261007,1.0,0.5082023239917977,0.5003417634996582,-0.007860560492139457,1.0,0.5920910540859329,-0.03418623043623044,audit_population
valence,relative_power,24,gpu_mlp,20261007,1.0,0.5642515379357484,0.49008885850991113,-0.07416267942583732,1.0,0.5920910540859329,-0.03418623043623044,audit_population
valence,relative_power,24,linear_logistic,20261007,1.0,0.45625427204374575,0.45112781954887216,-0.00512645249487359,1.0,0.5920910540859329,-0.03418623043623044,audit_population
arousal,all,72,gpu_mlp,20260813,0.0,0.5954591884111803,0.5972699414987463,0.0018107530875660638,0.0,0.10674679977128905,0.08049450549450549,evaluation_population
arousal,all,72,linear_logistic,20260813,0.0,0.5728015600334293,0.589330485653264,0.016528925619834656,0.0,0.10674679977128905,0.08049450549450549,evaluation_population
arousal,baseline_delta,72,gpu_mlp,20260813,0.0,0.5245612405980128,0.5328257034079302,0.008264462809917439,0.0,0.10674679977128905,0.08049450549450549,evaluation_population
arousal,baseline_delta,72,linear_logistic,20260813,0.0,0.53844368093602,0.5541368743615934,0.015693193425573404,0.0,0.10674679977128905,0.08049450549450549,evaluation_population
arousal,normalized_asymmetry,12,gpu_mlp,20260813,0.0,0.5447116723929799,0.5432259262698487,-0.0014857461231312374,0.0,0.10674679977128905,0.08049450549450549,evaluation_population
arousal,normalized_asymmetry,12,linear_logistic,20260813,0.0,0.5904912248119603,0.6070201504317949,0.016528925619834656,0.0,0.10674679977128905,0.08049450549450549,evaluation_population
arousal,relative_power,24,gpu_mlp,20260813,0.0,0.5450366793574148,0.5754480453152567,0.030411365957841885,0.0,0.10674679977128905,0.08049450549450549,evaluation_population
arousal,relative_power,24,linear_logistic,20260813,0.0,0.4771102237905098,0.4809174482310335,0.003807224440523671,0.0,0.10674679977128905,0.08049450549450549,evaluation_population
arousal,all,72,gpu_mlp,20260813,0.25,0.5954591884111803,0.6176060915591048,0.022146903147924557,0.2520895632011068,0.2623906763876349,0.10009115884115882,evaluation_population
arousal,all,72,linear_logistic,20260813,0.25,0.5728015600334293,0.5975949484631813,0.024793388429751984,0.2520895632011068,0.2623906763876349,0.10009115884115882,evaluation_population
arousal,baseline_delta,72,gpu_mlp,20260813,0.25,0.5245612405980128,0.5662085616120346,0.0416473210140218,0.2520895632011068,0.2623906763876349,0.10009115884115882,evaluation_population
arousal,baseline_delta,72,linear_logistic,20260813,0.25,0.53844368093602,0.5709908069458631,0.03254712600984311,0.2520895632011068,0.2623906763876349,0.10009115884115882,evaluation_population
arousal,normalized_asymmetry,12,gpu_mlp,20260813,0.25,0.5447116723929799,0.5511653821153311,0.006453709722351153,0.2520895632011068,0.2623906763876349,0.10009115884115882,evaluation_population
arousal,normalized_asymmetry,12,linear_logistic,20260813,0.25,0.5904912248119603,0.5901662178475253,-0.0003250069644349374,0.2520895632011068,0.2623906763876349,0.10009115884115882,evaluation_population
arousal,relative_power,24,gpu_mlp,20260813,0.25,0.5450366793574148,0.5281827467731451,-0.016853932584269704,0.2520895632011068,0.2623906763876349,0.10009115884115882,evaluation_population
arousal,relative_power,24,linear_logistic,20260813,0.25,0.4771102237905098,0.4809174482310335,0.003807224440523671,0.2520895632011068,0.2623906763876349,0.10009115884115882,evaluation_population
arousal,all,72,gpu_mlp,20260813,0.5,0.5954591884111803,0.644535240040858,0.049076051629677764,0.4783870205375144,0.41724349859065474,0.11005678145384028,evaluation_population
arousal,all,72,linear_logistic,20260813,0.5,0.5728015600334293,0.5923019778995264,0.01950041786609713,0.4783870205375144,0.41724349859065474,0.11005678145384028,evaluation_population
arousal,baseline_delta,72,gpu_mlp,20260813,0.5,0.5245612405980128,0.5845482403194354,0.05998699972142263,0.4783870205375144,0.41724349859065474,0.11005678145384028,evaluation_population
arousal,baseline_delta,72,linear_logistic,20260813,0.5,0.53844368093602,0.5653728294177732,0.026929148481753207,0.4783870205375144,0.41724349859065474,0.11005678145384028,evaluation_population
arousal,normalized_asymmetry,12,gpu_mlp,20260813,0.5,0.5447116723929799,0.5724765530689944,0.02776488067601446,0.4783870205375144,0.41724349859065474,0.11005678145384028,evaluation_population
arousal,normalized_asymmetry,12,linear_logistic,20260813,0.5,0.5904912248119603,0.6085058965549262,0.018014671742965893,0.4783870205375144,0.41724349859065474,0.11005678145384028,evaluation_population
arousal,relative_power,24,gpu_mlp,20260813,0.5,0.5450366793574148,0.5447116723929799,-0.0003250069644349374,0.4783870205375144,0.41724349859065474,0.11005678145384028,evaluation_population
arousal,relative_power,24,linear_logistic,20260813,0.5,0.4771102237905098,0.4891819110409509,0.012071687250441054,0.4783870205375144,0.41724349859065474,0.11005678145384028,evaluation_population
arousal,all,72,gpu_mlp,20260813,0.75,0.5954591884111803,0.6580926734144303,0.06263348500325006,0.7725545997425437,0.5773617949464364,0.07823859963565845,evaluation_population
arousal,all,72,linear_logistic,20260813,0.75,0.5728015600334293,0.6002414337450088,0.02743987371157952,0.7725545997425437,0.5773617949464364,0.07823859963565845,evaluation_population
arousal,baseline_delta,72,gpu_mlp,20260813,0.75,0.5245612405980128,0.5665335685764695,0.041972327978456736,0.7725545997425437,0.5773617949464364,0.07823859963565845,evaluation_population
arousal,baseline_delta,72,linear_logistic,20260813,0.75,0.53844368093602,0.5552976135202897,0.016853932584269704,0.7725545997425437,0.5773617949464364,0.07823859963565845,evaluation_population
arousal,normalized_asymmetry,12,gpu_mlp,20260813,0.75,0.5447116723929799,0.5721515461045594,0.02743987371157952,0.7725545997425437,0.5773617949464364,0.07823859963565845,evaluation_population
arousal,normalized_asymmetry,12,linear_logistic,20260813,0.75,0.5904912248119603,0.6014021729037051,0.010910948091744865,0.7725545997425437,0.5773617949464364,0.07823859963565845,evaluation_population
arousal,relative_power,24,gpu_mlp,20260813,0.75,0.5450366793574148,0.558594112730987,0.01355743337357218,0.7725545997425437,0.5773617949464364,0.07823859963565845,evaluation_population
arousal,relative_power,24,linear_logistic,20260813,0.75,0.4771102237905098,0.49777138081530314,0.02066115702479332,0.7725545997425437,0.5773617949464364,0.07823859963565845,evaluation_population
arousal,all,72,gpu_mlp,20260813,1.0,0.5954591884111803,0.6404030086358994,0.0449438202247191,1.0,0.73275300876625,0.08025158664864546,evaluation_population
arousal,all,72,linear_logistic,20260813,1.0,0.5728015600334293,0.5863589934070015,0.01355743337357218,1.0,0.73275300876625,0.08025158664864546,evaluation_population
arousal,baseline_delta,72,gpu_mlp,20260813,1.0,0.5245612405980128,0.5414151731822825,0.016853932584269704,1.0,0.73275300876625,0.08025158664864546,evaluation_population
arousal,baseline_delta,72,linear_logistic,20260813,1.0,0.53844368093602,0.5721515461045594,0.03370786516853941,1.0,0.73275300876625,0.08025158664864546,evaluation_population
arousal,normalized_asymmetry,12,gpu_mlp,20260813,1.0,0.5447116723929799,0.5526511282384623,0.00793945584548239,1.0,0.73275300876625,0.08025158664864546,evaluation_population
arousal,normalized_asymmetry,12,linear_logistic,20260813,1.0,0.5904912248119603,0.6028879190268362,0.012396694214875992,1.0,0.73275300876625,0.08025158664864546,evaluation_population
arousal,relative_power,24,gpu_mlp,20260813,1.0,0.5450366793574148,0.5461974185161111,0.0011607391586963,1.0,0.73275300876625,0.08025158664864546,evaluation_population
arousal,relative_power,24,linear_logistic,20260813,1.0,0.4771102237905098,0.4880211718822546,0.010910948091744754,1.0,0.73275300876625,0.08025158664864546,evaluation_population
arousal,all,72,gpu_mlp,20260829,0.0,0.581576748073173,0.6152846132417122,0.033707865168539186,0.0,0.06829748225037094,0.03888888888888888,evaluation_population
arousal,all,72,linear_logistic,20260829,0.0,0.5878447395301327,0.6058594112730987,0.018014671742966004,0.0,0.06829748225037094,0.03888888888888888,evaluation_population
arousal,baseline_delta,72,gpu_mlp,20260829,0.0,0.5077073080137431,0.5833875011607392,0.07568019314699614,0.0,0.06829748225037094,0.03888888888888888,evaluation_population
arousal,baseline_delta,72,linear_logistic,20260829,0.0,0.5414151731822825,0.5653728294177732,0.023957656235490732,0.0,0.06829748225037094,0.03888888888888888,evaluation_population
arousal,normalized_asymmetry,12,gpu_mlp,20260829,0.0,0.5762837775095181,0.5777695236326492,0.0014857461231311264,0.0,0.06829748225037094,0.03888888888888888,evaluation_population
arousal,normalized_asymmetry,12,linear_logistic,20260829,0.0,0.5904912248119603,0.5822267620020429,-0.008264462809917328,0.0,0.06829748225037094,0.03888888888888888,evaluation_population
arousal,relative_power,24,gpu_mlp,20260829,0.0,0.49893211997399944,0.5000928591326957,0.0011607391586963,0.0,0.06829748225037094,0.03888888888888888,evaluation_population
arousal,relative_power,24,linear_logistic,20260829,0.0,0.483563933512861,0.49331414244590954,0.009750208933048565,0.0,0.06829748225037094,0.03888888888888888,evaluation_population
arousal,all,72,gpu_mlp,20260829,0.25,0.581576748073173,0.6291670535797196,0.047590305506546526,0.23998664265681838,0.22135956354576342,0.12227675918852392,evaluation_population
arousal,all,72,linear_logistic,20260829,0.25,0.5878447395301327,0.6309778066672858,0.043133067137153036,0.23998664265681838,0.22135956354576342,0.12227675918852392,evaluation_population
arousal,baseline_delta,72,gpu_mlp,20260829,0.25,0.5077073080137431,0.53844368093602,0.030736372922276933,0.23998664265681838,0.22135956354576342,0.12227675918852392,evaluation_population
arousal,baseline_delta,72,linear_logistic,20260829,0.25,0.5414151731822825,0.5470331507103723,0.00561797752808979,0.23998664265681838,0.22135956354576342,0.12227675918852392,evaluation_population
arousal,normalized_asymmetry,12,gpu_mlp,20260829,0.25,0.5762837775095181,0.6137988671185811,0.037515089609063024,0.23998664265681838,0.22135956354576342,0.12227675918852392,evaluation_population
arousal,normalized_asymmetry,12,linear_logistic,20260829,0.25,0.5904912248119603,0.5807410158789117,-0.009750208933048565,0.23998664265681838,0.22135956354576342,0.12227675918852392,evaluation_population
arousal,relative_power,24,gpu_mlp,20260829,0.25,0.49893211997399944,0.5169467917169653,0.018014671742965893,0.23998664265681838,0.22135956354576342,0.12227675918852392,evaluation_population
arousal,relative_power,24,linear_logistic,20260829,0.25,0.483563933512861,0.5172717986814004,0.03370786516853941,0.23998664265681838,0.22135956354576342,0.12227675918852392,evaluation_population
arousal,all,72,gpu_mlp,20260829,0.5,0.581576748073173,0.6418887547590305,0.060312006685857456,0.4850699436980519,0.3777123782621539,0.21909091725268198,evaluation_population
arousal,all,72,linear_logistic,20260829,0.5,0.5878447395301327,0.6253598291391957,0.037515089609063024,0.4850699436980519,0.3777123782621539,0.21909091725268198,evaluation_population
arousal,baseline_delta,72,gpu_mlp,20260829,0.5,0.5077073080137431,0.5709908069458631,0.06328349893212004,0.4850699436980519,0.3777123782621539,0.21909091725268198,evaluation_population
arousal,baseline_delta,72,linear_logistic,20260829,0.5,0.5414151731822825,0.5990806945863125,0.05766552140403003,0.4850699436980519,0.3777123782621539,0.21909091725268198,evaluation_population
arousal,normalized_asymmetry,12,gpu_mlp,20260829,0.5,0.5762837775095181,0.6152846132417122,0.03900083573219415,0.4850699436980519,0.3777123782621539,0.21909091725268198,evaluation_population
arousal,normalized_asymmetry,12,linear_logistic,20260829,0.5,0.5904912248119603,0.5848732472838705,-0.00561797752808979,0.4850699436980519,0.3777123782621539,0.21909091725268198,evaluation_population
arousal,relative_power,24,gpu_mlp,20260829,0.5,0.49893211997399944,0.5319899712136689,0.03305785123966942,0.4850699436980519,0.3777123782621539,0.21909091725268198,evaluation_population
arousal,relative_power,24,linear_logistic,20260829,0.5,0.483563933512861,0.5113288141888754,0.02776488067601446,0.4850699436980519,0.3777123782621539,0.21909091725268198,evaluation_population
arousal,all,72,gpu_mlp,20260829,0.75,0.581576748073173,0.6415637477945956,0.05998699972142252,0.7486987884475071,0.5348858280220058,0.20974262665439136,evaluation_population
arousal,all,72,linear_logistic,20260829,0.75,0.5878447395301327,0.6347850311078095,0.04694029157767676,0.7486987884475071,0.5348858280220058,0.20974262665439136,evaluation_population
arousal,baseline_delta,72,gpu_mlp,20260829,0.75,0.5077073080137431,0.5653728294177732,0.05766552140403014,0.7486987884475071,0.5348858280220058,0.20974262665439136,evaluation_population
arousal,baseline_delta,72,linear_logistic,20260829,0.75,0.5414151731822825,0.5807410158789117,0.0393258426966292,0.7486987884475071,0.5348858280220058,0.20974262665439136,evaluation_population
arousal,normalized_asymmetry,12,gpu_mlp,20260829,0.75,0.5762837775095181,0.6070201504317949,0.030736372922276822,0.7486987884475071,0.5348858280220058,0.20974262665439136,evaluation_population
arousal,normalized_asymmetry,12,linear_logistic,20260829,0.75,0.5904912248119603,0.6028879190268362,0.012396694214875992,0.7486987884475071,0.5348858280220058,0.20974262665439136,evaluation_population
arousal,relative_power,24,gpu_mlp,20260829,0.75,0.49893211997399944,0.5252112545268827,0.02627913455288322,0.7486987884475071,0.5348858280220058,0.20974262665439136,evaluation_population
arousal,relative_power,24,linear_logistic,20260829,0.75,0.483563933512861,0.49215340328721324,0.008589469774352265,0.7486987884475071,0.5348858280220058,0.20974262665439136,evaluation_population
arousal,all,72,gpu_mlp,20260829,1.0,0.581576748073173,0.6486674714458167,0.06709072337264366,1.0,0.7030646298461114,0.21909091725268198,evaluation_population
arousal,all,72,linear_logistic,20260829,1.0,0.5878447395301327,0.6223883368929335,0.03454359736280077,1.0,0.7030646298461114,0.21909091725268198,evaluation_population
arousal,baseline_delta,72,gpu_mlp,20260829,1.0,0.5077073080137431,0.5807410158789117,0.0730337078651686,1.0,0.7030646298461114,0.21909091725268198,evaluation_population
arousal,baseline_delta,72,linear_logistic,20260829,1.0,0.5414151731822825,0.5709908069458631,0.029575633763580633,1.0,0.7030646298461114,0.21909091725268198,evaluation_population
arousal,normalized_asymmetry,12,gpu_mlp,20260829,1.0,0.5762837775095181,0.6182561054879747,0.041972327978456625,1.0,0.7030646298461114,0.21909091725268198,evaluation_population
arousal,normalized_asymmetry,12,linear_logistic,20260829,1.0,0.5904912248119603,0.5931377100937878,0.0026464852818275375,1.0,0.7030646298461114,0.21909091725268198,evaluation_population
arousal,relative_power,24,gpu_mlp,20260829,1.0,0.49893211997399944,0.5529761352028972,0.05404401522889779,1.0,0.7030646298461114,0.21909091725268198,evaluation_population
arousal,relative_power,24,linear_logistic,20260829,1.0,0.483563933512861,0.5420651871111524,0.05850125359829139,1.0,0.7030646298461114,0.21909091725268198,evaluation_population
arousal,all,72,gpu_mlp,20260911,0.0,0.5239112266691429,0.6028879190268362,0.07897669235769333,0.0,0.05008226835432883,0.10316773504273505,evaluation_population
arousal,all,72,linear_logistic,20260911,0.0,0.5491689107623734,0.6159346271705822,0.06676571640820883,0.0,0.05008226835432883,0.10316773504273505,evaluation_population
arousal,baseline_delta,72,gpu_mlp,20260911,0.0,0.46192775559476273,0.5328257034079302,0.0708979478131675,0.0,0.05008226835432883,0.10316773504273505,evaluation_population
arousal,baseline_delta,72,linear_logistic,20260911,0.0,0.4847246726715573,0.5248862475624477,0.04016157489089045,0.0,0.05008226835432883,0.10316773504273505,evaluation_population
arousal,normalized_asymmetry,12,gpu_mlp,20260911,0.0,0.5736372922276907,0.6055344043086638,0.03189711208097312,0.0,0.05008226835432883,0.10316773504273505,evaluation_population
arousal,normalized_asymmetry,12,linear_logistic,20260911,0.0,0.5683443216640357,0.6126381279598849,0.044293806295849225,0.0,0.05008226835432883,0.10316773504273505,evaluation_population
arousal,relative_power,24,gpu_mlp,20260911,0.0,0.5435509332342836,0.5787445445259541,0.035193611291670535,0.0,0.05008226835432883,0.10316773504273505,evaluation_population
arousal,relative_power,24,linear_logistic,20260911,0.0,0.48769616491781964,0.5019036122202619,0.014207447302442278,0.0,0.05008226835432883,0.10316773504273505,evaluation_population
arousal,all,72,gpu_mlp,20260911,0.25,0.5239112266691429,0.5718265391401245,0.047915312470981575,0.244057608131528,0.20571356820785464,0.08783653846153847,evaluation_population
arousal,all,72,linear_logistic,20260911,0.25,0.5491689107623734,0.6126381279598849,0.06346921719751153,0.244057608131528,0.20571356820785464,0.08783653846153847,evaluation_population
arousal,baseline_delta,72,gpu_mlp,20260911,0.25,0.46192775559476273,0.5538118673971585,0.09188411180239575,0.244057608131528,0.20571356820785464,0.08783653846153847,evaluation_population
arousal,baseline_delta,72,linear_logistic,20260911,0.25,0.4847246726715573,0.5319899712136689,0.04726529854211159,0.244057608131528,0.20571356820785464,0.08783653846153847,evaluation_population
arousal,normalized_asymmetry,12,gpu_mlp,20260911,0.25,0.5736372922276907,0.5857089794781316,0.012071687250440943,0.244057608131528,0.20571356820785464,0.08783653846153847,evaluation_population
arousal,normalized_asymmetry,12,linear_logistic,20260911,0.25,0.5683443216640357,0.6137988671185811,0.045454545454545414,0.244057608131528,0.20571356820785464,0.08783653846153847,evaluation_population
arousal,relative_power,24,gpu_mlp,20260911,0.25,0.5435509332342836,0.5772587984028229,0.0337078651685393,0.244057608131528,0.20571356820785464,0.08783653846153847,evaluation_population
arousal,relative_power,24,linear_logistic,20260911,0.25,0.48769616491781964,0.48240319435416473,-0.0052929705636549085,0.244057608131528,0.20571356820785464,0.08783653846153847,evaluation_population
arousal,all,72,gpu_mlp,20260911,0.5,0.5239112266691429,0.6108273748723188,0.08691614820317584,0.504196007242642,0.37583810459571054,0.07517125439919561,evaluation_population
arousal,all,72,linear_logistic,20260911,0.5,0.5491689107623734,0.6306527997028508,0.08148388894047742,0.504196007242642,0.37583810459571054,0.07517125439919561,evaluation_population
arousal,baseline_delta,72,gpu_mlp,20260911,0.5,0.46192775559476273,0.5369579348128888,0.07503017921812605,0.504196007242642,0.37583810459571054,0.07517125439919561,evaluation_population
arousal,baseline_delta,72,linear_logistic,20260911,0.5,0.4847246726715573,0.5319899712136689,0.04726529854211159,0.504196007242642,0.37583810459571054,0.07517125439919561,evaluation_population
arousal,normalized_asymmetry,12,gpu_mlp,20260911,0.5,0.5736372922276907,0.593973442288049,0.020336150060358382,0.504196007242642,0.37583810459571054,0.07517125439919561,evaluation_population
arousal,normalized_asymmetry,12,linear_logistic,20260911,0.5,0.5683443216640357,0.5984306806574426,0.030086358993406948,0.504196007242642,0.37583810459571054,0.07517125439919561,evaluation_population
arousal,relative_power,24,gpu_mlp,20260911,0.5,0.5435509332342836,0.564212090259077,0.02066115702479343,0.504196007242642,0.37583810459571054,0.07517125439919561,evaluation_population
arousal,relative_power,24,linear_logistic,20260911,0.5,0.48769616491781964,0.508682328907048,0.020986163989228368,0.504196007242642,0.37583810459571054,0.07517125439919561,evaluation_population
arousal,all,72,gpu_mlp,20260911,0.75,0.5239112266691429,0.5860339864425665,0.06212275977342363,0.7085336515371726,0.5000043456681647,0.131236802413273,evaluation_population
arousal,all,72,linear_logistic,20260911,0.75,0.5491689107623734,0.5916519639706566,0.04248305320828316,0.7085336515371726,0.5000043456681647,0.131236802413273,evaluation_population
arousal,baseline_delta,72,gpu_mlp,20260911,0.75,0.46192775559476273,0.5328257034079302,0.0708979478131675,0.7085336515371726,0.5000043456681647,0.131236802413273,evaluation_population
arousal,baseline_delta,72,linear_logistic,20260911,0.75,0.4847246726715573,0.5181075308756616,0.03338285820410436,0.7085336515371726,0.5000043456681647,0.131236802413273,evaluation_population
arousal,normalized_asymmetry,12,gpu_mlp,20260911,0.75,0.5736372922276907,0.5883554647599591,0.014718172532268481,0.7085336515371726,0.5000043456681647,0.131236802413273,evaluation_population
arousal,normalized_asymmetry,12,linear_logistic,20260911,0.75,0.5683443216640357,0.5916519639706566,0.023307642306620857,0.7085336515371726,0.5000043456681647,0.131236802413273,evaluation_population
arousal,relative_power,24,gpu_mlp,20260911,0.75,0.5435509332342836,0.5698300677871668,0.02627913455288322,0.7085336515371726,0.5000043456681647,0.131236802413273,evaluation_population
arousal,relative_power,24,linear_logistic,20260911,0.75,0.48769616491781964,0.5252112545268827,0.037515089609063024,0.7085336515371726,0.5000043456681647,0.131236802413273,evaluation_population
arousal,all,72,gpu_mlp,20260911,1.0,0.5239112266691429,0.5886804717243941,0.06476924505525117,1.0,0.6918276475717455,0.1491973287290625,evaluation_population
arousal,all,72,linear_logistic,20260911,1.0,0.5491689107623734,0.5833875011607392,0.034218590398365833,1.0,0.6918276475717455,0.1491973287290625,evaluation_population
arousal,baseline_delta,72,gpu_mlp,20260911,1.0,0.46192775559476273,0.5245612405980128,0.06263348500325006,1.0,0.6918276475717455,0.1491973287290625,evaluation_population
arousal,baseline_delta,72,linear_logistic,20260911,1.0,0.4847246726715573,0.5181075308756616,0.03338285820410436,1.0,0.6918276475717455,0.1491973287290625,evaluation_population
arousal,normalized_asymmetry,12,gpu_mlp,20260911,1.0,0.5736372922276907,0.5658835546475995,-0.007753737580091125,1.0,0.6918276475717455,0.1491973287290625,evaluation_population
arousal,normalized_asymmetry,12,linear_logistic,20260911,1.0,0.5683443216640357,0.5916519639706566,0.023307642306620857,1.0,0.6918276475717455,0.1491973287290625,evaluation_population
arousal,relative_power,24,gpu_mlp,20260911,1.0,0.5435509332342836,0.564212090259077,0.02066115702479343,1.0,0.6918276475717455,0.1491973287290625,evaluation_population
arousal,relative_power,24,linear_logistic,20260911,1.0,0.48769616491781964,0.5157860525582691,0.028089887640449507,1.0,0.6918276475717455,0.1491973287290625,evaluation_population
arousal,all,72,gpu_mlp,20260923,0.0,0.5500046429566348,0.6032129259912713,0.05320828303463654,0.0,0.05873316494482946,0.09616161616161614,evaluation_population
arousal,all,72,linear_logistic,20260923,0.0,0.5506546568855046,0.576933791438388,0.026279134552883332,0.0,0.05873316494482946,0.09616161616161614,evaluation_population
arousal,baseline_delta,72,gpu_mlp,20260923,0.0,0.5095180611013093,0.5455474045872412,0.0360293434859319,0.0,0.05873316494482946,0.09616161616161614,evaluation_population
arousal,baseline_delta,72,linear_logistic,20260923,0.0,0.5237255084037515,0.5121645463831368,-0.01156096202061474,0.0,0.05873316494482946,0.09616161616161614,evaluation_population
arousal,normalized_asymmetry,12,gpu_mlp,20260923,0.0,0.5928127031293527,0.5957841953756152,0.002971492246262475,0.0,0.05873316494482946,0.09616161616161614,evaluation_population
arousal,normalized_asymmetry,12,linear_logistic,20260923,0.0,0.5848732472838705,0.6017271798681401,0.016853932584269593,0.0,0.05873316494482946,0.09616161616161614,evaluation_population
arousal,relative_power,24,gpu_mlp,20260923,0.0,0.5131395672764416,0.5128145603120067,-0.0003250069644349374,0.0,0.05873316494482946,0.09616161616161614,evaluation_population
arousal,relative_power,24,linear_logistic,20260923,0.0,0.4629027764880676,0.4250626799145696,-0.03784009657349802,0.0,0.05873316494482946,0.09616161616161614,evaluation_population
arousal,all,72,gpu_mlp,20260923,0.25,0.5500046429566348,0.6377565233540718,0.08775188039743709,0.25710397878304075,0.22611592160399668,0.14393048128342248,evaluation_population
arousal,all,72,linear_logistic,20260923,0.25,0.5506546568855046,0.589330485653264,0.038675828767759324,0.25710397878304075,0.22611592160399668,0.14393048128342248,evaluation_population
arousal,baseline_delta,72,gpu_mlp,20260923,0.25,0.5095180611013093,0.5721515461045594,0.06263348500325017,0.25710397878304075,0.22611592160399668,0.14393048128342248,evaluation_population
arousal,baseline_delta,72,linear_logistic,20260923,0.25,0.5237255084037515,0.5372829417773238,0.013557433373572292,0.25710397878304075,0.22611592160399668,0.14393048128342248,evaluation_population
arousal,normalized_asymmetry,12,gpu_mlp,20260923,0.25,0.5928127031293527,0.5999164267805739,0.007103723651221139,0.25710397878304075,0.22611592160399668,0.14393048128342248,evaluation_population
arousal,normalized_asymmetry,12,linear_logistic,20260923,0.25,0.5848732472838705,0.5987556876218776,0.013882440338007118,0.25710397878304075,0.22611592160399668,0.14393048128342248,evaluation_population
arousal,relative_power,24,gpu_mlp,20260923,0.25,0.5131395672764416,0.5281827467731451,0.01504317949670353,0.25710397878304075,0.22611592160399668,0.14393048128342248,evaluation_population
arousal,relative_power,24,linear_logistic,20260923,0.25,0.4629027764880676,0.46257776952363266,-0.0003250069644349374,0.25710397878304075,0.22611592160399668,0.14393048128342248,evaluation_population
arousal,all,72,gpu_mlp,20260923,0.5,0.5500046429566348,0.6422137617234656,0.0922091187668308,0.5022875652410623,0.387303730864252,0.1543597742127154,evaluation_population
arousal,all,72,linear_logistic,20260923,0.5,0.5506546568855046,0.60734515739623,0.05669050051072533,0.5022875652410623,0.387303730864252,0.1543597742127154,evaluation_population
arousal,baseline_delta,72,gpu_mlp,20260923,0.5,0.5095180611013093,0.5901662178475253,0.08064815674621606,0.5022875652410623,0.387303730864252,0.1543597742127154,evaluation_population
arousal,baseline_delta,72,linear_logistic,20260923,0.5,0.5237255084037515,0.5552976135202897,0.031572105116538185,0.5022875652410623,0.387303730864252,0.1543597742127154,evaluation_population
arousal,normalized_asymmetry,12,gpu_mlp,20260923,0.5,0.5928127031293527,0.6096666357136225,0.016853932584269704,0.5022875652410623,0.387303730864252,0.1543597742127154,evaluation_population
arousal,normalized_asymmetry,12,linear_logistic,20260923,0.5,0.5848732472838705,0.5916519639706566,0.00677871668678609,0.5022875652410623,0.387303730864252,0.1543597742127154,evaluation_population
arousal,relative_power,24,gpu_mlp,20260923,0.5,0.5131395672764416,0.5352864704243663,0.022146903147924668,0.5022875652410623,0.387303730864252,0.1543597742127154,evaluation_population
arousal,relative_power,24,linear_logistic,20260923,0.5,0.4629027764880676,0.45315256755501904,-0.009750208933048565,0.5022875652410623,0.387303730864252,0.1543597742127154,evaluation_population
arousal,all,72,gpu_mlp,20260923,0.75,0.5500046429566348,0.6422137617234656,0.0922091187668308,0.7091268455792425,0.5191904938666878,0.20632947118241235,evaluation_population
arousal,all,72,linear_logistic,20260923,0.75,0.5506546568855046,0.6114773888011886,0.06082273191568399,0.7091268455792425,0.5191904938666878,0.20632947118241235,evaluation_population
arousal,baseline_delta,72,gpu_mlp,20260923,0.75,0.5095180611013093,0.5789302627913455,0.06941220169003626,0.7091268455792425,0.5191904938666878,0.20632947118241235,evaluation_population
arousal,baseline_delta,72,linear_logistic,20260923,0.75,0.5237255084037515,0.5496796359921998,0.025954127588448284,0.7091268455792425,0.5191904938666878,0.20632947118241235,evaluation_population
arousal,normalized_asymmetry,12,gpu_mlp,20260923,0.75,0.5928127031293527,0.619416844646671,0.02660414151731827,0.7091268455792425,0.5191904938666878,0.20632947118241235,evaluation_population
arousal,normalized_asymmetry,12,linear_logistic,20260923,0.75,0.5848732472838705,0.581901755037608,-0.002971492246262475,0.7091268455792425,0.5191904938666878,0.20632947118241235,evaluation_population
arousal,relative_power,24,gpu_mlp,20260923,0.75,0.5131395672764416,0.496285634692172,-0.016853932584269593,0.7091268455792425,0.5191904938666878,0.20632947118241235,evaluation_population
arousal,relative_power,24,linear_logistic,20260923,0.75,0.4629027764880676,0.4655492617698951,0.002646485281827482,0.7091268455792425,0.5191904938666878,0.20632947118241235,evaluation_population
arousal,all,72,gpu_mlp,20260923,1.0,0.5500046429566348,0.6666821431887826,0.11667750023214785,1.0,0.7123879357001894,0.17433452168746286,evaluation_population
arousal,all,72,linear_logistic,20260923,1.0,0.5506546568855046,0.626520568297892,0.07586591141238741,1.0,0.7123879357001894,0.17433452168746286,evaluation_population
arousal,baseline_delta,72,gpu_mlp,20260923,1.0,0.5095180611013093,0.5777695236326492,0.06825146253133996,1.0,0.7123879357001894,0.17433452168746286,evaluation_population
arousal,baseline_delta,72,linear_logistic,20260923,1.0,0.5237255084037515,0.5470331507103723,0.023307642306620746,1.0,0.7123879357001894,0.17433452168746286,evaluation_population
arousal,normalized_asymmetry,12,gpu_mlp,20260923,1.0,0.5928127031293527,0.6093416287491875,0.016528925619834767,1.0,0.7123879357001894,0.17433452168746286,evaluation_population
arousal,normalized_asymmetry,12,linear_logistic,20260923,1.0,0.5848732472838705,0.5984306806574426,0.01355743337357218,1.0,0.7123879357001894,0.17433452168746286,evaluation_population
arousal,relative_power,24,gpu_mlp,20260923,1.0,0.5131395672764416,0.5308292320549726,0.017689664778530956,1.0,0.7123879357001894,0.17433452168746286,evaluation_population
arousal,relative_power,24,linear_logistic,20260923,1.0,0.4629027764880676,0.4599312842418052,-0.0029714922462624194,1.0,0.7123879357001894,0.17433452168746286,evaluation_population
arousal,all,72,gpu_mlp,20261007,0.0,0.5931377100937878,0.6126381279598849,0.01950041786609713,0.0,0.06474280195938525,0.041176470588235294,evaluation_population
arousal,all,72,linear_logistic,20261007,0.0,0.5878447395301327,0.6283313213854582,0.0404865818553255,0.0,0.06474280195938525,0.041176470588235294,evaluation_population
arousal,baseline_delta,72,gpu_mlp,20261007,0.0,0.4979570990806946,0.5162967777880955,0.018339678707400886,0.0,0.06474280195938525,0.041176470588235294,evaluation_population
arousal,baseline_delta,72,linear_logistic,20261007,0.0,0.5481938898690686,0.5612405980128146,0.013046708143745978,0.0,0.06474280195938525,0.041176470588235294,evaluation_population
arousal,normalized_asymmetry,12,gpu_mlp,20261007,0.0,0.5898412108830904,0.6438852261119881,0.05404401522889768,0.0,0.06474280195938525,0.041176470588235294,evaluation_population
arousal,normalized_asymmetry,12,linear_logistic,20261007,0.0,0.6099916426780574,0.6250348221747608,0.015043179496703418,0.0,0.06474280195938525,0.041176470588235294,evaluation_population
arousal,relative_power,24,gpu_mlp,20261007,0.0,0.4809174482310335,0.4498560683443217,-0.031061379886711815,0.0,0.06474280195938525,0.041176470588235294,evaluation_population
arousal,relative_power,24,linear_logistic,20261007,0.0,0.45166682143188785,0.46257776952363266,0.01091094809174481,0.0,0.06474280195938525,0.041176470588235294,evaluation_population
arousal,all,72,gpu_mlp,20261007,0.25,0.5931377100937878,0.6220633299284986,0.02892561983471076,0.2409506590706758,0.21617039739208477,0.08380772821949292,evaluation_population
arousal,all,72,linear_logistic,20261007,0.25,0.5878447395301327,0.6111523818367537,0.023307642306620968,0.2409506590706758,0.21617039739208477,0.08380772821949292,evaluation_population
arousal,baseline_delta,72,gpu_mlp,20261007,0.25,0.4979570990806946,0.5024143374500882,0.004457238369393657,0.2409506590706758,0.21617039739208477,0.08380772821949292,evaluation_population
arousal,baseline_delta,72,linear_logistic,20261007,0.25,0.5481938898690686,0.5582691057665521,0.010075215897483503,0.2409506590706758,0.21617039739208477,0.08380772821949292,evaluation_population
arousal,normalized_asymmetry,12,gpu_mlp,20261007,0.25,0.5898412108830904,0.6270312935277185,0.037190082644628086,0.2409506590706758,0.21617039739208477,0.08380772821949292,evaluation_population
arousal,normalized_asymmetry,12,linear_logistic,20261007,0.25,0.6099916426780574,0.6040486581855325,-0.005942984492524839,0.2409506590706758,0.21617039739208477,0.08380772821949292,evaluation_population
arousal,relative_power,24,gpu_mlp,20261007,0.25,0.4809174482310335,0.5124895533475717,0.03157210511653824,0.2409506590706758,0.21617039739208477,0.08380772821949292,evaluation_population
arousal,relative_power,24,linear_logistic,20261007,0.25,0.45166682143188785,0.4734887176153775,0.02182189618348962,0.2409506590706758,0.21617039739208477,0.08380772821949292,evaluation_population
arousal,all,72,gpu_mlp,20261007,0.5,0.5931377100937878,0.6232240690871947,0.030086358993406948,0.49184343945470793,0.37457020410183245,0.1394223586870646,evaluation_population
arousal,all,72,linear_logistic,20261007,0.5,0.5878447395301327,0.6028879190268362,0.01504317949670353,0.49184343945470793,0.37457020410183245,0.1394223586870646,evaluation_population
arousal,baseline_delta,72,gpu_mlp,20261007,0.5,0.4979570990806946,0.53909369486489,0.04113659578419543,0.49184343945470793,0.37457020410183245,0.1394223586870646,evaluation_population
arousal,baseline_delta,72,linear_logistic,20261007,0.5,0.5481938898690686,0.5695050608227319,0.021311170953663305,0.49184343945470793,0.37457020410183245,0.1394223586870646,evaluation_population
arousal,normalized_asymmetry,12,gpu_mlp,20261007,0.5,0.5898412108830904,0.6228990621227598,0.03305785123966942,0.49184343945470793,0.37457020410183245,0.1394223586870646,evaluation_population
arousal,normalized_asymmetry,12,linear_logistic,20261007,0.5,0.6099916426780574,0.6137988671185811,0.0038072244405237265,0.49184343945470793,0.37457020410183245,0.1394223586870646,evaluation_population
arousal,relative_power,24,gpu_mlp,20261007,0.5,0.4809174482310335,0.5248862475624477,0.04396879933141423,0.49184343945470793,0.37457020410183245,0.1394223586870646,evaluation_population
arousal,relative_power,24,linear_logistic,20261007,0.5,0.45166682143188785,0.5154610455938342,0.06379422416194636,0.49184343945470793,0.37457020410183245,0.1394223586870646,evaluation_population
arousal,all,72,gpu_mlp,20261007,0.75,0.5931377100937878,0.6149596062772773,0.02182189618348951,0.7134091266901866,0.5087300066763966,0.12527957336780865,evaluation_population
arousal,all,72,linear_logistic,20261007,0.75,0.5878447395301327,0.6111523818367537,0.023307642306620968,0.7134091266901866,0.5087300066763966,0.12527957336780865,evaluation_population
arousal,baseline_delta,72,gpu_mlp,20261007,0.75,0.4979570990806946,0.5458724115516761,0.04791531247098152,0.7134091266901866,0.5087300066763966,0.12527957336780865,evaluation_population
arousal,baseline_delta,72,linear_logistic,20261007,0.75,0.5481938898690686,0.5987556876218776,0.050561797752809,0.7134091266901866,0.5087300066763966,0.12527957336780865,evaluation_population
arousal,normalized_asymmetry,12,gpu_mlp,20261007,0.75,0.5898412108830904,0.6412387408301606,0.05139752994707025,0.7134091266901866,0.5087300066763966,0.12527957336780865,evaluation_population
arousal,normalized_asymmetry,12,linear_logistic,20261007,0.75,0.6099916426780574,0.6096666357136225,-0.0003250069644349374,0.7134091266901866,0.5087300066763966,0.12527957336780865,evaluation_population
arousal,relative_power,24,gpu_mlp,20261007,0.75,0.4809174482310335,0.5319899712136689,0.05107252298263537,0.7134091266901866,0.5087300066763966,0.12527957336780865,evaluation_population
arousal,relative_power,24,linear_logistic,20261007,0.75,0.45166682143188785,0.5308292320549726,0.07916241062308471,0.7134091266901866,0.5087300066763966,0.12527957336780865,evaluation_population
arousal,all,72,gpu_mlp,20261007,1.0,0.5931377100937878,0.6539604420094716,0.06082273191568377,1.0,0.692697698170062,0.16046011994541406,evaluation_population
arousal,all,72,linear_logistic,20261007,1.0,0.5878447395301327,0.6235490760516297,0.03570433652149696,1.0,0.692697698170062,0.16046011994541406,evaluation_population
arousal,baseline_delta,72,gpu_mlp,20261007,1.0,0.4979570990806946,0.5709908069458631,0.07303370786516855,1.0,0.692697698170062,0.16046011994541406,evaluation_population
arousal,baseline_delta,72,linear_logistic,20261007,1.0,0.5481938898690686,0.5792552697557805,0.03106137988671187,1.0,0.692697698170062,0.16046011994541406,evaluation_population
arousal,normalized_asymmetry,12,gpu_mlp,20261007,1.0,0.5898412108830904,0.6438852261119881,0.05404401522889768,1.0,0.692697698170062,0.16046011994541406,evaluation_population
arousal,normalized_asymmetry,12,linear_logistic,20261007,1.0,0.6099916426780574,0.619416844646671,0.009425201968613628,1.0,0.692697698170062,0.16046011994541406,evaluation_population
arousal,relative_power,24,gpu_mlp,20261007,1.0,0.4809174482310335,0.526371993685579,0.04545454545454547,1.0,0.692697698170062,0.16046011994541406,evaluation_population
arousal,relative_power,24,linear_logistic,20261007,1.0,0.45166682143188785,0.5323149781781038,0.08064815674621595,1.0,0.692697698170062,0.16046011994541406,evaluation_population
valence,all,72,gpu_mlp,20260813,0.0,0.48610213316095674,0.5164835164835164,0.030381383322559685,0.0,0.021664902113877466,0.015909090909090918,evaluation_population
valence,all,72,linear_logistic,20260813,0.0,0.4925662572721396,0.5500969618616678,0.05753070458952819,0.0,0.021664902113877466,0.015909090909090918,evaluation_population
valence,baseline_delta,72,gpu_mlp,20260813,0.0,0.4612152553329024,0.4667097608274079,0.005494505494505475,0.0,0.021664902113877466,0.015909090909090918,evaluation_population
valence,baseline_delta,72,linear_logistic,20260813,0.0,0.44667097608274076,0.46218487394957986,0.0155138978668391,0.0,0.021664902113877466,0.015909090909090918,evaluation_population
valence,normalized_asymmetry,12,gpu_mlp,20260813,0.0,0.5565610859728507,0.5688429217840982,0.012281835811247532,0.0,0.021664902113877466,0.015909090909090918,evaluation_population
valence,normalized_asymmetry,12,linear_logistic,20260813,0.0,0.5255332902391725,0.5458952811893988,0.020361990950226283,0.0,0.021664902113877466,0.015909090909090918,evaluation_population
valence,relative_power,24,gpu_mlp,20260813,0.0,0.5235940530058177,0.5378151260504201,0.014221073044602406,0.0,0.021664902113877466,0.015909090909090918,evaluation_population
valence,relative_power,24,linear_logistic,20260813,0.0,0.4877181641887524,0.5113122171945701,0.023594053005817683,0.0,0.021664902113877466,0.015909090909090918,evaluation_population
valence,all,72,gpu_mlp,20260813,0.25,0.48610213316095674,0.4873949579831932,0.0012928248222364713,0.25713406178432396,0.1798382548578287,0.01823426573426575,evaluation_population
valence,all,72,linear_logistic,20260813,0.25,0.4925662572721396,0.5284421460892049,0.03587588881706533,0.25713406178432396,0.1798382548578287,0.01823426573426575,evaluation_population
valence,baseline_delta,72,gpu_mlp,20260813,0.25,0.4612152553329024,0.4970911441499677,0.03587588881706527,0.25713406178432396,0.1798382548578287,0.01823426573426575,evaluation_population
valence,baseline_delta,72,linear_logistic,20260813,0.25,0.44667097608274076,0.4411764705882353,-0.005494505494505475,0.25713406178432396,0.1798382548578287,0.01823426573426575,evaluation_population
valence,normalized_asymmetry,12,gpu_mlp,20260813,0.25,0.5565610859728507,0.5468648998060763,-0.009696186166774368,0.25713406178432396,0.1798382548578287,0.01823426573426575,evaluation_population
valence,normalized_asymmetry,12,linear_logistic,20260813,0.25,0.5255332902391725,0.5491273432449904,0.02359405300581785,0.25713406178432396,0.1798382548578287,0.01823426573426575,evaluation_population
valence,relative_power,24,gpu_mlp,20260813,0.25,0.5235940530058177,0.5407239819004526,0.017129928894634827,0.25713406178432396,0.1798382548578287,0.01823426573426575,evaluation_population
valence,relative_power,24,linear_logistic,20260813,0.25,0.4877181641887524,0.5475113122171946,0.05979314802844221,0.25713406178432396,0.1798382548578287,0.01823426573426575,evaluation_population
valence,all,72,gpu_mlp,20260813,0.5,0.48610213316095674,0.5122818358112475,0.026179702650290793,0.5018861731562845,0.3333569428020642,-0.012183372183372182,evaluation_population
valence,all,72,linear_logistic,20260813,0.5,0.4925662572721396,0.5158371040723981,0.023270846800258538,0.5018861731562845,0.3333569428020642,-0.012183372183372182,evaluation_population
valence,baseline_delta,72,gpu_mlp,20260813,0.5,0.4612152553329024,0.4789915966386554,0.017776341305753007,0.5018861731562845,0.3333569428020642,-0.012183372183372182,evaluation_population
valence,baseline_delta,72,linear_logistic,20260813,0.5,0.44667097608274076,0.41338073691014865,-0.033290239172592107,0.5018861731562845,0.3333569428020642,-0.012183372183372182,evaluation_population
valence,normalized_asymmetry,12,gpu_mlp,20260813,0.5,0.5565610859728507,0.5510665804783452,-0.005494505494505475,0.5018861731562845,0.3333569428020642,-0.012183372183372182,evaluation_population
valence,normalized_asymmetry,12,linear_logistic,20260813,0.5,0.5255332902391725,0.49385908209437623,-0.03167420814479627,0.5018861731562845,0.3333569428020642,-0.012183372183372182,evaluation_population
valence,relative_power,24,gpu_mlp,20260813,0.5,0.5235940530058177,0.5407239819004526,0.017129928894634827,0.5018861731562845,0.3333569428020642,-0.012183372183372182,evaluation_population
valence,relative_power,24,linear_logistic,20260813,0.5,0.4877181641887524,0.5171299288946347,0.029411764705882304,0.5018861731562845,0.3333569428020642,-0.012183372183372182,evaluation_population
valence,all,72,gpu_mlp,20260813,0.75,0.48610213316095674,0.5135746606334841,0.027472527472527375,0.7346402074490568,0.4747096771175812,0.014875679875679887,evaluation_population
valence,all,72,linear_logistic,20260813,0.75,0.4925662572721396,0.5158371040723981,0.023270846800258538,0.7346402074490568,0.4747096771175812,0.014875679875679887,evaluation_population
valence,baseline_delta,72,gpu_mlp,20260813,0.75,0.4612152553329024,0.4806076276664512,0.01939237233354879,0.7346402074490568,0.4747096771175812,0.014875679875679887,evaluation_population
valence,baseline_delta,72,linear_logistic,20260813,0.75,0.44667097608274076,0.45248868778280543,0.005817711700064676,0.7346402074490568,0.4747096771175812,0.014875679875679887,evaluation_population
valence,normalized_asymmetry,12,gpu_mlp,20260813,0.75,0.5565610859728507,0.5303813833225598,-0.026179702650290904,0.7346402074490568,0.4747096771175812,0.014875679875679887,evaluation_population
valence,normalized_asymmetry,12,linear_logistic,20260813,0.75,0.5255332902391725,0.532967032967033,0.0074337427278604595,0.7346402074490568,0.4747096771175812,0.014875679875679887,evaluation_population
valence,relative_power,24,gpu_mlp,20260813,0.75,0.5235940530058177,0.554945054945055,0.03135100193923723,0.7346402074490568,0.4747096771175812,0.014875679875679887,evaluation_population
valence,relative_power,24,linear_logistic,20260813,0.75,0.4877181641887524,0.5032320620555915,0.015513897866839044,0.7346402074490568,0.4747096771175812,0.014875679875679887,evaluation_population
valence,all,72,gpu_mlp,20260813,1.0,0.48610213316095674,0.5119586296056884,0.025856496444731647,1.0,0.6395346264339017,0.03377622377622379,evaluation_population
valence,all,72,linear_logistic,20260813,1.0,0.4925662572721396,0.524240465416936,0.031674208144796434,1.0,0.6395346264339017,0.03377622377622379,evaluation_population
valence,baseline_delta,72,gpu_mlp,20260813,1.0,0.4612152553329024,0.47640594699418226,0.015190691661279843,1.0,0.6395346264339017,0.03377622377622379,evaluation_population
valence,baseline_delta,72,linear_logistic,20260813,1.0,0.44667097608274076,0.45281189398836463,0.006140917905623877,1.0,0.6395346264339017,0.03377622377622379,evaluation_population
valence,normalized_asymmetry,12,gpu_mlp,20260813,1.0,0.5565610859728507,0.554945054945055,-0.001616031027795728,1.0,0.6395346264339017,0.03377622377622379,evaluation_population
valence,normalized_asymmetry,12,linear_logistic,20260813,1.0,0.5255332902391725,0.5352294764059471,0.00969618616677459,1.0,0.6395346264339017,0.03377622377622379,evaluation_population
valence,relative_power,24,gpu_mlp,20260813,1.0,0.5235940530058177,0.5378151260504201,0.014221073044602406,1.0,0.6395346264339017,0.03377622377622379,evaluation_population
valence,relative_power,24,linear_logistic,20260813,1.0,0.4877181641887524,0.4951519069166128,0.007433742727860404,1.0,0.6395346264339017,0.03377622377622379,evaluation_population
valence,all,72,gpu_mlp,20260829,0.0,0.48771816418875247,0.5113122171945701,0.023594053005817628,0.0,0.00898532410225737,0.0,evaluation_population
valence,all,72,linear_logistic,20260829,0.0,0.5090497737556561,0.5413703943115709,0.03232062055591478,0.0,0.00898532410225737,0.0,evaluation_population
valence,baseline_delta,72,gpu_mlp,20260829,0.0,0.5080801551389786,0.5009696186166774,-0.007110536522301203,0.0,0.00898532410225737,0.0,evaluation_population
valence,baseline_delta,72,linear_logistic,20260829,0.0,0.4709114414996768,0.48448610213316096,0.01357466063348417,0.0,0.00898532410225737,0.0,evaluation_population
valence,normalized_asymmetry,12,gpu_mlp,20260829,0.0,0.49547511312217196,0.5061409179056238,0.010665804783451804,0.0,0.00898532410225737,0.0,evaluation_population
valence,normalized_asymmetry,12,linear_logistic,20260829,0.0,0.5546218487394958,0.5494505494505495,-0.005171299288946329,0.0,0.00898532410225737,0.0,evaluation_population
valence,relative_power,24,gpu_mlp,20260829,0.0,0.4941822882999354,0.5381383322559793,0.04395604395604391,0.0,0.00898532410225737,0.0,evaluation_population
valence,relative_power,24,linear_logistic,20260829,0.0,0.5284421460892049,0.5478345184227538,0.019392372333548846,0.0,0.00898532410225737,0.0,evaluation_population
valence,all,72,gpu_mlp,20260829,0.25,0.48771816418875247,0.5032320620555915,0.015513897866838988,0.2442992087226465,0.17901719877489541,-0.013600149850149845,evaluation_population
valence,all,72,linear_logistic,20260829,0.25,0.5090497737556561,0.5468648998060763,0.037815126050420256,0.2442992087226465,0.17901719877489541,-0.013600149850149845,evaluation_population
valence,baseline_delta,72,gpu_mlp,20260829,0.25,0.5080801551389786,0.510989010989011,0.0029088558500323103,0.2442992087226465,0.17901719877489541,-0.013600149850149845,evaluation_population
valence,baseline_delta,72,linear_logistic,20260829,0.25,0.4709114414996768,0.49288946347769874,0.021978021978021955,0.2442992087226465,0.17901719877489541,-0.013600149850149845,evaluation_population
valence,normalized_asymmetry,12,gpu_mlp,20260829,0.25,0.49547511312217196,0.5310277957336781,0.035552682611506126,0.2442992087226465,0.17901719877489541,-0.013600149850149845,evaluation_population
valence,normalized_asymmetry,12,linear_logistic,20260829,0.25,0.5546218487394958,0.537168713639302,-0.01745313510019386,0.2442992087226465,0.17901719877489541,-0.013600149850149845,evaluation_population
valence,relative_power,24,gpu_mlp,20260829,0.25,0.4941822882999354,0.5391079508726568,0.04492566257272146,0.2442992087226465,0.17901719877489541,-0.013600149850149845,evaluation_population
valence,relative_power,24,linear_logistic,20260829,0.25,0.5284421460892049,0.5268261150614092,-0.001616031027795728,0.2442992087226465,0.17901719877489541,-0.013600149850149845,evaluation_population
valence,all,72,gpu_mlp,20260829,0.5,0.48771816418875247,0.52650290885585,0.03878474466709758,0.4946837912661918,0.3528662353867472,0.036326173826173834,evaluation_population
valence,all,72,linear_logistic,20260829,0.5,0.5090497737556561,0.5429864253393666,0.03393665158371051,0.4946837912661918,0.3528662353867472,0.036326173826173834,evaluation_population
valence,baseline_delta,72,gpu_mlp,20260829,0.5,0.5080801551389786,0.5203619909502262,0.012281835811247532,0.4946837912661918,0.3528662353867472,0.036326173826173834,evaluation_population
valence,baseline_delta,72,linear_logistic,20260829,0.5,0.4709114414996768,0.5122818358112475,0.041370394311570746,0.4946837912661918,0.3528662353867472,0.036326173826173834,evaluation_population
valence,normalized_asymmetry,12,gpu_mlp,20260829,0.5,0.49547511312217196,0.4870717517776341,-0.00840336134453784,0.4946837912661918,0.3528662353867472,0.036326173826173834,evaluation_population
valence,normalized_asymmetry,12,linear_logistic,20260829,0.5,0.5546218487394958,0.5103425985778927,-0.04427925016160317,0.4946837912661918,0.3528662353867472,0.036326173826173834,evaluation_population
valence,relative_power,24,gpu_mlp,20260829,0.5,0.4941822882999354,0.5213316095669036,0.02714932126696823,0.4946837912661918,0.3528662353867472,0.036326173826173834,evaluation_population
valence,relative_power,24,linear_logistic,20260829,0.5,0.5284421460892049,0.5339366515837104,0.005494505494505475,0.4946837912661918,0.3528662353867472,0.036326173826173834,evaluation_population
valence,all,72,gpu_mlp,20260829,0.75,0.48771816418875247,0.5384615384615384,0.05074337427278597,0.7138389690707007,0.5047969217423356,0.010295954045954042,evaluation_population
valence,all,72,linear_logistic,20260829,0.75,0.5090497737556561,0.5313510019392372,0.022301228183581157,0.7138389690707007,0.5047969217423356,0.010295954045954042,evaluation_population
valence,baseline_delta,72,gpu_mlp,20260829,0.75,0.5080801551389786,0.5077569489334195,-0.0003232062055591456,0.7138389690707007,0.5047969217423356,0.010295954045954042,evaluation_population
valence,baseline_delta,72,linear_logistic,20260829,0.75,0.4709114414996768,0.4870717517776341,0.016160310277957335,0.7138389690707007,0.5047969217423356,0.010295954045954042,evaluation_population
valence,normalized_asymmetry,12,gpu_mlp,20260829,0.75,0.49547511312217196,0.4796380090497737,-0.015837104072398245,0.7138389690707007,0.5047969217423356,0.010295954045954042,evaluation_population
valence,normalized_asymmetry,12,linear_logistic,20260829,0.75,0.5546218487394958,0.5116354234001292,-0.042986425339366585,0.7138389690707007,0.5047969217423356,0.010295954045954042,evaluation_population
valence,relative_power,24,gpu_mlp,20260829,0.75,0.4941822882999354,0.5294117647058824,0.03522947640594698,0.7138389690707007,0.5047969217423356,0.010295954045954042,evaluation_population
valence,relative_power,24,linear_logistic,20260829,0.75,0.5284421460892049,0.5129282482223658,-0.0155138978668391,0.7138389690707007,0.5047969217423356,0.010295954045954042,evaluation_population
valence,all,72,gpu_mlp,20260829,1.0,0.48771816418875247,0.5349062702003878,0.04718810601163537,1.0,0.7044789869016668,-0.02586358086358086,evaluation_population
valence,all,72,linear_logistic,20260829,1.0,0.5090497737556561,0.5332902391725921,0.02424046541693603,1.0,0.7044789869016668,-0.02586358086358086,evaluation_population
valence,baseline_delta,72,gpu_mlp,20260829,1.0,0.5080801551389786,0.49385908209437623,-0.014221073044602406,1.0,0.7044789869016668,-0.02586358086358086,evaluation_population
valence,baseline_delta,72,linear_logistic,20260829,1.0,0.4709114414996768,0.4718810601163542,0.0009696186166774368,1.0,0.7044789869016668,-0.02586358086358086,evaluation_population
valence,normalized_asymmetry,12,gpu_mlp,20260829,1.0,0.49547511312217196,0.4789915966386554,-0.016483516483516536,1.0,0.7044789869016668,-0.02586358086358086,evaluation_population
valence,normalized_asymmetry,12,linear_logistic,20260829,1.0,0.5546218487394958,0.4899806076276665,-0.06464124111182934,1.0,0.7044789869016668,-0.02586358086358086,evaluation_population
valence,relative_power,24,gpu_mlp,20260829,1.0,0.4941822882999354,0.497737556561086,0.0035552682611506015,1.0,0.7044789869016668,-0.02586358086358086,evaluation_population
valence,relative_power,24,linear_logistic,20260829,1.0,0.5284421460892049,0.5187459599224306,-0.009696186166774368,1.0,0.7044789869016668,-0.02586358086358086,evaluation_population
valence,all,72,gpu_mlp,20260911,0.0,0.5129282482223658,0.4751131221719457,-0.037815126050420145,0.0,0.013641384186966057,-0.00018356643356644552,evaluation_population
valence,all,72,linear_logistic,20260911,0.0,0.5303813833225598,0.5103425985778927,-0.020038784744667137,0.0,0.013641384186966057,-0.00018356643356644552,evaluation_population
valence,baseline_delta,72,gpu_mlp,20260911,0.0,0.4469941822882999,0.3804137039431157,-0.06658047834518421,0.0,0.013641384186966057,-0.00018356643356644552,evaluation_population
valence,baseline_delta,72,linear_logistic,20260911,0.0,0.4479638009049774,0.4398836457659987,-0.008080155138978695,0.0,0.013641384186966057,-0.00018356643356644552,evaluation_population
valence,normalized_asymmetry,12,gpu_mlp,20260911,0.0,0.5054945054945055,0.5210084033613446,0.0155138978668391,0.0,0.013641384186966057,-0.00018356643356644552,evaluation_population
valence,normalized_asymmetry,12,linear_logistic,20260911,0.0,0.539431157078216,0.5410471881060117,0.001616031027795728,0.0,0.013641384186966057,-0.00018356643356644552,evaluation_population
valence,relative_power,24,gpu_mlp,20260911,0.0,0.4789915966386554,0.4812540400775695,0.0022624434389140746,0.0,0.013641384186966057,-0.00018356643356644552,evaluation_population
valence,relative_power,24,linear_logistic,20260911,0.0,0.442792501616031,0.4925662572721396,0.04977375565610859,0.0,0.013641384186966057,-0.00018356643356644552,evaluation_population
valence,all,72,gpu_mlp,20260911,0.25,0.5129282482223658,0.47414350355526824,-0.03878474466709758,0.23978595661813698,0.16952670334148506,-0.06219655344655345,evaluation_population
valence,all,72,linear_logistic,20260911,0.25,0.5303813833225598,0.4980607627666451,-0.03232062055591467,0.23978595661813698,0.16952670334148506,-0.06219655344655345,evaluation_population
valence,baseline_delta,72,gpu_mlp,20260911,0.25,0.4469941822882999,0.40691661279896574,-0.040077569489334164,0.23978595661813698,0.16952670334148506,-0.06219655344655345,evaluation_population
valence,baseline_delta,72,linear_logistic,20260911,0.25,0.4479638009049774,0.4356819650937298,-0.012281835811247588,0.23978595661813698,0.16952670334148506,-0.06219655344655345,evaluation_population
valence,normalized_asymmetry,12,gpu_mlp,20260911,0.25,0.5054945054945055,0.5042016806722689,-0.0012928248222365823,0.23978595661813698,0.16952670334148506,-0.06219655344655345,evaluation_population
valence,normalized_asymmetry,12,linear_logistic,20260911,0.25,0.539431157078216,0.5326438267614738,-0.006787330316742168,0.23978595661813698,0.16952670334148506,-0.06219655344655345,evaluation_population
valence,relative_power,24,gpu_mlp,20260911,0.25,0.4789915966386554,0.47996121525533286,0.0009696186166774368,0.23978595661813698,0.16952670334148506,-0.06219655344655345,evaluation_population
valence,relative_power,24,linear_logistic,20260911,0.25,0.442792501616031,0.49838396897220427,0.05559146735617326,0.23978595661813698,0.16952670334148506,-0.06219655344655345,evaluation_population
valence,all,72,gpu_mlp,20260911,0.5,0.5129282482223658,0.45862960568842925,-0.05429864253393657,0.4885538392901525,0.3332969481378155,-0.0669855144855145,evaluation_population
valence,all,72,linear_logistic,20260911,0.5,0.5303813833225598,0.502262443438914,-0.028118939883645777,0.4885538392901525,0.3332969481378155,-0.0669855144855145,evaluation_population
valence,baseline_delta,72,gpu_mlp,20260911,0.5,0.4469941822882999,0.38720103425985775,-0.059793148028442156,0.4885538392901525,0.3332969481378155,-0.0669855144855145,evaluation_population
valence,baseline_delta,72,linear_logistic,20260911,0.5,0.4479638009049774,0.4298642533936652,-0.01809954751131221,0.4885538392901525,0.3332969481378155,-0.0669855144855145,evaluation_population
valence,normalized_asymmetry,12,gpu_mlp,20260911,0.5,0.5054945054945055,0.47478991596638653,-0.030704589528118942,0.4885538392901525,0.3332969481378155,-0.0669855144855145,evaluation_population
valence,normalized_asymmetry,12,linear_logistic,20260911,0.5,0.539431157078216,0.5507433742727861,0.011312217194570096,0.4885538392901525,0.3332969481378155,-0.0669855144855145,evaluation_population
valence,relative_power,24,gpu_mlp,20260911,0.5,0.4789915966386554,0.47866839043309634,-0.0003232062055590901,0.4885538392901525,0.3332969481378155,-0.0669855144855145,evaluation_population
valence,relative_power,24,linear_logistic,20260911,0.5,0.442792501616031,0.49547511312217196,0.05268261150614095,0.4885538392901525,0.3332969481378155,-0.0669855144855145,evaluation_population
valence,all,72,gpu_mlp,20260911,0.75,0.5129282482223658,0.45345830639948287,-0.059469941822882955,0.7145537290653414,0.4845993545825197,-0.05818320568320571,evaluation_population
valence,all,72,linear_logistic,20260911,0.75,0.5303813833225598,0.4957983193277311,-0.03458306399482869,0.7145537290653414,0.4845993545825197,-0.05818320568320571,evaluation_population
valence,baseline_delta,72,gpu_mlp,20260911,0.75,0.4469941822882999,0.36393018745959926,-0.08306399482870064,0.7145537290653414,0.4845993545825197,-0.05818320568320571,evaluation_population
valence,baseline_delta,72,linear_logistic,20260911,0.75,0.4479638009049774,0.39980607627666453,-0.04815772462831286,0.7145537290653414,0.4845993545825197,-0.05818320568320571,evaluation_population
valence,normalized_asymmetry,12,gpu_mlp,20260911,0.75,0.5054945054945055,0.46994182288299935,-0.035552682611506126,0.7145537290653414,0.4845993545825197,-0.05818320568320571,evaluation_population
valence,normalized_asymmetry,12,linear_logistic,20260911,0.75,0.539431157078216,0.5284421460892049,-0.010989010989011061,0.7145537290653414,0.4845993545825197,-0.05818320568320571,evaluation_population
valence,relative_power,24,gpu_mlp,20260911,0.75,0.4789915966386554,0.5129282482223658,0.0339366515837104,0.7145537290653414,0.4845993545825197,-0.05818320568320571,evaluation_population
valence,relative_power,24,linear_logistic,20260911,0.75,0.442792501616031,0.5158371040723981,0.07304460245636712,0.7145537290653414,0.4845993545825197,-0.05818320568320571,evaluation_population
valence,all,72,gpu_mlp,20260911,1.0,0.5129282482223658,0.4848093083387201,-0.02811893988364572,1.0,0.6691839521048104,-0.08324814074814077,evaluation_population
valence,all,72,linear_logistic,20260911,1.0,0.5303813833225598,0.5219780219780219,-0.008403361344537896,1.0,0.6691839521048104,-0.08324814074814077,evaluation_population
valence,baseline_delta,72,gpu_mlp,20260911,1.0,0.4469941822882999,0.38752424046541695,-0.059469941822882955,1.0,0.6691839521048104,-0.08324814074814077,evaluation_population
valence,baseline_delta,72,linear_logistic,20260911,1.0,0.4479638009049774,0.4343891402714932,-0.01357466063348417,1.0,0.6691839521048104,-0.08324814074814077,evaluation_population
valence,normalized_asymmetry,12,gpu_mlp,20260911,1.0,0.5054945054945055,0.46994182288299935,-0.035552682611506126,1.0,0.6691839521048104,-0.08324814074814077,evaluation_population
valence,normalized_asymmetry,12,linear_logistic,20260911,1.0,0.539431157078216,0.5313510019392372,-0.00808015513897875,1.0,0.6691839521048104,-0.08324814074814077,evaluation_population
valence,relative_power,24,gpu_mlp,20260911,1.0,0.4789915966386554,0.4644473173884939,-0.014544279250161551,1.0,0.6691839521048104,-0.08324814074814077,evaluation_population
valence,relative_power,24,linear_logistic,20260911,1.0,0.442792501616031,0.5232708468002586,0.08047834518422758,1.0,0.6691839521048104,-0.08324814074814077,evaluation_population
valence,all,72,gpu_mlp,20260923,0.0,0.5290885585003232,0.5743374272786037,0.04524886877828049,0.0,0.01647564340476009,0.0033653846153846147,evaluation_population
valence,all,72,linear_logistic,20260923,0.0,0.5294117647058824,0.5184227537168714,-0.01098901098901095,0.0,0.01647564340476009,0.0033653846153846147,evaluation_population
valence,baseline_delta,72,gpu_mlp,20260923,0.0,0.4550743374272786,0.453781512605042,-0.0012928248222365823,0.0,0.01647564340476009,0.0033653846153846147,evaluation_population
valence,baseline_delta,72,linear_logistic,20260923,0.0,0.47866839043309634,0.4718810601163542,-0.006787330316742113,0.0,0.01647564340476009,0.0033653846153846147,evaluation_population
valence,normalized_asymmetry,12,gpu_mlp,20260923,0.0,0.5303813833225598,0.5135746606334841,-0.01680672268907568,0.0,0.01647564340476009,0.0033653846153846147,evaluation_population
valence,normalized_asymmetry,12,linear_logistic,20260923,0.0,0.5145442792501616,0.5365223012281836,0.02197802197802201,0.0,0.01647564340476009,0.0033653846153846147,evaluation_population
valence,relative_power,24,gpu_mlp,20260923,0.0,0.4576599870717518,0.4447317388493859,-0.012928248222365935,0.0,0.01647564340476009,0.0033653846153846147,evaluation_population
valence,relative_power,24,linear_logistic,20260923,0.0,0.5161603102779573,0.48287007110536523,-0.03329023917259205,0.0,0.01647564340476009,0.0033653846153846147,evaluation_population
valence,all,72,gpu_mlp,20260923,0.25,0.5290885585003232,0.559469941822883,0.030381383322559796,0.25335315608880293,0.16536317955496208,0.009361888111888128,evaluation_population
valence,all,72,linear_logistic,20260923,0.25,0.5294117647058824,0.5436328377504849,0.014221073044602517,0.25335315608880293,0.16536317955496208,0.009361888111888128,evaluation_population
valence,baseline_delta,72,gpu_mlp,20260923,0.25,0.4550743374272786,0.4815772462831286,0.026502908855849994,0.25335315608880293,0.16536317955496208,0.009361888111888128,evaluation_population
valence,baseline_delta,72,linear_logistic,20260923,0.25,0.47866839043309634,0.47349709114414995,-0.005171299288946385,0.25335315608880293,0.16536317955496208,0.009361888111888128,evaluation_population
valence,normalized_asymmetry,12,gpu_mlp,20260923,0.25,0.5303813833225598,0.5219780219780219,-0.008403361344537896,0.25335315608880293,0.16536317955496208,0.009361888111888128,evaluation_population
valence,normalized_asymmetry,12,linear_logistic,20260923,0.25,0.5145442792501616,0.539431157078216,0.024886877828054432,0.25335315608880293,0.16536317955496208,0.009361888111888128,evaluation_population
valence,relative_power,24,gpu_mlp,20260923,0.25,0.4576599870717518,0.4796380090497737,0.0219780219780219,0.25335315608880293,0.16536317955496208,0.009361888111888128,evaluation_population
valence,relative_power,24,linear_logistic,20260923,0.25,0.5161603102779573,0.49385908209437623,-0.022301228183581046,0.25335315608880293,0.16536317955496208,0.009361888111888128,evaluation_population
valence,all,72,gpu_mlp,20260923,0.5,0.5290885585003232,0.5649644473173885,0.03587588881706527,0.5103636293906361,0.3172034650715013,0.055353396603396596,evaluation_population
valence,all,72,linear_logistic,20260923,0.5,0.5294117647058824,0.5410471881060117,0.011635423400129352,0.5103636293906361,0.3172034650715013,0.055353396603396596,evaluation_population
valence,baseline_delta,72,gpu_mlp,20260923,0.5,0.4550743374272786,0.502262443438914,0.04718810601163542,0.5103636293906361,0.3172034650715013,0.055353396603396596,evaluation_population
valence,baseline_delta,72,linear_logistic,20260923,0.5,0.47866839043309634,0.48868778280542985,0.010019392372333513,0.5103636293906361,0.3172034650715013,0.055353396603396596,evaluation_population
valence,normalized_asymmetry,12,gpu_mlp,20260923,0.5,0.5303813833225598,0.5054945054945055,-0.02488687782805432,0.5103636293906361,0.3172034650715013,0.055353396603396596,evaluation_population
valence,normalized_asymmetry,12,linear_logistic,20260923,0.5,0.5145442792501616,0.5297349709114415,0.015190691661279954,0.5103636293906361,0.3172034650715013,0.055353396603396596,evaluation_population
valence,relative_power,24,gpu_mlp,20260923,0.5,0.4576599870717518,0.45604395604395603,-0.0016160310277957834,0.5103636293906361,0.3172034650715013,0.055353396603396596,evaluation_population
valence,relative_power,24,linear_logistic,20260923,0.5,0.5161603102779573,0.5090497737556561,-0.007110536522301203,0.5103636293906361,0.3172034650715013,0.055353396603396596,evaluation_population
valence,all,72,gpu_mlp,20260923,0.75,0.5290885585003232,0.5426632191338074,0.013574660633484226,0.7416304789730584,0.4539269557531208,0.009400044400044416,evaluation_population
valence,all,72,linear_logistic,20260923,0.75,0.5294117647058824,0.513251454427925,-0.01616031027795739,0.7416304789730584,0.4539269557531208,0.009400044400044416,evaluation_population
valence,baseline_delta,72,gpu_mlp,20260923,0.75,0.4550743374272786,0.4848093083387201,0.029734970911441505,0.7416304789730584,0.4539269557531208,0.009400044400044416,evaluation_population
valence,baseline_delta,72,linear_logistic,20260923,0.75,0.47866839043309634,0.5,0.021331609566903664,0.7416304789730584,0.4539269557531208,0.009400044400044416,evaluation_population
valence,normalized_asymmetry,12,gpu_mlp,20260923,0.75,0.5303813833225598,0.4970911441499677,-0.033290239172592107,0.7416304789730584,0.4539269557531208,0.009400044400044416,evaluation_population
valence,normalized_asymmetry,12,linear_logistic,20260923,0.75,0.5145442792501616,0.5268261150614092,0.012281835811247643,0.7416304789730584,0.4539269557531208,0.009400044400044416,evaluation_population
valence,relative_power,24,gpu_mlp,20260923,0.75,0.4576599870717518,0.49903038138332256,0.041370394311570746,0.7416304789730584,0.4539269557531208,0.009400044400044416,evaluation_population
valence,relative_power,24,linear_logistic,20260923,0.75,0.5161603102779573,0.5158371040723981,-0.0003232062055591456,0.7416304789730584,0.4539269557531208,0.009400044400044416,evaluation_population
valence,all,72,gpu_mlp,20260923,1.0,0.5290885585003232,0.5581771170006464,0.029088558500323214,1.0,0.6060432219960086,-0.0005663780663780482,evaluation_population
valence,all,72,linear_logistic,20260923,1.0,0.5294117647058824,0.5507433742727861,0.02133160956690372,1.0,0.6060432219960086,-0.0005663780663780482,evaluation_population
valence,baseline_delta,72,gpu_mlp,20260923,1.0,0.4550743374272786,0.4815772462831286,0.026502908855849994,1.0,0.6060432219960086,-0.0005663780663780482,evaluation_population
valence,baseline_delta,72,linear_logistic,20260923,1.0,0.47866839043309634,0.4957983193277311,0.01712992889463477,1.0,0.6060432219960086,-0.0005663780663780482,evaluation_population
valence,normalized_asymmetry,12,gpu_mlp,20260923,1.0,0.5303813833225598,0.5029088558500323,-0.027472527472527486,1.0,0.6060432219960086,-0.0005663780663780482,evaluation_population
valence,normalized_asymmetry,12,linear_logistic,20260923,1.0,0.5145442792501616,0.5562378797672916,0.04169360051713,1.0,0.6060432219960086,-0.0005663780663780482,evaluation_population
valence,relative_power,24,gpu_mlp,20260923,1.0,0.4576599870717518,0.4589528118939884,0.0012928248222365823,1.0,0.6060432219960086,-0.0005663780663780482,evaluation_population
valence,relative_power,24,linear_logistic,20260923,1.0,0.5161603102779573,0.5158371040723981,-0.0003232062055591456,1.0,0.6060432219960086,-0.0005663780663780482,evaluation_population
valence,all,72,gpu_mlp,20261007,0.0,0.49191984486102136,0.4831932773109243,-0.008726567550097042,0.0,0.006504765835471274,0.01944444444444444,evaluation_population
valence,all,72,linear_logistic,20261007,0.0,0.4922430510665805,0.4754363283775048,-0.01680672268907568,0.0,0.006504765835471274,0.01944444444444444,evaluation_population
valence,baseline_delta,72,gpu_mlp,20261007,0.0,0.4731738849385908,0.48965740142210734,0.016483516483516536,0.0,0.006504765835471274,0.01944444444444444,evaluation_population
valence,baseline_delta,72,linear_logistic,20261007,0.0,0.4095022624434389,0.4392372333548804,0.029734970911441505,0.0,0.006504765835471274,0.01944444444444444,evaluation_population
valence,normalized_asymmetry,12,gpu_mlp,20261007,0.0,0.4447317388493859,0.48351648351648346,0.03878474466709758,0.0,0.006504765835471274,0.01944444444444444,evaluation_population
valence,normalized_asymmetry,12,linear_logistic,20261007,0.0,0.5171299288946347,0.5064641241111829,-0.010665804783451804,0.0,0.006504765835471274,0.01944444444444444,evaluation_population
valence,relative_power,24,gpu_mlp,20261007,0.0,0.4809308338720104,0.4987071751777634,0.017776341305753007,0.0,0.006504765835471274,0.01944444444444444,evaluation_population
valence,relative_power,24,linear_logistic,20261007,0.0,0.5158371040723981,0.5284421460892049,0.012605042016806789,0.0,0.006504765835471274,0.01944444444444444,evaluation_population
valence,all,72,gpu_mlp,20261007,0.25,0.49191984486102136,0.49030381383322563,-0.001616031027795728,0.2439918794256393,0.15620669843959212,0.03627816627816629,evaluation_population
valence,all,72,linear_logistic,20261007,0.25,0.4922430510665805,0.48287007110536523,-0.009372979961215278,0.2439918794256393,0.15620669843959212,0.03627816627816629,evaluation_population
valence,baseline_delta,72,gpu_mlp,20261007,0.25,0.4731738849385908,0.4534583063994829,-0.01971557853910788,0.2439918794256393,0.15620669843959212,0.03627816627816629,evaluation_population
valence,baseline_delta,72,linear_logistic,20261007,0.25,0.4095022624434389,0.4392372333548804,0.029734970911441505,0.2439918794256393,0.15620669843959212,0.03627816627816629,evaluation_population
valence,normalized_asymmetry,12,gpu_mlp,20261007,0.25,0.4447317388493859,0.4725274725274725,0.02779573367808663,0.2439918794256393,0.15620669843959212,0.03627816627816629,evaluation_population
valence,normalized_asymmetry,12,linear_logistic,20261007,0.25,0.5171299288946347,0.5006464124111183,-0.016483516483516425,0.2439918794256393,0.15620669843959212,0.03627816627816629,evaluation_population
valence,relative_power,24,gpu_mlp,20261007,0.25,0.4809308338720104,0.4893341952165482,0.008403361344537785,0.2439918794256393,0.15620669843959212,0.03627816627816629,evaluation_population
valence,relative_power,24,linear_logistic,20261007,0.25,0.5158371040723981,0.5061409179056238,-0.009696186166774368,0.2439918794256393,0.15620669843959212,0.03627816627816629,evaluation_population
valence,all,72,gpu_mlp,20261007,0.5,0.49191984486102136,0.5084033613445378,0.016483516483516425,0.5025066540716501,0.31698032819670485,0.0650777000777001,evaluation_population
valence,all,72,linear_logistic,20261007,0.5,0.4922430510665805,0.5077569489334195,0.015513897866838988,0.5025066540716501,0.31698032819670485,0.0650777000777001,evaluation_population
valence,baseline_delta,72,gpu_mlp,20261007,0.5,0.4731738849385908,0.4957983193277311,0.022624434389140302,0.5025066540716501,0.31698032819670485,0.0650777000777001,evaluation_population
valence,baseline_delta,72,linear_logistic,20261007,0.5,0.4095022624434389,0.4314802844214609,0.02197802197802201,0.5025066540716501,0.31698032819670485,0.0650777000777001,evaluation_population
valence,normalized_asymmetry,12,gpu_mlp,20261007,0.5,0.4447317388493859,0.4738202973497091,0.029088558500323214,0.5025066540716501,0.31698032819670485,0.0650777000777001,evaluation_population
valence,normalized_asymmetry,12,linear_logistic,20261007,0.5,0.5171299288946347,0.48028442146089206,-0.03684550743374265,0.5025066540716501,0.31698032819670485,0.0650777000777001,evaluation_population
valence,relative_power,24,gpu_mlp,20261007,0.5,0.4809308338720104,0.43600517129928895,-0.04492566257272146,0.5025066540716501,0.31698032819670485,0.0650777000777001,evaluation_population
valence,relative_power,24,linear_logistic,20261007,0.5,0.5158371040723981,0.5258564964447316,0.010019392372333513,0.5025066540716501,0.31698032819670485,0.0650777000777001,evaluation_population
valence,all,72,gpu_mlp,20261007,0.75,0.49191984486102136,0.5096961861667744,0.017776341305753007,0.7320279800526405,0.4564564949109272,0.03626456876456877,evaluation_population
valence,all,72,linear_logistic,20261007,0.75,0.4922430510665805,0.48287007110536523,-0.009372979961215278,0.7320279800526405,0.4564564949109272,0.03626456876456877,evaluation_population
valence,baseline_delta,72,gpu_mlp,20261007,0.75,0.4731738849385908,0.4398836457659987,-0.033290239172592107,0.7320279800526405,0.4564564949109272,0.03626456876456877,evaluation_population
valence,baseline_delta,72,linear_logistic,20261007,0.75,0.4095022624434389,0.42824822236586946,0.018745959922430555,0.7320279800526405,0.4564564949109272,0.03626456876456877,evaluation_population
valence,normalized_asymmetry,12,gpu_mlp,20261007,0.75,0.4447317388493859,0.47931480284421457,0.03458306399482869,0.7320279800526405,0.4564564949109272,0.03626456876456877,evaluation_population
valence,normalized_asymmetry,12,linear_logistic,20261007,0.75,0.5171299288946347,0.5048480930833872,-0.012281835811247532,0.7320279800526405,0.4564564949109272,0.03626456876456877,evaluation_population
valence,relative_power,24,gpu_mlp,20261007,0.75,0.4809308338720104,0.46864899806076277,-0.012281835811247643,0.7320279800526405,0.4564564949109272,0.03626456876456877,evaluation_population
valence,relative_power,24,linear_logistic,20261007,0.75,0.5158371040723981,0.5229476405946994,0.007110536522301314,0.7320279800526405,0.4564564949109272,0.03626456876456877,evaluation_population
valence,all,72,gpu_mlp,20261007,1.0,0.49191984486102136,0.49030381383322563,-0.001616031027795728,1.0,0.6242816992132217,0.038902486402486426,evaluation_population
valence,all,72,linear_logistic,20261007,1.0,0.4922430510665805,0.4883645765998707,-0.0038784744667098026,1.0,0.6242816992132217,0.038902486402486426,evaluation_population
valence,baseline_delta,72,gpu_mlp,20261007,1.0,0.4731738849385908,0.48448610213316096,0.011312217194570151,1.0,0.6242816992132217,0.038902486402486426,evaluation_population
valence,baseline_delta,72,linear_logistic,20261007,1.0,0.4095022624434389,0.4369747899159664,0.027472527472527486,1.0,0.6242816992132217,0.038902486402486426,evaluation_population
valence,normalized_asymmetry,12,gpu_mlp,20261007,1.0,0.4447317388493859,0.48093083387201035,0.03619909502262447,1.0,0.6242816992132217,0.038902486402486426,evaluation_population
valence,normalized_asymmetry,12,linear_logistic,20261007,1.0,0.5171299288946347,0.4899806076276665,-0.02714932126696823,1.0,0.6242816992132217,0.038902486402486426,evaluation_population
valence,relative_power,24,gpu_mlp,20261007,1.0,0.4809308338720104,0.4356819650937298,-0.045248868778280604,1.0,0.6242816992132217,0.038902486402486426,evaluation_population
valence,relative_power,24,linear_logistic,20261007,1.0,0.5158371040723981,0.5019392372333549,-0.01389786683904326,1.0,0.6242816992132217,0.038902486402486426,evaluation_population
